,file_name
7,/home/runner/work/javassist/javassist/tutorial/tutorial.html
10,/home/runner/work/javassist/javassist/tutorial/tutorial2.html
15,/home/runner/work/javassist/javassist/License.html
147,/home/runner/work/javassist/javassist/src/test/javassist/bytecode/Gap0Example.class
148,/home/runner/work/javassist/javassist/src/test/Readme.txt
149,/home/runner/work/javassist/javassist/sample/rmi/start.html
152,/home/runner/work/javassist/javassist/sample/vector/VectorAssistant.java
153,/home/runner/work/javassist/javassist/sample/vector/Test.j
154,/home/runner/work/javassist/javassist/sample/vector/Sample2.java
156,/home/runner/work/javassist/javassist/sample/rmi/webdemo.html
157,/home/runner/work/javassist/javassist/sample/rmi/inside.gif
158,/home/runner/work/javassist/javassist/sample/rmi/Counter.java
159,/home/runner/work/javassist/javassist/Examples.md
160,/home/runner/work/javassist/javassist/Changes.md
161,/home/runner/work/javassist/javassist/.gitignore
162,/home/runner/work/javassist/javassist/.github/workflows/maven.yml
163,/home/runner/work/javassist/javassist/README.md
164,/home/runner/work/javassist/javassist/build.xml
165,/home/runner/work/javassist/javassist/sample/evolve/demo.html
166,/home/runner/work/javassist/javassist/sample/rmi/CountApplet.java
168,/home/runner/work/javassist/javassist/sample/reflect/VerboseMetaobj.java
169,/home/runner/work/javassist/javassist/sample/reflect/Person.java
171,/home/runner/work/javassist/javassist/sample/preproc/package.html
172,/home/runner/work/javassist/javassist/sample/preproc/Compiler.java
174,/home/runner/work/javassist/javassist/sample/hotswap/Test.java
175,/home/runner/work/javassist/javassist/sample/evolve/update.html
176,/home/runner/work/javassist/javassist/sample/evolve/start.html
177,/home/runner/work/javassist/javassist/sample/evolve/WebPage.java
179,/home/runner/work/javassist/javassist/sample/evolve/VersionManager.java
180,/home/runner/work/javassist/javassist/sample/evolve/Sample.java
181,/home/runner/work/javassist/javassist/sample/evolve/Evolution.java
182,/home/runner/work/javassist/javassist/sample/evolve/DemoServer.java
183,/home/runner/work/javassist/javassist/sample/evolve/DemoLoader.java
184,/home/runner/work/javassist/javassist/sample/evolve/CannotUpdateException.java
186,/home/runner/work/javassist/javassist/sample/duplicate/Viewer.java
187,/home/runner/work/javassist/javassist/sample/duplicate/Main.java
188,/home/runner/work/javassist/javassist/sample/duplicate/DuplicatedObject.java
195,/home/runner/work/javassist/javassist/tutorial/tutorial3.html
197,/home/runner/work/javassist/javassist/sample/vector/Sample.java
198,/home/runner/work/javassist/javassist/sample/rmi/AlertDialog.java
199,/home/runner/work/javassist/javassist/sample/reflect/Main.java
200,/home/runner/work/javassist/javassist/sample/preproc/Assistant.java
201,/home/runner/work/javassist/javassist/sample/evolve/CannotCreateException.java
202,/home/runner/work/javassist/javassist/sample/duplicate/Ball.java
203,/home/runner/work/javassist/javassist/sample/Test.java
