,file_name
144,/home/runner/work/javassist/javassist/src/test/javassist/bytecode/Gap0Example.class
145,/home/runner/work/javassist/javassist/src/test/Readme.txt
148,/home/runner/work/javassist/javassist/sample/vector/VectorAssistant.java
149,/home/runner/work/javassist/javassist/sample/vector/Test.j
151,/home/runner/work/javassist/javassist/sample/vector/Sample2.java
153,/home/runner/work/javassist/javassist/sample/rmi/webdemo.html
154,/home/runner/work/javassist/javassist/sample/rmi/start.html
155,/home/runner/work/javassist/javassist/License.html
156,/home/runner/work/javassist/javassist/Examples.md
157,/home/runner/work/javassist/javassist/Changes.md
158,/home/runner/work/javassist/javassist/.gitignore
159,/home/runner/work/javassist/javassist/README.md
160,/home/runner/work/javassist/javassist/build.xml
162,/home/runner/work/javassist/javassist/sample/rmi/inside.gif
163,/home/runner/work/javassist/javassist/sample/rmi/Counter.java
164,/home/runner/work/javassist/javassist/sample/rmi/CountApplet.java
165,/home/runner/work/javassist/javassist/sample/reflect/VerboseMetaobj.java
166,/home/runner/work/javassist/javassist/sample/reflect/Person.java
168,/home/runner/work/javassist/javassist/sample/preproc/package.html
169,/home/runner/work/javassist/javassist/sample/preproc/Compiler.java
170,/home/runner/work/javassist/javassist/sample/hotswap/Test.java
171,/home/runner/work/javassist/javassist/sample/evolve/update.html
172,/home/runner/work/javassist/javassist/sample/evolve/start.html
173,/home/runner/work/javassist/javassist/sample/evolve/demo.html
175,/home/runner/work/javassist/javassist/sample/evolve/WebPage.java
176,/home/runner/work/javassist/javassist/sample/evolve/VersionManager.java
177,/home/runner/work/javassist/javassist/sample/evolve/Sample.java
178,/home/runner/work/javassist/javassist/sample/evolve/Evolution.java
179,/home/runner/work/javassist/javassist/sample/evolve/DemoServer.java
180,/home/runner/work/javassist/javassist/sample/evolve/DemoLoader.java
181,/home/runner/work/javassist/javassist/sample/evolve/CannotUpdateException.java
183,/home/runner/work/javassist/javassist/sample/duplicate/Viewer.java
184,/home/runner/work/javassist/javassist/sample/duplicate/Main.java
185,/home/runner/work/javassist/javassist/sample/duplicate/DuplicatedObject.java
187,/home/runner/work/javassist/javassist/tutorial/tutorial3.html
188,/home/runner/work/javassist/javassist/tutorial/tutorial.html
191,/home/runner/work/javassist/javassist/tutorial/tutorial2.html
197,/home/runner/work/javassist/javassist/sample/vector/Sample.java
198,/home/runner/work/javassist/javassist/sample/rmi/AlertDialog.java
199,/home/runner/work/javassist/javassist/sample/reflect/Main.java
200,/home/runner/work/javassist/javassist/sample/preproc/Assistant.java
201,/home/runner/work/javassist/javassist/sample/evolve/sample/evolve/WebPage.java
202,/home/runner/work/javassist/javassist/sample/evolve/CannotCreateException.java
203,/home/runner/work/javassist/javassist/sample/duplicate/Ball.java
204,/home/runner/work/javassist/javassist/sample/Test.java
