,file_name
11,/home/runner/work/javassist/javassist/tutorial/tutorial.html
12,/home/runner/work/javassist/javassist/tutorial/tutorial2.html
15,/home/runner/work/javassist/javassist/License.html
146,/home/runner/work/javassist/javassist/src/test/javassist/bytecode/Gap0Example.class
147,/home/runner/work/javassist/javassist/src/test/Readme.txt
149,/home/runner/work/javassist/javassist/sample/vector/VectorAssistant.java
150,/home/runner/work/javassist/javassist/sample/vector/Test.j
151,/home/runner/work/javassist/javassist/sample/vector/Sample2.java
152,/home/runner/work/javassist/javassist/sample/rmi/webdemo.html
153,/home/runner/work/javassist/javassist/sample/rmi/start.html
154,/home/runner/work/javassist/javassist/sample/rmi/inside.gif
155,/home/runner/work/javassist/javassist/.gitignore
156,/home/runner/work/javassist/javassist/.github/workflows/maven.yml
158,/home/runner/work/javassist/javassist/Changes.md
159,/home/runner/work/javassist/javassist/Examples.md
160,/home/runner/work/javassist/javassist/README.md
161,/home/runner/work/javassist/javassist/sample/evolve/demo.html
162,/home/runner/work/javassist/javassist/sample/rmi/Counter.java
163,/home/runner/work/javassist/javassist/sample/rmi/CountApplet.java
165,/home/runner/work/javassist/javassist/sample/reflect/VerboseMetaobj.java
166,/home/runner/work/javassist/javassist/sample/reflect/Person.java
167,/home/runner/work/javassist/javassist/sample/preproc/package.html
168,/home/runner/work/javassist/javassist/sample/preproc/Compiler.java
170,/home/runner/work/javassist/javassist/sample/hotswap/Test.java
171,/home/runner/work/javassist/javassist/sample/evolve/update.html
172,/home/runner/work/javassist/javassist/sample/evolve/start.html
173,/home/runner/work/javassist/javassist/sample/evolve/WebPage.java
174,/home/runner/work/javassist/javassist/build.xml
175,/home/runner/work/javassist/javassist/sample/evolve/VersionManager.java
176,/home/runner/work/javassist/javassist/sample/evolve/Sample.java
177,/home/runner/work/javassist/javassist/sample/evolve/Evolution.java
178,/home/runner/work/javassist/javassist/sample/evolve/DemoServer.java
179,/home/runner/work/javassist/javassist/sample/evolve/DemoLoader.java
180,/home/runner/work/javassist/javassist/sample/evolve/CannotUpdateException.java
182,/home/runner/work/javassist/javassist/sample/duplicate/Viewer.java
183,/home/runner/work/javassist/javassist/sample/duplicate/Main.java
184,/home/runner/work/javassist/javassist/sample/duplicate/DuplicatedObject.java
191,/home/runner/work/javassist/javassist/tutorial/tutorial3.html
197,/home/runner/work/javassist/javassist/sample/rmi/AlertDialog.java
198,/home/runner/work/javassist/javassist/sample/reflect/Main.java
199,/home/runner/work/javassist/javassist/sample/preproc/Assistant.java
200,/home/runner/work/javassist/javassist/sample/evolve/CannotCreateException.java
201,/home/runner/work/javassist/javassist/sample/duplicate/Ball.java
