,file_name
190,/home/runner/work/javassist/javassist/target/runtest/proxy/test/javassist/proxy/ProxySimpleTest$Foo_$$_jvst489_2733.class
191,/home/runner/work/javassist/javassist/target/surefire-reports/javassist.JvstTest.txt
192,/home/runner/work/javassist/javassist/target/runtest/proxy/javassist/util/proxy/test_javassist_proxy_ProxySimpleTest$PubProxy2_$$_jvst489_273c.class
201,/home/runner/work/javassist/javassist/target/test-classes/test/javassist/bytecode/analysis/ScannerTest.class
202,/home/runner/work/javassist/javassist/target/test-classes/test1/RenameClass2.class
203,/home/runner/work/javassist/javassist/target/test-classes/javassist/compiler/ParseTest.class
204,/home/runner/work/javassist/javassist/target/test-classes/test/javassist/convert/InstrumentationTarget$Itr.class
205,/home/runner/work/javassist/javassist/target/test-classes/scoped/jar1/ScopedAnnotationDefaultUsage.class
