,file_name
6,/home/runner/work/javassist/javassist/target/surefire-reports/TEST-javassist.JvstTest.xml
187,/home/runner/work/javassist/javassist/target/runtest/proxy/test/javassist/proxy/ProxySimpleTest$Foo_$$_jvst489_2733.class
188,/home/runner/work/javassist/javassist/target/runtest/proxy/javassist/util/proxy/test_javassist_proxy_ProxySimpleTest$PubProxy2_$$_jvst489_273c.class
189,/home/runner/work/javassist/javassist/target/runtest/testproxy/BridgeMethod_$$_jvst489_7.class
190,/home/runner/work/javassist/javassist/target/test-classes/testproxy/sub/TargetSuper.class
196,/home/runner/work/javassist/javassist/target/test-classes/annotation/Id.class
197,/home/runner/work/javassist/javassist/target/test-classes/scoped/jar1/ScopedAnnotationDefaultUsage.class
198,/home/runner/work/javassist/javassist/target/test-classes/test/javassist/convert/InstrumentationTarget$Itr.class
199,/home/runner/work/javassist/javassist/target/test-classes/javassist/compiler/ParseTest.class
