,file_name
186,/home/runner/work/javassist/javassist/target/runtest/proxy/javassist/util/proxy/test_javassist_proxy_ProxySimpleTest$PubProxy2_$$_jvst489_273c.class
187,/home/runner/work/javassist/javassist/target/surefire-reports/javassist.JvstTest.txt
188,/home/runner/work/javassist/javassist/target/test-classes/testproxy/sub/TargetSuper.class
195,/home/runner/work/javassist/javassist/target/test-classes/annotation/Id.class
196,/home/runner/work/javassist/javassist/target/test-classes/scoped/jar1/ScopedAnnotationDefaultUsage.class
197,/home/runner/work/javassist/javassist/target/test-classes/test/javassist/convert/InstrumentationTarget$Itr.class
198,/home/runner/work/javassist/javassist/target/test-classes/javassist/compiler/ParseTest.class
199,/home/runner/work/javassist/javassist/target/test-classes/test1/RenameClass2.class
200,/home/runner/work/javassist/javassist/target/test-classes/test/javassist/bytecode/analysis/ScannerTest.class
