,file_name
189,/home/runner/work/javassist/javassist/target/runtest/testproxy/BridgeMethod_$$_jvst489_7.class
190,/home/runner/work/javassist/javassist/target/runtest/proxy/javassist/util/proxy/test_javassist_proxy_ProxySimpleTest$PubProxy2_$$_jvst489_273c.class
191,/home/runner/work/javassist/javassist/target/surefire-reports/javassist.JvstTest.txt
198,/home/runner/work/javassist/javassist/target/test-classes/annotation/Id.class
199,/home/runner/work/javassist/javassist/target/test-classes/test1/RenameClass2.class
200,/home/runner/work/javassist/javassist/target/test-classes/test/javassist/bytecode/analysis/ScannerTest.class
