,file_name
6,/home/runner/work/javassist/javassist/target/surefire-reports/TEST-javassist.JvstTest.xml
188,/home/runner/work/javassist/javassist/target/runtest/proxy/test/javassist/proxy/ProxySimpleTest$Foo_$$_jvst489_2733.class
189,/home/runner/work/javassist/javassist/target/runtest/proxy/javassist/util/proxy/test_javassist_proxy_ProxySimpleTest$PubProxy2_$$_jvst489_273c.class
190,/home/runner/work/javassist/javassist/target/runtest/testproxy/BridgeMethod_$$_jvst489_7.class
201,/home/runner/work/javassist/javassist/target/test-classes/scoped/jar1/ScopedAnnotationDefaultUsage.class
202,/home/runner/work/javassist/javassist/target/test-classes/test1/RenameClass2.class
203,/home/runner/work/javassist/javassist/target/test-classes/test/javassist/bytecode/analysis/ScannerTest.class
