,file_name
189,/home/runner/work/javassist/javassist/target/surefire-reports/javassist.JvstTest.txt
197,/home/runner/work/javassist/javassist/target/test-classes/testproxy/sub/TargetSuper.class
198,/home/runner/work/javassist/javassist/target/test-classes/annotation/Id.class
199,/home/runner/work/javassist/javassist/target/test-classes/scoped/jar1/ScopedAnnotationDefaultUsage.class
200,/home/runner/work/javassist/javassist/target/test-classes/test/javassist/convert/InstrumentationTarget$Itr.class
201,/home/runner/work/javassist/javassist/target/test-classes/javassist/compiler/ParseTest.class
202,/home/runner/work/javassist/javassist/target/test-classes/test1/RenameClass2.class
203,/home/runner/work/javassist/javassist/target/test-classes/test/javassist/bytecode/analysis/ScannerTest.class
