,file_name
188,/home/runner/work/javassist/javassist/target/runtest/testproxy/BridgeMethod_$$_jvst489_7.class
189,/home/runner/work/javassist/javassist/target/surefire-reports/javassist.JvstTest.txt
193,/home/runner/work/javassist/javassist/target/test-classes/testproxy/sub/TargetSuper.class
198,/home/runner/work/javassist/javassist/target/test-classes/scoped/jar1/ScopedAnnotationDefaultUsage.class
199,/home/runner/work/javassist/javassist/target/test-classes/test/javassist/convert/InstrumentationTarget$Itr.class
200,/home/runner/work/javassist/javassist/target/test-classes/javassist/compiler/ParseTest.class
201,/home/runner/work/javassist/javassist/target/test-classes/test1/RenameClass2.class
202,/home/runner/work/javassist/javassist/target/test-classes/test/javassist/bytecode/analysis/ScannerTest.class
