,file_name
6,/home/runner/work/javassist/javassist/target/surefire-reports/TEST-javassist.JvstTest.xml
184,/home/runner/work/javassist/javassist/target/runtest/testproxy/BridgeMethod_$$_jvst489_7.class
185,/home/runner/work/javassist/javassist/target/test-classes/testproxy/sub/TargetSuper.class
192,/home/runner/work/javassist/javassist/target/test-classes/annotation/Id.class
193,/home/runner/work/javassist/javassist/target/test-classes/scoped/jar1/ScopedAnnotationDefaultUsage.class
194,/home/runner/work/javassist/javassist/target/test-classes/test/javassist/convert/InstrumentationTarget$Itr.class
195,/home/runner/work/javassist/javassist/target/test-classes/javassist/compiler/ParseTest.class
196,/home/runner/work/javassist/javassist/target/test-classes/test/javassist/bytecode/analysis/ScannerTest.class
