,file_name
5,/home/runner/work/javassist/javassist/target/surefire-reports/TEST-javassist.JvstTest.xml
180,/home/runner/work/javassist/javassist/target/runtest/testproxy/BridgeMethod_$$_jvst489_7.class
190,/home/runner/work/javassist/javassist/target/test-classes/testproxy/sub/TargetSuper.class
191,/home/runner/work/javassist/javassist/target/test-classes/scoped/jar1/ScopedAnnotationDefaultUsage.class
192,/home/runner/work/javassist/javassist/target/test-classes/test/javassist/convert/InstrumentationTarget$Itr.class
