,file_name
1,/home/runner/work/neo4j-apoc-procedures/neo4j-apoc-procedures/.gradle/6.1.1/javaCompile/javaCompile.lock
10,/home/runner/work/neo4j-apoc-procedures/neo4j-apoc-procedures/full/derby.log
12,/home/runner/work/neo4j-apoc-procedures/neo4j-apoc-procedures/docs/asciidoc/modules/ROOT/images/apoc-gephi.gif
13,/home/runner/work/neo4j-apoc-procedures/neo4j-apoc-procedures/docs/images/apoc-gephi.gif
16,/home/runner/work/neo4j-apoc-procedures/neo4j-apoc-procedures/hadoop/bin/libwinutils.lib
18,/home/runner/work/neo4j-apoc-procedures/neo4j-apoc-procedures/docs/asciidoc/modules/ROOT/images/apoc.dv.jdbc-queryAndLink.png
19,/home/runner/work/neo4j-apoc-procedures/neo4j-apoc-procedures/docs/asciidoc/modules/ROOT/images/apoc.load.json-so-result.png
21,/home/runner/work/neo4j-apoc-procedures/neo4j-apoc-procedures/full/derbyDB/dbex.lck
24,/home/runner/work/neo4j-apoc-procedures/neo4j-apoc-procedures/docs/images/apoc.load.json-so-result.png
28,/home/runner/work/neo4j-apoc-procedures/neo4j-apoc-procedures/full/hadoop/hdfs/name-0-2/current/fsimage_0000000000000000000.md5.tmp
30,/home/runner/work/neo4j-apoc-procedures/neo4j-apoc-procedures/full/hadoop/hdfs/name-0-1/current/fsimage_0000000000000000000.md5.tmp
63,/home/runner/work/neo4j-apoc-procedures/neo4j-apoc-procedures/full/derbyDB/log/logmirror.ctrl
65,/home/runner/work/neo4j-apoc-procedures/neo4j-apoc-procedures/docs/asciidoc/modules/ROOT/images/import_yed.png
68,/home/runner/work/neo4j-apoc-procedures/neo4j-apoc-procedures/docs/asciidoc/modules/ROOT/examples/generated-documentation/documentation.csv
69,/home/runner/work/neo4j-apoc-procedures/neo4j-apoc-procedures/docs/images/import_yed.png
70,/home/runner/work/neo4j-apoc-procedures/neo4j-apoc-procedures/docs/asciidoc/modules/ROOT/partials/generated-documentation/documentation.adoc
71,/home/runner/work/neo4j-apoc-procedures/neo4j-apoc-procedures/docs/images/apoc.load.json.so.png
72,/home/runner/work/neo4j-apoc-procedures/neo4j-apoc-procedures/docs/asciidoc/modules/ROOT/images/apoc.load.json.so.png
73,/home/runner/work/neo4j-apoc-procedures/neo4j-apoc-procedures/docs/asciidoc/modules/ROOT/images/apoc.model.jdbc.png
74,/home/runner/work/neo4j-apoc-procedures/neo4j-apoc-procedures/docs/images/apoc.model.jdbc.png
75,/home/runner/work/neo4j-apoc-procedures/neo4j-apoc-procedures/docs/asciidoc/modules/ROOT/images/apoc.dv.imported-graph-from-RDB.png
76,/home/runner/work/neo4j-apoc-procedures/neo4j-apoc-procedures/full/hadoop/hdfs/name-0-2/current/edits_inprogress_0000000000000000001
77,/home/runner/work/neo4j-apoc-procedures/neo4j-apoc-procedures/full/hadoop/hdfs/name-0-1/current/edits_inprogress_0000000000000000001
78,/home/runner/work/neo4j-apoc-procedures/neo4j-apoc-procedures/docs/images/desktop-apoc.jpg
80,/home/runner/work/neo4j-apoc-procedures/neo4j-apoc-procedures/docs/asciidoc/modules/ROOT/images/apoc.graph.fromDocument_with_mappings.png
81,/home/runner/work/neo4j-apoc-procedures/neo4j-apoc-procedures/docs/index.html
82,/home/runner/work/neo4j-apoc-procedures/neo4j-apoc-procedures/docs/asciidoc/modules/ROOT/images/apoc.periodic.commit.friends.jpg
83,/home/runner/work/neo4j-apoc-procedures/neo4j-apoc-procedures/docs/images/apoc.periodic.commit.friends.jpg
84,/home/runner/work/neo4j-apoc-procedures/neo4j-apoc-procedures/docs/asciidoc/modules/ROOT/images/apoc.graph.fromDocument_with_label_type_and_id_field.png
85,/home/runner/work/neo4j-apoc-procedures/neo4j-apoc-procedures/docs/asciidoc/modules/ROOT/images/desktop-apoc.jpg
86,/home/runner/work/neo4j-apoc-procedures/neo4j-apoc-procedures/docs/asciidoc/modules/ROOT/images/apoc-load-jdbc.jpg
87,/home/runner/work/neo4j-apoc-procedures/neo4j-apoc-procedures/docs/asciidoc/modules/ROOT/images/apoc.meta.data-graph.jpg
88,/home/runner/work/neo4j-apoc-procedures/neo4j-apoc-procedures/docs/asciidoc/modules/ROOT/images/apoc.load.jdbc.cassandra.png
89,/home/runner/work/neo4j-apoc-procedures/neo4j-apoc-procedures/full/hadoop/hdfs/name-0-2/current/fsimage.ckpt_0000000000000000000
90,/home/runner/work/neo4j-apoc-procedures/neo4j-apoc-procedures/docs/images/apoc.meta.data-graph.jpg
91,/home/runner/work/neo4j-apoc-procedures/neo4j-apoc-procedures/docs/images/apoc-help.jpg
92,/home/runner/work/neo4j-apoc-procedures/neo4j-apoc-procedures/docs/asciidoc/modules/ROOT/images/apoc.monitor.png
93,/home/runner/work/neo4j-apoc-procedures/neo4j-apoc-procedures/docs/asciidoc/modules/ROOT/images/apoc.dv.csv-query-integrated.png
94,/home/runner/work/neo4j-apoc-procedures/neo4j-apoc-procedures/docs/images/apoc.monitor.png
95,/home/runner/work/neo4j-apoc-procedures/neo4j-apoc-procedures/docs/asciidoc/modules/ROOT/images/apoc-help.jpg
96,/home/runner/work/neo4j-apoc-procedures/neo4j-apoc-procedures/docs/asciidoc/modules/ROOT/images/apoc.graph.fromDocument_with_label_type.png
97,/home/runner/work/neo4j-apoc-procedures/neo4j-apoc-procedures/docs/asciidoc/modules/ROOT/images/apoc.dv.jdbc-query.png
98,/home/runner/work/neo4j-apoc-procedures/neo4j-apoc-procedures/docs/asciidoc/modules/ROOT/images/apoc.systemdb.graph.png
99,/home/runner/work/neo4j-apoc-procedures/neo4j-apoc-procedures/docs/asciidoc/modules/ROOT/images/apoc.cypher.runMany.png
100,/home/runner/work/neo4j-apoc-procedures/neo4j-apoc-procedures/docs/images/apoc-load-jdbc.jpg
101,/home/runner/work/neo4j-apoc-procedures/neo4j-apoc-procedures/docs/images/apoc-meta-data-northwind-filter.jpg
102,/home/runner/work/neo4j-apoc-procedures/neo4j-apoc-procedures/docs/asciidoc/modules/ROOT/images/apoc-meta-data-northwind-filter.jpg
103,/home/runner/work/neo4j-apoc-procedures/neo4j-apoc-procedures/docs/asciidoc/modules/ROOT/images/apoc.nodes.group.jpg
104,/home/runner/work/neo4j-apoc-procedures/neo4j-apoc-procedures/docs/asciidoc/modules/ROOT/images/apoc.dv.csv-queryAndLink.png
105,/home/runner/work/neo4j-apoc-procedures/neo4j-apoc-procedures/docs/images/apoc.refactor.mergeNodes.createDataSetSecondExample.png
106,/home/runner/work/neo4j-apoc-procedures/neo4j-apoc-procedures/docs/asciidoc/modules/ROOT/images/apoc.dv.csv-query.png
107,/home/runner/work/neo4j-apoc-procedures/neo4j-apoc-procedures/docs/asciidoc/modules/ROOT/images/apoc.bolt.execute.createandstatistics.PNG
108,/home/runner/work/neo4j-apoc-procedures/neo4j-apoc-procedures/full/hadoop/hdfs/name-0-1/current/fsimage.ckpt_0000000000000000000
109,/home/runner/work/neo4j-apoc-procedures/neo4j-apoc-procedures/docs/images/import_gephi.png
110,/home/runner/work/neo4j-apoc-procedures/neo4j-apoc-procedures/docs/asciidoc/modules/ROOT/images/apoc.refactor.mergeNodes.resultFirstExample.png
111,/home/runner/work/neo4j-apoc-procedures/neo4j-apoc-procedures/docs/asciidoc/modules/ROOT/images/apoc.load.jdbc.neo4j.png
112,/home/runner/work/neo4j-apoc-procedures/neo4j-apoc-procedures/docs/asciidoc/modules/ROOT/images/apoc.meta.stats.png
113,/home/runner/work/neo4j-apoc-procedures/neo4j-apoc-procedures/docs/asciidoc/modules/ROOT/images/apoc.dv.high-level.png
114,/home/runner/work/neo4j-apoc-procedures/neo4j-apoc-procedures/docs/asciidoc/modules/ROOT/images/apoc.bolt.execute.createwithparams.PNG
115,/home/runner/work/neo4j-apoc-procedures/neo4j-apoc-procedures/docs/images/apoc.refactor.mergeNodes.createDataSetFirstExample.png
116,/home/runner/work/neo4j-apoc-procedures/neo4j-apoc-procedures/docs/images/apoc.meta.stats.png
117,/home/runner/work/neo4j-apoc-procedures/neo4j-apoc-procedures/docs/images/apoc.refactor.mergeNodes.resultFirstExample.png
118,/home/runner/work/neo4j-apoc-procedures/neo4j-apoc-procedures/docs/asciidoc/modules/ROOT/images/apoc.bolt.execute.nodemap.PNG
119,/home/runner/work/neo4j-apoc-procedures/neo4j-apoc-procedures/docs/asciidoc/modules/ROOT/images/apoc.refactor.mergeNodes.createDataSetFirstExample.png
120,/home/runner/work/neo4j-apoc-procedures/neo4j-apoc-procedures/docs/asciidoc/modules/ROOT/images/apoc.refactor.cloneNodes.png
121,/home/runner/work/neo4j-apoc-procedures/neo4j-apoc-procedures/docs/asciidoc/modules/ROOT/images/apoc.refactor.mergeNodes.createDataSetSecondExample.png
122,/home/runner/work/neo4j-apoc-procedures/neo4j-apoc-procedures/docs/asciidoc/modules/ROOT/images/user-country-gender.jpg
123,/home/runner/work/neo4j-apoc-procedures/neo4j-apoc-procedures/docs/images/apoc.mongodb.first.png
124,/home/runner/work/neo4j-apoc-procedures/neo4j-apoc-procedures/docs/asciidoc/modules/ROOT/images/apoc.refactor.mergeNodes.resultSecondExample.png
125,/home/runner/work/neo4j-apoc-procedures/neo4j-apoc-procedures/docs/images/apoc.refactor.mergeNodes.resultSecondExample.png
126,/home/runner/work/neo4j-apoc-procedures/neo4j-apoc-procedures/docs/images/apoc.nodes.group.jpg
127,/home/runner/work/neo4j-apoc-procedures/neo4j-apoc-procedures/docs/asciidoc/modules/ROOT/images/apoc.create.vRelationship_func.png
128,/home/runner/work/neo4j-apoc-procedures/neo4j-apoc-procedures/docs/asciidoc/modules/ROOT/images/apoc.bolt.load.relmap.PNG
129,/home/runner/work/neo4j-apoc-procedures/neo4j-apoc-procedures/docs/asciidoc/modules/ROOT/images/apoc.bolt.load.returnvirtualpath.PNG
130,/home/runner/work/neo4j-apoc-procedures/neo4j-apoc-procedures/docs/asciidoc/modules/ROOT/images/apoc.mongodb.first.png
131,/home/runner/work/neo4j-apoc-procedures/neo4j-apoc-procedures/.gradle/6.1.1/fileChanges/last-build.bin
132,/home/runner/work/neo4j-apoc-procedures/neo4j-apoc-procedures/docs/asciidoc/modules/ROOT/images/apoc.create.vRelationship_proc.png
133,/home/runner/work/neo4j-apoc-procedures/neo4j-apoc-procedures/docs/asciidoc/modules/ROOT/images/apoc.schema.nodes.png
134,/home/runner/work/neo4j-apoc-procedures/neo4j-apoc-procedures/docs/asciidoc/modules/ROOT/images/apoc.graph.validateDocument.png
135,/home/runner/work/neo4j-apoc-procedures/neo4j-apoc-procedures/docs/asciidoc/modules/ROOT/images/apoc.create.virtualPath.png
136,/home/runner/work/neo4j-apoc-procedures/neo4j-apoc-procedures/docs/images/user-country-gender.jpg
137,/home/runner/work/neo4j-apoc-procedures/neo4j-apoc-procedures/docs/asciidoc/modules/ROOT/images/rel_types_cycles.png
138,/home/runner/work/neo4j-apoc-procedures/neo4j-apoc-procedures/docs/images/apoc.schema.nodes.png
139,/home/runner/work/neo4j-apoc-procedures/neo4j-apoc-procedures/docs/asciidoc/modules/ROOT/images/apoc.load.htmlconfig.png
140,/home/runner/work/neo4j-apoc-procedures/neo4j-apoc-procedures/docs/asciidoc/modules/ROOT/images/all_cycles.png
144,/home/runner/work/neo4j-apoc-procedures/neo4j-apoc-procedures/full/hadoop/hdfs/name-0-1/current/seen_txid.tmp
146,/home/runner/work/neo4j-apoc-procedures/neo4j-apoc-procedures/docs/asciidoc/modules/ROOT/images/apoc.refactor.cloneNodes.dataset.png
147,/home/runner/work/neo4j-apoc-procedures/neo4j-apoc-procedures/docs/asciidoc/modules/ROOT/images/apoc.bolt.execute.scalarmulti.PNG
148,/home/runner/work/neo4j-apoc-procedures/neo4j-apoc-procedures/docs/antora/package-lock.json
149,/home/runner/work/neo4j-apoc-procedures/neo4j-apoc-procedures/docs/images/export-cypher-plain-editor.png
150,/home/runner/work/neo4j-apoc-procedures/neo4j-apoc-procedures/docs/asciidoc/modules/ROOT/images/apoc.bolt.load.virtualnode.PNG
151,/home/runner/work/neo4j-apoc-procedures/neo4j-apoc-procedures/docs/images/apoc-jdbc-northwind-load.jpg
152,/home/runner/work/neo4j-apoc-procedures/neo4j-apoc-procedures/full/hadoop/hdfs/name-0-2/current/seen_txid.tmp
153,/home/runner/work/neo4j-apoc-procedures/neo4j-apoc-procedures/docs/images/apoc-help-apoc.jpg
154,/home/runner/work/neo4j-apoc-procedures/neo4j-apoc-procedures/docs/asciidoc/modules/ROOT/images/apoc.meta.graph.of.png
155,/home/runner/work/neo4j-apoc-procedures/neo4j-apoc-procedures/docs/asciidoc/modules/ROOT/images/apoc.refactor.cloneNodesWithRelationships.png
156,/home/runner/work/neo4j-apoc-procedures/neo4j-apoc-procedures/docs/asciidoc/modules/ROOT/images/export-cypher-plain-editor.png
157,/home/runner/work/neo4j-apoc-procedures/neo4j-apoc-procedures/docs/asciidoc/modules/ROOT/images/apoc-help-apoc.jpg
158,/home/runner/work/neo4j-apoc-procedures/neo4j-apoc-procedures/docs/asciidoc/modules/ROOT/images/apoc-jdbc-northwind-load.jpg
159,/home/runner/work/neo4j-apoc-procedures/neo4j-apoc-procedures/docs/asciidoc/modules/ROOT/images/apoc.meta.graph.example.png
160,/home/runner/work/neo4j-apoc-procedures/neo4j-apoc-procedures/docs/images/apoc.systemdb.graph.png
161,/home/runner/work/neo4j-apoc-procedures/neo4j-apoc-procedures/docs/asciidoc/modules/ROOT/images/apoc.dv.rdb-schema-diagram.png
162,/home/runner/work/neo4j-apoc-procedures/neo4j-apoc-procedures/docs/asciidoc/modules/ROOT/images/apoc.load.htmlall.png
163,/home/runner/work/neo4j-apoc-procedures/neo4j-apoc-procedures/docs/asciidoc/modules/ROOT/images/apoc.trigger.resume.png
164,/home/runner/work/neo4j-apoc-procedures/neo4j-apoc-procedures/docs/images/apoc.trigger.resume.png
165,/home/runner/work/neo4j-apoc-procedures/neo4j-apoc-procedures/docs/images/dbms.functions.jpg
166,/home/runner/work/neo4j-apoc-procedures/neo4j-apoc-procedures/docs/asciidoc/modules/ROOT/images/apoc.trigger.pause.png
167,/home/runner/work/neo4j-apoc-procedures/neo4j-apoc-procedures/docs/asciidoc/modules/ROOT/images/dbms.functions.jpg
169,/home/runner/work/neo4j-apoc-procedures/neo4j-apoc-procedures/docs/asciidoc/modules/ROOT/partials/generated-documentation/nav.adoc
170,/home/runner/work/neo4j-apoc-procedures/neo4j-apoc-procedures/docs/asciidoc/modules/ROOT/images/apoc.refactor.cloneSubgraph-tree-example-after.png
171,/home/runner/work/neo4j-apoc-procedures/neo4j-apoc-procedures/docs/images/apoc.refactor.cloneSubgraph-tree-example-after.png
175,/home/runner/work/neo4j-apoc-procedures/neo4j-apoc-procedures/docs/images/apoc.trigger.pause.png
176,/home/runner/work/neo4j-apoc-procedures/neo4j-apoc-procedures/docs/asciidoc/modules/ROOT/images/grouping-country-all.jpg
179,/home/runner/work/neo4j-apoc-procedures/neo4j-apoc-procedures/docs/asciidoc/modules/ROOT/images/apoc.generate.complete.png
181,/home/runner/work/neo4j-apoc-procedures/neo4j-apoc-procedures/docs/asciidoc/modules/ROOT/images/apoc.dbms.procedure.count.jpg
182,/home/runner/work/neo4j-apoc-procedures/neo4j-apoc-procedures/docs/asciidoc/modules/ROOT/images/apoc.es.get.png
183,/home/runner/work/neo4j-apoc-procedures/neo4j-apoc-procedures/docs/asciidoc/modules/ROOT/images/azure-quickstart.png
184,/home/runner/work/neo4j-apoc-procedures/neo4j-apoc-procedures/hadoop/bin/winutils.exe
185,/home/runner/work/neo4j-apoc-procedures/neo4j-apoc-procedures/docs/images/grouping-country-all.jpg
186,/home/runner/work/neo4j-apoc-procedures/neo4j-apoc-procedures/docs/images/apoc.trigger.add.setAllConnectedNodes.dataset.png
187,/home/runner/work/neo4j-apoc-procedures/neo4j-apoc-procedures/docs/asciidoc/modules/ROOT/images/apoc.load.htmllinks.png
188,/home/runner/work/neo4j-apoc-procedures/neo4j-apoc-procedures/core/target/00c6671e-5b07-414d-8231-c383e973df5d/data/databases/neo4j/neostore.nodestore.db.id
189,/home/runner/work/neo4j-apoc-procedures/neo4j-apoc-procedures/core/target/00c6671e-5b07-414d-8231-c383e973df5d/data/databases/neo4j/neostore.nodestore.db.labels.id
190,/home/runner/work/neo4j-apoc-procedures/neo4j-apoc-procedures/core/target/00c6671e-5b07-414d-8231-c383e973df5d/data/databases/neo4j/neostore.propertystore.db.index.keys.id
191,/home/runner/work/neo4j-apoc-procedures/neo4j-apoc-procedures/docs/asciidoc/modules/ROOT/images/apoc.refactor.mergeNodes.resultSecondExampleData.png
192,/home/runner/work/neo4j-apoc-procedures/neo4j-apoc-procedures/core/target/00c6671e-5b07-414d-8231-c383e973df5d/data/databases/neo4j/neostore.propertystore.db.index.id
193,/home/runner/work/neo4j-apoc-procedures/neo4j-apoc-procedures/core/target/00c6671e-5b07-414d-8231-c383e973df5d/data/databases/neo4j/neostore.propertystore.db.strings.id
195,/home/runner/work/neo4j-apoc-procedures/neo4j-apoc-procedures/core/target/00c6671e-5b07-414d-8231-c383e973df5d/data/databases/neo4j/neostore.propertystore.db.id
196,/home/runner/work/neo4j-apoc-procedures/neo4j-apoc-procedures/docs/asciidoc/modules/ROOT/images/cycles_max_depth_1.png
197,/home/runner/work/neo4j-apoc-procedures/neo4j-apoc-procedures/docs/asciidoc/modules/ROOT/images/dataset_cycle.png
198,/home/runner/work/neo4j-apoc-procedures/neo4j-apoc-procedures/core/target/00c6671e-5b07-414d-8231-c383e973df5d/data/databases/system/neostore.relationshipgroupstore.db.id
199,/home/runner/work/neo4j-apoc-procedures/neo4j-apoc-procedures/core/target/00c6671e-5b07-414d-8231-c383e973df5d/data/databases/system/neostore.schemastore.db.id
200,/home/runner/work/neo4j-apoc-procedures/neo4j-apoc-procedures/core/target/00c6671e-5b07-414d-8231-c383e973df5d/data/databases/system/neostore.labeltokenstore.db.id
201,/home/runner/work/neo4j-apoc-procedures/neo4j-apoc-procedures/core/target/00c6671e-5b07-414d-8231-c383e973df5d/data/databases/system/neostore.labeltokenstore.db.names.id
202,/home/runner/work/neo4j-apoc-procedures/neo4j-apoc-procedures/core/target/00c6671e-5b07-414d-8231-c383e973df5d/data/databases/neo4j/neostore.propertystore.db.arrays.id
203,/home/runner/work/neo4j-apoc-procedures/neo4j-apoc-procedures/core/target/00c6671e-5b07-414d-8231-c383e973df5d/data/databases/neo4j/neostore.relationshipstore.db.id
204,/home/runner/work/neo4j-apoc-procedures/neo4j-apoc-procedures/docs/asciidoc/modules/ROOT/images/apoc.trigger.add.setAllConnectedNodes.dataset.png
205,/home/runner/work/neo4j-apoc-procedures/neo4j-apoc-procedures/docs/asciidoc/modules/ROOT/images/apoc.trigger.add.create-rel-new-node.png
206,/home/runner/work/neo4j-apoc-procedures/neo4j-apoc-procedures/docs/asciidoc/modules/ROOT/images/apoc.schema.relationships.png
210,/home/runner/work/neo4j-apoc-procedures/neo4j-apoc-procedures/core/target/00c6671e-5b07-414d-8231-c383e973df5d/data/databases/neo4j/neostore.relationshipgroupstore.db.id
211,/home/runner/work/neo4j-apoc-procedures/neo4j-apoc-procedures/core/target/00c6671e-5b07-414d-8231-c383e973df5d/data/databases/neo4j/neostore.schemastore.db.id
212,/home/runner/work/neo4j-apoc-procedures/neo4j-apoc-procedures/core/target/00c6671e-5b07-414d-8231-c383e973df5d/data/databases/neo4j/neostore.labeltokenstore.db.id
213,/home/runner/work/neo4j-apoc-procedures/neo4j-apoc-procedures/core/target/00c6671e-5b07-414d-8231-c383e973df5d/data/databases/neo4j/neostore.labeltokenstore.db.names.id
214,/home/runner/work/neo4j-apoc-procedures/neo4j-apoc-procedures/core/target/00c6671e-5b07-414d-8231-c383e973df5d/data/databases/neo4j/neostore.relationshiptypestore.db.id
215,/home/runner/work/neo4j-apoc-procedures/neo4j-apoc-procedures/core/target/00c6671e-5b07-414d-8231-c383e973df5d/data/databases/neo4j/neostore.relationshiptypestore.db.names.id
216,/home/runner/work/neo4j-apoc-procedures/neo4j-apoc-procedures/core/target/00c6671e-5b07-414d-8231-c383e973df5d/data/databases/system/neostore.relationshiptypestore.db.id
217,/home/runner/work/neo4j-apoc-procedures/neo4j-apoc-procedures/core/target/00c6671e-5b07-414d-8231-c383e973df5d/data/databases/system/neostore.nodestore.db.labels.id
218,/home/runner/work/neo4j-apoc-procedures/neo4j-apoc-procedures/docs/asciidoc/modules/ROOT/images/apoc.meta.graph.jpg
219,/home/runner/work/neo4j-apoc-procedures/neo4j-apoc-procedures/docs/asciidoc/modules/ROOT/images/apoc.generate.ba.png
220,/home/runner/work/neo4j-apoc-procedures/neo4j-apoc-procedures/core/target/00c6671e-5b07-414d-8231-c383e973df5d/data/databases/system/neostore.relationshiptypestore.db.names.id
221,/home/runner/work/neo4j-apoc-procedures/neo4j-apoc-procedures/docs/images/azure-quickstart.png
222,/home/runner/work/neo4j-apoc-procedures/neo4j-apoc-procedures/docs/asciidoc/modules/ROOT/images/apoc.import.xml.svg
223,/home/runner/work/neo4j-apoc-procedures/neo4j-apoc-procedures/docs/images/apoc.trigger.add.setLabels.png
224,/home/runner/work/neo4j-apoc-procedures/neo4j-apoc-procedures/docs/images/apoc.trigger.add.create-rel-new-node.png
225,/home/runner/work/neo4j-apoc-procedures/neo4j-apoc-procedures/docs/images/apoc.schema.relationships.png
226,/home/runner/work/neo4j-apoc-procedures/neo4j-apoc-procedures/docs/images/apoc.meta.graph.jpg
227,/home/runner/work/neo4j-apoc-procedures/neo4j-apoc-procedures/docs/images/apoc.refactor.mergeNodes.resultSecondExampleData.png
228,/home/runner/work/neo4j-apoc-procedures/neo4j-apoc-procedures/core/target/00c6671e-5b07-414d-8231-c383e973df5d/data/databases/system/neostore.nodestore.db.id
229,/home/runner/work/neo4j-apoc-procedures/neo4j-apoc-procedures/core/target/00c6671e-5b07-414d-8231-c383e973df5d/data/databases/system/neostore.propertystore.db.index.id
230,/home/runner/work/neo4j-apoc-procedures/neo4j-apoc-procedures/docs/asciidoc/modules/ROOT/images/apoc.trigger.add.setLabels.png
232,/home/runner/work/neo4j-apoc-procedures/neo4j-apoc-procedures/docs/asciidoc/modules/ROOT/images/apoc.index.nodes-with-score.jpg
233,/home/runner/work/neo4j-apoc-procedures/neo4j-apoc-procedures/hadoop/bin/hadoop.dll
234,/home/runner/work/neo4j-apoc-procedures/neo4j-apoc-procedures/docs/asciidoc/modules/ROOT/images/load.xls.jpg
235,/home/runner/work/neo4j-apoc-procedures/neo4j-apoc-procedures/docs/asciidoc/modules/ROOT/images/apoc.refactor.cloneSubgraph-after.png
236,/home/runner/work/neo4j-apoc-procedures/neo4j-apoc-procedures/core/target/00c6671e-5b07-414d-8231-c383e973df5d/data/databases/system/neostore.propertystore.db.id
237,/home/runner/work/neo4j-apoc-procedures/neo4j-apoc-procedures/docs/asciidoc/modules/ROOT/images/apoc.load.xml.xpath.png
238,/home/runner/work/neo4j-apoc-procedures/neo4j-apoc-procedures/docs/asciidoc/modules/ROOT/images/apoc.refactor.cloneNodesWithRelationships.dataset.png
239,/home/runner/work/neo4j-apoc-procedures/neo4j-apoc-procedures/docs/images/load.xls.jpg
240,/home/runner/work/neo4j-apoc-procedures/neo4j-apoc-procedures/docs/images/apoc.load.xml.xpath.png
241,/home/runner/work/neo4j-apoc-procedures/neo4j-apoc-procedures/docs/images/apoc.refactor.cloneSubgraph-tree-example.png
244,/home/runner/work/neo4j-apoc-procedures/neo4j-apoc-procedures/docs/asciidoc/modules/ROOT/images/apoc.refactor.cloneSubgraphFromPaths-after.png
245,/home/runner/work/neo4j-apoc-procedures/neo4j-apoc-procedures/docs/asciidoc/modules/ROOT/images/import_gephi.png
246,/home/runner/work/neo4j-apoc-procedures/neo4j-apoc-procedures/core/target/00c6671e-5b07-414d-8231-c383e973df5d/data/databases/system/neostore.relationshipstore.db.id
247,/home/runner/work/neo4j-apoc-procedures/neo4j-apoc-procedures/docs/asciidoc/modules/ROOT/images/apoc.create.vRelationshipTwo.png
248,/home/runner/work/neo4j-apoc-procedures/neo4j-apoc-procedures/core/target/00c6671e-5b07-414d-8231-c383e973df5d/data/databases/system/neostore.propertystore.db.index.keys.id
249,/home/runner/work/neo4j-apoc-procedures/neo4j-apoc-procedures/core/target/00c6671e-5b07-414d-8231-c383e973df5d/data/databases/system/neostore.propertystore.db.arrays.id
250,/home/runner/work/neo4j-apoc-procedures/neo4j-apoc-procedures/core/target/00c6671e-5b07-414d-8231-c383e973df5d/data/databases/system/neostore.propertystore.db.strings.id
251,/home/runner/work/neo4j-apoc-procedures/neo4j-apoc-procedures/docs/asciidoc/modules/ROOT/images/apoc-manual-indexes-nodes.png
252,/home/runner/work/neo4j-apoc-procedures/neo4j-apoc-procedures/docs/asciidoc/modules/ROOT/images/apoc-load-json-so.svg
253,/home/runner/work/neo4j-apoc-procedures/neo4j-apoc-procedures/docs/asciidoc/modules/ROOT/images/apoc.create.vRelationship.png
255,/home/runner/work/neo4j-apoc-procedures/neo4j-apoc-procedures/docs/asciidoc/modules/ROOT/images/apoc.refactor.cloneSubgraph-tree-example.png
256,/home/runner/work/neo4j-apoc-procedures/neo4j-apoc-procedures/docs/asciidoc/modules/ROOT/images/apoc.load.xml.xpath2.png
257,/home/runner/work/neo4j-apoc-procedures/neo4j-apoc-procedures/docs/asciidoc/modules/ROOT/images/apoc.generate.ws.png
258,/home/runner/work/neo4j-apoc-procedures/neo4j-apoc-procedures/docs/asciidoc/modules/ROOT/images/apoc.graph.png
269,/home/runner/work/neo4j-apoc-procedures/neo4j-apoc-procedures/docs/images/azure-quickstart-2.png
270,/home/runner/work/neo4j-apoc-procedures/neo4j-apoc-procedures/docs/images/apoc.trigger.add.setLabelsResult.png
271,/home/runner/work/neo4j-apoc-procedures/neo4j-apoc-procedures/docs/images/apoc.trigger.add.setAllConnectedNodes.png
273,/home/runner/work/neo4j-apoc-procedures/neo4j-apoc-procedures/docs/images/apoc.schema.node.indexExists.png
276,/home/runner/work/neo4j-apoc-procedures/neo4j-apoc-procedures/hadoop/bin/hdfs.dll
282,/home/runner/work/neo4j-apoc-procedures/neo4j-apoc-procedures/docs/images/apoc.schema.relationship.constraintExists.png
283,/home/runner/work/neo4j-apoc-procedures/neo4j-apoc-procedures/docs/images/apoc.schema.node.constraintExists.png
284,/home/runner/work/neo4j-apoc-procedures/neo4j-apoc-procedures/docs/asciidoc/modules/ROOT/images/azure-quickstart-2.png
286,/home/runner/work/neo4j-apoc-procedures/neo4j-apoc-procedures/docs/asciidoc/modules/ROOT/images/apoc.schema.relationship.constraintExists.png
288,/home/runner/work/neo4j-apoc-procedures/neo4j-apoc-procedures/docs/asciidoc/modules/ROOT/images/apoc.trigger.add.setAllConnectedNodes.png
289,/home/runner/work/neo4j-apoc-procedures/neo4j-apoc-procedures/docs/asciidoc/modules/ROOT/images/apoc.trigger.add.setLabelsResult.png
291,/home/runner/work/neo4j-apoc-procedures/neo4j-apoc-procedures/docs/asciidoc/modules/ROOT/images/apoc.schema.node.indexExists.png
293,/home/runner/work/neo4j-apoc-procedures/neo4j-apoc-procedures/docs/images/apoc-load-json-so.svg
296,/home/runner/work/neo4j-apoc-procedures/neo4j-apoc-procedures/docs/images/apoc.load.xml.xpath2.png
297,/home/runner/work/neo4j-apoc-procedures/neo4j-apoc-procedures/docs/images/apoc.load.xls_2.png
300,/home/runner/work/neo4j-apoc-procedures/neo4j-apoc-procedures/docs/asciidoc/modules/ROOT/images/apoc.schema.node.constraintExists.png
301,/home/runner/work/neo4j-apoc-procedures/neo4j-apoc-procedures/docs/images/apoc-manual-indexes-nodes.png
304,/home/runner/work/neo4j-apoc-procedures/neo4j-apoc-procedures/docs/asciidoc/modules/ROOT/examples/generated-documentation/apoc.trigger-lite.csv
305,/home/runner/work/neo4j-apoc-procedures/neo4j-apoc-procedures/docs/asciidoc/modules/ROOT/examples/generated-documentation/apoc.trigger.csv
306,/home/runner/work/neo4j-apoc-procedures/neo4j-apoc-procedures/docs/asciidoc/modules/ROOT/examples/generated-documentation/apoc.trigger.add.adoc
307,/home/runner/work/neo4j-apoc-procedures/neo4j-apoc-procedures/docs/asciidoc/modules/ROOT/examples/generated-documentation/apoc.ttl.config.adoc
308,/home/runner/work/neo4j-apoc-procedures/neo4j-apoc-procedures/docs/asciidoc/modules/ROOT/pages/overview/apoc.algo/index.adoc
309,/home/runner/work/neo4j-apoc-procedures/neo4j-apoc-procedures/docs/asciidoc/modules/ROOT/images/apoc.refactor.invert.dataset.png
310,/home/runner/work/neo4j-apoc-procedures/neo4j-apoc-procedures/docs/asciidoc/modules/ROOT/pages/overview/apoc.any/index.adoc
311,/home/runner/work/neo4j-apoc-procedures/neo4j-apoc-procedures/docs/asciidoc/modules/ROOT/images/apoc.create.vRelationshipAndvNode.png
312,/home/runner/work/neo4j-apoc-procedures/neo4j-apoc-procedures/docs/asciidoc/modules/ROOT/images/apoc.create.vPatternLabels.png
313,/home/runner/work/neo4j-apoc-procedures/neo4j-apoc-procedures/docs/asciidoc/modules/ROOT/images/apoc-manual-indexes-relationship.png
314,/home/runner/work/neo4j-apoc-procedures/neo4j-apoc-procedures/docs/asciidoc/modules/ROOT/images/apoc.generate.er.png
315,/home/runner/work/neo4j-apoc-procedures/neo4j-apoc-procedures/docs/asciidoc/modules/ROOT/images/grouping-country-filter.jpg
316,/home/runner/work/neo4j-apoc-procedures/neo4j-apoc-procedures/docs/asciidoc/modules/ROOT/images/apoc.systemdb.graph.svg
317,/home/runner/work/neo4j-apoc-procedures/neo4j-apoc-procedures/docs/asciidoc/modules/ROOT/images/apoc.refactor.cloneSubgraph-before.png
318,/home/runner/work/neo4j-apoc-procedures/neo4j-apoc-procedures/docs/asciidoc/modules/ROOT/images/apoc.refactor.categorize.png
319,/home/runner/work/neo4j-apoc-procedures/neo4j-apoc-procedures/docs/asciidoc/modules/ROOT/images/apoc.nodes.collapse_3.png
320,/home/runner/work/neo4j-apoc-procedures/neo4j-apoc-procedures/docs/asciidoc/modules/ROOT/images/apoc.nodes.collapse_1.png
321,/home/runner/work/neo4j-apoc-procedures/neo4j-apoc-procedures/docs/asciidoc/modules/ROOT/images/apoc.load.xmlSimple.ex1.png
322,/home/runner/work/neo4j-apoc-procedures/neo4j-apoc-procedures/docs/asciidoc/modules/ROOT/images/apoc.load.xls_3.png
323,/home/runner/work/neo4j-apoc-procedures/neo4j-apoc-procedures/docs/asciidoc/modules/ROOT/images/apoc.graph.fromDocument_1.png
324,/home/runner/work/neo4j-apoc-procedures/neo4j-apoc-procedures/docs/asciidoc/modules/ROOT/images/apoc.load.xls_2.png
325,/home/runner/work/neo4j-apoc-procedures/neo4j-apoc-procedures/docs/asciidoc/modules/ROOT/images/apoc.load.xls_1.png
326,/home/runner/work/neo4j-apoc-procedures/neo4j-apoc-procedures/docs/asciidoc/modules/ROOT/images/play-movies.png
327,/home/runner/work/neo4j-apoc-procedures/neo4j-apoc-procedures/docs/asciidoc/modules/ROOT/images/apoc.import.graphml.simple.png
328,/home/runner/work/neo4j-apoc-procedures/neo4j-apoc-procedures/docs/asciidoc/modules/ROOT/pages/export/cypher.adoc
329,/home/runner/work/neo4j-apoc-procedures/neo4j-apoc-procedures/docs/asciidoc/modules/ROOT/pages/graph-querying/expand-paths-config.adoc
330,/home/runner/work/neo4j-apoc-procedures/neo4j-apoc-procedures/docs/asciidoc/modules/ROOT/images/apoc.graph.fromDocument_with_relMapping.png
331,/home/runner/work/neo4j-apoc-procedures/neo4j-apoc-procedures/docs/asciidoc/modules/ROOT/pages/overview/apoc.algo/apoc.algo.aStarConfig.adoc
332,/home/runner/work/neo4j-apoc-procedures/neo4j-apoc-procedures/docs/asciidoc/modules/ROOT/images/apoc.refactor.invert.png
333,/home/runner/work/neo4j-apoc-procedures/neo4j-apoc-procedures/docs/asciidoc/modules/ROOT/examples/generated-documentation/apoc.nodes.link.adoc
334,/home/runner/work/neo4j-apoc-procedures/neo4j-apoc-procedures/docs/asciidoc/modules/ROOT/examples/generated-documentation/apoc.nodes.cycles.adoc
335,/home/runner/work/neo4j-apoc-procedures/neo4j-apoc-procedures/docs/asciidoc/modules/ROOT/examples/generated-documentation/apoc.schema.relationship-lite.csv
336,/home/runner/work/neo4j-apoc-procedures/neo4j-apoc-procedures/docs/asciidoc/modules/ROOT/examples/generated-documentation/apoc.schema.relationship.constraintExists.adoc
337,/home/runner/work/neo4j-apoc-procedures/neo4j-apoc-procedures/docs/asciidoc/modules/ROOT/examples/generated-documentation/apoc.schema.relationship.csv
338,/home/runner/work/neo4j-apoc-procedures/neo4j-apoc-procedures/docs/asciidoc/modules/ROOT/examples/generated-documentation/apoc.schema.relationships-lite.csv
339,/home/runner/work/neo4j-apoc-procedures/neo4j-apoc-procedures/docs/asciidoc/modules/ROOT/examples/generated-documentation/apoc.schema-lite.csv
340,/home/runner/work/neo4j-apoc-procedures/neo4j-apoc-procedures/docs/asciidoc/modules/ROOT/examples/generated-documentation/apoc.schema.node.constraintExists.adoc
341,/home/runner/work/neo4j-apoc-procedures/neo4j-apoc-procedures/docs/asciidoc/modules/ROOT/examples/generated-documentation/apoc.schema.node.indexExists.adoc
342,/home/runner/work/neo4j-apoc-procedures/neo4j-apoc-procedures/docs/asciidoc/modules/ROOT/pages/overview/apoc.export/apoc.export.cypher.graph.adoc
343,/home/runner/work/neo4j-apoc-procedures/neo4j-apoc-procedures/docs/asciidoc/modules/ROOT/pages/overview/apoc.schema/apoc.schema.relationships.adoc
344,/home/runner/work/neo4j-apoc-procedures/neo4j-apoc-procedures/docs/asciidoc/modules/ROOT/pages/overview/apoc.systemdb/apoc.systemdb.export.metadata.adoc
345,/home/runner/work/neo4j-apoc-procedures/neo4j-apoc-procedures/docs/asciidoc/modules/ROOT/pages/overview/apoc.nodes/apoc.nodes.group.adoc
346,/home/runner/work/neo4j-apoc-procedures/neo4j-apoc-procedures/extra-dependencies/redis/gradle/wrapper/gradle-wrapper.jar
347,/home/runner/work/neo4j-apoc-procedures/neo4j-apoc-procedures/extra-dependencies/mongodb/gradle/wrapper/gradle-wrapper.jar
348,/home/runner/work/neo4j-apoc-procedures/neo4j-apoc-procedures/docs/images/apoc.load.xmlSimple.ex1.png
349,/home/runner/work/neo4j-apoc-procedures/neo4j-apoc-procedures/docs/images/apoc.nodes.collapse_1.png
350,/home/runner/work/neo4j-apoc-procedures/neo4j-apoc-procedures/docs/images/apoc.nodes.collapse_3.png
351,/home/runner/work/neo4j-apoc-procedures/neo4j-apoc-procedures/docs/images/apoc.refactor.categorize.png
352,/home/runner/work/neo4j-apoc-procedures/neo4j-apoc-procedures/docs/images/apoc.refactor.cloneNodesWithRelationships.dataset.png
353,/home/runner/work/neo4j-apoc-procedures/neo4j-apoc-procedures/docs/images/apoc.refactor.cloneNodesWithRelationships.png
354,/home/runner/work/neo4j-apoc-procedures/neo4j-apoc-procedures/docs/images/apoc.uuid.result.png
355,/home/runner/work/neo4j-apoc-procedures/neo4j-apoc-procedures/docs/images/grouping-country-filter.jpg
356,/home/runner/work/neo4j-apoc-procedures/neo4j-apoc-procedures/docs/images/play-movies.png
357,/home/runner/work/neo4j-apoc-procedures/neo4j-apoc-procedures/extra-dependencies/hadoop/gradle/wrapper/gradle-wrapper.jar
358,/home/runner/work/neo4j-apoc-procedures/neo4j-apoc-procedures/extra-dependencies/bolt/gradle/wrapper/gradle-wrapper.jar
359,/home/runner/work/neo4j-apoc-procedures/neo4j-apoc-procedures/extra-dependencies/couchbase/gradle/wrapper/gradle-wrapper.jar
360,/home/runner/work/neo4j-apoc-procedures/neo4j-apoc-procedures/extra-dependencies/gradle/wrapper/gradle-wrapper.jar
361,/home/runner/work/neo4j-apoc-procedures/neo4j-apoc-procedures/full/hadoop/hdfs/data/data1/current/BP-1104741559-10.1.1.115-1678919960371/scanner.cursor.tmp
362,/home/runner/work/neo4j-apoc-procedures/neo4j-apoc-procedures/docs/asciidoc/modules/ROOT/examples/generated-documentation/apoc.load.arrow-lite.csv
363,/home/runner/work/neo4j-apoc-procedures/neo4j-apoc-procedures/docs/asciidoc/modules/ROOT/examples/generated-documentation/apoc.merge.relationshipWithStats-lite.csv
364,/home/runner/work/neo4j-apoc-procedures/neo4j-apoc-procedures/docs/asciidoc/modules/ROOT/examples/generated-documentation/apoc.merge.nodeWithStats-lite.csv
365,/home/runner/work/neo4j-apoc-procedures/neo4j-apoc-procedures/docs/images/apoc.load.xls_3.png
366,/home/runner/work/neo4j-apoc-procedures/neo4j-apoc-procedures/docs/images/apoc.load.xls_1.png
367,/home/runner/work/neo4j-apoc-procedures/neo4j-apoc-procedures/docs/images/apoc.create.vRelationshipAndvNode.png
368,/home/runner/work/neo4j-apoc-procedures/neo4j-apoc-procedures/docs/images/apoc.create.vPatternLabels.png
369,/home/runner/work/neo4j-apoc-procedures/neo4j-apoc-procedures/docs/asciidoc/modules/ROOT/pages/overview/apoc.util/apoc.util.sha256.adoc
370,/home/runner/work/neo4j-apoc-procedures/neo4j-apoc-procedures/docs/asciidoc/modules/ROOT/pages/overview/apoc.trigger/index.adoc
371,/home/runner/work/neo4j-apoc-procedures/neo4j-apoc-procedures/core/target/00c6671e-5b07-414d-8231-c383e973df5d/data/databases/neo4j/neostore.indexstats.db
372,/home/runner/work/neo4j-apoc-procedures/neo4j-apoc-procedures/core/target/00c6671e-5b07-414d-8231-c383e973df5d/data/databases/neo4j/neostore.relationshipgroupstore.degrees.db
373,/home/runner/work/neo4j-apoc-procedures/neo4j-apoc-procedures/core/target/00c6671e-5b07-414d-8231-c383e973df5d/data/databases/neo4j/neostore.counts.db
374,/home/runner/work/neo4j-apoc-procedures/neo4j-apoc-procedures/core/target/00c6671e-5b07-414d-8231-c383e973df5d/data/databases/system/neostore.indexstats.db
376,/home/runner/work/neo4j-apoc-procedures/neo4j-apoc-procedures/core/target/00c6671e-5b07-414d-8231-c383e973df5d/data/databases/system/neostore.relationshipgroupstore.degrees.db
377,/home/runner/work/neo4j-apoc-procedures/neo4j-apoc-procedures/core/target/00c6671e-5b07-414d-8231-c383e973df5d/data/databases/system/neostore.counts.db
378,/home/runner/work/neo4j-apoc-procedures/neo4j-apoc-procedures/docs/asciidoc/modules/ROOT/partials/usage/apoc.path.expandConfig.adoc
379,/home/runner/work/neo4j-apoc-procedures/neo4j-apoc-procedures/docs/gradle/wrapper/gradle-wrapper.jar
380,/home/runner/work/neo4j-apoc-procedures/neo4j-apoc-procedures/docs/images/apoc-manual-indexes-relationship.png
381,/home/runner/work/neo4j-apoc-procedures/neo4j-apoc-procedures/docs/images/apoc.create.vPatternFull.png
382,/home/runner/work/neo4j-apoc-procedures/neo4j-apoc-procedures/docs/asciidoc/modules/ROOT/pages/overview/apoc.create/index.adoc
383,/home/runner/work/neo4j-apoc-procedures/neo4j-apoc-procedures/docs/asciidoc/modules/ROOT/pages/overview/apoc.cypher/apoc.cypher.mapParallel.adoc
384,/home/runner/work/neo4j-apoc-procedures/neo4j-apoc-procedures/docs/asciidoc/modules/ROOT/pages/overview/apoc.cypher/apoc.cypher.mapParallel2.adoc
385,/home/runner/work/neo4j-apoc-procedures/neo4j-apoc-procedures/docs/asciidoc/modules/ROOT/pages/overview/apoc.cypher/apoc.cypher.parallel.adoc
386,/home/runner/work/neo4j-apoc-procedures/neo4j-apoc-procedures/docs/asciidoc/modules/ROOT/pages/overview/apoc.cypher/apoc.cypher.parallel2.adoc
387,/home/runner/work/neo4j-apoc-procedures/neo4j-apoc-procedures/docs/asciidoc/modules/ROOT/pages/overview/apoc.create/apoc.create.clonePathToVirtual.adoc
388,/home/runner/work/neo4j-apoc-procedures/neo4j-apoc-procedures/docs/asciidoc/modules/ROOT/pages/overview/apoc.create/apoc.create.clonePathsToVirtual.adoc
389,/home/runner/work/neo4j-apoc-procedures/neo4j-apoc-procedures/docs/asciidoc/modules/ROOT/pages/overview/apoc.export/apoc.export.csv.data.adoc
390,/home/runner/work/neo4j-apoc-procedures/neo4j-apoc-procedures/docs/asciidoc/modules/ROOT/pages/overview/apoc.export/apoc.export.csv.graph.adoc
391,/home/runner/work/neo4j-apoc-procedures/neo4j-apoc-procedures/docs/asciidoc/modules/ROOT/pages/overview/apoc.export/apoc.export.csv.query.adoc
392,/home/runner/work/neo4j-apoc-procedures/neo4j-apoc-procedures/docs/asciidoc/modules/ROOT/pages/overview/apoc.convert/apoc.convert.fromJsonMap.adoc
393,/home/runner/work/neo4j-apoc-procedures/neo4j-apoc-procedures/docs/asciidoc/modules/ROOT/pages/overview/apoc.convert/apoc.convert.getJsonProperty.adoc
394,/home/runner/work/neo4j-apoc-procedures/neo4j-apoc-procedures/docs/asciidoc/modules/ROOT/pages/overview/apoc.convert/apoc.convert.getJsonPropertyMap.adoc
395,/home/runner/work/neo4j-apoc-procedures/neo4j-apoc-procedures/docs/asciidoc/modules/ROOT/pages/overview/apoc.export/apoc.export.cypher.all.adoc
396,/home/runner/work/neo4j-apoc-procedures/neo4j-apoc-procedures/docs/asciidoc/modules/ROOT/pages/overview/apoc.export/apoc.export.cypher.data.adoc
397,/home/runner/work/neo4j-apoc-procedures/neo4j-apoc-procedures/docs/asciidoc/modules/ROOT/pages/overview/apoc.math/apoc.math.sinh.adoc
398,/home/runner/work/neo4j-apoc-procedures/neo4j-apoc-procedures/docs/asciidoc/modules/ROOT/pages/overview/apoc.math/apoc.math.tanh.adoc
399,/home/runner/work/neo4j-apoc-procedures/neo4j-apoc-procedures/docs/asciidoc/modules/ROOT/pages/overview/apoc.math/index.adoc
400,/home/runner/work/neo4j-apoc-procedures/neo4j-apoc-procedures/docs/asciidoc/modules/ROOT/pages/overview/apoc.math/apoc.math.sigmoidPrime.adoc
401,/home/runner/work/neo4j-apoc-procedures/neo4j-apoc-procedures/docs/asciidoc/modules/ROOT/pages/overview/apoc.math/apoc.math.sigmoid.adoc
402,/home/runner/work/neo4j-apoc-procedures/neo4j-apoc-procedures/docs/asciidoc/modules/ROOT/pages/overview/apoc.math/apoc.math.sech.adoc
403,/home/runner/work/neo4j-apoc-procedures/neo4j-apoc-procedures/docs/asciidoc/modules/ROOT/pages/overview/apoc.math/apoc.math.csch.adoc
404,/home/runner/work/neo4j-apoc-procedures/neo4j-apoc-procedures/docs/asciidoc/modules/ROOT/pages/overview/apoc.math/apoc.math.coth.adoc
405,/home/runner/work/neo4j-apoc-procedures/neo4j-apoc-procedures/docs/asciidoc/modules/ROOT/pages/overview/apoc.math/apoc.math.round.adoc
406,/home/runner/work/neo4j-apoc-procedures/neo4j-apoc-procedures/docs/asciidoc/modules/ROOT/pages/overview/apoc.export/apoc.export.cypher.query.adoc
407,/home/runner/work/neo4j-apoc-procedures/neo4j-apoc-procedures/docs/asciidoc/modules/ROOT/pages/overview/apoc.graph/apoc.graph.fromDocument.adoc
408,/home/runner/work/neo4j-apoc-procedures/neo4j-apoc-procedures/docs/asciidoc/modules/ROOT/pages/overview/apoc.graph/apoc.graph.fromPath.adoc
409,/home/runner/work/neo4j-apoc-procedures/neo4j-apoc-procedures/docs/asciidoc/modules/ROOT/pages/overview/apoc.graph/apoc.graph.fromPaths.adoc
410,/home/runner/work/neo4j-apoc-procedures/neo4j-apoc-procedures/docs/asciidoc/modules/ROOT/pages/overview/apoc.graph/apoc.graph.validateDocument.adoc
411,/home/runner/work/neo4j-apoc-procedures/neo4j-apoc-procedures/docs/asciidoc/modules/ROOT/pages/overview/apoc.import/apoc.import.graphml.adoc
412,/home/runner/work/neo4j-apoc-procedures/neo4j-apoc-procedures/docs/asciidoc/modules/ROOT/pages/overview/apoc.import/apoc.import.json.adoc
413,/home/runner/work/neo4j-apoc-procedures/neo4j-apoc-procedures/docs/asciidoc/modules/ROOT/pages/overview/apoc.export/apoc.export.graphml.query.adoc
414,/home/runner/work/neo4j-apoc-procedures/neo4j-apoc-procedures/docs/asciidoc/modules/ROOT/pages/overview/apoc.export/apoc.export.cypher.schema.adoc
415,/home/runner/work/neo4j-apoc-procedures/neo4j-apoc-procedures/docs/asciidoc/modules/ROOT/pages/overview/apoc.export/apoc.export.cypherAll.adoc
416,/home/runner/work/neo4j-apoc-procedures/neo4j-apoc-procedures/docs/asciidoc/modules/ROOT/pages/overview/apoc.export/apoc.export.cypherData.adoc
417,/home/runner/work/neo4j-apoc-procedures/neo4j-apoc-procedures/docs/asciidoc/modules/ROOT/pages/overview/apoc.export/apoc.export.cypherGraph.adoc
418,/home/runner/work/neo4j-apoc-procedures/neo4j-apoc-procedures/docs/asciidoc/modules/ROOT/pages/overview/apoc.export/apoc.export.cypherQuery.adoc
419,/home/runner/work/neo4j-apoc-procedures/neo4j-apoc-procedures/docs/asciidoc/modules/ROOT/pages/overview/apoc.export/apoc.export.graphml.all.adoc
420,/home/runner/work/neo4j-apoc-procedures/neo4j-apoc-procedures/docs/asciidoc/modules/ROOT/pages/overview/apoc.export/apoc.export.graphml.data.adoc
421,/home/runner/work/neo4j-apoc-procedures/neo4j-apoc-procedures/docs/asciidoc/modules/ROOT/pages/overview/apoc.export/apoc.export.graphml.graph.adoc
422,/home/runner/work/neo4j-apoc-procedures/neo4j-apoc-procedures/docs/asciidoc/modules/ROOT/pages/overview/apoc.export/apoc.export.json.all.adoc
423,/home/runner/work/neo4j-apoc-procedures/neo4j-apoc-procedures/docs/asciidoc/modules/ROOT/pages/overview/apoc.export/apoc.export.json.data.adoc
424,/home/runner/work/neo4j-apoc-procedures/neo4j-apoc-procedures/docs/asciidoc/modules/ROOT/pages/overview/apoc.export/apoc.export.json.graph.adoc
425,/home/runner/work/neo4j-apoc-procedures/neo4j-apoc-procedures/docs/asciidoc/modules/ROOT/pages/overview/apoc.export/apoc.export.json.query.adoc
426,/home/runner/work/neo4j-apoc-procedures/neo4j-apoc-procedures/docs/asciidoc/modules/ROOT/pages/overview/apoc.export/apoc.export.xls.all.adoc
427,/home/runner/work/neo4j-apoc-procedures/neo4j-apoc-procedures/docs/asciidoc/modules/ROOT/pages/overview/apoc.export/apoc.export.xls.data.adoc
428,/home/runner/work/neo4j-apoc-procedures/neo4j-apoc-procedures/docs/asciidoc/modules/ROOT/pages/overview/apoc.export/apoc.export.xls.graph.adoc
429,/home/runner/work/neo4j-apoc-procedures/neo4j-apoc-procedures/docs/asciidoc/modules/ROOT/pages/overview/apoc.export/apoc.export.xls.query.adoc
430,/home/runner/work/neo4j-apoc-procedures/neo4j-apoc-procedures/docs/asciidoc/modules/ROOT/pages/overview/apoc.export/index.adoc
431,/home/runner/work/neo4j-apoc-procedures/neo4j-apoc-procedures/docs/asciidoc/modules/ROOT/pages/overview/apoc.load/index.adoc
432,/home/runner/work/neo4j-apoc-procedures/neo4j-apoc-procedures/docs/asciidoc/modules/ROOT/examples/generated-documentation/apoc.export.csv.graph-lite.csv
433,/home/runner/work/neo4j-apoc-procedures/neo4j-apoc-procedures/docs/asciidoc/modules/ROOT/examples/generated-documentation/apoc.export.csv.all-lite.csv
434,/home/runner/work/neo4j-apoc-procedures/neo4j-apoc-procedures/docs/asciidoc/modules/ROOT/examples/generated-documentation/apoc.export.csv.data-lite.csv
435,/home/runner/work/neo4j-apoc-procedures/neo4j-apoc-procedures/docs/asciidoc/modules/ROOT/examples/generated-documentation/apoc.algo.csv
436,/home/runner/work/neo4j-apoc-procedures/neo4j-apoc-procedures/docs/asciidoc/modules/ROOT/examples/generated-documentation/apoc.export.csv-lite.csv
437,/home/runner/work/neo4j-apoc-procedures/neo4j-apoc-procedures/docs/asciidoc/modules/ROOT/examples/generated-documentation/apoc.export-lite.csv
438,/home/runner/work/neo4j-apoc-procedures/neo4j-apoc-procedures/docs/asciidoc/modules/ROOT/examples/generated-documentation/apoc.any.csv
439,/home/runner/work/neo4j-apoc-procedures/neo4j-apoc-procedures/docs/asciidoc/modules/ROOT/examples/generated-documentation/apoc.any-lite.csv
440,/home/runner/work/neo4j-apoc-procedures/neo4j-apoc-procedures/docs/asciidoc/modules/ROOT/examples/generated-documentation/apoc.example-lite.csv
441,/home/runner/work/neo4j-apoc-procedures/neo4j-apoc-procedures/docs/asciidoc/modules/ROOT/examples/generated-documentation/apoc.example.movies-lite.csv
446,/home/runner/work/neo4j-apoc-procedures/neo4j-apoc-procedures/docs/asciidoc/modules/ROOT/examples/generated-documentation/apoc.dv.catalog.add.adoc
447,/home/runner/work/neo4j-apoc-procedures/neo4j-apoc-procedures/docs/asciidoc/modules/ROOT/examples/generated-documentation/apoc.dv.catalog.list.adoc
448,/home/runner/work/neo4j-apoc-procedures/neo4j-apoc-procedures/docs/asciidoc/modules/ROOT/examples/generated-documentation/apoc.dv.catalog.remove.adoc
449,/home/runner/work/neo4j-apoc-procedures/neo4j-apoc-procedures/docs/asciidoc/modules/ROOT/examples/generated-documentation/apoc.dv.query.adoc
450,/home/runner/work/neo4j-apoc-procedures/neo4j-apoc-procedures/docs/asciidoc/modules/ROOT/examples/generated-documentation/apoc.dv.queryAndLink.adoc
451,/home/runner/work/neo4j-apoc-procedures/neo4j-apoc-procedures/docs/asciidoc/modules/ROOT/examples/generated-documentation/apoc.algo.aStarConfig.adoc
452,/home/runner/work/neo4j-apoc-procedures/neo4j-apoc-procedures/docs/asciidoc/modules/ROOT/examples/generated-documentation/apoc.gephi-lite.csv
453,/home/runner/work/neo4j-apoc-procedures/neo4j-apoc-procedures/docs/asciidoc/modules/ROOT/examples/generated-documentation/apoc.gephi.add-lite.csv
454,/home/runner/work/neo4j-apoc-procedures/neo4j-apoc-procedures/docs/asciidoc/modules/ROOT/examples/generated-documentation/apoc.export.json.query-lite.csv
455,/home/runner/work/neo4j-apoc-procedures/neo4j-apoc-procedures/docs/asciidoc/modules/ROOT/examples/generated-documentation/apoc.export.xls-lite.csv
456,/home/runner/work/neo4j-apoc-procedures/neo4j-apoc-procedures/docs/asciidoc/modules/ROOT/examples/generated-documentation/apoc.export.xls.all-lite.csv
457,/home/runner/work/neo4j-apoc-procedures/neo4j-apoc-procedures/docs/asciidoc/modules/ROOT/examples/generated-documentation/apoc.export.xls.data-lite.csv
458,/home/runner/work/neo4j-apoc-procedures/neo4j-apoc-procedures/docs/asciidoc/modules/ROOT/examples/generated-documentation/apoc.export.xls.graph-lite.csv
459,/home/runner/work/neo4j-apoc-procedures/neo4j-apoc-procedures/docs/asciidoc/modules/ROOT/examples/generated-documentation/apoc.export.xls.query-lite.csv
461,/home/runner/work/neo4j-apoc-procedures/neo4j-apoc-procedures/docs/asciidoc/modules/ROOT/examples/generated-documentation/apoc.graph.fromPath.adoc
462,/home/runner/work/neo4j-apoc-procedures/neo4j-apoc-procedures/docs/asciidoc/modules/ROOT/examples/generated-documentation/apoc.graph.csv
463,/home/runner/work/neo4j-apoc-procedures/neo4j-apoc-procedures/docs/asciidoc/modules/ROOT/examples/generated-documentation/apoc.export.json.graph-lite.csv
464,/home/runner/work/neo4j-apoc-procedures/neo4j-apoc-procedures/docs/asciidoc/modules/ROOT/examples/generated-documentation/apoc.export.json.data-lite.csv
465,/home/runner/work/neo4j-apoc-procedures/neo4j-apoc-procedures/docs/asciidoc/modules/ROOT/examples/generated-documentation/apoc.export.cypher.query-lite.csv
466,/home/runner/work/neo4j-apoc-procedures/neo4j-apoc-procedures/docs/asciidoc/modules/ROOT/examples/generated-documentation/apoc.export.cypher.schema-lite.csv
467,/home/runner/work/neo4j-apoc-procedures/neo4j-apoc-procedures/docs/asciidoc/modules/ROOT/examples/generated-documentation/apoc.export.cypherAll-lite.csv
468,/home/runner/work/neo4j-apoc-procedures/neo4j-apoc-procedures/docs/asciidoc/modules/ROOT/examples/generated-documentation/apoc.export.cypher.graph-lite.csv
469,/home/runner/work/neo4j-apoc-procedures/neo4j-apoc-procedures/docs/asciidoc/modules/ROOT/examples/generated-documentation/apoc.export.csv.query-lite.csv
470,/home/runner/work/neo4j-apoc-procedures/neo4j-apoc-procedures/docs/asciidoc/modules/ROOT/examples/generated-documentation/apoc.export.cypher-lite.csv
471,/home/runner/work/neo4j-apoc-procedures/neo4j-apoc-procedures/docs/asciidoc/modules/ROOT/examples/generated-documentation/apoc.export.cypher.all-lite.csv
472,/home/runner/work/neo4j-apoc-procedures/neo4j-apoc-procedures/docs/asciidoc/modules/ROOT/examples/generated-documentation/apoc.algo-lite.csv
473,/home/runner/work/neo4j-apoc-procedures/neo4j-apoc-procedures/docs/asciidoc/modules/ROOT/examples/generated-documentation/apoc.export.cypher.data-lite.csv
474,/home/runner/work/neo4j-apoc-procedures/neo4j-apoc-procedures/docs/asciidoc/modules/ROOT/examples/generated-documentation/apoc.export.graphml.all-lite.csv
475,/home/runner/work/neo4j-apoc-procedures/neo4j-apoc-procedures/docs/asciidoc/modules/ROOT/examples/generated-documentation/apoc.export.graphml.data-lite.csv
476,/home/runner/work/neo4j-apoc-procedures/neo4j-apoc-procedures/docs/asciidoc/modules/ROOT/examples/generated-documentation/apoc.export.graphml.graph-lite.csv
477,/home/runner/work/neo4j-apoc-procedures/neo4j-apoc-procedures/docs/asciidoc/modules/ROOT/examples/generated-documentation/apoc.export.graphml.query-lite.csv
478,/home/runner/work/neo4j-apoc-procedures/neo4j-apoc-procedures/docs/asciidoc/modules/ROOT/examples/generated-documentation/apoc.export.json-lite.csv
479,/home/runner/work/neo4j-apoc-procedures/neo4j-apoc-procedures/docs/asciidoc/modules/ROOT/examples/generated-documentation/apoc.export.json.all-lite.csv
480,/home/runner/work/neo4j-apoc-procedures/neo4j-apoc-procedures/docs/asciidoc/modules/ROOT/examples/generated-documentation/apoc.export.graphml-lite.csv
481,/home/runner/work/neo4j-apoc-procedures/neo4j-apoc-procedures/docs/asciidoc/modules/ROOT/examples/generated-documentation/apoc.export.cypherQuery-lite.csv
482,/home/runner/work/neo4j-apoc-procedures/neo4j-apoc-procedures/docs/asciidoc/modules/ROOT/examples/generated-documentation/apoc.export.cypherData-lite.csv
483,/home/runner/work/neo4j-apoc-procedures/neo4j-apoc-procedures/docs/asciidoc/modules/ROOT/examples/generated-documentation/apoc.export.cypherGraph-lite.csv
484,/home/runner/work/neo4j-apoc-procedures/neo4j-apoc-procedures/docs/asciidoc/modules/ROOT/examples/generated-documentation/apoc.import-lite.csv
485,/home/runner/work/neo4j-apoc-procedures/neo4j-apoc-procedures/docs/asciidoc/modules/ROOT/examples/generated-documentation/apoc.couchbase.prepend.adoc
487,/home/runner/work/neo4j-apoc-procedures/neo4j-apoc-procedures/docs/asciidoc/modules/ROOT/examples/generated-documentation/apoc.couchbase.append.adoc
488,/home/runner/work/neo4j-apoc-procedures/neo4j-apoc-procedures/docs/asciidoc/modules/ROOT/examples/generated-documentation/apoc.create-lite.csv
489,/home/runner/work/neo4j-apoc-procedures/neo4j-apoc-procedures/docs/asciidoc/modules/ROOT/examples/generated-documentation/apoc.create.clonePathToVirtual.adoc
490,/home/runner/work/neo4j-apoc-procedures/neo4j-apoc-procedures/docs/asciidoc/modules/ROOT/examples/generated-documentation/apoc.create.clonePathsToVirtual.adoc
491,/home/runner/work/neo4j-apoc-procedures/neo4j-apoc-procedures/docs/asciidoc/modules/ROOT/examples/generated-documentation/apoc.create.csv
492,/home/runner/work/neo4j-apoc-procedures/neo4j-apoc-procedures/docs/asciidoc/modules/ROOT/examples/generated-documentation/apoc.convert.getJsonProperty.adoc
493,/home/runner/work/neo4j-apoc-procedures/neo4j-apoc-procedures/docs/asciidoc/modules/ROOT/examples/generated-documentation/apoc.convert.getJsonPropertyMap.adoc
494,/home/runner/work/neo4j-apoc-procedures/neo4j-apoc-procedures/docs/asciidoc/modules/ROOT/examples/generated-documentation/apoc.convert.fromJsonMap.adoc
495,/home/runner/work/neo4j-apoc-procedures/neo4j-apoc-procedures/docs/asciidoc/modules/ROOT/examples/generated-documentation/apoc.convert.fromJsonList.adoc
496,/home/runner/work/neo4j-apoc-procedures/neo4j-apoc-procedures/docs/asciidoc/modules/ROOT/examples/generated-documentation/apoc.convert.csv
498,/home/runner/work/neo4j-apoc-procedures/neo4j-apoc-procedures/docs/asciidoc/modules/ROOT/examples/generated-documentation/apoc.convert.toJson.adoc
499,/home/runner/work/neo4j-apoc-procedures/neo4j-apoc-procedures/docs/asciidoc/modules/ROOT/examples/generated-documentation/apoc.cypher.runManyReadOnly.adoc
502,/home/runner/work/neo4j-apoc-procedures/neo4j-apoc-procedures/docs/asciidoc/modules/ROOT/examples/generated-documentation/apoc.create.uuidBase64.adoc
503,/home/runner/work/neo4j-apoc-procedures/neo4j-apoc-procedures/docs/asciidoc/modules/ROOT/examples/generated-documentation/apoc.create.uuidBase64ToHex.adoc
504,/home/runner/work/neo4j-apoc-procedures/neo4j-apoc-procedures/docs/asciidoc/modules/ROOT/examples/generated-documentation/apoc.create.uuidHexToBase64.adoc
505,/home/runner/work/neo4j-apoc-procedures/neo4j-apoc-procedures/docs/asciidoc/modules/ROOT/examples/generated-documentation/apoc.cypher.parallel.adoc
506,/home/runner/work/neo4j-apoc-procedures/neo4j-apoc-procedures/docs/asciidoc/modules/ROOT/examples/generated-documentation/apoc.cypher.parallel2.adoc
507,/home/runner/work/neo4j-apoc-procedures/neo4j-apoc-procedures/docs/asciidoc/modules/ROOT/examples/generated-documentation/apoc.cypher.csv
510,/home/runner/work/neo4j-apoc-procedures/neo4j-apoc-procedures/full/hadoop/hdfs/name-0-2/in_use.lock
512,/home/runner/work/neo4j-apoc-procedures/neo4j-apoc-procedures/docs/asciidoc/modules/ROOT/examples/generated-documentation/apoc.meta.stats.adoc
513,/home/runner/work/neo4j-apoc-procedures/neo4j-apoc-procedures/full/hadoop/hdfs/data/data1/current/BP-1909956429-10.1.1.115-1678919773129/scanner.cursor.tmp
514,/home/runner/work/neo4j-apoc-procedures/neo4j-apoc-procedures/docs/asciidoc/modules/ROOT/examples/generated-documentation/apoc.meta-lite.csv
515,/home/runner/work/neo4j-apoc-procedures/neo4j-apoc-procedures/docs/asciidoc/modules/ROOT/examples/generated-documentation/apoc.meta.nodes.count.adoc
516,/home/runner/work/neo4j-apoc-procedures/neo4j-apoc-procedures/docs/asciidoc/modules/ROOT/examples/generated-documentation/apoc.map.unflatten.adoc
517,/home/runner/work/neo4j-apoc-procedures/neo4j-apoc-procedures/docs/asciidoc/modules/ROOT/examples/generated-documentation/apoc.merge.node.adoc
518,/home/runner/work/neo4j-apoc-procedures/neo4j-apoc-procedures/docs/asciidoc/modules/ROOT/examples/generated-documentation/apoc.import.csv
519,/home/runner/work/neo4j-apoc-procedures/neo4j-apoc-procedures/docs/asciidoc/modules/ROOT/examples/generated-documentation/apoc.math.csv
520,/home/runner/work/neo4j-apoc-procedures/neo4j-apoc-procedures/docs/asciidoc/modules/ROOT/examples/generated-documentation/apoc.merge.csv
521,/home/runner/work/neo4j-apoc-procedures/neo4j-apoc-procedures/docs/asciidoc/modules/ROOT/examples/generated-documentation/apoc.merge-lite.csv
522,/home/runner/work/neo4j-apoc-procedures/neo4j-apoc-procedures/docs/asciidoc/modules/ROOT/examples/generated-documentation/apoc.math.round.adoc
523,/home/runner/work/neo4j-apoc-procedures/neo4j-apoc-procedures/full/hadoop/hdfs/data/data1/in_use.lock
525,/home/runner/work/neo4j-apoc-procedures/neo4j-apoc-procedures/docs/asciidoc/modules/ROOT/examples/generated-documentation/apoc.load.json.adoc
529,/home/runner/work/neo4j-apoc-procedures/neo4j-apoc-procedures/docs/asciidoc/modules/ROOT/examples/generated-documentation/apoc.json.csv
530,/home/runner/work/neo4j-apoc-procedures/neo4j-apoc-procedures/docs/asciidoc/modules/ROOT/examples/generated-documentation/apoc.import.json.adoc
531,/home/runner/work/neo4j-apoc-procedures/neo4j-apoc-procedures/docs/asciidoc/modules/ROOT/examples/generated-documentation/apoc.import.json-lite.csv
532,/home/runner/work/neo4j-apoc-procedures/neo4j-apoc-procedures/docs/asciidoc/modules/ROOT/examples/generated-documentation/apoc.import.graphml.adoc
533,/home/runner/work/neo4j-apoc-procedures/neo4j-apoc-procedures/docs/asciidoc/modules/ROOT/examples/generated-documentation/apoc.import.graphml-lite.csv
534,/home/runner/work/neo4j-apoc-procedures/neo4j-apoc-procedures/docs/asciidoc/modules/ROOT/examples/generated-documentation/apoc.import.csv-lite.csv
535,/home/runner/work/neo4j-apoc-procedures/neo4j-apoc-procedures/docs/asciidoc/modules/ROOT/examples/generated-documentation/apoc.json.path.adoc
536,/home/runner/work/neo4j-apoc-procedures/neo4j-apoc-procedures/docs/asciidoc/modules/ROOT/examples/generated-documentation/apoc.load.csvParams.adoc
537,/home/runner/work/neo4j-apoc-procedures/neo4j-apoc-procedures/docs/asciidoc/modules/ROOT/examples/generated-documentation/apoc.load.csv.adoc
538,/home/runner/work/neo4j-apoc-procedures/neo4j-apoc-procedures/docs/asciidoc/modules/ROOT/examples/generated-documentation/apoc.load.csv
539,/home/runner/work/neo4j-apoc-procedures/neo4j-apoc-procedures/docs/asciidoc/modules/ROOT/examples/generated-documentation/apoc.load-lite.csv
542,/home/runner/work/neo4j-apoc-procedures/neo4j-apoc-procedures/full/hadoop/hdfs/name-0-1/in_use.lock
543,/home/runner/work/neo4j-apoc-procedures/neo4j-apoc-procedures/docs/asciidoc/modules/ROOT/examples/generated-documentation/apoc.load.jsonParams.adoc
545,/home/runner/work/neo4j-apoc-procedures/neo4j-apoc-procedures/full/build/kotlin/compileTestKotlin/last-build.bin
548,/home/runner/work/neo4j-apoc-procedures/neo4j-apoc-procedures/docs/images/apoc.load.xmlSimple.ex2.png
549,/home/runner/work/neo4j-apoc-procedures/neo4j-apoc-procedures/full/build/kotlin/compileTestKotlin/caches-jvm/lookups/counters.tab
553,/home/runner/work/neo4j-apoc-procedures/neo4j-apoc-procedures/docs/asciidoc/modules/ROOT/pages/overview/apoc.math/apoc.math.cosh.adoc
554,/home/runner/work/neo4j-apoc-procedures/neo4j-apoc-procedures/docs/images/apoc.load.jdbc.neo4j.png
559,/home/runner/work/neo4j-apoc-procedures/neo4j-apoc-procedures/docs/asciidoc/modules/ROOT/partials/usage/apoc.load.xml.adoc
561,/home/runner/work/neo4j-apoc-procedures/neo4j-apoc-procedures/docs/images/apoc.bolt.load.returnvirtualpath.PNG
566,/home/runner/work/neo4j-apoc-procedures/neo4j-apoc-procedures/docs/images/apoc.create.vPatternFullTwo.png
567,/home/runner/work/neo4j-apoc-procedures/neo4j-apoc-procedures/docs/images/apoc.refactor.cloneNodes.png
572,/home/runner/work/neo4j-apoc-procedures/neo4j-apoc-procedures/docs/images/apoc.nodes.collapse_2.png
577,/home/runner/work/neo4j-apoc-procedures/neo4j-apoc-procedures/docs/images/apoc.create.vPattern.png
587,/home/runner/work/neo4j-apoc-procedures/neo4j-apoc-procedures/extra-dependencies/nlp/gradle/wrapper/gradle-wrapper.jar
588,/home/runner/work/neo4j-apoc-procedures/neo4j-apoc-procedures/extra-dependencies/xls/gradle/wrapper/gradle-wrapper.jar
590,/home/runner/work/neo4j-apoc-procedures/neo4j-apoc-procedures/extra-dependencies/email/gradle/wrapper/gradle-wrapper.jar
592,/home/runner/work/neo4j-apoc-procedures/neo4j-apoc-procedures/docs/asciidoc/modules/ROOT/images/apoc.nodes.collapse_2.png
593,/home/runner/work/neo4j-apoc-procedures/neo4j-apoc-procedures/docs/asciidoc/modules/ROOT/images/apoc.load.xmlSimple.ex2.png
597,/home/runner/work/neo4j-apoc-procedures/neo4j-apoc-procedures/docs/asciidoc/modules/ROOT/images/apoc.uuid.result.png
608,/home/runner/work/neo4j-apoc-procedures/neo4j-apoc-procedures/full/build/kotlin/compileKotlin/last-build.bin
610,/home/runner/work/neo4j-apoc-procedures/neo4j-apoc-procedures/full/build/kotlin/compileKotlin/caches-jvm/lookups/counters.tab
631,/home/runner/work/neo4j-apoc-procedures/neo4j-apoc-procedures/docs/asciidoc/modules/ROOT/pages/overview/apoc.convert/apoc.convert.fromJsonList.adoc
632,/home/runner/work/neo4j-apoc-procedures/neo4j-apoc-procedures/docs/asciidoc/modules/ROOT/pages/overview/apoc.example/apoc.example.movies.adoc
633,/home/runner/work/neo4j-apoc-procedures/neo4j-apoc-procedures/docs/asciidoc/modules/ROOT/pages/overview/apoc.gephi/apoc.gephi.add.adoc
634,/home/runner/work/neo4j-apoc-procedures/neo4j-apoc-procedures/docs/asciidoc/modules/ROOT/pages/overview/apoc.graph/apoc.graph.from.adoc
635,/home/runner/work/neo4j-apoc-procedures/neo4j-apoc-procedures/docs/asciidoc/modules/ROOT/pages/overview/apoc.import/apoc.import.csv.adoc
636,/home/runner/work/neo4j-apoc-procedures/neo4j-apoc-procedures/full/build/kotlin/compileTestKotlin/build-history.bin
637,/home/runner/work/neo4j-apoc-procedures/neo4j-apoc-procedures/full/build/kotlin/compileTestKotlin/caches-jvm/inputs/source-to-output.tab.values.at
638,/home/runner/work/neo4j-apoc-procedures/neo4j-apoc-procedures/full/hadoop/hdfs/data/data1/current/BP-1104741559-10.1.1.115-1678919960371/current/rbw/blk_1073741825
639,/home/runner/work/neo4j-apoc-procedures/neo4j-apoc-procedures/full/build/kotlin/compileTestKotlin/caches-jvm/inputs/source-to-output.tab.keystream.len
640,/home/runner/work/neo4j-apoc-procedures/neo4j-apoc-procedures/full/build/kotlin/compileTestKotlin/caches-jvm/inputs/source-to-output.tab_i.len
641,/home/runner/work/neo4j-apoc-procedures/neo4j-apoc-procedures/full/hadoop/hdfs/data/data1/current/BP-1104741559-10.1.1.115-1678919960371/current/rbw/blk_1073741825_1001.meta
642,/home/runner/work/neo4j-apoc-procedures/neo4j-apoc-procedures/full/build/kotlin/compileTestKotlin/caches-jvm/inputs/source-to-output.tab.len
643,/home/runner/work/neo4j-apoc-procedures/neo4j-apoc-procedures/full/build/kotlin/compileTestKotlin/caches-jvm/lookups/id-to-file.tab.values.at
644,/home/runner/work/neo4j-apoc-procedures/neo4j-apoc-procedures/full/build/kotlin/compileTestKotlin/caches-jvm/lookups/id-to-file.tab.keystream.len
645,/home/runner/work/neo4j-apoc-procedures/neo4j-apoc-procedures/full/build/kotlin/compileTestKotlin/caches-jvm/lookups/id-to-file.tab_i.len
646,/home/runner/work/neo4j-apoc-procedures/neo4j-apoc-procedures/full/derbyDB/log/README_DO_NOT_TOUCH_FILES.txt
647,/home/runner/work/neo4j-apoc-procedures/neo4j-apoc-procedures/full/build/kotlin/compileTestKotlin/caches-jvm/lookups/lookups.tab.values.s
648,/home/runner/work/neo4j-apoc-procedures/neo4j-apoc-procedures/full/build/kotlin/compileTestKotlin/caches-jvm/lookups/lookups.tab.values
649,/home/runner/work/neo4j-apoc-procedures/neo4j-apoc-procedures/full/build/kotlin/compileTestKotlin/caches-jvm/lookups/file-to-id.tab.len
650,/home/runner/work/neo4j-apoc-procedures/neo4j-apoc-procedures/full/build/kotlin/compileTestKotlin/caches-jvm/lookups/file-to-id.tab_i.len
651,/home/runner/work/neo4j-apoc-procedures/neo4j-apoc-procedures/full/build/kotlin/compileTestKotlin/caches-jvm/lookups/file-to-id.tab.keystream.len
652,/home/runner/work/neo4j-apoc-procedures/neo4j-apoc-procedures/full/build/kotlin/compileTestKotlin/caches-jvm/lookups/lookups.tab.keystream.len
653,/home/runner/work/neo4j-apoc-procedures/neo4j-apoc-procedures/full/build/kotlin/compileTestKotlin/caches-jvm/lookups/lookups.tab.values.at
654,/home/runner/work/neo4j-apoc-procedures/neo4j-apoc-procedures/full/hadoop/hdfs/data/data1/current/BP-1909956429-10.1.1.115-1678919773129/current/rbw/blk_1073741825_1001.meta
655,/home/runner/work/neo4j-apoc-procedures/neo4j-apoc-procedures/full/hadoop/hdfs/data/data1/current/BP-1909956429-10.1.1.115-1678919773129/current/replicas.tmp
656,/home/runner/work/neo4j-apoc-procedures/neo4j-apoc-procedures/full/hadoop/hdfs/data/data1/current/BP-1909956429-10.1.1.115-1678919773129/current/dfsUsed
657,/home/runner/work/neo4j-apoc-procedures/neo4j-apoc-procedures/full/build/kotlin/compileTestKotlin/caches-jvm/lookups/file-to-id.tab.values.at
658,/home/runner/work/neo4j-apoc-procedures/neo4j-apoc-procedures/full/build/kotlin/compileTestKotlin/caches-jvm/lookups/id-to-file.tab.len
659,/home/runner/work/neo4j-apoc-procedures/neo4j-apoc-procedures/docs/asciidoc/modules/ROOT/examples/generated-documentation/apoc.merge.relationshipWithStats.csv
660,/home/runner/work/neo4j-apoc-procedures/neo4j-apoc-procedures/full/derbyDB/seg0/d570.dat
661,/home/runner/work/neo4j-apoc-procedures/neo4j-apoc-procedures/docs/asciidoc/modules/ROOT/examples/generated-documentation/apoc.export.arrow.stream.csv
662,/home/runner/work/neo4j-apoc-procedures/neo4j-apoc-procedures/docs/asciidoc/modules/ROOT/examples/generated-documentation/apoc.merge.nodeWithStats.csv
664,/home/runner/work/neo4j-apoc-procedures/neo4j-apoc-procedures/full/hadoop/hdfs/data/data1/current/BP-1104741559-10.1.1.115-1678919960371/current/replicas.tmp
665,/home/runner/work/neo4j-apoc-procedures/neo4j-apoc-procedures/full/hadoop/hdfs/data/data1/current/BP-1104741559-10.1.1.115-1678919960371/current/dfsUsed
666,/home/runner/work/neo4j-apoc-procedures/neo4j-apoc-procedures/full/derbyDB/seg0/README_DO_NOT_TOUCH_FILES.txt
667,/home/runner/work/neo4j-apoc-procedures/neo4j-apoc-procedures/full/build/kotlin/compileTestKotlin/caches-jvm/lookups/lookups.tab_i.len
668,/home/runner/work/neo4j-apoc-procedures/neo4j-apoc-procedures/full/derbyDB/seg0/d580.dat
669,/home/runner/work/neo4j-apoc-procedures/neo4j-apoc-procedures/full/build/kotlin/compileTestKotlin/caches-jvm/lookups/lookups.tab.len
670,/home/runner/work/neo4j-apoc-procedures/neo4j-apoc-procedures/full/derbyDB/seg0/d550.dat
671,/home/runner/work/neo4j-apoc-procedures/neo4j-apoc-procedures/full/build/kotlin/compileTestKotlin/caches-jvm/jvm/kotlin/class-fq-name-to-source.tab.values.at
672,/home/runner/work/neo4j-apoc-procedures/neo4j-apoc-procedures/full/build/kotlin/compileTestKotlin/caches-jvm/jvm/kotlin/class-fq-name-to-source.tab.keystream.len
673,/home/runner/work/neo4j-apoc-procedures/neo4j-apoc-procedures/full/build/kotlin/compileTestKotlin/caches-jvm/jvm/kotlin/class-fq-name-to-source.tab_i.len
674,/home/runner/work/neo4j-apoc-procedures/neo4j-apoc-procedures/full/build/kotlin/compileTestKotlin/caches-jvm/jvm/kotlin/class-fq-name-to-source.tab.len
675,/home/runner/work/neo4j-apoc-procedures/neo4j-apoc-procedures/full/build/kotlin/compileTestKotlin/caches-jvm/jvm/kotlin/source-to-classes.tab.values.at
676,/home/runner/work/neo4j-apoc-procedures/neo4j-apoc-procedures/full/build/kotlin/compileTestKotlin/caches-jvm/jvm/kotlin/source-to-classes.tab.keystream.len
677,/home/runner/work/neo4j-apoc-procedures/neo4j-apoc-procedures/full/build/kotlin/compileTestKotlin/caches-jvm/jvm/kotlin/source-to-classes.tab_i.len
678,/home/runner/work/neo4j-apoc-procedures/neo4j-apoc-procedures/full/build/kotlin/compileTestKotlin/caches-jvm/jvm/kotlin/source-to-classes.tab.len
679,/home/runner/work/neo4j-apoc-procedures/neo4j-apoc-procedures/full/build/kotlin/compileTestKotlin/caches-jvm/jvm/kotlin/proto.tab.values.at
680,/home/runner/work/neo4j-apoc-procedures/neo4j-apoc-procedures/full/build/kotlin/compileTestKotlin/caches-jvm/jvm/kotlin/supertypes.tab.len
681,/home/runner/work/neo4j-apoc-procedures/neo4j-apoc-procedures/full/build/kotlin/compileTestKotlin/caches-jvm/jvm/kotlin/supertypes.tab_i.len
682,/home/runner/work/neo4j-apoc-procedures/neo4j-apoc-procedures/full/build/kotlin/compileTestKotlin/caches-jvm/jvm/kotlin/supertypes.tab.keystream.len
683,/home/runner/work/neo4j-apoc-procedures/neo4j-apoc-procedures/full/build/kotlin/compileTestKotlin/caches-jvm/jvm/kotlin/class-attributes.tab.values.at
684,/home/runner/work/neo4j-apoc-procedures/neo4j-apoc-procedures/full/derbyDB/seg0/d5e0.dat
685,/home/runner/work/neo4j-apoc-procedures/neo4j-apoc-procedures/full/hadoop/hdfs/data/data1/current/BP-1909956429-10.1.1.115-1678919773129/current/rbw/blk_1073741825
686,/home/runner/work/neo4j-apoc-procedures/neo4j-apoc-procedures/full/derbyDB/seg0/d5c0.dat
687,/home/runner/work/neo4j-apoc-procedures/neo4j-apoc-procedures/full/build/kotlin/compileTestKotlin/caches-jvm/jvm/kotlin/class-attributes.tab.keystream.len
688,/home/runner/work/neo4j-apoc-procedures/neo4j-apoc-procedures/full/build/kotlin/compileTestKotlin/caches-jvm/jvm/kotlin/class-attributes.tab_i.len
689,/home/runner/work/neo4j-apoc-procedures/neo4j-apoc-procedures/full/build/kotlin/compileTestKotlin/caches-jvm/jvm/kotlin/class-attributes.tab.len
690,/home/runner/work/neo4j-apoc-procedures/neo4j-apoc-procedures/full/build/kotlin/compileTestKotlin/caches-jvm/jvm/kotlin/subtypes.tab.values.at
691,/home/runner/work/neo4j-apoc-procedures/neo4j-apoc-procedures/full/derbyDB/seg0/d5b0.dat
692,/home/runner/work/neo4j-apoc-procedures/neo4j-apoc-procedures/full/build/kotlin/compileTestKotlin/caches-jvm/jvm/kotlin/subtypes.tab.keystream.len
693,/home/runner/work/neo4j-apoc-procedures/neo4j-apoc-procedures/full/build/kotlin/compileTestKotlin/caches-jvm/jvm/kotlin/subtypes.tab_i.len
694,/home/runner/work/neo4j-apoc-procedures/neo4j-apoc-procedures/full/build/kotlin/compileTestKotlin/caches-jvm/jvm/kotlin/subtypes.tab.len
695,/home/runner/work/neo4j-apoc-procedures/neo4j-apoc-procedures/full/build/kotlin/compileTestKotlin/caches-jvm/jvm/kotlin/supertypes.tab.values.at
696,/home/runner/work/neo4j-apoc-procedures/neo4j-apoc-procedures/full/build/kotlin/compileTestKotlin/caches-jvm/jvm/kotlin/internal-name-to-source.tab.keystream.len
697,/home/runner/work/neo4j-apoc-procedures/neo4j-apoc-procedures/full/derbyDB/seg0/d5a0.dat
698,/home/runner/work/neo4j-apoc-procedures/neo4j-apoc-procedures/full/build/kotlin/compileTestKotlin/caches-jvm/jvm/kotlin/internal-name-to-source.tab_i.len
699,/home/runner/work/neo4j-apoc-procedures/neo4j-apoc-procedures/full/build/kotlin/compileTestKotlin/caches-jvm/jvm/kotlin/internal-name-to-source.tab.len
700,/home/runner/work/neo4j-apoc-procedures/neo4j-apoc-procedures/full/build/kotlin/compileTestKotlin/caches-jvm/jvm/kotlin/proto.tab.keystream.len
701,/home/runner/work/neo4j-apoc-procedures/neo4j-apoc-procedures/full/build/kotlin/compileTestKotlin/caches-jvm/jvm/kotlin/internal-name-to-source.tab.values.at
702,/home/runner/work/neo4j-apoc-procedures/neo4j-apoc-procedures/full/build/kotlin/compileTestKotlin/caches-jvm/jvm/kotlin/proto.tab_i.len
703,/home/runner/work/neo4j-apoc-procedures/neo4j-apoc-procedures/full/build/kotlin/compileTestKotlin/caches-jvm/jvm/kotlin/proto.tab.len
704,/home/runner/work/neo4j-apoc-procedures/neo4j-apoc-procedures/full/build/kotlin/compileTestKotlin/caches-jvm/jvm/kotlin/constants.tab.values.at
705,/home/runner/work/neo4j-apoc-procedures/neo4j-apoc-procedures/full/build/kotlin/compileTestKotlin/caches-jvm/jvm/kotlin/constants.tab.keystream.len
706,/home/runner/work/neo4j-apoc-procedures/neo4j-apoc-procedures/full/build/kotlin/compileTestKotlin/caches-jvm/jvm/kotlin/constants.tab_i.len
707,/home/runner/work/neo4j-apoc-procedures/neo4j-apoc-procedures/full/derbyDB/seg0/d590.dat
708,/home/runner/work/neo4j-apoc-procedures/neo4j-apoc-procedures/full/build/kotlin/compileTestKotlin/caches-jvm/jvm/kotlin/constants.tab.len
709,/home/runner/work/neo4j-apoc-procedures/neo4j-apoc-procedures/full/build/kotlin/compileKotlin/caches-jvm/jvm/kotlin/internal-name-to-source.tab_i.len
710,/home/runner/work/neo4j-apoc-procedures/neo4j-apoc-procedures/full/build/kotlin/compileKotlin/caches-jvm/jvm/kotlin/internal-name-to-source.tab.len
711,/home/runner/work/neo4j-apoc-procedures/neo4j-apoc-procedures/full/build/kotlin/compileKotlin/caches-jvm/jvm/kotlin/internal-name-to-source.tab.keystream.len
712,/home/runner/work/neo4j-apoc-procedures/neo4j-apoc-procedures/full/build/kotlin/compileKotlin/caches-jvm/jvm/kotlin/internal-name-to-source.tab.values.at
713,/home/runner/work/neo4j-apoc-procedures/neo4j-apoc-procedures/full/build/kotlin/compileKotlin/caches-jvm/jvm/kotlin/constants.tab.len
714,/home/runner/work/neo4j-apoc-procedures/neo4j-apoc-procedures/full/build/kotlin/compileKotlin/caches-jvm/jvm/kotlin/constants.tab_i.len
715,/home/runner/work/neo4j-apoc-procedures/neo4j-apoc-procedures/full/build/kotlin/compileKotlin/caches-jvm/jvm/kotlin/constants.tab.keystream.len
716,/home/runner/work/neo4j-apoc-procedures/neo4j-apoc-procedures/full/build/kotlin/compileKotlin/caches-jvm/jvm/kotlin/constants.tab.values.at
717,/home/runner/work/neo4j-apoc-procedures/neo4j-apoc-procedures/full/build/kotlin/compileKotlin/caches-jvm/jvm/kotlin/proto.tab.keystream.len
718,/home/runner/work/neo4j-apoc-procedures/neo4j-apoc-procedures/full/build/kotlin/compileKotlin/caches-jvm/jvm/kotlin/proto.tab.values.at
719,/home/runner/work/neo4j-apoc-procedures/neo4j-apoc-procedures/full/build/kotlin/compileKotlin/caches-jvm/jvm/kotlin/source-to-classes.tab.len
720,/home/runner/work/neo4j-apoc-procedures/neo4j-apoc-procedures/full/build/kotlin/compileKotlin/caches-jvm/jvm/kotlin/source-to-classes.tab_i.len
721,/home/runner/work/neo4j-apoc-procedures/neo4j-apoc-procedures/full/build/kotlin/compileKotlin/caches-jvm/jvm/kotlin/source-to-classes.tab.keystream.len
722,/home/runner/work/neo4j-apoc-procedures/neo4j-apoc-procedures/full/build/kotlin/compileKotlin/caches-jvm/jvm/kotlin/source-to-classes.tab.values.at
723,/home/runner/work/neo4j-apoc-procedures/neo4j-apoc-procedures/full/build/kotlin/compileKotlin/caches-jvm/jvm/kotlin/class-fq-name-to-source.tab.len
724,/home/runner/work/neo4j-apoc-procedures/neo4j-apoc-procedures/full/build/kotlin/compileKotlin/caches-jvm/jvm/kotlin/class-fq-name-to-source.tab_i.len
725,/home/runner/work/neo4j-apoc-procedures/neo4j-apoc-procedures/full/build/kotlin/compileKotlin/caches-jvm/jvm/kotlin/class-fq-name-to-source.tab.keystream.len
726,/home/runner/work/neo4j-apoc-procedures/neo4j-apoc-procedures/full/build/kotlin/compileKotlin/caches-jvm/jvm/kotlin/class-fq-name-to-source.tab.values.at
727,/home/runner/work/neo4j-apoc-procedures/neo4j-apoc-procedures/full/build/kotlin/compileKotlin/caches-jvm/jvm/kotlin/supertypes.tab.len
728,/home/runner/work/neo4j-apoc-procedures/neo4j-apoc-procedures/full/build/kotlin/compileKotlin/caches-jvm/jvm/kotlin/supertypes.tab_i.len
729,/home/runner/work/neo4j-apoc-procedures/neo4j-apoc-procedures/full/build/kotlin/compileKotlin/caches-jvm/jvm/kotlin/supertypes.tab.keystream.len
730,/home/runner/work/neo4j-apoc-procedures/neo4j-apoc-procedures/full/build/kotlin/compileKotlin/caches-jvm/jvm/kotlin/supertypes.tab.values.at
731,/home/runner/work/neo4j-apoc-procedures/neo4j-apoc-procedures/full/build/kotlin/compileKotlin/caches-jvm/jvm/kotlin/subtypes.tab.len
732,/home/runner/work/neo4j-apoc-procedures/neo4j-apoc-procedures/full/build/kotlin/compileKotlin/caches-jvm/jvm/kotlin/proto.tab_i.len
733,/home/runner/work/neo4j-apoc-procedures/neo4j-apoc-procedures/full/build/kotlin/compileKotlin/caches-jvm/jvm/kotlin/proto.tab.len
734,/home/runner/work/neo4j-apoc-procedures/neo4j-apoc-procedures/full/build/kotlin/compileKotlin/caches-jvm/jvm/kotlin/subtypes.tab_i.len
735,/home/runner/work/neo4j-apoc-procedures/neo4j-apoc-procedures/full/build/kotlin/compileKotlin/dirty-sources.txt
736,/home/runner/work/neo4j-apoc-procedures/neo4j-apoc-procedures/full/derbyDB/seg0/d490.dat
737,/home/runner/work/neo4j-apoc-procedures/neo4j-apoc-procedures/full/derbyDB/seg0/d4a0.dat
738,/home/runner/work/neo4j-apoc-procedures/neo4j-apoc-procedures/docs/asciidoc/modules/ROOT/examples/generated-documentation/apoc.load.arrow.csv
739,/home/runner/work/neo4j-apoc-procedures/neo4j-apoc-procedures/full/build/kotlin/compileKotlin/caches-jvm/lookups/file-to-id.tab.len
740,/home/runner/work/neo4j-apoc-procedures/neo4j-apoc-procedures/full/build/kotlin/compileKotlin/caches-jvm/lookups/file-to-id.tab_i.len
741,/home/runner/work/neo4j-apoc-procedures/neo4j-apoc-procedures/full/build/kotlin/compileKotlin/caches-jvm/lookups/file-to-id.tab.keystream.len
742,/home/runner/work/neo4j-apoc-procedures/neo4j-apoc-procedures/full/build/kotlin/compileKotlin/caches-jvm/lookups/file-to-id.tab.values.at
743,/home/runner/work/neo4j-apoc-procedures/neo4j-apoc-procedures/full/build/kotlin/compileKotlin/caches-jvm/lookups/id-to-file.tab.len
744,/home/runner/work/neo4j-apoc-procedures/neo4j-apoc-procedures/full/build/kotlin/compileKotlin/caches-jvm/lookups/id-to-file.tab_i.len
745,/home/runner/work/neo4j-apoc-procedures/neo4j-apoc-procedures/full/build/kotlin/compileKotlin/caches-jvm/lookups/id-to-file.tab.keystream.len
746,/home/runner/work/neo4j-apoc-procedures/neo4j-apoc-procedures/full/build/kotlin/compileKotlin/caches-jvm/lookups/id-to-file.tab.values.at
747,/home/runner/work/neo4j-apoc-procedures/neo4j-apoc-procedures/full/build/kotlin/compileKotlin/caches-jvm/inputs/source-to-output.tab.len
748,/home/runner/work/neo4j-apoc-procedures/neo4j-apoc-procedures/full/build/kotlin/compileKotlin/caches-jvm/lookups/lookups.tab.values
749,/home/runner/work/neo4j-apoc-procedures/neo4j-apoc-procedures/full/build/kotlin/compileKotlin/caches-jvm/lookups/lookups.tab.values.s
750,/home/runner/work/neo4j-apoc-procedures/neo4j-apoc-procedures/full/build/kotlin/compileKotlin/caches-jvm/jvm/kotlin/subtypes.tab.keystream.len
751,/home/runner/work/neo4j-apoc-procedures/neo4j-apoc-procedures/full/build/kotlin/compileKotlin/caches-jvm/jvm/kotlin/subtypes.tab.values.at
752,/home/runner/work/neo4j-apoc-procedures/neo4j-apoc-procedures/full/build/kotlin/compileKotlin/caches-jvm/jvm/kotlin/class-attributes.tab.len
753,/home/runner/work/neo4j-apoc-procedures/neo4j-apoc-procedures/full/build/kotlin/compileKotlin/caches-jvm/jvm/kotlin/class-attributes.tab_i.len
754,/home/runner/work/neo4j-apoc-procedures/neo4j-apoc-procedures/full/build/kotlin/compileKotlin/caches-jvm/jvm/kotlin/class-attributes.tab.keystream.len
755,/home/runner/work/neo4j-apoc-procedures/neo4j-apoc-procedures/full/build/kotlin/compileKotlin/caches-jvm/jvm/kotlin/class-attributes.tab.values.at
756,/home/runner/work/neo4j-apoc-procedures/neo4j-apoc-procedures/full/build/kotlin/compileKotlin/caches-jvm/lookups/lookups.tab.len
757,/home/runner/work/neo4j-apoc-procedures/neo4j-apoc-procedures/full/build/kotlin/compileKotlin/caches-jvm/lookups/lookups.tab_i.len
758,/home/runner/work/neo4j-apoc-procedures/neo4j-apoc-procedures/full/build/kotlin/compileKotlin/caches-jvm/lookups/lookups.tab.keystream.len
759,/home/runner/work/neo4j-apoc-procedures/neo4j-apoc-procedures/full/build/kotlin/compileKotlin/caches-jvm/lookups/lookups.tab.values.at
760,/home/runner/work/neo4j-apoc-procedures/neo4j-apoc-procedures/full/build/kotlin/compileKotlin/caches-jvm/inputs/source-to-output.tab_i.len
761,/home/runner/work/neo4j-apoc-procedures/neo4j-apoc-procedures/full/build/kotlin/compileKotlin/caches-jvm/inputs/source-to-output.tab.keystream.len
763,/home/runner/work/neo4j-apoc-procedures/neo4j-apoc-procedures/full/build/kotlin/compileKotlin/caches-jvm/inputs/source-to-output.tab.values.at
764,/home/runner/work/neo4j-apoc-procedures/neo4j-apoc-procedures/full/build/kotlin/compileKotlin/build-history.bin
765,/home/runner/work/neo4j-apoc-procedures/neo4j-apoc-procedures/core/target/00c6671e-5b07-414d-8231-c383e973df5d/data/databases/system/neostore
766,/home/runner/work/neo4j-apoc-procedures/neo4j-apoc-procedures/core/target/00c6671e-5b07-414d-8231-c383e973df5d/data/databases/system/neostore.propertystore.db.strings
767,/home/runner/work/neo4j-apoc-procedures/neo4j-apoc-procedures/core/target/00c6671e-5b07-414d-8231-c383e973df5d/data/server_id
768,/home/runner/work/neo4j-apoc-procedures/neo4j-apoc-procedures/full/derbyDB/seg0/d530.dat
769,/home/runner/work/neo4j-apoc-procedures/neo4j-apoc-procedures/core/target/00c6671e-5b07-414d-8231-c383e973df5d/data/databases/system/neostore.nodestore.db.labels
770,/home/runner/work/neo4j-apoc-procedures/neo4j-apoc-procedures/core/target/00c6671e-5b07-414d-8231-c383e973df5d/data/databases/system/neostore.propertystore.db.index.keys
771,/home/runner/work/neo4j-apoc-procedures/neo4j-apoc-procedures/full/build/kotlin/compileTestKotlin/dirty-sources.txt
772,/home/runner/work/neo4j-apoc-procedures/neo4j-apoc-procedures/full/derbyDB/seg0/d520.dat
773,/home/runner/work/neo4j-apoc-procedures/neo4j-apoc-procedures/core/target/00c6671e-5b07-414d-8231-c383e973df5d/data/databases/system/neostore.propertystore.db.arrays
774,/home/runner/work/neo4j-apoc-procedures/neo4j-apoc-procedures/full/derbyDB/seg0/d510.dat
775,/home/runner/work/neo4j-apoc-procedures/neo4j-apoc-procedures/core/target/00c6671e-5b07-414d-8231-c383e973df5d/data/databases/system/neostore.relationshiptypestore.db.names
776,/home/runner/work/neo4j-apoc-procedures/neo4j-apoc-procedures/core/target/00c6671e-5b07-414d-8231-c383e973df5d/data/databases/system/neostore.labeltokenstore.db.names
777,/home/runner/work/neo4j-apoc-procedures/neo4j-apoc-procedures/full/derbyDB/seg0/d500.dat
778,/home/runner/work/neo4j-apoc-procedures/neo4j-apoc-procedures/core/target/00c6671e-5b07-414d-8231-c383e973df5d/data/databases/system/neostore.schemastore.db
779,/home/runner/work/neo4j-apoc-procedures/neo4j-apoc-procedures/full/derbyDB/seg0/d4f0.dat
780,/home/runner/work/neo4j-apoc-procedures/neo4j-apoc-procedures/full/derbyDB/seg0/d540.dat
781,/home/runner/work/neo4j-apoc-procedures/neo4j-apoc-procedures/full/derbyDB/seg0/d560.dat
782,/home/runner/work/neo4j-apoc-procedures/neo4j-apoc-procedures/core/target/00c6671e-5b07-414d-8231-c383e973df5d/data/databases/system/neostore.relationshipgroupstore.db
783,/home/runner/work/neo4j-apoc-procedures/neo4j-apoc-procedures/core/target/00c6671e-5b07-414d-8231-c383e973df5d/data/transactions/system/checkpoint.0
784,/home/runner/work/neo4j-apoc-procedures/neo4j-apoc-procedures/full/derbyDB/README_DO_NOT_TOUCH_FILES.txt
785,/home/runner/work/neo4j-apoc-procedures/neo4j-apoc-procedures/core/target/00c6671e-5b07-414d-8231-c383e973df5d/data/transactions/neo4j/checkpoint.0
786,/home/runner/work/neo4j-apoc-procedures/neo4j-apoc-procedures/full/derbyDB/seg0/d4b0.dat
787,/home/runner/work/neo4j-apoc-procedures/neo4j-apoc-procedures/full/derbyDB/seg0/d4c0.dat
788,/home/runner/work/neo4j-apoc-procedures/neo4j-apoc-procedures/core/target/00c6671e-5b07-414d-8231-c383e973df5d/data/databases/neo4j/neostore.nodestore.db.labels
789,/home/runner/work/neo4j-apoc-procedures/neo4j-apoc-procedures/full/derbyDB/seg0/d4e0.dat
790,/home/runner/work/neo4j-apoc-procedures/neo4j-apoc-procedures/core/target/00c6671e-5b07-414d-8231-c383e973df5d/data/databases/neo4j/neostore.propertystore.db.index.keys
791,/home/runner/work/neo4j-apoc-procedures/neo4j-apoc-procedures/core/target/00c6671e-5b07-414d-8231-c383e973df5d/data/databases/neo4j/neostore.propertystore.db.strings
792,/home/runner/work/neo4j-apoc-procedures/neo4j-apoc-procedures/core/target/00c6671e-5b07-414d-8231-c383e973df5d/data/databases/neo4j/neostore.propertystore.db.arrays
793,/home/runner/work/neo4j-apoc-procedures/neo4j-apoc-procedures/core/target/00c6671e-5b07-414d-8231-c383e973df5d/data/databases/neo4j/neostore.relationshiptypestore.db.names
794,/home/runner/work/neo4j-apoc-procedures/neo4j-apoc-procedures/full/derbyDB/seg0/d4d0.dat
795,/home/runner/work/neo4j-apoc-procedures/neo4j-apoc-procedures/core/target/00c6671e-5b07-414d-8231-c383e973df5d/data/databases/neo4j/neostore.labeltokenstore.db.names
796,/home/runner/work/neo4j-apoc-procedures/neo4j-apoc-procedures/core/target/00c6671e-5b07-414d-8231-c383e973df5d/data/databases/neo4j/neostore.schemastore.db
797,/home/runner/work/neo4j-apoc-procedures/neo4j-apoc-procedures/core/target/00c6671e-5b07-414d-8231-c383e973df5d/data/databases/neo4j/neostore.relationshipgroupstore.db
798,/home/runner/work/neo4j-apoc-procedures/neo4j-apoc-procedures/core/target/00c6671e-5b07-414d-8231-c383e973df5d/data/databases/neo4j/neostore
799,/home/runner/work/neo4j-apoc-procedures/neo4j-apoc-procedures/docs/asciidoc/modules/ROOT/pages/overview/apoc.load/apoc.load.arrow.stream.adoc
800,/home/runner/work/neo4j-apoc-procedures/neo4j-apoc-procedures/docs/asciidoc/modules/ROOT/examples/generated-documentation/apoc.trigger.toRelationship-lite.csv
801,/home/runner/work/neo4j-apoc-procedures/neo4j-apoc-procedures/docs/asciidoc/modules/ROOT/pages/overview/apoc.export/apoc.export.arrow.all.adoc
802,/home/runner/work/neo4j-apoc-procedures/neo4j-apoc-procedures/docs/asciidoc/modules/ROOT/pages/overview/apoc.export/apoc.export.arrow.stream.graph.adoc
803,/home/runner/work/neo4j-apoc-procedures/neo4j-apoc-procedures/docs/asciidoc/modules/ROOT/pages/overview/apoc.load/apoc.load.arrow.adoc
804,/home/runner/work/neo4j-apoc-procedures/neo4j-apoc-procedures/docs/asciidoc/modules/ROOT/examples/generated-documentation/apoc.math.coth-lite.csv
805,/home/runner/work/neo4j-apoc-procedures/neo4j-apoc-procedures/docs/asciidoc/modules/ROOT/examples/generated-documentation/apoc.math.csch-lite.csv
806,/home/runner/work/neo4j-apoc-procedures/neo4j-apoc-procedures/docs/asciidoc/modules/ROOT/examples/generated-documentation/apoc.math.sech-lite.csv
807,/home/runner/work/neo4j-apoc-procedures/neo4j-apoc-procedures/docs/asciidoc/modules/ROOT/examples/generated-documentation/apoc.math.sigmoid-lite.csv
808,/home/runner/work/neo4j-apoc-procedures/neo4j-apoc-procedures/docs/asciidoc/modules/ROOT/examples/generated-documentation/apoc.math.sigmoidPrime-lite.csv
809,/home/runner/work/neo4j-apoc-procedures/neo4j-apoc-procedures/docs/asciidoc/modules/ROOT/examples/generated-documentation/apoc.math.sinh-lite.csv
810,/home/runner/work/neo4j-apoc-procedures/neo4j-apoc-procedures/docs/asciidoc/modules/ROOT/examples/generated-documentation/apoc.math.tanh-lite.csv
811,/home/runner/work/neo4j-apoc-procedures/neo4j-apoc-procedures/docs/asciidoc/modules/ROOT/examples/generated-documentation/apoc.schema.relationship.indexExists-lite.csv
812,/home/runner/work/neo4j-apoc-procedures/neo4j-apoc-procedures/docs/asciidoc/modules/ROOT/examples/generated-documentation/apoc.trigger.toNode-lite.csv
813,/home/runner/work/neo4j-apoc-procedures/neo4j-apoc-procedures/docs/asciidoc/modules/ROOT/pages/overview/apoc.algo/apoc.algo.aStarWithPoint.adoc
814,/home/runner/work/neo4j-apoc-procedures/neo4j-apoc-procedures/docs/asciidoc/modules/ROOT/pages/overview/apoc.any/apoc.any.isDeleted.adoc
815,/home/runner/work/neo4j-apoc-procedures/neo4j-apoc-procedures/docs/asciidoc/modules/ROOT/pages/overview/apoc.export/apoc.export.arrow.query.adoc
816,/home/runner/work/neo4j-apoc-procedures/neo4j-apoc-procedures/docs/asciidoc/modules/ROOT/pages/overview/apoc.trigger/apoc.trigger.toRelationship.adoc
817,/home/runner/work/neo4j-apoc-procedures/neo4j-apoc-procedures/docs/asciidoc/modules/ROOT/pages/overview/apoc.trigger/apoc.trigger.add.adoc
818,/home/runner/work/neo4j-apoc-procedures/neo4j-apoc-procedures/docs/asciidoc/modules/ROOT/pages/overview/apoc.export/apoc.export.arrow.graph.adoc
819,/home/runner/work/neo4j-apoc-procedures/neo4j-apoc-procedures/docs/asciidoc/modules/ROOT/pages/overview/apoc.export/apoc.export.arrow.stream.query.adoc
820,/home/runner/work/neo4j-apoc-procedures/neo4j-apoc-procedures/docs/asciidoc/modules/ROOT/pages/overview/apoc.export/apoc.export.csv.all.adoc
821,/home/runner/work/neo4j-apoc-procedures/neo4j-apoc-procedures/docs/asciidoc/modules/ROOT/pages/overview/apoc.export/apoc.export.arrow.stream.all.adoc
822,/home/runner/work/neo4j-apoc-procedures/neo4j-apoc-procedures/docs/asciidoc/modules/ROOT/pages/overview/apoc.trigger/apoc.trigger.toNode.adoc
823,/home/runner/work/neo4j-apoc-procedures/neo4j-apoc-procedures/docs/asciidoc/modules/ROOT/examples/generated-documentation/apoc.math.cosh-lite.csv
824,/home/runner/work/neo4j-apoc-procedures/neo4j-apoc-procedures/docs/asciidoc/modules/ROOT/examples/generated-documentation/apoc.create.uuidHexToBase64-lite.csv
825,/home/runner/work/neo4j-apoc-procedures/neo4j-apoc-procedures/docs/asciidoc/modules/ROOT/examples/generated-documentation/apoc.export.arrow.stream.query-lite.csv
826,/home/runner/work/neo4j-apoc-procedures/neo4j-apoc-procedures/docs/asciidoc/modules/ROOT/examples/generated-documentation/apoc.merge.relationshipWithStats.eager-lite.csv
827,/home/runner/work/neo4j-apoc-procedures/neo4j-apoc-procedures/docs/asciidoc/modules/ROOT/examples/generated-documentation/apoc.systemdb.export.metadata-lite.csv
828,/home/runner/work/neo4j-apoc-procedures/neo4j-apoc-procedures/docs/asciidoc/modules/ROOT/examples/generated-documentation/apoc.any.isDeleted-lite.csv
829,/home/runner/work/neo4j-apoc-procedures/neo4j-apoc-procedures/docs/asciidoc/modules/ROOT/examples/generated-documentation/apoc.create.uuidBase64-lite.csv
830,/home/runner/work/neo4j-apoc-procedures/neo4j-apoc-procedures/docs/asciidoc/modules/ROOT/examples/generated-documentation/apoc.create.uuidBase64ToHex-lite.csv
831,/home/runner/work/neo4j-apoc-procedures/neo4j-apoc-procedures/docs/asciidoc/modules/ROOT/examples/generated-documentation/apoc.load.arrow.stream-lite.csv
832,/home/runner/work/neo4j-apoc-procedures/neo4j-apoc-procedures/docs/asciidoc/modules/ROOT/examples/generated-documentation/apoc.load.htmlPlainText-lite.csv
833,/home/runner/work/neo4j-apoc-procedures/neo4j-apoc-procedures/docs/asciidoc/modules/ROOT/examples/generated-documentation/apoc.merge.nodeWithStats.eager-lite.csv
834,/home/runner/work/neo4j-apoc-procedures/neo4j-apoc-procedures/docs/asciidoc/modules/ROOT/pages/overview/apoc.json/apoc.json.path.adoc
835,/home/runner/work/neo4j-apoc-procedures/neo4j-apoc-procedures/docs/asciidoc/modules/ROOT/examples/generated-documentation/apoc.export.arrow.stream.graph-lite.csv
836,/home/runner/work/neo4j-apoc-procedures/neo4j-apoc-procedures/docs/asciidoc/modules/ROOT/examples/generated-documentation/apoc.export.arrow.stream.all-lite.csv
837,/home/runner/work/neo4j-apoc-procedures/neo4j-apoc-procedures/docs/asciidoc/modules/ROOT/examples/generated-documentation/apoc.merge.nodeWithStats.eager.adoc
838,/home/runner/work/neo4j-apoc-procedures/neo4j-apoc-procedures/docs/asciidoc/modules/ROOT/examples/generated-documentation/apoc.merge.nodeWithStats.adoc
839,/home/runner/work/neo4j-apoc-procedures/neo4j-apoc-procedures/docs/asciidoc/modules/ROOT/examples/generated-documentation/apoc.systemdb.export-lite.csv
840,/home/runner/work/neo4j-apoc-procedures/neo4j-apoc-procedures/docs/asciidoc/modules/ROOT/examples/generated-documentation/apoc.export.arrow.stream-lite.csv
841,/home/runner/work/neo4j-apoc-procedures/neo4j-apoc-procedures/docs/asciidoc/modules/ROOT/examples/generated-documentation/apoc.export.arrow-lite.csv
842,/home/runner/work/neo4j-apoc-procedures/neo4j-apoc-procedures/docs/asciidoc/modules/ROOT/examples/generated-documentation/apoc.algo.aStarWithPoint.adoc
843,/home/runner/work/neo4j-apoc-procedures/neo4j-apoc-procedures/docs/asciidoc/modules/ROOT/examples/generated-documentation/apoc.export.arrow.all.adoc
844,/home/runner/work/neo4j-apoc-procedures/neo4j-apoc-procedures/docs/asciidoc/modules/ROOT/examples/generated-documentation/apoc.systemdb.export.csv
845,/home/runner/work/neo4j-apoc-procedures/neo4j-apoc-procedures/docs/asciidoc/modules/ROOT/examples/generated-documentation/apoc.export.arrow.csv
846,/home/runner/work/neo4j-apoc-procedures/neo4j-apoc-procedures/docs/asciidoc/modules/ROOT/examples/generated-documentation/apoc.export.arrow.stream.query.adoc
847,/home/runner/work/neo4j-apoc-procedures/neo4j-apoc-procedures/docs/asciidoc/modules/ROOT/examples/generated-documentation/apoc.load.arrow.adoc
848,/home/runner/work/neo4j-apoc-procedures/neo4j-apoc-procedures/docs/asciidoc/modules/ROOT/examples/generated-documentation/apoc.load.arrow.stream.adoc
849,/home/runner/work/neo4j-apoc-procedures/neo4j-apoc-procedures/docs/asciidoc/modules/ROOT/examples/generated-documentation/apoc.load.htmlPlainText.adoc
850,/home/runner/work/neo4j-apoc-procedures/neo4j-apoc-procedures/docs/asciidoc/modules/ROOT/examples/generated-documentation/apoc.export.arrow.graph.adoc
851,/home/runner/work/neo4j-apoc-procedures/neo4j-apoc-procedures/docs/asciidoc/modules/ROOT/examples/generated-documentation/apoc.export.arrow.query.adoc
852,/home/runner/work/neo4j-apoc-procedures/neo4j-apoc-procedures/docs/asciidoc/modules/ROOT/examples/generated-documentation/apoc.export.arrow.stream.all.adoc
853,/home/runner/work/neo4j-apoc-procedures/neo4j-apoc-procedures/docs/asciidoc/modules/ROOT/examples/generated-documentation/apoc.export.arrow.stream.graph.adoc
854,/home/runner/work/neo4j-apoc-procedures/neo4j-apoc-procedures/docs/asciidoc/modules/ROOT/examples/generated-documentation/apoc.math.coth.adoc
855,/home/runner/work/neo4j-apoc-procedures/neo4j-apoc-procedures/docs/asciidoc/modules/ROOT/examples/generated-documentation/apoc.any.isDeleted.adoc
856,/home/runner/work/neo4j-apoc-procedures/neo4j-apoc-procedures/docs/asciidoc/modules/ROOT/examples/generated-documentation/apoc.math.cosh.adoc
857,/home/runner/work/neo4j-apoc-procedures/neo4j-apoc-procedures/docs/asciidoc/modules/ROOT/examples/generated-documentation/apoc.math.csch.adoc
858,/home/runner/work/neo4j-apoc-procedures/neo4j-apoc-procedures/docs/asciidoc/modules/ROOT/examples/generated-documentation/apoc.math.sech.adoc
859,/home/runner/work/neo4j-apoc-procedures/neo4j-apoc-procedures/docs/asciidoc/modules/ROOT/examples/generated-documentation/apoc.merge.relationshipWithStats.eager.adoc
860,/home/runner/work/neo4j-apoc-procedures/neo4j-apoc-procedures/docs/asciidoc/modules/ROOT/examples/generated-documentation/apoc.systemdb.export.metadata.adoc
861,/home/runner/work/neo4j-apoc-procedures/neo4j-apoc-procedures/docs/asciidoc/modules/ROOT/examples/generated-documentation/apoc.trigger.toRelationship.adoc
862,/home/runner/work/neo4j-apoc-procedures/neo4j-apoc-procedures/docs/asciidoc/modules/ROOT/examples/generated-documentation/apoc.algo.aStarWithPoint-lite.csv
863,/home/runner/work/neo4j-apoc-procedures/neo4j-apoc-procedures/docs/asciidoc/modules/ROOT/examples/generated-documentation/apoc.export.arrow.all-lite.csv
864,/home/runner/work/neo4j-apoc-procedures/neo4j-apoc-procedures/docs/asciidoc/modules/ROOT/examples/generated-documentation/apoc.export.arrow.graph-lite.csv
865,/home/runner/work/neo4j-apoc-procedures/neo4j-apoc-procedures/docs/asciidoc/modules/ROOT/examples/generated-documentation/apoc.export.arrow.query-lite.csv
866,/home/runner/work/neo4j-apoc-procedures/neo4j-apoc-procedures/docs/asciidoc/modules/ROOT/examples/generated-documentation/apoc.trigger.toNode.adoc
867,/home/runner/work/neo4j-apoc-procedures/neo4j-apoc-procedures/docs/asciidoc/modules/ROOT/examples/generated-documentation/apoc.math.sigmoid.adoc
868,/home/runner/work/neo4j-apoc-procedures/neo4j-apoc-procedures/docs/asciidoc/modules/ROOT/examples/generated-documentation/apoc.math.sigmoidPrime.adoc
869,/home/runner/work/neo4j-apoc-procedures/neo4j-apoc-procedures/docs/asciidoc/modules/ROOT/examples/generated-documentation/apoc.math.sinh.adoc
870,/home/runner/work/neo4j-apoc-procedures/neo4j-apoc-procedures/docs/asciidoc/modules/ROOT/examples/generated-documentation/apoc.math.tanh.adoc
871,/home/runner/work/neo4j-apoc-procedures/neo4j-apoc-procedures/docs/asciidoc/modules/ROOT/examples/generated-documentation/apoc.schema.relationship.indexExists.adoc
872,/home/runner/work/neo4j-apoc-procedures/neo4j-apoc-procedures/docs/asciidoc/modules/ROOT/examples/generated-documentation/apoc.merge.relationshipWithStats.adoc
873,/home/runner/work/neo4j-apoc-procedures/neo4j-apoc-procedures/docs/images/apoc.graph.validateDocument.png
874,/home/runner/work/neo4j-apoc-procedures/neo4j-apoc-procedures/docs/images/apoc.graph.fromDocument_1.png
875,/home/runner/work/neo4j-apoc-procedures/neo4j-apoc-procedures/docs/images/apoc.es.get.png
876,/home/runner/work/neo4j-apoc-procedures/neo4j-apoc-procedures/docs/images/apoc.dbms.procedure.count.jpg
877,/home/runner/work/neo4j-apoc-procedures/neo4j-apoc-procedures/docs/images/apoc.cypher.runMany.png
878,/home/runner/work/neo4j-apoc-procedures/neo4j-apoc-procedures/docs/images/apoc.graph.png
879,/home/runner/work/neo4j-apoc-procedures/neo4j-apoc-procedures/docs/images/apoc.import.graphml.simple.png
880,/home/runner/work/neo4j-apoc-procedures/neo4j-apoc-procedures/docs/images/apoc.load.jdbc.cassandra.png
881,/home/runner/work/neo4j-apoc-procedures/neo4j-apoc-procedures/docs/images/apoc.load.htmllinks.png
882,/home/runner/work/neo4j-apoc-procedures/neo4j-apoc-procedures/docs/images/apoc.load.htmlconfig.png
883,/home/runner/work/neo4j-apoc-procedures/neo4j-apoc-procedures/docs/images/apoc.load.htmlall.png
884,/home/runner/work/neo4j-apoc-procedures/neo4j-apoc-procedures/docs/images/apoc.index.nodes-with-score.jpg
885,/home/runner/work/neo4j-apoc-procedures/neo4j-apoc-procedures/docs/images/apoc.import.xml.svg
