,file_name
0,/home/runner/work/UniversalMediaServer/UniversalMediaServer/target/ums-13.2.1-SNAPSHOT-distribution.tar.gz
3,/home/runner/work/UniversalMediaServer/UniversalMediaServer/target/surefire-reports/TEST-net.pms.test.formats.FormatTest.xml
4,/home/runner/work/UniversalMediaServer/UniversalMediaServer/target/surefire-reports/TEST-net.pms.newgui.LanguageSelectionTest.xml
6,/home/runner/work/UniversalMediaServer/UniversalMediaServer/target/surefire-reports/TEST-net.pms.newgui.ViewLevelTest.xml
7,/home/runner/work/UniversalMediaServer/UniversalMediaServer/target/surefire-reports/TEST-net.pms.formats.FormatsRegressionTest.xml
8,/home/runner/work/UniversalMediaServer/UniversalMediaServer/target/surefire-reports/TEST-net.pms.formats.v2.SubtitleTypeTest.xml
11,/home/runner/work/UniversalMediaServer/UniversalMediaServer/target/surefire-reports/TEST-net.pms.newgui.components.TextAreaFIFOTest.xml
12,/home/runner/work/UniversalMediaServer/UniversalMediaServer/target/surefire-reports/TEST-net.pms.util.RationalTest.xml
13,/home/runner/work/UniversalMediaServer/UniversalMediaServer/target/surefire-reports/TEST-net.pms.formats.v2.AudioAttributeTest.xml
14,/home/runner/work/UniversalMediaServer/UniversalMediaServer/target/surefire-reports/TEST-net.pms.network.mediaserver.handlers.SearchRequestHandlerTest.xml
15,/home/runner/work/UniversalMediaServer/UniversalMediaServer/target/surefire-reports/TEST-net.pms.dlna.CuelibTest.xml
16,/home/runner/work/UniversalMediaServer/UniversalMediaServer/target/surefire-reports/TEST-net.pms.util.FileUtilTest.xml
17,/home/runner/work/UniversalMediaServer/UniversalMediaServer/target/surefire-reports/TEST-net.pms.dlna.DLNAMediaSubtitleTest.xml
18,/home/runner/work/UniversalMediaServer/UniversalMediaServer/target/surefire-reports/TEST-net.pms.platform.jna.JNATypesTest.xml
19,/home/runner/work/UniversalMediaServer/UniversalMediaServer/target/surefire-reports/TEST-net.pms.util.VersionTest.xml
20,/home/runner/work/UniversalMediaServer/UniversalMediaServer/target/surefire-reports/TEST-net.pms.newgui.components.SpinnerIntModelTest.xml
21,/home/runner/work/UniversalMediaServer/UniversalMediaServer/target/surefire-reports/TEST-net.pms.dlna.DLNAMediaInfoTest.xml
22,/home/runner/work/UniversalMediaServer/UniversalMediaServer/target/surefire-reports/TEST-net.pms.util.FilePermissionsTest.xml
23,/home/runner/work/UniversalMediaServer/UniversalMediaServer/target/surefire-reports/TEST-net.pms.util.XXEvulnerabilityTest.xml
24,/home/runner/work/UniversalMediaServer/UniversalMediaServer/target/surefire-reports/TEST-net.pms.util.PairTest.xml
25,/home/runner/work/UniversalMediaServer/UniversalMediaServer/target/surefire-reports/TEST-net.pms.util.UMSUtilsTest.xml
27,/home/runner/work/UniversalMediaServer/UniversalMediaServer/target/surefire-reports/TEST-net.pms.dlna.DLNAMediaAudioTest.xml
28,/home/runner/work/UniversalMediaServer/UniversalMediaServer/target/surefire-reports/TEST-net.pms.platform.mac.corefoundation.CoreFoundationTest.xml
29,/home/runner/work/UniversalMediaServer/UniversalMediaServer/target/surefire-reports/TEST-net.pms.util.IteratorsTest.xml
30,/home/runner/work/UniversalMediaServer/UniversalMediaServer/target/surefire-reports/TEST-net.pms.platform.mac.iokit.IOKitTest.xml
32,/home/runner/work/UniversalMediaServer/UniversalMediaServer/target/surefire-reports/TEST-net.pms.test.Iso639Test.xml
33,/home/runner/work/UniversalMediaServer/UniversalMediaServer/target/surefire-reports/TEST-net.pms.util.LoggableInputStreamTest.xml
34,/home/runner/work/UniversalMediaServer/UniversalMediaServer/target/surefire-reports/TEST-net.pms.util.PlayerUtilTest.xml
35,/home/runner/work/UniversalMediaServer/UniversalMediaServer/target/surefire-reports/TEST-net.pms.platform.mac.kernreturn.KernReturnTest.xml
36,/home/runner/work/UniversalMediaServer/UniversalMediaServer/target/surefire-reports/TEST-net.pms.formats.v2.AudioPropertiesTest.xml
39,/home/runner/work/UniversalMediaServer/UniversalMediaServer/target/surefire-reports/TEST-net.pms.util.StringUtilTest.xml
40,/home/runner/work/UniversalMediaServer/UniversalMediaServer/target/surefire-reports/TEST-net.pms.util.LoggableOutputStreamTest.xml
42,/home/runner/work/UniversalMediaServer/UniversalMediaServer/target/surefire-reports/TEST-net.pms.test.formats.FormatFactoryTest.xml
46,/home/runner/work/UniversalMediaServer/UniversalMediaServer/target/surefire-reports/TEST-net.pms.configuration.FormatConfigurationRegressionTest.xml
47,/home/runner/work/UniversalMediaServer/UniversalMediaServer/target/surefire-reports/TEST-net.pms.configuration.RendererConfigurationTest.xml
48,/home/runner/work/UniversalMediaServer/UniversalMediaServer/target/surefire-reports/TEST-net.pms.database.TableFilesStatusTest.xml
54,/home/runner/work/UniversalMediaServer/UniversalMediaServer/target/surefire-reports/TEST-net.pms.logging.LoggingTest.xml
55,/home/runner/work/UniversalMediaServer/UniversalMediaServer/target/maven-status/maven-compiler-plugin/compile/default-compile/inputFiles.lst
64,/home/runner/work/UniversalMediaServer/UniversalMediaServer/target/ums.jar
68,/home/runner/work/UniversalMediaServer/UniversalMediaServer/target/maven-status/maven-compiler-plugin/compile/default-compile/createdFiles.lst
76,/home/runner/work/UniversalMediaServer/UniversalMediaServer/target/test-classes/net/pms/test/Issue1278.class
84,/home/runner/work/UniversalMediaServer/UniversalMediaServer/target/surefire-reports/TEST-net.pms.test.TaskRunnerTest.xml
90,/home/runner/work/UniversalMediaServer/UniversalMediaServer/target/surefire-reports/TEST-net.pms.formats.v2.SubtitleUtilsTest.xml
91,/home/runner/work/UniversalMediaServer/UniversalMediaServer/target/surefire-reports/net.pms.formats.v2.AudioPropertiesTest.txt
92,/home/runner/work/UniversalMediaServer/UniversalMediaServer/target/surefire-reports/net.pms.formats.v2.SubtitleTypeTest.txt
93,/home/runner/work/UniversalMediaServer/UniversalMediaServer/target/surefire-reports/net.pms.formats.v2.AudioAttributeTest.txt
94,/home/runner/work/UniversalMediaServer/UniversalMediaServer/target/maven-status/maven-compiler-plugin/testCompile/default-testCompile/createdFiles.lst
178,/home/runner/work/UniversalMediaServer/UniversalMediaServer/target/surefire-reports/net.pms.configuration.RendererConfigurationTest.txt
179,/home/runner/work/UniversalMediaServer/UniversalMediaServer/target/surefire-reports/TEST-net.pms.configuration.UmsConfigurationTest.xml
180,/home/runner/work/UniversalMediaServer/UniversalMediaServer/target/surefire-reports/net.pms.configuration.UmsConfigurationTest.txt
253,/home/runner/work/UniversalMediaServer/UniversalMediaServer/target/surefire-reports/net.pms.configuration.FormatConfigurationRegressionTest.txt
322,/home/runner/work/UniversalMediaServer/UniversalMediaServer/target/surefire-reports/net.pms.test.Iso639Test.txt
335,/home/runner/work/UniversalMediaServer/UniversalMediaServer/target/surefire-reports/net.pms.test.formats.FormatTest.txt
339,/home/runner/work/UniversalMediaServer/UniversalMediaServer/target/surefire-reports/TEST-net.pms.parsers.MediaInfoParserTest.xml
340,/home/runner/work/UniversalMediaServer/UniversalMediaServer/target/surefire-reports/net.pms.parsers.MediaInfoParserTest.txt
371,/home/runner/work/UniversalMediaServer/UniversalMediaServer/target/surefire-reports/net.pms.logging.LoggingTest.txt
405,/home/runner/work/UniversalMediaServer/UniversalMediaServer/target/surefire-reports/TEST-net.pms.test.formats.FormatRecognitionTest.xml
408,/home/runner/work/UniversalMediaServer/UniversalMediaServer/target/surefire-reports/net.pms.test.TaskRunnerTest.txt
417,/home/runner/work/UniversalMediaServer/UniversalMediaServer/target/surefire-reports/net.pms.test.formats.FormatFactoryTest.txt
424,/home/runner/work/UniversalMediaServer/UniversalMediaServer/target/surefire-reports/net.pms.test.formats.FormatRecognitionTest.txt
579,/home/runner/work/UniversalMediaServer/UniversalMediaServer/target/surefire-reports/TEST-net.pms.formats.FormatsExtensionTest.xml
580,/home/runner/work/UniversalMediaServer/UniversalMediaServer/target/surefire-reports/net.pms.formats.FormatsExtensionTest.txt
581,/home/runner/work/UniversalMediaServer/UniversalMediaServer/target/surefire-reports/net.pms.formats.v2.SubtitleUtilsTest.txt
582,/home/runner/work/UniversalMediaServer/UniversalMediaServer/target/surefire-reports/net.pms.formats.FormatsRegressionTest.txt
583,/home/runner/work/UniversalMediaServer/UniversalMediaServer/target/surefire-reports/net.pms.newgui.components.SpinnerIntModelTest.txt
584,/home/runner/work/UniversalMediaServer/UniversalMediaServer/target/surefire-reports/net.pms.database.TableFilesStatusTest.txt
585,/home/runner/work/UniversalMediaServer/UniversalMediaServer/target/surefire-reports/net.pms.dlna.DLNAMediaSubtitleTest.txt
586,/home/runner/work/UniversalMediaServer/UniversalMediaServer/target/surefire-reports/net.pms.dlna.CuelibTest.txt
587,/home/runner/work/UniversalMediaServer/UniversalMediaServer/target/surefire-reports/net.pms.newgui.LanguageSelectionTest.txt
588,/home/runner/work/UniversalMediaServer/UniversalMediaServer/target/surefire-reports/net.pms.newgui.components.TextAreaFIFOTest.txt
589,/home/runner/work/UniversalMediaServer/UniversalMediaServer/target/surefire-reports/net.pms.newgui.ViewLevelTest.txt
590,/home/runner/work/UniversalMediaServer/UniversalMediaServer/target/surefire-reports/net.pms.util.UMSUtilsTest.txt
591,/home/runner/work/UniversalMediaServer/UniversalMediaServer/target/surefire-reports/net.pms.util.RationalTest.txt
592,/home/runner/work/UniversalMediaServer/UniversalMediaServer/target/surefire-reports/net.pms.util.FileUtilTest.txt
593,/home/runner/work/UniversalMediaServer/UniversalMediaServer/target/surefire-reports/net.pms.util.IteratorsTest.txt
594,/home/runner/work/UniversalMediaServer/UniversalMediaServer/target/surefire-reports/net.pms.util.LoggableOutputStreamTest.txt
595,/home/runner/work/UniversalMediaServer/UniversalMediaServer/target/surefire-reports/net.pms.util.PlayerUtilTest.txt
596,/home/runner/work/UniversalMediaServer/UniversalMediaServer/target/surefire-reports/net.pms.util.VersionTest.txt
597,/home/runner/work/UniversalMediaServer/UniversalMediaServer/target/surefire-reports/TEST-net.pms.util.LanguagesTest.xml
598,/home/runner/work/UniversalMediaServer/UniversalMediaServer/target/surefire-reports/net.pms.util.LanguagesTest.txt
599,/home/runner/work/UniversalMediaServer/UniversalMediaServer/target/surefire-reports/net.pms.platform.mac.iokit.IOKitTest.txt
600,/home/runner/work/UniversalMediaServer/UniversalMediaServer/target/surefire-reports/net.pms.platform.jna.JNATypesTest.txt
601,/home/runner/work/UniversalMediaServer/UniversalMediaServer/target/surefire-reports/net.pms.platform.mac.kernreturn.KernReturnTest.txt
602,/home/runner/work/UniversalMediaServer/UniversalMediaServer/target/surefire-reports/net.pms.platform.mac.corefoundation.CoreFoundationTest.txt
603,/home/runner/work/UniversalMediaServer/UniversalMediaServer/target/surefire-reports/net.pms.network.mediaserver.handlers.SearchRequestHandlerTest.txt
604,/home/runner/work/UniversalMediaServer/UniversalMediaServer/target/surefire-reports/net.pms.util.PairTest.txt
605,/home/runner/work/UniversalMediaServer/UniversalMediaServer/target/surefire-reports/net.pms.dlna.DLNAMediaInfoTest.txt
606,/home/runner/work/UniversalMediaServer/UniversalMediaServer/target/surefire-reports/net.pms.dlna.DLNAMediaAudioTest.txt
607,/home/runner/work/UniversalMediaServer/UniversalMediaServer/target/surefire-reports/net.pms.util.FilePermissionsTest.txt
608,/home/runner/work/UniversalMediaServer/UniversalMediaServer/target/surefire-reports/net.pms.util.StringUtilTest.txt
609,/home/runner/work/UniversalMediaServer/UniversalMediaServer/target/surefire-reports/net.pms.util.LoggableInputStreamTest.txt
610,/home/runner/work/UniversalMediaServer/UniversalMediaServer/target/surefire-reports/net.pms.util.XXEvulnerabilityTest.txt
