,file_name
0,/home/runner/work/UniversalMediaServer/UniversalMediaServer/target/ums-13.2.1-SNAPSHOT-distribution.tar.gz
3,/home/runner/work/UniversalMediaServer/UniversalMediaServer/target/surefire-reports/TEST-net.pms.formats.FormatsRegressionTest.xml
5,/home/runner/work/UniversalMediaServer/UniversalMediaServer/target/surefire-reports/TEST-net.pms.dlna.CuelibTest.xml
6,/home/runner/work/UniversalMediaServer/UniversalMediaServer/target/surefire-reports/TEST-net.pms.formats.v2.SubtitleTypeTest.xml
7,/home/runner/work/UniversalMediaServer/UniversalMediaServer/target/surefire-reports/TEST-net.pms.util.FilePermissionsTest.xml
8,/home/runner/work/UniversalMediaServer/UniversalMediaServer/target/surefire-reports/TEST-net.pms.platform.mac.kernreturn.KernReturnTest.xml
10,/home/runner/work/UniversalMediaServer/UniversalMediaServer/target/surefire-reports/TEST-net.pms.util.PairTest.xml
13,/home/runner/work/UniversalMediaServer/UniversalMediaServer/target/surefire-reports/TEST-net.pms.parsers.MediaInfoParserTest.xml
14,/home/runner/work/UniversalMediaServer/UniversalMediaServer/target/surefire-reports/TEST-net.pms.util.VersionTest.xml
15,/home/runner/work/UniversalMediaServer/UniversalMediaServer/target/surefire-reports/TEST-net.pms.formats.v2.AudioAttributeTest.xml
16,/home/runner/work/UniversalMediaServer/UniversalMediaServer/target/surefire-reports/TEST-net.pms.util.PlayerUtilTest.xml
17,/home/runner/work/UniversalMediaServer/UniversalMediaServer/target/surefire-reports/TEST-net.pms.database.TableFilesStatusTest.xml
18,/home/runner/work/UniversalMediaServer/UniversalMediaServer/target/surefire-reports/TEST-net.pms.formats.v2.SubtitleUtilsTest.xml
19,/home/runner/work/UniversalMediaServer/UniversalMediaServer/target/surefire-reports/TEST-net.pms.newgui.LanguageSelectionTest.xml
20,/home/runner/work/UniversalMediaServer/UniversalMediaServer/target/surefire-reports/TEST-net.pms.dlna.DLNAMediaAudioTest.xml
21,/home/runner/work/UniversalMediaServer/UniversalMediaServer/target/surefire-reports/TEST-net.pms.newgui.ViewLevelTest.xml
22,/home/runner/work/UniversalMediaServer/UniversalMediaServer/target/surefire-reports/TEST-net.pms.util.LanguagesTest.xml
23,/home/runner/work/UniversalMediaServer/UniversalMediaServer/target/surefire-reports/TEST-net.pms.test.formats.FormatTest.xml
24,/home/runner/work/UniversalMediaServer/UniversalMediaServer/target/surefire-reports/TEST-net.pms.newgui.components.SpinnerIntModelTest.xml
25,/home/runner/work/UniversalMediaServer/UniversalMediaServer/target/surefire-reports/TEST-net.pms.test.formats.FormatFactoryTest.xml
26,/home/runner/work/UniversalMediaServer/UniversalMediaServer/target/surefire-reports/TEST-net.pms.newgui.components.TextAreaFIFOTest.xml
27,/home/runner/work/UniversalMediaServer/UniversalMediaServer/target/surefire-reports/TEST-net.pms.util.LoggableOutputStreamTest.xml
28,/home/runner/work/UniversalMediaServer/UniversalMediaServer/target/surefire-reports/TEST-net.pms.logging.LoggingTest.xml
29,/home/runner/work/UniversalMediaServer/UniversalMediaServer/target/surefire-reports/TEST-net.pms.util.IteratorsTest.xml
34,/home/runner/work/UniversalMediaServer/UniversalMediaServer/target/surefire-reports/TEST-net.pms.util.RationalTest.xml
35,/home/runner/work/UniversalMediaServer/UniversalMediaServer/target/surefire-reports/TEST-net.pms.dlna.DLNAMediaSubtitleTest.xml
40,/home/runner/work/UniversalMediaServer/UniversalMediaServer/target/surefire-reports/TEST-net.pms.util.UMSUtilsTest.xml
41,/home/runner/work/UniversalMediaServer/UniversalMediaServer/target/surefire-reports/TEST-net.pms.test.formats.FormatRecognitionTest.xml
42,/home/runner/work/UniversalMediaServer/UniversalMediaServer/target/surefire-reports/TEST-net.pms.util.StringUtilTest.xml
43,/home/runner/work/UniversalMediaServer/UniversalMediaServer/target/surefire-reports/TEST-net.pms.util.FileUtilTest.xml
51,/home/runner/work/UniversalMediaServer/UniversalMediaServer/target/maven-status/maven-compiler-plugin/compile/default-compile/inputFiles.lst
55,/home/runner/work/UniversalMediaServer/UniversalMediaServer/target/surefire-reports/TEST-net.pms.test.Iso639Test.xml
56,/home/runner/work/UniversalMediaServer/UniversalMediaServer/target/surefire-reports/TEST-net.pms.platform.mac.iokit.IOKitTest.xml
58,/home/runner/work/UniversalMediaServer/UniversalMediaServer/target/surefire-reports/TEST-net.pms.dlna.DLNAMediaInfoTest.xml
63,/home/runner/work/UniversalMediaServer/UniversalMediaServer/target/ums.jar
65,/home/runner/work/UniversalMediaServer/UniversalMediaServer/target/maven-status/maven-compiler-plugin/compile/default-compile/createdFiles.lst
69,/home/runner/work/UniversalMediaServer/UniversalMediaServer/target/surefire-reports/TEST-net.pms.platform.jna.JNATypesTest.xml
75,/home/runner/work/UniversalMediaServer/UniversalMediaServer/target/test-classes/net/pms/test/Issue1278.class
82,/home/runner/work/UniversalMediaServer/UniversalMediaServer/target/surefire-reports/TEST-net.pms.util.XXEvulnerabilityTest.xml
90,/home/runner/work/UniversalMediaServer/UniversalMediaServer/target/surefire-reports/TEST-net.pms.platform.mac.corefoundation.CoreFoundationTest.xml
92,/home/runner/work/UniversalMediaServer/UniversalMediaServer/target/surefire-reports/TEST-net.pms.formats.FormatsExtensionTest.xml
93,/home/runner/work/UniversalMediaServer/UniversalMediaServer/target/surefire-reports/net.pms.formats.FormatsExtensionTest.txt
94,/home/runner/work/UniversalMediaServer/UniversalMediaServer/target/surefire-reports/net.pms.formats.v2.SubtitleTypeTest.txt
95,/home/runner/work/UniversalMediaServer/UniversalMediaServer/target/surefire-reports/net.pms.formats.v2.AudioPropertiesTest.txt
96,/home/runner/work/UniversalMediaServer/UniversalMediaServer/target/surefire-reports/TEST-net.pms.formats.v2.AudioPropertiesTest.xml
97,/home/runner/work/UniversalMediaServer/UniversalMediaServer/target/surefire-reports/net.pms.formats.v2.AudioAttributeTest.txt
98,/home/runner/work/UniversalMediaServer/UniversalMediaServer/target/surefire-reports/net.pms.formats.v2.SubtitleUtilsTest.txt
99,/home/runner/work/UniversalMediaServer/UniversalMediaServer/target/maven-status/maven-compiler-plugin/testCompile/default-testCompile/createdFiles.lst
184,/home/runner/work/UniversalMediaServer/UniversalMediaServer/target/surefire-reports/TEST-net.pms.configuration.FormatConfigurationRegressionTest.xml
185,/home/runner/work/UniversalMediaServer/UniversalMediaServer/target/surefire-reports/net.pms.configuration.FormatConfigurationRegressionTest.txt
186,/home/runner/work/UniversalMediaServer/UniversalMediaServer/target/surefire-reports/TEST-net.pms.configuration.RendererConfigurationTest.xml
219,/home/runner/work/UniversalMediaServer/UniversalMediaServer/target/surefire-reports/TEST-net.pms.configuration.UmsConfigurationTest.xml
325,/home/runner/work/UniversalMediaServer/UniversalMediaServer/target/surefire-reports/net.pms.configuration.RendererConfigurationTest.txt
338,/home/runner/work/UniversalMediaServer/UniversalMediaServer/target/surefire-reports/net.pms.test.formats.FormatRecognitionTest.txt
342,/home/runner/work/UniversalMediaServer/UniversalMediaServer/target/surefire-reports/net.pms.test.formats.FormatTest.txt
343,/home/runner/work/UniversalMediaServer/UniversalMediaServer/target/surefire-reports/net.pms.parsers.MediaInfoParserTest.txt
374,/home/runner/work/UniversalMediaServer/UniversalMediaServer/target/surefire-reports/net.pms.logging.LoggingTest.txt
377,/home/runner/work/UniversalMediaServer/UniversalMediaServer/target/surefire-reports/net.pms.configuration.UmsConfigurationTest.txt
414,/home/runner/work/UniversalMediaServer/UniversalMediaServer/target/surefire-reports/net.pms.test.Iso639Test.txt
423,/home/runner/work/UniversalMediaServer/UniversalMediaServer/target/surefire-reports/TEST-net.pms.test.TaskRunnerTest.xml
424,/home/runner/work/UniversalMediaServer/UniversalMediaServer/target/surefire-reports/net.pms.test.TaskRunnerTest.txt
430,/home/runner/work/UniversalMediaServer/UniversalMediaServer/target/surefire-reports/net.pms.test.formats.FormatFactoryTest.txt
582,/home/runner/work/UniversalMediaServer/UniversalMediaServer/target/surefire-reports/net.pms.formats.FormatsRegressionTest.txt
583,/home/runner/work/UniversalMediaServer/UniversalMediaServer/target/surefire-reports/net.pms.util.PlayerUtilTest.txt
584,/home/runner/work/UniversalMediaServer/UniversalMediaServer/target/surefire-reports/net.pms.newgui.components.SpinnerIntModelTest.txt
585,/home/runner/work/UniversalMediaServer/UniversalMediaServer/target/surefire-reports/net.pms.newgui.components.TextAreaFIFOTest.txt
586,/home/runner/work/UniversalMediaServer/UniversalMediaServer/target/surefire-reports/net.pms.dlna.CuelibTest.txt
587,/home/runner/work/UniversalMediaServer/UniversalMediaServer/target/surefire-reports/net.pms.database.TableFilesStatusTest.txt
588,/home/runner/work/UniversalMediaServer/UniversalMediaServer/target/surefire-reports/net.pms.newgui.LanguageSelectionTest.txt
589,/home/runner/work/UniversalMediaServer/UniversalMediaServer/target/surefire-reports/net.pms.newgui.ViewLevelTest.txt
590,/home/runner/work/UniversalMediaServer/UniversalMediaServer/target/surefire-reports/net.pms.util.UMSUtilsTest.txt
591,/home/runner/work/UniversalMediaServer/UniversalMediaServer/target/surefire-reports/net.pms.util.FilePermissionsTest.txt
592,/home/runner/work/UniversalMediaServer/UniversalMediaServer/target/surefire-reports/net.pms.util.FileUtilTest.txt
593,/home/runner/work/UniversalMediaServer/UniversalMediaServer/target/surefire-reports/net.pms.util.LanguagesTest.txt
594,/home/runner/work/UniversalMediaServer/UniversalMediaServer/target/surefire-reports/net.pms.util.VersionTest.txt
595,/home/runner/work/UniversalMediaServer/UniversalMediaServer/target/surefire-reports/net.pms.util.LoggableOutputStreamTest.txt
596,/home/runner/work/UniversalMediaServer/UniversalMediaServer/target/surefire-reports/net.pms.util.RationalTest.txt
597,/home/runner/work/UniversalMediaServer/UniversalMediaServer/target/surefire-reports/net.pms.util.IteratorsTest.txt
598,/home/runner/work/UniversalMediaServer/UniversalMediaServer/target/surefire-reports/net.pms.platform.jna.JNATypesTest.txt
599,/home/runner/work/UniversalMediaServer/UniversalMediaServer/target/surefire-reports/net.pms.platform.mac.kernreturn.KernReturnTest.txt
600,/home/runner/work/UniversalMediaServer/UniversalMediaServer/target/surefire-reports/net.pms.platform.mac.iokit.IOKitTest.txt
601,/home/runner/work/UniversalMediaServer/UniversalMediaServer/target/surefire-reports/net.pms.platform.mac.corefoundation.CoreFoundationTest.txt
602,/home/runner/work/UniversalMediaServer/UniversalMediaServer/target/surefire-reports/TEST-net.pms.network.mediaserver.handlers.SearchRequestHandlerTest.xml
603,/home/runner/work/UniversalMediaServer/UniversalMediaServer/target/surefire-reports/net.pms.network.mediaserver.handlers.SearchRequestHandlerTest.txt
604,/home/runner/work/UniversalMediaServer/UniversalMediaServer/target/surefire-reports/net.pms.util.PairTest.txt
605,/home/runner/work/UniversalMediaServer/UniversalMediaServer/target/surefire-reports/net.pms.dlna.DLNAMediaSubtitleTest.txt
606,/home/runner/work/UniversalMediaServer/UniversalMediaServer/target/surefire-reports/net.pms.dlna.DLNAMediaInfoTest.txt
607,/home/runner/work/UniversalMediaServer/UniversalMediaServer/target/surefire-reports/net.pms.dlna.DLNAMediaAudioTest.txt
608,/home/runner/work/UniversalMediaServer/UniversalMediaServer/target/surefire-reports/net.pms.util.LoggableInputStreamTest.txt
609,/home/runner/work/UniversalMediaServer/UniversalMediaServer/target/surefire-reports/net.pms.util.XXEvulnerabilityTest.txt
610,/home/runner/work/UniversalMediaServer/UniversalMediaServer/target/surefire-reports/net.pms.util.StringUtilTest.txt
611,/home/runner/work/UniversalMediaServer/UniversalMediaServer/target/surefire-reports/TEST-net.pms.util.LoggableInputStreamTest.xml
