,file_name,last_access_index,last_modify_index,creation_index,last_access_step,last_modify_step,creation_step
0,/home/runner/work/javassist/javassist/target/javassist-3.29.2-GA.jar,-1,1001531,982073,Not provided,BuildwithMaven,BuildwithMaven
1,/home/runner/work/javassist/javassist/target/javassist-3.29.2-GA-sources.jar,-1,1008027,1002754,Not provided,BuildwithMaven,BuildwithMaven
2,/home/runner/work/javassist/javassist/target/classes/META-INF/MANIFEST.MF,467274,1002592,402946,BuildwithMaven,BuildwithMaven,BuildwithMaven
3,/home/runner/work/javassist/javassist/target/runtest/test1/AnnoTest.class,-1,465215,465080,Not provided,BuildwithMaven,BuildwithMaven
4,/home/runner/work/javassist/javassist/target/runtest/test-hibernate.class,-1,465510,465412,Not provided,BuildwithMaven,BuildwithMaven
5,/home/runner/work/javassist/javassist/target/runtest/TooManyConstPoolItems.class,-1,464714,464668,Not provided,BuildwithMaven,BuildwithMaven
6,/home/runner/work/javassist/javassist/target/surefire-reports/TEST-javassist.JvstTest.xml,-1,466624,466617,Not provided,BuildwithMaven,BuildwithMaven
7,/home/runner/work/javassist/javassist/target/maven-status/maven-compiler-plugin/compile/default-compile/createdFiles.lst,-1,5702,5698,Not provided,BuildwithMaven,BuildwithMaven
8,/home/runner/work/javassist/javassist/target/runtest/test3/Clazz67.class,-1,412889,412885,Not provided,BuildwithMaven,BuildwithMaven
9,/home/runner/work/javassist/javassist/target/maven-status/maven-compiler-plugin/compile/default-compile/inputFiles.lst,-1,5708,5704,Not provided,BuildwithMaven,BuildwithMaven
10,/home/runner/work/javassist/javassist/target/runtest/test3/JIRA63.class,-1,413088,413079,Not provided,BuildwithMaven,BuildwithMaven
11,/home/runner/work/javassist/javassist/target/maven-status/maven-compiler-plugin/testCompile/default-testCompile/inputFiles.lst,-1,409694,409690,Not provided,BuildwithMaven,BuildwithMaven
12,/home/runner/work/javassist/javassist/target/maven-status/maven-compiler-plugin/testCompile/default-testCompile/createdFiles.lst,-1,409688,409684,Not provided,BuildwithMaven,BuildwithMaven
13,/home/runner/work/javassist/javassist/License.html,-1,1197,1194,Not provided,uses-checkout,uses-checkout
14,/home/runner/work/javassist/javassist/target/test-classes/test4/GetAllRefInnerTest$2.class,-1,408022,408020,Not provided,BuildwithMaven,BuildwithMaven
15,/home/runner/work/javassist/javassist/target/test-classes/test4/GetAllRefInnerTest$1.class,-1,408018,408016,Not provided,BuildwithMaven,BuildwithMaven
16,/home/runner/work/javassist/javassist/target/test-classes/test4/GetAllRefInnerTest2.class,-1,408014,408012,Not provided,BuildwithMaven,BuildwithMaven
17,/home/runner/work/javassist/javassist/target/test-classes/test4/GetAllRefInnerTest2$1.class,-1,408010,408008,Not provided,BuildwithMaven,BuildwithMaven
18,/home/runner/work/javassist/javassist/target/test-classes/scoped/UnscopedAnnotationUsage.class,-1,408094,408092,Not provided,BuildwithMaven,BuildwithMaven
19,/home/runner/work/javassist/javassist/target/test-classes/scoped/jar1/FullyScopedAnnotationDefaultUsage.class,-1,408098,408096,Not provided,BuildwithMaven,BuildwithMaven
20,/home/runner/work/javassist/javassist/target/test-classes/javassist/compiler/CodeTest.class,-1,407829,407827,Not provided,BuildwithMaven,BuildwithMaven
21,/home/runner/work/javassist/javassist/target/test-classes/test1/BenchProceedNew.class,-1,407821,407819,Not provided,BuildwithMaven,BuildwithMaven
22,/home/runner/work/javassist/javassist/target/test-classes/test1/BenchProceedNew3.class,-1,407817,407815,Not provided,BuildwithMaven,BuildwithMaven
23,/home/runner/work/javassist/javassist/target/test-classes/test1/BenchProceedNew2.class,-1,407813,407811,Not provided,BuildwithMaven,BuildwithMaven
24,/home/runner/work/javassist/javassist/target/test-classes/test3/Visible2.class,-1,407785,407783,Not provided,BuildwithMaven,BuildwithMaven
25,/home/runner/work/javassist/javassist/target/test-classes/scoped/UnscopedAnnotationDefaultUsage.class,-1,407853,407851,Not provided,BuildwithMaven,BuildwithMaven
26,/home/runner/work/javassist/javassist/target/test-classes/test5/JIRA246.class,-1,407936,407934,Not provided,BuildwithMaven,BuildwithMaven
27,/home/runner/work/javassist/javassist/target/test-classes/test1/StaticField.class,-1,408336,408334,Not provided,BuildwithMaven,BuildwithMaven
28,/home/runner/work/javassist/javassist/target/test-classes/test2/Inner2$Child.class,-1,408432,408430,Not provided,BuildwithMaven,BuildwithMaven
29,/home/runner/work/javassist/javassist/target/test-classes/test5/InnerModifier2.class,-1,408420,408418,Not provided,BuildwithMaven,BuildwithMaven
30,/home/runner/work/javassist/javassist/target/test-classes/javassist/Bench.class,-1,408380,408378,Not provided,BuildwithMaven,BuildwithMaven
31,/home/runner/work/javassist/javassist/target/test-classes/javassist/Bench$7.class,-1,408376,408374,Not provided,BuildwithMaven,BuildwithMaven
32,/home/runner/work/javassist/javassist/target/test-classes/javassist/Bench$6.class,-1,408372,408370,Not provided,BuildwithMaven,BuildwithMaven
33,/home/runner/work/javassist/javassist/target/test-classes/javassist/Bench$5.class,-1,408368,408366,Not provided,BuildwithMaven,BuildwithMaven
34,/home/runner/work/javassist/javassist/target/test-classes/javassist/Bench$4.class,-1,408364,408362,Not provided,BuildwithMaven,BuildwithMaven
35,/home/runner/work/javassist/javassist/target/test-classes/javassist/Bench$3.class,-1,408360,408358,Not provided,BuildwithMaven,BuildwithMaven
36,/home/runner/work/javassist/javassist/target/test-classes/javassist/Bench$2.class,-1,408356,408354,Not provided,BuildwithMaven,BuildwithMaven
37,/home/runner/work/javassist/javassist/target/test-classes/javassist/Bench$1.class,-1,408352,408350,Not provided,BuildwithMaven,BuildwithMaven
38,/home/runner/work/javassist/javassist/target/test-classes/scoped/jar1/FullyScopedAnnotationUsage.class,-1,408344,408342,Not provided,BuildwithMaven,BuildwithMaven
39,/home/runner/work/javassist/javassist/target/test-classes/test5/NestHost2$Bar.class,-1,408444,408442,Not provided,BuildwithMaven,BuildwithMaven
40,/home/runner/work/javassist/javassist/target/test-classes/scoped/ScopedRepositoryTestCase.class,-1,408507,408505,Not provided,BuildwithMaven,BuildwithMaven
41,/home/runner/work/javassist/javassist/target/test-classes/test4/JIRA220intf.class,-1,408484,408482,Not provided,BuildwithMaven,BuildwithMaven
42,/home/runner/work/javassist/javassist/target/test-classes/test4/NestedClass$S.class,-1,408464,408462,Not provided,BuildwithMaven,BuildwithMaven
43,/home/runner/work/javassist/javassist/target/test-classes/test4/NestedClass$S$S2.class,-1,408460,408458,Not provided,BuildwithMaven,BuildwithMaven
44,/home/runner/work/javassist/javassist/target/test-classes/test4/NestedClass$N.class,-1,408456,408454,Not provided,BuildwithMaven,BuildwithMaven
45,/home/runner/work/javassist/javassist/target/test-classes/javassist/ClassPoolBench.class,-1,408118,408116,Not provided,BuildwithMaven,BuildwithMaven
46,/home/runner/work/javassist/javassist/target/test-classes/test5/InnerClassRemove$C.class,-1,407112,407110,Not provided,BuildwithMaven,BuildwithMaven
47,/home/runner/work/javassist/javassist/target/test-classes/test5/InnerClassRemove$B.class,-1,407108,407106,Not provided,BuildwithMaven,BuildwithMaven
48,/home/runner/work/javassist/javassist/target/test-classes/test5/InnerClassRemove$A.class,-1,407104,407102,Not provided,BuildwithMaven,BuildwithMaven
49,/home/runner/work/javassist/javassist/target/test-classes/javassist/JvstTest4$Inner1.class,-1,407198,407196,Not provided,BuildwithMaven,BuildwithMaven
50,/home/runner/work/javassist/javassist/target/test-classes/test2/Nested$Inner2.class,-1,406896,406894,Not provided,BuildwithMaven,BuildwithMaven
51,/home/runner/work/javassist/javassist/target/test-classes/test2/ReplaceClassName3.class,-1,406936,406934,Not provided,BuildwithMaven,BuildwithMaven
52,/home/runner/work/javassist/javassist/target/test-classes/test2/ReplaceClassName2.class,-1,406932,406930,Not provided,BuildwithMaven,BuildwithMaven
53,/home/runner/work/javassist/javassist/target/test-classes/test/javassist/convert/InstrumentationTarget$Itr.class,-1,406924,406922,Not provided,BuildwithMaven,BuildwithMaven
54,/home/runner/work/javassist/javassist/target/test-classes/testproxy/Target189.class,-1,406888,406886,Not provided,BuildwithMaven,BuildwithMaven
55,/home/runner/work/javassist/javassist/target/test-classes/test1/BenchProceed.class,-1,406860,406858,Not provided,BuildwithMaven,BuildwithMaven
56,/home/runner/work/javassist/javassist/target/test-classes/test1/BenchProceed2.class,-1,406856,406854,Not provided,BuildwithMaven,BuildwithMaven
57,/home/runner/work/javassist/javassist/target/test-classes/test/javassist/bytecode/analysis/DomTreePrinter.class,-1,407044,407042,Not provided,BuildwithMaven,BuildwithMaven
58,/home/runner/work/javassist/javassist/target/test-classes/scoped/jar1/ScopedAnnotationDefaultUsage.class,-1,407004,407002,Not provided,BuildwithMaven,BuildwithMaven
59,/home/runner/work/javassist/javassist/target/test-classes/scoped/TestAnnotation.class,-1,407008,407006,Not provided,BuildwithMaven,BuildwithMaven
60,/home/runner/work/javassist/javassist/target/test-classes/VisibleTop2.class,-1,407556,407554,Not provided,BuildwithMaven,BuildwithMaven
61,/home/runner/work/javassist/javassist/target/test-classes/test3/InnerClass.class,-1,407636,407634,Not provided,BuildwithMaven,BuildwithMaven
62,/home/runner/work/javassist/javassist/target/test-classes/scoped/jar1/ScopedTestAnnotation.class,-1,407640,407638,Not provided,BuildwithMaven,BuildwithMaven
63,/home/runner/work/javassist/javassist/target/test-classes/test3/NestedClass$StaticNested.class,-1,408547,408545,Not provided,BuildwithMaven,BuildwithMaven
64,/home/runner/work/javassist/javassist/target/test-classes/test1/GetThrow2.class,-1,407516,407514,Not provided,BuildwithMaven,BuildwithMaven
65,/home/runner/work/javassist/javassist/target/test-classes/javassist/bytecode/StackMapTest$T8dd.class,-1,407360,407358,Not provided,BuildwithMaven,BuildwithMaven
66,/home/runner/work/javassist/javassist/target/test-classes/javassist/bytecode/StackMapTest$I8d.class,-1,407356,407354,Not provided,BuildwithMaven,BuildwithMaven
67,/home/runner/work/javassist/javassist/target/test-classes/test/javassist/bytecode/analysis/ErrorFinder.class,-1,407420,407418,Not provided,BuildwithMaven,BuildwithMaven
68,/home/runner/work/javassist/javassist/target/test-classes/test1/GetThrow1.class,-1,407512,407510,Not provided,BuildwithMaven,BuildwithMaven
69,/home/runner/work/javassist/javassist/target/test-classes/test/javassist/bytecode/analysis/AnalyzerTest$Dummy$A3.class,-1,407484,407482,Not provided,BuildwithMaven,BuildwithMaven
70,/home/runner/work/javassist/javassist/target/test-classes/test/javassist/bytecode/analysis/AnalyzerTest$Dummy$A2.class,-1,407480,407478,Not provided,BuildwithMaven,BuildwithMaven
71,/home/runner/work/javassist/javassist/target/test-classes/test3/NewClass2.class,-1,407464,407462,Not provided,BuildwithMaven,BuildwithMaven
72,/home/runner/work/javassist/javassist/target/test-classes/test3/NestedClass$Inner.class,-1,408543,408541,Not provided,BuildwithMaven,BuildwithMaven
73,/home/runner/work/javassist/javassist/target/test-classes/test3/NestedClass$1.class,-1,408551,408549,Not provided,BuildwithMaven,BuildwithMaven
74,/home/runner/work/javassist/javassist/target/runtest/test1/NewInterface.class,-1,411808,411806,Not provided,BuildwithMaven,BuildwithMaven
75,/home/runner/work/javassist/javassist/target/runtest/test1/SetName3.class,-1,411919,411917,Not provided,BuildwithMaven,BuildwithMaven
76,/home/runner/work/javassist/javassist/target/runtest/test1/SetName2.class,-1,411915,411913,Not provided,BuildwithMaven,BuildwithMaven
77,/home/runner/work/javassist/javassist/target/runtest/test1/Freeze.class,-1,411866,411864,Not provided,BuildwithMaven,BuildwithMaven
78,/home/runner/work/javassist/javassist/target/runtest/test2/NullArgTest.class,-1,412399,412397,Not provided,BuildwithMaven,BuildwithMaven
79,/home/runner/work/javassist/javassist/target/runtest/test2/NewOp.class,-1,412395,412393,Not provided,BuildwithMaven,BuildwithMaven
80,/home/runner/work/javassist/javassist/target/runtest/test2/MethodCall.class,-1,412292,412290,Not provided,BuildwithMaven,BuildwithMaven
81,/home/runner/work/javassist/javassist/target/runtest/test2/Inner.class,-1,412213,412211,Not provided,BuildwithMaven,BuildwithMaven
82,/home/runner/work/javassist/javassist/target/runtest/test2/Inherit.class,-1,412203,412201,Not provided,BuildwithMaven,BuildwithMaven
83,/home/runner/work/javassist/javassist/target/runtest/test1/NewInterface2.class,-1,411812,411810,Not provided,BuildwithMaven,BuildwithMaven
84,/home/runner/work/javassist/javassist/target/runtest/test1/MySerializableClass.class,-1,411242,411240,Not provided,BuildwithMaven,BuildwithMaven
85,/home/runner/work/javassist/javassist/target/test-classes/javassist/compiler/LexTest.class,-1,409482,409480,Not provided,BuildwithMaven,BuildwithMaven
86,/home/runner/work/javassist/javassist/target/test-classes/scoped/jar1/ScopedAnnotationUsage.class,-1,409478,409476,Not provided,BuildwithMaven,BuildwithMaven
87,/home/runner/work/javassist/javassist/target/test-classes/test1/Point.class,-1,409466,409464,Not provided,BuildwithMaven,BuildwithMaven
88,/home/runner/work/javassist/javassist/target/test-classes/test3/NestedClass$1Local.class,-1,408555,408553,Not provided,BuildwithMaven,BuildwithMaven
89,/home/runner/work/javassist/javassist/target/runtest/test5/NestHost4$InnerClass1$InnerClass5.class,-1,464582,464580,Not provided,BuildwithMaven,BuildwithMaven
90,/home/runner/work/javassist/javassist/target/runtest/test1/LocalVars2.class,-1,465076,465074,Not provided,BuildwithMaven,BuildwithMaven
91,/home/runner/work/javassist/javassist/target/runtest/test5/InnerModifier.class,-1,465056,465054,Not provided,BuildwithMaven,BuildwithMaven
92,/home/runner/work/javassist/javassist/target/runtest/test5/InnerModifier$Static.class,-1,465052,465050,Not provided,BuildwithMaven,BuildwithMaven
93,/home/runner/work/javassist/javassist/target/runtest/test5/InnerModifier$NonStatic.class,-1,465045,465043,Not provided,BuildwithMaven,BuildwithMaven
94,/home/runner/work/javassist/javassist/target/runtest/test3/PublicInner$Inner.class,-1,412688,412686,Not provided,BuildwithMaven,BuildwithMaven
95,/home/runner/work/javassist/javassist/target/runtest/test3/PublicInner.class,-1,412684,412682,Not provided,BuildwithMaven,BuildwithMaven
96,/home/runner/work/javassist/javassist/target/runtest/test2/SuperInterface3.class,-1,412524,412522,Not provided,BuildwithMaven,BuildwithMaven
97,/home/runner/work/javassist/javassist/target/runtest/test4/TestDeadcode.class,-1,413457,413455,Not provided,BuildwithMaven,BuildwithMaven
98,/home/runner/work/javassist/javassist/target/runtest/test4/WrittenFile2sub.class,-1,413392,413390,Not provided,BuildwithMaven,BuildwithMaven
99,/home/runner/work/javassist/javassist/target/runtest/test4/AnnoLoad.class,-1,413319,413317,Not provided,BuildwithMaven,BuildwithMaven
100,/home/runner/work/javassist/javassist/target/runtest/test4/AnnoLoadAnno.class,-1,413312,413310,Not provided,BuildwithMaven,BuildwithMaven
101,/home/runner/work/javassist/javassist/target/runtest/test3/StaticFinalField.class,-1,413018,413016,Not provided,BuildwithMaven,BuildwithMaven
102,/home/runner/work/javassist/javassist/target/test-classes/javassist/HotswapTest$Foo.class,-1,409442,409440,Not provided,BuildwithMaven,BuildwithMaven
103,/home/runner/work/javassist/javassist/target/test-classes/test/javassist/proxy/ProxySimpleTest$Default4.class,-1,408862,408860,Not provided,BuildwithMaven,BuildwithMaven
104,/home/runner/work/javassist/javassist/target/test-classes/test5/JIRA242.class,-1,408970,408968,Not provided,BuildwithMaven,BuildwithMaven
105,/home/runner/work/javassist/javassist/target/test-classes/test5/RemoveAnno2.class,-1,408994,408992,Not provided,BuildwithMaven,BuildwithMaven
106,/home/runner/work/javassist/javassist/target/test-classes/test5/RemoveAnno1.class,-1,408990,408988,Not provided,BuildwithMaven,BuildwithMaven
107,/home/runner/work/javassist/javassist/target/test-classes/test3/PackName2.class,-1,408978,408976,Not provided,BuildwithMaven,BuildwithMaven
108,/home/runner/work/javassist/javassist/target/test-classes/test4/Signature$Foo.class,-1,408706,408704,Not provided,BuildwithMaven,BuildwithMaven
109,/home/runner/work/javassist/javassist/target/test-classes/Test.class,-1,408702,408700,Not provided,BuildwithMaven,BuildwithMaven
110,/home/runner/work/javassist/javassist/target/test-classes/InvalidStackMapFrame.class,-1,408698,408696,Not provided,BuildwithMaven,BuildwithMaven
111,/home/runner/work/javassist/javassist/target/test-classes/test3/PublicInner2$PS.class,-1,408658,408656,Not provided,BuildwithMaven,BuildwithMaven
112,/home/runner/work/javassist/javassist/target/test-classes/javassist/ConcurrentClassDefinitionTest.class,-1,408774,408772,Not provided,BuildwithMaven,BuildwithMaven
113,/home/runner/work/javassist/javassist/target/test-classes/javassist/ConcurrentClassDefinitionTest$Worker.class,-1,408770,408768,Not provided,BuildwithMaven,BuildwithMaven
114,/home/runner/work/javassist/javassist/target/test-classes/Jassist150.class,-1,408746,408744,Not provided,BuildwithMaven,BuildwithMaven
115,/home/runner/work/javassist/javassist/target/test-classes/Jassist150$1.class,-1,408742,408740,Not provided,BuildwithMaven,BuildwithMaven
116,/home/runner/work/javassist/javassist/target/test-classes/test4/ImportPac.class,-1,409272,409270,Not provided,BuildwithMaven,BuildwithMaven
117,/home/runner/work/javassist/javassist/target/test-classes/javassist/tools/reflect/ClassMetaobjectTest.class,-1,409268,409266,Not provided,BuildwithMaven,BuildwithMaven
118,/home/runner/work/javassist/javassist/target/test-classes/javassist/tools/reflect/Person.class,-1,409252,409250,Not provided,BuildwithMaven,BuildwithMaven
119,/home/runner/work/javassist/javassist/target/test-classes/test4/JIRA181$B.class,-1,409238,409236,Not provided,BuildwithMaven,BuildwithMaven
120,/home/runner/work/javassist/javassist/target/test-classes/test2/StaticArraysMem.class,-1,409422,409420,Not provided,BuildwithMaven,BuildwithMaven
121,/home/runner/work/javassist/javassist/target/test-classes/test5/NestHost$Bar.class,-1,409366,409364,Not provided,BuildwithMaven,BuildwithMaven
122,/home/runner/work/javassist/javassist/target/test-classes/test4/JIRA181$ICondition.class,-1,409234,409232,Not provided,BuildwithMaven,BuildwithMaven
123,/home/runner/work/javassist/javassist/target/test-classes/annotation/Tag.class,-1,409102,409100,Not provided,BuildwithMaven,BuildwithMaven
124,/home/runner/work/javassist/javassist/target/test-classes/annotation/EnumTest.class,-1,409098,409096,Not provided,BuildwithMaven,BuildwithMaven
125,/home/runner/work/javassist/javassist/target/test-classes/annotation/Id.class,-1,409094,409092,Not provided,BuildwithMaven,BuildwithMaven
126,/home/runner/work/javassist/javassist/target/test-classes/test4/GetAllRefEnum.class,-1,409126,409124,Not provided,BuildwithMaven,BuildwithMaven
127,/home/runner/work/javassist/javassist/target/test-classes/test4/GetAllRefAnno.class,-1,409130,409128,Not provided,BuildwithMaven,BuildwithMaven
128,/home/runner/work/javassist/javassist/target/test-classes/testproxy/sub/TargetSuper.class,-1,409182,409180,Not provided,BuildwithMaven,BuildwithMaven
129,/home/runner/work/javassist/javassist/target/test-classes/scoped/jar1/TestClass1.class,-1,409214,409212,Not provided,BuildwithMaven,BuildwithMaven
130,/home/runner/work/javassist/javassist/target/test-classes/test4/GetAllRefAnnoC.class,-1,409134,409132,Not provided,BuildwithMaven,BuildwithMaven
131,/home/runner/work/javassist/javassist/target/test-classes/javassist/bytecode/CodeAnalyzerTest.class,-1,409162,409160,Not provided,BuildwithMaven,BuildwithMaven
132,/home/runner/work/javassist/javassist/target/test-classes/test4/GetAllRefAnnoC4.class,-1,409146,409144,Not provided,BuildwithMaven,BuildwithMaven
133,/home/runner/work/javassist/javassist/target/test-classes/test4/GetAllRefAnnoC3.class,-1,409142,409140,Not provided,BuildwithMaven,BuildwithMaven
134,/home/runner/work/javassist/javassist/target/test-classes/test4/GetAllRefAnnoC2.class,-1,409138,409136,Not provided,BuildwithMaven,BuildwithMaven
135,/home/runner/work/javassist/javassist/target/test-classes/test1/BenchStaticMethod.class,-1,406852,406850,Not provided,BuildwithMaven,BuildwithMaven
136,/home/runner/work/javassist/javassist/target/runtest/javassist/bytecode/StackMapTest$C6.class,-1,465410,465408,Not provided,BuildwithMaven,BuildwithMaven
137,/home/runner/work/javassist/javassist/target/runtest/javassist/bytecode/Gap0Example.class,-1,465744,465742,Not provided,BuildwithMaven,BuildwithMaven
138,/home/runner/work/javassist/javassist/target/runtest/javassist/bytecode/Gap0Example2.class,-1,465751,465749,Not provided,BuildwithMaven,BuildwithMaven
139,/home/runner/work/javassist/javassist/sample/vector/VectorAssistant.java,-1,1417,1415,Not provided,uses-checkout,uses-checkout
140,/home/runner/work/javassist/javassist/sample/vector/Test.j,-1,1413,1411,Not provided,uses-checkout,uses-checkout
141,/home/runner/work/javassist/javassist/sample/vector/Sample2.java,-1,1409,1407,Not provided,uses-checkout,uses-checkout
142,/home/runner/work/javassist/javassist/target/runtest/reflected/javassist/tools/reflect/SuperClass.class,-1,465810,465808,Not provided,BuildwithMaven,BuildwithMaven
143,/home/runner/work/javassist/javassist/sample/rmi/webdemo.html,-1,1399,1397,Not provided,uses-checkout,uses-checkout
144,/home/runner/work/javassist/javassist/sample/rmi/start.html,-1,1395,1393,Not provided,uses-checkout,uses-checkout
145,/home/runner/work/javassist/javassist/sample/rmi/inside.gif,-1,1391,1389,Not provided,uses-checkout,uses-checkout
146,/home/runner/work/javassist/javassist/sample/rmi/Counter.java,-1,1387,1385,Not provided,uses-checkout,uses-checkout
147,/home/runner/work/javassist/javassist/sample/rmi/CountApplet.java,-1,1383,1381,Not provided,uses-checkout,uses-checkout
148,/home/runner/work/javassist/javassist/target/runtest/testproxy/BridgeMethod_$$_jvst655_7.class,-1,465925,465923,Not provided,BuildwithMaven,BuildwithMaven
149,/home/runner/work/javassist/javassist/sample/reflect/VerboseMetaobj.java,-1,1373,1371,Not provided,uses-checkout,uses-checkout
150,/home/runner/work/javassist/javassist/sample/reflect/Person.java,-1,1369,1367,Not provided,uses-checkout,uses-checkout
151,/home/runner/work/javassist/javassist/sample/preproc/package.html,-1,1359,1357,Not provided,uses-checkout,uses-checkout
152,/home/runner/work/javassist/javassist/sample/preproc/Compiler.java,-1,1355,1353,Not provided,uses-checkout,uses-checkout
153,/home/runner/work/javassist/javassist/target/runtest/testproxy/Target_$$_jvst655_11.class,-1,466080,466078,Not provided,BuildwithMaven,BuildwithMaven
154,/home/runner/work/javassist/javassist/sample/hotswap/Test.java,-1,1339,1337,Not provided,uses-checkout,uses-checkout
155,/home/runner/work/javassist/javassist/target/runtest/proxy/test/javassist/proxy/ProxySimpleTest$Default3_$$_jvst655_273d.class,-1,466485,466483,Not provided,BuildwithMaven,BuildwithMaven
156,/home/runner/work/javassist/javassist/.github/workflows/maven.yml,-1,1176,1174,Not provided,uses-checkout,uses-checkout
157,/home/runner/work/javassist/javassist/sample/evolve/CannotUpdateException.java,-1,1290,1288,Not provided,uses-checkout,uses-checkout
158,/home/runner/work/javassist/javassist/sample/evolve/update.html,-1,1330,1328,Not provided,uses-checkout,uses-checkout
159,/home/runner/work/javassist/javassist/sample/evolve/start.html,-1,1326,1324,Not provided,uses-checkout,uses-checkout
160,/home/runner/work/javassist/javassist/sample/evolve/demo.html,-1,1318,1316,Not provided,uses-checkout,uses-checkout
161,/home/runner/work/javassist/javassist/sample/evolve/WebPage.java,-1,1314,1312,Not provided,uses-checkout,uses-checkout
162,/home/runner/work/javassist/javassist/sample/evolve/VersionManager.java,-1,1310,1308,Not provided,uses-checkout,uses-checkout
163,/home/runner/work/javassist/javassist/sample/evolve/Sample.java,-1,1306,1304,Not provided,uses-checkout,uses-checkout
164,/home/runner/work/javassist/javassist/sample/evolve/Evolution.java,-1,1302,1300,Not provided,uses-checkout,uses-checkout
165,/home/runner/work/javassist/javassist/sample/evolve/DemoServer.java,-1,1298,1296,Not provided,uses-checkout,uses-checkout
166,/home/runner/work/javassist/javassist/sample/evolve/DemoLoader.java,-1,1294,1292,Not provided,uses-checkout,uses-checkout
167,/home/runner/work/javassist/javassist/target/runtest/proxy/test/javassist/proxy/ProxySimpleTest$PubProxy_$$_jvst655_2734.class,-1,466353,466351,Not provided,BuildwithMaven,BuildwithMaven
168,/home/runner/work/javassist/javassist/.gitignore,-1,1184,1182,Not provided,uses-checkout,uses-checkout
169,/home/runner/work/javassist/javassist/sample/duplicate/Viewer.java,-1,1280,1278,Not provided,uses-checkout,uses-checkout
170,/home/runner/work/javassist/javassist/sample/duplicate/Main.java,-1,1276,1274,Not provided,uses-checkout,uses-checkout
171,/home/runner/work/javassist/javassist/sample/duplicate/DuplicatedObject.java,-1,1272,1270,Not provided,uses-checkout,uses-checkout
172,/home/runner/work/javassist/javassist/target/runtest/proxy/test/javassist/proxy/ProxySimpleTest$Default2_$$_jvst655_273b.class,-1,466462,466460,Not provided,BuildwithMaven,BuildwithMaven
173,/home/runner/work/javassist/javassist/build.xml,-1,1205,1203,Not provided,uses-checkout,uses-checkout
174,/home/runner/work/javassist/javassist/README.md,-1,1201,1199,Not provided,uses-checkout,uses-checkout
175,/home/runner/work/javassist/javassist/Examples.md,-1,1192,1190,Not provided,uses-checkout,uses-checkout
176,/home/runner/work/javassist/javassist/Changes.md,-1,1188,1186,Not provided,uses-checkout,uses-checkout
177,/home/runner/work/javassist/javassist/target/runtest/javassist/bytecode/StackMapTest$T8d.class,-1,465705,465703,Not provided,BuildwithMaven,BuildwithMaven
178,/home/runner/work/javassist/javassist/target/test-classes/testproxy/Target127.class,-1,406707,406705,Not provided,BuildwithMaven,BuildwithMaven
179,/home/runner/work/javassist/javassist/target/test-classes/testproxy/Target127$RealSub.class,-1,406703,406701,Not provided,BuildwithMaven,BuildwithMaven
180,/home/runner/work/javassist/javassist/target/test-classes/test3/Enhancer.class,-1,406836,406834,Not provided,BuildwithMaven,BuildwithMaven
181,/home/runner/work/javassist/javassist/target/test-classes/test3/Enhancer$Interceptor.class,-1,406832,406830,Not provided,BuildwithMaven,BuildwithMaven
182,/home/runner/work/javassist/javassist/target/test-classes/test3/Enhancer$1.class,-1,406828,406826,Not provided,BuildwithMaven,BuildwithMaven
183,/home/runner/work/javassist/javassist/target/test-classes/test3/EnhanceTest.class,-1,406821,406819,Not provided,BuildwithMaven,BuildwithMaven
184,/home/runner/work/javassist/javassist/target/test-classes/javassist/compiler/ParseTest.class,-1,406797,406795,Not provided,BuildwithMaven,BuildwithMaven
185,/home/runner/work/javassist/javassist/target/test-classes/Readme.txt,-1,404348,404345,Not provided,BuildwithMaven,BuildwithMaven
186,/home/runner/work/javassist/javassist/target/test-classes/test1/RenameClass2.class,-1,406581,406579,Not provided,BuildwithMaven,BuildwithMaven
187,/home/runner/work/javassist/javassist/target/test-classes/test3/NewExprTryCatch2.class,-1,406565,406563,Not provided,BuildwithMaven,BuildwithMaven
188,/home/runner/work/javassist/javassist/target/test-classes/test/javassist/bytecode/analysis/ScannerTest.class,-1,406561,406559,Not provided,BuildwithMaven,BuildwithMaven
189,/home/runner/work/javassist/javassist/target/runtest/proxy/javassist/util/proxy/test_javassist_proxy_ProxySimpleTest$PubProxy2_$$_jvst655_273c.class,-1,466474,-1,Not provided,BuildwithMaven,Not provided
190,/home/runner/work/javassist/javassist/target/runtest/proxy/test/javassist/proxy/ProxySimpleTest$Foo_$$_jvst655_2733.class,-1,466343,-1,Not provided,BuildwithMaven,Not provided
191,/home/runner/work/javassist/javassist/sample/vector/Sample.java,-1,1405,-1,Not provided,uses-checkout,Not provided
192,/home/runner/work/javassist/javassist/sample/rmi/AlertDialog.java,-1,1379,-1,Not provided,uses-checkout,Not provided
193,/home/runner/work/javassist/javassist/sample/reflect/Main.java,-1,1365,-1,Not provided,uses-checkout,Not provided
194,/home/runner/work/javassist/javassist/sample/preproc/Assistant.java,-1,1351,-1,Not provided,uses-checkout,Not provided
195,/home/runner/work/javassist/javassist/sample/hotswap/logging/HelloWorld.java,-1,1345,-1,Not provided,uses-checkout,Not provided
196,/home/runner/work/javassist/javassist/sample/evolve/CannotCreateException.java,-1,1286,-1,Not provided,uses-checkout,Not provided
197,/home/runner/work/javassist/javassist/sample/duplicate/Ball.java,-1,1268,-1,Not provided,uses-checkout,Not provided
198,/home/runner/work/javassist/javassist/sample/Test.java,-1,1262,-1,Not provided,uses-checkout,Not provided
