,file_name,last_access_index,last_modify_index,creation_index,last_access_step,last_modify_step,creation_step
0,/home/runner/work/javassist/javassist/target/javassist-3.29.2-GA.jar,-1,975680,955256,Not provided,BuildwithMaven,BuildwithMaven
1,/home/runner/work/javassist/javassist/target/javassist-3.29.2-GA-sources.jar,-1,985588,976870,Not provided,BuildwithMaven,BuildwithMaven
2,/home/runner/work/javassist/javassist/target/classes/META-INF/MANIFEST.MF,438645,976708,389348,BuildwithMaven,BuildwithMaven,BuildwithMaven
3,/home/runner/work/javassist/javassist/target/runtest/test1/AnnoTest.class,-1,436615,436480,Not provided,BuildwithMaven,BuildwithMaven
4,/home/runner/work/javassist/javassist/target/runtest/test-hibernate.class,-1,436910,436812,Not provided,BuildwithMaven,BuildwithMaven
5,/home/runner/work/javassist/javassist/target/runtest/TooManyConstPoolItems.class,-1,436113,436067,Not provided,BuildwithMaven,BuildwithMaven
6,/home/runner/work/javassist/javassist/target/surefire-reports/TEST-javassist.JvstTest.xml,-1,437995,437988,Not provided,BuildwithMaven,BuildwithMaven
7,/home/runner/work/javassist/javassist/target/runtest/test3/JIRA63.class,-1,399204,399195,Not provided,BuildwithMaven,BuildwithMaven
8,/home/runner/work/javassist/javassist/target/maven-status/maven-compiler-plugin/testCompile/default-testCompile/createdFiles.lst,-1,395932,395928,Not provided,BuildwithMaven,BuildwithMaven
9,/home/runner/work/javassist/javassist/target/maven-status/maven-compiler-plugin/testCompile/default-testCompile/inputFiles.lst,-1,395938,395934,Not provided,BuildwithMaven,BuildwithMaven
10,/home/runner/work/javassist/javassist/tutorial/tutorial2.html,-1,3659,3655,Not provided,uses-checkout,uses-checkout
11,/home/runner/work/javassist/javassist/tutorial/tutorial.html,-1,3653,3649,Not provided,uses-checkout,uses-checkout
12,/home/runner/work/javassist/javassist/target/maven-status/maven-compiler-plugin/compile/default-compile/inputFiles.lst,-1,6877,6873,Not provided,BuildwithMaven,BuildwithMaven
13,/home/runner/work/javassist/javassist/target/maven-status/maven-compiler-plugin/compile/default-compile/createdFiles.lst,-1,6871,6867,Not provided,BuildwithMaven,BuildwithMaven
14,/home/runner/work/javassist/javassist/target/test-classes/test3/InnerClass.class,-1,393880,393878,Not provided,BuildwithMaven,BuildwithMaven
15,/home/runner/work/javassist/javassist/target/test-classes/scoped/jar1/ScopedTestAnnotation.class,-1,393884,393882,Not provided,BuildwithMaven,BuildwithMaven
16,/home/runner/work/javassist/javassist/target/test-classes/test1/GetThrow2.class,-1,393760,393758,Not provided,BuildwithMaven,BuildwithMaven
17,/home/runner/work/javassist/javassist/target/test-classes/VisibleTop2.class,-1,393800,393798,Not provided,BuildwithMaven,BuildwithMaven
18,/home/runner/work/javassist/javassist/target/test-classes/test1/GetThrow1.class,-1,393756,393754,Not provided,BuildwithMaven,BuildwithMaven
19,/home/runner/work/javassist/javassist/target/test-classes/javassist/bytecode/StackMapTest$T8dd.class,-1,393604,393602,Not provided,BuildwithMaven,BuildwithMaven
20,/home/runner/work/javassist/javassist/target/test-classes/javassist/bytecode/StackMapTest$I8d.class,-1,393600,393598,Not provided,BuildwithMaven,BuildwithMaven
21,/home/runner/work/javassist/javassist/target/test-classes/test/javassist/bytecode/analysis/AnalyzerTest$Dummy$A3.class,-1,393736,393734,Not provided,BuildwithMaven,BuildwithMaven
22,/home/runner/work/javassist/javassist/target/test-classes/test/javassist/bytecode/analysis/AnalyzerTest$Dummy$A2.class,-1,393732,393730,Not provided,BuildwithMaven,BuildwithMaven
23,/home/runner/work/javassist/javassist/target/test-classes/test3/NewClass2.class,-1,393708,393706,Not provided,BuildwithMaven,BuildwithMaven
24,/home/runner/work/javassist/javassist/target/test-classes/test/javassist/bytecode/analysis/ErrorFinder.class,-1,393664,393662,Not provided,BuildwithMaven,BuildwithMaven
25,/home/runner/work/javassist/javassist/target/test-classes/test4/GetAllRefInnerTest$2.class,-1,394250,394248,Not provided,BuildwithMaven,BuildwithMaven
26,/home/runner/work/javassist/javassist/target/test-classes/test4/GetAllRefInnerTest$1.class,-1,394246,394244,Not provided,BuildwithMaven,BuildwithMaven
27,/home/runner/work/javassist/javassist/target/test-classes/test4/GetAllRefInnerTest2.class,-1,394242,394240,Not provided,BuildwithMaven,BuildwithMaven
28,/home/runner/work/javassist/javassist/target/test-classes/test4/GetAllRefInnerTest2$1.class,-1,394238,394236,Not provided,BuildwithMaven,BuildwithMaven
29,/home/runner/work/javassist/javassist/target/test-classes/test5/JIRA246.class,-1,394180,394178,Not provided,BuildwithMaven,BuildwithMaven
30,/home/runner/work/javassist/javassist/target/test-classes/javassist/ClassPoolBench.class,-1,394382,394380,Not provided,BuildwithMaven,BuildwithMaven
31,/home/runner/work/javassist/javassist/target/test-classes/scoped/UnscopedAnnotationUsage.class,-1,394342,394340,Not provided,BuildwithMaven,BuildwithMaven
32,/home/runner/work/javassist/javassist/target/test-classes/scoped/jar1/FullyScopedAnnotationDefaultUsage.class,-1,394338,394336,Not provided,BuildwithMaven,BuildwithMaven
33,/home/runner/work/javassist/javassist/target/test-classes/test3/Visible2.class,-1,394029,394027,Not provided,BuildwithMaven,BuildwithMaven
34,/home/runner/work/javassist/javassist/target/test-classes/scoped/UnscopedAnnotationDefaultUsage.class,-1,394097,394095,Not provided,BuildwithMaven,BuildwithMaven
35,/home/runner/work/javassist/javassist/target/test-classes/javassist/compiler/CodeTest.class,-1,394073,394071,Not provided,BuildwithMaven,BuildwithMaven
36,/home/runner/work/javassist/javassist/target/test-classes/test1/BenchProceedNew.class,-1,394069,394067,Not provided,BuildwithMaven,BuildwithMaven
37,/home/runner/work/javassist/javassist/target/test-classes/test1/BenchProceedNew3.class,-1,394065,394063,Not provided,BuildwithMaven,BuildwithMaven
38,/home/runner/work/javassist/javassist/target/test-classes/test1/BenchProceedNew2.class,-1,394061,394059,Not provided,BuildwithMaven,BuildwithMaven
39,/home/runner/work/javassist/javassist/target/test-classes/Readme.txt,-1,390610,390607,Not provided,BuildwithMaven,BuildwithMaven
40,/home/runner/work/javassist/javassist/target/test-classes/test1/RenameClass2.class,-1,392841,392839,Not provided,BuildwithMaven,BuildwithMaven
41,/home/runner/work/javassist/javassist/target/test-classes/test3/NewExprTryCatch2.class,-1,392809,392807,Not provided,BuildwithMaven,BuildwithMaven
42,/home/runner/work/javassist/javassist/target/test-classes/test/javassist/bytecode/analysis/ScannerTest.class,-1,392805,392803,Not provided,BuildwithMaven,BuildwithMaven
43,/home/runner/work/javassist/javassist/target/test-classes/test/javassist/bytecode/analysis/DomTreePrinter.class,-1,393300,393298,Not provided,BuildwithMaven,BuildwithMaven
44,/home/runner/work/javassist/javassist/target/test-classes/scoped/TestAnnotation.class,-1,393260,393258,Not provided,BuildwithMaven,BuildwithMaven
45,/home/runner/work/javassist/javassist/target/test-classes/scoped/jar1/ScopedAnnotationDefaultUsage.class,-1,393256,393254,Not provided,BuildwithMaven,BuildwithMaven
46,/home/runner/work/javassist/javassist/target/test-classes/test2/ReplaceClassName3.class,-1,393180,393178,Not provided,BuildwithMaven,BuildwithMaven
47,/home/runner/work/javassist/javassist/target/test-classes/javassist/JvstTest4$Inner1.class,-1,393442,393440,Not provided,BuildwithMaven,BuildwithMaven
48,/home/runner/work/javassist/javassist/target/test-classes/test5/InnerClassRemove$C.class,-1,393356,393354,Not provided,BuildwithMaven,BuildwithMaven
49,/home/runner/work/javassist/javassist/target/test-classes/test5/InnerClassRemove$B.class,-1,393352,393350,Not provided,BuildwithMaven,BuildwithMaven
50,/home/runner/work/javassist/javassist/target/test-classes/test5/InnerClassRemove$A.class,-1,393348,393346,Not provided,BuildwithMaven,BuildwithMaven
51,/home/runner/work/javassist/javassist/target/test-classes/test2/ReplaceClassName2.class,-1,393176,393174,Not provided,BuildwithMaven,BuildwithMaven
52,/home/runner/work/javassist/javassist/target/test-classes/javassist/compiler/ParseTest.class,-1,393041,393039,Not provided,BuildwithMaven,BuildwithMaven
53,/home/runner/work/javassist/javassist/target/test-classes/testproxy/Target127.class,-1,392967,392965,Not provided,BuildwithMaven,BuildwithMaven
54,/home/runner/work/javassist/javassist/target/test-classes/testproxy/Target127$RealSub.class,-1,392963,392961,Not provided,BuildwithMaven,BuildwithMaven
55,/home/runner/work/javassist/javassist/target/test-classes/test/javassist/convert/InstrumentationTarget$Itr.class,-1,393168,393166,Not provided,BuildwithMaven,BuildwithMaven
56,/home/runner/work/javassist/javassist/target/test-classes/test2/Nested$Inner2.class,-1,393140,393138,Not provided,BuildwithMaven,BuildwithMaven
57,/home/runner/work/javassist/javassist/target/test-classes/testproxy/Target189.class,-1,393132,393130,Not provided,BuildwithMaven,BuildwithMaven
58,/home/runner/work/javassist/javassist/target/test-classes/test1/BenchProceed.class,-1,393104,393102,Not provided,BuildwithMaven,BuildwithMaven
59,/home/runner/work/javassist/javassist/target/test-classes/test1/BenchProceed2.class,-1,393100,393098,Not provided,BuildwithMaven,BuildwithMaven
60,/home/runner/work/javassist/javassist/target/test-classes/test1/BenchStaticMethod.class,-1,393096,393094,Not provided,BuildwithMaven,BuildwithMaven
61,/home/runner/work/javassist/javassist/target/test-classes/test3/Enhancer.class,-1,393080,393078,Not provided,BuildwithMaven,BuildwithMaven
62,/home/runner/work/javassist/javassist/target/test-classes/test3/Enhancer$Interceptor.class,-1,393076,393074,Not provided,BuildwithMaven,BuildwithMaven
63,/home/runner/work/javassist/javassist/target/test-classes/test3/Enhancer$1.class,-1,393072,393070,Not provided,BuildwithMaven,BuildwithMaven
64,/home/runner/work/javassist/javassist/target/test-classes/test3/EnhanceTest.class,-1,393065,393063,Not provided,BuildwithMaven,BuildwithMaven
65,/home/runner/work/javassist/javassist/target/runtest/test1/MySerializableClass.class,-1,397375,397373,Not provided,BuildwithMaven,BuildwithMaven
66,/home/runner/work/javassist/javassist/target/test-classes/javassist/compiler/LexTest.class,-1,395726,395724,Not provided,BuildwithMaven,BuildwithMaven
67,/home/runner/work/javassist/javassist/target/test-classes/scoped/jar1/ScopedAnnotationUsage.class,-1,395722,395720,Not provided,BuildwithMaven,BuildwithMaven
68,/home/runner/work/javassist/javassist/target/test-classes/test1/Point.class,-1,395702,395700,Not provided,BuildwithMaven,BuildwithMaven
69,/home/runner/work/javassist/javassist/target/runtest/test1/SetName2.class,-1,398033,398031,Not provided,BuildwithMaven,BuildwithMaven
70,/home/runner/work/javassist/javassist/target/runtest/test1/Freeze.class,-1,397984,397982,Not provided,BuildwithMaven,BuildwithMaven
71,/home/runner/work/javassist/javassist/target/runtest/test1/NewInterface2.class,-1,397930,397928,Not provided,BuildwithMaven,BuildwithMaven
72,/home/runner/work/javassist/javassist/target/runtest/test1/NewInterface.class,-1,397926,397924,Not provided,BuildwithMaven,BuildwithMaven
73,/home/runner/work/javassist/javassist/target/test-classes/javassist/HotswapTest$Foo.class,-1,395686,395684,Not provided,BuildwithMaven,BuildwithMaven
74,/home/runner/work/javassist/javassist/target/test-classes/test4/ImportPac.class,-1,395516,395514,Not provided,BuildwithMaven,BuildwithMaven
75,/home/runner/work/javassist/javassist/target/test-classes/javassist/tools/reflect/ClassMetaobjectTest.class,-1,395512,395510,Not provided,BuildwithMaven,BuildwithMaven
76,/home/runner/work/javassist/javassist/target/test-classes/javassist/tools/reflect/Person.class,-1,395496,395494,Not provided,BuildwithMaven,BuildwithMaven
77,/home/runner/work/javassist/javassist/target/test-classes/test4/JIRA181$B.class,-1,395474,395472,Not provided,BuildwithMaven,BuildwithMaven
78,/home/runner/work/javassist/javassist/target/test-classes/test4/JIRA181$ICondition.class,-1,395470,395468,Not provided,BuildwithMaven,BuildwithMaven
79,/home/runner/work/javassist/javassist/target/test-classes/scoped/jar1/TestClass1.class,-1,395458,395456,Not provided,BuildwithMaven,BuildwithMaven
80,/home/runner/work/javassist/javassist/target/test-classes/test2/StaticArraysMem.class,-1,395666,395664,Not provided,BuildwithMaven,BuildwithMaven
81,/home/runner/work/javassist/javassist/target/test-classes/test5/NestHost$Bar.class,-1,395590,395588,Not provided,BuildwithMaven,BuildwithMaven
82,/home/runner/work/javassist/javassist/target/runtest/test1/SetName3.class,-1,398037,398035,Not provided,BuildwithMaven,BuildwithMaven
83,/home/runner/work/javassist/javassist/target/runtest/test4/WrittenFile2sub.class,-1,399494,399492,Not provided,BuildwithMaven,BuildwithMaven
84,/home/runner/work/javassist/javassist/target/runtest/test4/AnnoLoad.class,-1,399421,399419,Not provided,BuildwithMaven,BuildwithMaven
85,/home/runner/work/javassist/javassist/target/runtest/test4/AnnoLoadAnno.class,-1,399414,399412,Not provided,BuildwithMaven,BuildwithMaven
86,/home/runner/work/javassist/javassist/target/runtest/test3/StaticFinalField.class,-1,399134,399132,Not provided,BuildwithMaven,BuildwithMaven
87,/home/runner/work/javassist/javassist/target/runtest/test3/Clazz67.class,-1,399006,399004,Not provided,BuildwithMaven,BuildwithMaven
88,/home/runner/work/javassist/javassist/target/runtest/test4/TestDeadcode.class,-1,399559,399557,Not provided,BuildwithMaven,BuildwithMaven
89,/home/runner/work/javassist/javassist/target/runtest/test5/NestHost4$InnerClass1$InnerClass5.class,-1,435981,435979,Not provided,BuildwithMaven,BuildwithMaven
90,/home/runner/work/javassist/javassist/target/runtest/test3/PublicInner$Inner.class,-1,398811,398809,Not provided,BuildwithMaven,BuildwithMaven
91,/home/runner/work/javassist/javassist/target/runtest/test3/PublicInner.class,-1,398807,398805,Not provided,BuildwithMaven,BuildwithMaven
92,/home/runner/work/javassist/javassist/target/runtest/test2/Inner.class,-1,398331,398329,Not provided,BuildwithMaven,BuildwithMaven
93,/home/runner/work/javassist/javassist/target/runtest/test2/Inherit.class,-1,398321,398319,Not provided,BuildwithMaven,BuildwithMaven
94,/home/runner/work/javassist/javassist/target/runtest/test2/MethodCall.class,-1,398408,398406,Not provided,BuildwithMaven,BuildwithMaven
95,/home/runner/work/javassist/javassist/target/runtest/test2/SuperInterface3.class,-1,398640,398638,Not provided,BuildwithMaven,BuildwithMaven
96,/home/runner/work/javassist/javassist/target/runtest/test2/NullArgTest.class,-1,398515,398513,Not provided,BuildwithMaven,BuildwithMaven
97,/home/runner/work/javassist/javassist/target/runtest/test2/NewOp.class,-1,398511,398509,Not provided,BuildwithMaven,BuildwithMaven
98,/home/runner/work/javassist/javassist/target/test-classes/scoped/ScopedRepositoryTestCase.class,-1,394751,394749,Not provided,BuildwithMaven,BuildwithMaven
99,/home/runner/work/javassist/javassist/target/test-classes/test4/JIRA220intf.class,-1,394728,394726,Not provided,BuildwithMaven,BuildwithMaven
100,/home/runner/work/javassist/javassist/target/test-classes/test4/NestedClass$S.class,-1,394704,394702,Not provided,BuildwithMaven,BuildwithMaven
101,/home/runner/work/javassist/javassist/target/test-classes/test4/NestedClass$S$S2.class,-1,394700,394698,Not provided,BuildwithMaven,BuildwithMaven
102,/home/runner/work/javassist/javassist/target/test-classes/test4/NestedClass$N.class,-1,394696,394694,Not provided,BuildwithMaven,BuildwithMaven
103,/home/runner/work/javassist/javassist/target/test-classes/test5/NestHost2$Bar.class,-1,394688,394686,Not provided,BuildwithMaven,BuildwithMaven
104,/home/runner/work/javassist/javassist/target/test-classes/test2/Inner2$Child.class,-1,394676,394674,Not provided,BuildwithMaven,BuildwithMaven
105,/home/runner/work/javassist/javassist/target/test-classes/Test.class,-1,394954,394952,Not provided,BuildwithMaven,BuildwithMaven
106,/home/runner/work/javassist/javassist/target/test-classes/InvalidStackMapFrame.class,-1,394950,394948,Not provided,BuildwithMaven,BuildwithMaven
107,/home/runner/work/javassist/javassist/target/test-classes/test4/Signature$Foo.class,-1,394942,394940,Not provided,BuildwithMaven,BuildwithMaven
108,/home/runner/work/javassist/javassist/target/test-classes/test3/PublicInner2$PS.class,-1,394902,394900,Not provided,BuildwithMaven,BuildwithMaven
109,/home/runner/work/javassist/javassist/target/test-classes/test3/NestedClass$1Local.class,-1,394799,394797,Not provided,BuildwithMaven,BuildwithMaven
110,/home/runner/work/javassist/javassist/target/test-classes/test3/NestedClass$1.class,-1,394795,394793,Not provided,BuildwithMaven,BuildwithMaven
111,/home/runner/work/javassist/javassist/target/test-classes/test3/NestedClass$StaticNested.class,-1,394791,394789,Not provided,BuildwithMaven,BuildwithMaven
112,/home/runner/work/javassist/javassist/target/test-classes/test3/NestedClass$Inner.class,-1,394787,394785,Not provided,BuildwithMaven,BuildwithMaven
113,/home/runner/work/javassist/javassist/target/test-classes/test5/InnerModifier2.class,-1,394664,394662,Not provided,BuildwithMaven,BuildwithMaven
114,/home/runner/work/javassist/javassist/target/test-classes/javassist/Bench$3.class,-1,394604,394602,Not provided,BuildwithMaven,BuildwithMaven
115,/home/runner/work/javassist/javassist/target/test-classes/javassist/Bench.class,-1,394624,394622,Not provided,BuildwithMaven,BuildwithMaven
116,/home/runner/work/javassist/javassist/target/test-classes/javassist/Bench$7.class,-1,394620,394618,Not provided,BuildwithMaven,BuildwithMaven
117,/home/runner/work/javassist/javassist/target/test-classes/javassist/Bench$6.class,-1,394616,394614,Not provided,BuildwithMaven,BuildwithMaven
118,/home/runner/work/javassist/javassist/target/test-classes/javassist/Bench$5.class,-1,394612,394610,Not provided,BuildwithMaven,BuildwithMaven
119,/home/runner/work/javassist/javassist/target/test-classes/javassist/Bench$4.class,-1,394608,394606,Not provided,BuildwithMaven,BuildwithMaven
120,/home/runner/work/javassist/javassist/target/test-classes/javassist/Bench$2.class,-1,394600,394598,Not provided,BuildwithMaven,BuildwithMaven
121,/home/runner/work/javassist/javassist/target/test-classes/javassist/Bench$1.class,-1,394596,394594,Not provided,BuildwithMaven,BuildwithMaven
122,/home/runner/work/javassist/javassist/target/test-classes/scoped/jar1/FullyScopedAnnotationUsage.class,-1,394588,394586,Not provided,BuildwithMaven,BuildwithMaven
123,/home/runner/work/javassist/javassist/target/test-classes/test1/StaticField.class,-1,394580,394578,Not provided,BuildwithMaven,BuildwithMaven
124,/home/runner/work/javassist/javassist/target/test-classes/test5/RemoveAnno2.class,-1,395238,395236,Not provided,BuildwithMaven,BuildwithMaven
125,/home/runner/work/javassist/javassist/target/test-classes/test5/RemoveAnno1.class,-1,395234,395232,Not provided,BuildwithMaven,BuildwithMaven
126,/home/runner/work/javassist/javassist/target/test-classes/test3/PackName2.class,-1,395222,395220,Not provided,BuildwithMaven,BuildwithMaven
127,/home/runner/work/javassist/javassist/target/test-classes/test5/JIRA242.class,-1,395214,395212,Not provided,BuildwithMaven,BuildwithMaven
128,/home/runner/work/javassist/javassist/target/test-classes/test4/GetAllRefAnnoC2.class,-1,395382,395380,Not provided,BuildwithMaven,BuildwithMaven
129,/home/runner/work/javassist/javassist/target/test-classes/testproxy/sub/TargetSuper.class,-1,395426,395424,Not provided,BuildwithMaven,BuildwithMaven
130,/home/runner/work/javassist/javassist/target/test-classes/javassist/bytecode/CodeAnalyzerTest.class,-1,395406,395404,Not provided,BuildwithMaven,BuildwithMaven
131,/home/runner/work/javassist/javassist/target/test-classes/test4/GetAllRefAnnoC4.class,-1,395390,395388,Not provided,BuildwithMaven,BuildwithMaven
132,/home/runner/work/javassist/javassist/target/test-classes/test4/GetAllRefAnnoC3.class,-1,395386,395384,Not provided,BuildwithMaven,BuildwithMaven
133,/home/runner/work/javassist/javassist/target/test-classes/test4/GetAllRefAnnoC.class,-1,395378,395376,Not provided,BuildwithMaven,BuildwithMaven
134,/home/runner/work/javassist/javassist/target/test-classes/test4/GetAllRefAnno.class,-1,395374,395372,Not provided,BuildwithMaven,BuildwithMaven
135,/home/runner/work/javassist/javassist/target/test-classes/test4/GetAllRefEnum.class,-1,395370,395368,Not provided,BuildwithMaven,BuildwithMaven
136,/home/runner/work/javassist/javassist/target/test-classes/annotation/Tag.class,-1,395346,395344,Not provided,BuildwithMaven,BuildwithMaven
137,/home/runner/work/javassist/javassist/target/test-classes/annotation/EnumTest.class,-1,395342,395340,Not provided,BuildwithMaven,BuildwithMaven
138,/home/runner/work/javassist/javassist/target/test-classes/annotation/Id.class,-1,395338,395336,Not provided,BuildwithMaven,BuildwithMaven
139,/home/runner/work/javassist/javassist/target/test-classes/javassist/ConcurrentClassDefinitionTest.class,-1,395018,395016,Not provided,BuildwithMaven,BuildwithMaven
140,/home/runner/work/javassist/javassist/target/test-classes/javassist/ConcurrentClassDefinitionTest$Worker.class,-1,395014,395012,Not provided,BuildwithMaven,BuildwithMaven
141,/home/runner/work/javassist/javassist/target/test-classes/Jassist150.class,-1,395002,395000,Not provided,BuildwithMaven,BuildwithMaven
142,/home/runner/work/javassist/javassist/target/test-classes/Jassist150$1.class,-1,394998,394996,Not provided,BuildwithMaven,BuildwithMaven
143,/home/runner/work/javassist/javassist/target/test-classes/test/javassist/proxy/ProxySimpleTest$Default4.class,-1,395106,395104,Not provided,BuildwithMaven,BuildwithMaven
144,/home/runner/work/javassist/javassist/src/test/javassist/bytecode/Gap0Example.class,-1,2451,2449,Not provided,uses-checkout,uses-checkout
145,/home/runner/work/javassist/javassist/target/runtest/javassist/bytecode/StackMapTest$C6.class,-1,436810,436808,Not provided,BuildwithMaven,BuildwithMaven
146,/home/runner/work/javassist/javassist/src/test/Readme.txt,-1,2358,2356,Not provided,uses-checkout,uses-checkout
147,/home/runner/work/javassist/javassist/target/runtest/javassist/bytecode/Gap0Example2.class,-1,437151,437149,Not provided,BuildwithMaven,BuildwithMaven
148,/home/runner/work/javassist/javassist/target/runtest/reflected/javassist/tools/reflect/SuperClass.class,-1,437210,437208,Not provided,BuildwithMaven,BuildwithMaven
149,/home/runner/work/javassist/javassist/sample/vector/VectorAssistant.java,-1,1325,1323,Not provided,uses-checkout,uses-checkout
150,/home/runner/work/javassist/javassist/sample/vector/Test.j,-1,1321,1319,Not provided,uses-checkout,uses-checkout
151,/home/runner/work/javassist/javassist/sample/vector/Sample2.java,-1,1317,1315,Not provided,uses-checkout,uses-checkout
152,/home/runner/work/javassist/javassist/target/runtest/testproxy/BridgeMethod_$$_jvst655_7.class,-1,437325,437323,Not provided,BuildwithMaven,BuildwithMaven
153,/home/runner/work/javassist/javassist/README.md,-1,1110,1106,Not provided,uses-checkout,uses-checkout
154,/home/runner/work/javassist/javassist/License.html,-1,1102,1100,Not provided,uses-checkout,uses-checkout
155,/home/runner/work/javassist/javassist/Examples.md,-1,1098,1096,Not provided,uses-checkout,uses-checkout
156,/home/runner/work/javassist/javassist/Changes.md,-1,1094,1092,Not provided,uses-checkout,uses-checkout
157,/home/runner/work/javassist/javassist/.gitignore,-1,1090,1088,Not provided,uses-checkout,uses-checkout
158,/home/runner/work/javassist/javassist/target/runtest/proxy/test/javassist/proxy/ProxySimpleTest$Default3_$$_jvst655_273d.class,-1,437857,437855,Not provided,BuildwithMaven,BuildwithMaven
159,/home/runner/work/javassist/javassist/build.xml,-1,1114,1112,Not provided,uses-checkout,uses-checkout
160,/home/runner/work/javassist/javassist/target/runtest/proxy/test/javassist/proxy/ProxySimpleTest$Default2_$$_jvst655_273b.class,-1,437835,437833,Not provided,BuildwithMaven,BuildwithMaven
161,/home/runner/work/javassist/javassist/sample/evolve/update.html,-1,1241,1239,Not provided,uses-checkout,uses-checkout
162,/home/runner/work/javassist/javassist/sample/rmi/webdemo.html,-1,1307,1305,Not provided,uses-checkout,uses-checkout
163,/home/runner/work/javassist/javassist/sample/rmi/start.html,-1,1303,1301,Not provided,uses-checkout,uses-checkout
164,/home/runner/work/javassist/javassist/sample/rmi/inside.gif,-1,1299,1297,Not provided,uses-checkout,uses-checkout
165,/home/runner/work/javassist/javassist/sample/rmi/Counter.java,-1,1295,1293,Not provided,uses-checkout,uses-checkout
166,/home/runner/work/javassist/javassist/sample/rmi/CountApplet.java,-1,1291,1289,Not provided,uses-checkout,uses-checkout
167,/home/runner/work/javassist/javassist/sample/reflect/VerboseMetaobj.java,-1,1281,1279,Not provided,uses-checkout,uses-checkout
168,/home/runner/work/javassist/javassist/sample/reflect/Person.java,-1,1277,1275,Not provided,uses-checkout,uses-checkout
169,/home/runner/work/javassist/javassist/sample/preproc/package.html,-1,1269,1267,Not provided,uses-checkout,uses-checkout
170,/home/runner/work/javassist/javassist/sample/preproc/Compiler.java,-1,1265,1263,Not provided,uses-checkout,uses-checkout
171,/home/runner/work/javassist/javassist/target/runtest/testproxy/Target_$$_jvst655_11.class,-1,437480,437478,Not provided,BuildwithMaven,BuildwithMaven
172,/home/runner/work/javassist/javassist/sample/hotswap/Test.java,-1,1250,1248,Not provided,uses-checkout,uses-checkout
173,/home/runner/work/javassist/javassist/sample/evolve/start.html,-1,1237,1235,Not provided,uses-checkout,uses-checkout
174,/home/runner/work/javassist/javassist/target/runtest/proxy/test/javassist/proxy/ProxySimpleTest$PubProxy_$$_jvst655_2734.class,-1,437730,437728,Not provided,BuildwithMaven,BuildwithMaven
175,/home/runner/work/javassist/javassist/sample/evolve/demo.html,-1,1229,1227,Not provided,uses-checkout,uses-checkout
176,/home/runner/work/javassist/javassist/sample/evolve/WebPage.java,-1,1225,1223,Not provided,uses-checkout,uses-checkout
177,/home/runner/work/javassist/javassist/sample/evolve/VersionManager.java,-1,1221,1219,Not provided,uses-checkout,uses-checkout
178,/home/runner/work/javassist/javassist/sample/evolve/Sample.java,-1,1217,1215,Not provided,uses-checkout,uses-checkout
179,/home/runner/work/javassist/javassist/sample/evolve/Evolution.java,-1,1213,1211,Not provided,uses-checkout,uses-checkout
180,/home/runner/work/javassist/javassist/sample/evolve/DemoServer.java,-1,1209,1207,Not provided,uses-checkout,uses-checkout
181,/home/runner/work/javassist/javassist/sample/evolve/DemoLoader.java,-1,1205,1203,Not provided,uses-checkout,uses-checkout
182,/home/runner/work/javassist/javassist/sample/evolve/CannotUpdateException.java,-1,1201,1199,Not provided,uses-checkout,uses-checkout
183,/home/runner/work/javassist/javassist/sample/duplicate/Viewer.java,-1,1191,1189,Not provided,uses-checkout,uses-checkout
184,/home/runner/work/javassist/javassist/sample/duplicate/Main.java,-1,1187,1185,Not provided,uses-checkout,uses-checkout
185,/home/runner/work/javassist/javassist/sample/duplicate/DuplicatedObject.java,-1,1183,1181,Not provided,uses-checkout,uses-checkout
186,/home/runner/work/javassist/javassist/target/runtest/javassist/bytecode/Gap0Example.class,-1,437144,437142,Not provided,BuildwithMaven,BuildwithMaven
187,/home/runner/work/javassist/javassist/target/runtest/javassist/bytecode/StackMapTest$T8d.class,-1,437105,437103,Not provided,BuildwithMaven,BuildwithMaven
188,/home/runner/work/javassist/javassist/target/runtest/test5/InnerModifier.class,-1,436456,436454,Not provided,BuildwithMaven,BuildwithMaven
189,/home/runner/work/javassist/javassist/target/runtest/test5/InnerModifier$NonStatic.class,-1,436445,436443,Not provided,BuildwithMaven,BuildwithMaven
190,/home/runner/work/javassist/javassist/tutorial/tutorial3.html,-1,3663,3661,Not provided,uses-checkout,uses-checkout
191,/home/runner/work/javassist/javassist/target/runtest/test5/InnerModifier$Static.class,-1,436452,436450,Not provided,BuildwithMaven,BuildwithMaven
192,/home/runner/work/javassist/javassist/target/runtest/test1/LocalVars2.class,-1,436476,436474,Not provided,BuildwithMaven,BuildwithMaven
193,/home/runner/work/javassist/javassist/target/runtest/proxy/javassist/util/proxy/test_javassist_proxy_ProxySimpleTest$PubProxy2_$$_jvst655_273c.class,-1,437847,-1,Not provided,BuildwithMaven,Not provided
194,/home/runner/work/javassist/javassist/target/runtest/proxy/test/javassist/proxy/ProxySimpleTest$Foo_$$_jvst655_2733.class,-1,437720,-1,Not provided,BuildwithMaven,Not provided
195,/home/runner/work/javassist/javassist/sample/vector/Sample.java,-1,1313,-1,Not provided,uses-checkout,Not provided
196,/home/runner/work/javassist/javassist/sample/rmi/AlertDialog.java,-1,1287,-1,Not provided,uses-checkout,Not provided
197,/home/runner/work/javassist/javassist/sample/preproc/Assistant.java,-1,1261,-1,Not provided,uses-checkout,Not provided
198,/home/runner/work/javassist/javassist/sample/evolve/CannotCreateException.java,-1,1197,-1,Not provided,uses-checkout,Not provided
199,/home/runner/work/javassist/javassist/sample/duplicate/Ball.java,-1,1179,-1,Not provided,uses-checkout,Not provided
200,/home/runner/work/javassist/javassist/sample/Test.java,-1,1173,-1,Not provided,uses-checkout,Not provided
201,/home/runner/work/javassist/javassist/tutorial/brown.css,-1,3647,-1,Not provided,uses-checkout,Not provided
