,file_name,last_access_index,last_modify_index,creation_index,last_access_step,last_modify_step,creation_step
0,/home/runner/work/javassist/javassist/target/javassist-3.29.2-GA.jar,-1,965187,944427,Not provided,BuildwithMaven,BuildwithMaven
1,/home/runner/work/javassist/javassist/target/javassist-3.29.2-GA-sources.jar,-1,970028,966218,Not provided,BuildwithMaven,BuildwithMaven
2,/home/runner/work/javassist/javassist/target/classes/META-INF/MANIFEST.MF,430150,966188,384113,BuildwithMaven,BuildwithMaven,BuildwithMaven
3,/home/runner/work/javassist/javassist/target/runtest/test1/AnnoTest.class,-1,428316,428181,Not provided,BuildwithMaven,BuildwithMaven
4,/home/runner/work/javassist/javassist/target/runtest/test-hibernate.class,-1,428611,428513,Not provided,BuildwithMaven,BuildwithMaven
5,/home/runner/work/javassist/javassist/target/runtest/TooManyConstPoolItems.class,-1,427814,427768,Not provided,BuildwithMaven,BuildwithMaven
6,/home/runner/work/javassist/javassist/target/surefire-reports/TEST-javassist.JvstTest.xml,-1,429764,429759,Not provided,BuildwithMaven,BuildwithMaven
7,/home/runner/work/javassist/javassist/tutorial/tutorial2.html,-1,2750,2746,Not provided,uses-checkout,uses-checkout
8,/home/runner/work/javassist/javassist/tutorial/tutorial.html,-1,2744,2740,Not provided,uses-checkout,uses-checkout
9,/home/runner/work/javassist/javassist/target/maven-status/maven-compiler-plugin/testCompile/default-testCompile/inputFiles.lst,-1,390746,390742,Not provided,BuildwithMaven,BuildwithMaven
10,/home/runner/work/javassist/javassist/target/maven-status/maven-compiler-plugin/compile/default-compile/createdFiles.lst,-1,4906,4902,Not provided,BuildwithMaven,BuildwithMaven
11,/home/runner/work/javassist/javassist/target/maven-status/maven-compiler-plugin/compile/default-compile/inputFiles.lst,-1,4912,4908,Not provided,BuildwithMaven,BuildwithMaven
12,/home/runner/work/javassist/javassist/target/runtest/test3/JIRA63.class,-1,394219,394210,Not provided,BuildwithMaven,BuildwithMaven
13,/home/runner/work/javassist/javassist/target/maven-status/maven-compiler-plugin/testCompile/default-testCompile/createdFiles.lst,-1,390740,390736,Not provided,BuildwithMaven,BuildwithMaven
14,/home/runner/work/javassist/javassist/target/runtest/test3/Clazz67.class,-1,394021,394017,Not provided,BuildwithMaven,BuildwithMaven
15,/home/runner/work/javassist/javassist/License.html,-1,1219,1216,Not provided,uses-checkout,uses-checkout
16,/home/runner/work/javassist/javassist/target/test-classes/scoped/UnscopedAnnotationDefaultUsage.class,-1,388913,388911,Not provided,BuildwithMaven,BuildwithMaven
17,/home/runner/work/javassist/javassist/target/test-classes/test5/JIRA246.class,-1,388996,388994,Not provided,BuildwithMaven,BuildwithMaven
18,/home/runner/work/javassist/javassist/target/test-classes/test1/BenchProceedNew.class,-1,388889,388887,Not provided,BuildwithMaven,BuildwithMaven
19,/home/runner/work/javassist/javassist/target/test-classes/testproxy/Target127$RealSub.class,-1,387777,387775,Not provided,BuildwithMaven,BuildwithMaven
20,/home/runner/work/javassist/javassist/target/test-classes/test1/BenchProceedNew3.class,-1,388885,388883,Not provided,BuildwithMaven,BuildwithMaven
21,/home/runner/work/javassist/javassist/target/test-classes/test1/BenchProceedNew2.class,-1,388881,388879,Not provided,BuildwithMaven,BuildwithMaven
22,/home/runner/work/javassist/javassist/target/test-classes/scoped/jar1/ScopedTestAnnotation.class,-1,388700,388698,Not provided,BuildwithMaven,BuildwithMaven
23,/home/runner/work/javassist/javassist/target/test-classes/test3/InnerClass.class,-1,388696,388694,Not provided,BuildwithMaven,BuildwithMaven
24,/home/runner/work/javassist/javassist/target/test-classes/javassist/compiler/CodeTest.class,-1,388873,388871,Not provided,BuildwithMaven,BuildwithMaven
25,/home/runner/work/javassist/javassist/target/test-classes/test3/Visible2.class,-1,388845,388843,Not provided,BuildwithMaven,BuildwithMaven
26,/home/runner/work/javassist/javassist/target/test-classes/test4/GetAllRefInnerTest2$1.class,-1,389066,389064,Not provided,BuildwithMaven,BuildwithMaven
27,/home/runner/work/javassist/javassist/target/test-classes/test4/GetAllRefInnerTest2.class,-1,389070,389068,Not provided,BuildwithMaven,BuildwithMaven
28,/home/runner/work/javassist/javassist/target/test-classes/javassist/Bench.class,-1,389436,389434,Not provided,BuildwithMaven,BuildwithMaven
29,/home/runner/work/javassist/javassist/target/test-classes/javassist/Bench$7.class,-1,389432,389430,Not provided,BuildwithMaven,BuildwithMaven
30,/home/runner/work/javassist/javassist/target/test-classes/javassist/Bench$6.class,-1,389428,389426,Not provided,BuildwithMaven,BuildwithMaven
31,/home/runner/work/javassist/javassist/target/test-classes/javassist/Bench$5.class,-1,389424,389422,Not provided,BuildwithMaven,BuildwithMaven
32,/home/runner/work/javassist/javassist/target/test-classes/javassist/Bench$4.class,-1,389420,389418,Not provided,BuildwithMaven,BuildwithMaven
33,/home/runner/work/javassist/javassist/target/test-classes/javassist/Bench$3.class,-1,389416,389414,Not provided,BuildwithMaven,BuildwithMaven
34,/home/runner/work/javassist/javassist/target/test-classes/javassist/Bench$2.class,-1,389412,389410,Not provided,BuildwithMaven,BuildwithMaven
35,/home/runner/work/javassist/javassist/target/test-classes/javassist/Bench$1.class,-1,389408,389406,Not provided,BuildwithMaven,BuildwithMaven
36,/home/runner/work/javassist/javassist/target/test-classes/scoped/jar1/FullyScopedAnnotationUsage.class,-1,389400,389398,Not provided,BuildwithMaven,BuildwithMaven
37,/home/runner/work/javassist/javassist/target/test-classes/test1/StaticField.class,-1,389396,389394,Not provided,BuildwithMaven,BuildwithMaven
38,/home/runner/work/javassist/javassist/target/runtest/test5/InnerModifier$NonStatic.class,-1,428146,428144,Not provided,BuildwithMaven,BuildwithMaven
39,/home/runner/work/javassist/javassist/target/test-classes/test4/GetAllRefInnerTest$2.class,-1,389078,389076,Not provided,BuildwithMaven,BuildwithMaven
40,/home/runner/work/javassist/javassist/target/test-classes/test4/GetAllRefInnerTest$1.class,-1,389074,389072,Not provided,BuildwithMaven,BuildwithMaven
41,/home/runner/work/javassist/javassist/target/test-classes/scoped/jar1/FullyScopedAnnotationDefaultUsage.class,-1,389168,389166,Not provided,BuildwithMaven,BuildwithMaven
42,/home/runner/work/javassist/javassist/target/test-classes/scoped/UnscopedAnnotationUsage.class,-1,389172,389170,Not provided,BuildwithMaven,BuildwithMaven
43,/home/runner/work/javassist/javassist/target/test-classes/javassist/ClassPoolBench.class,-1,389176,389174,Not provided,BuildwithMaven,BuildwithMaven
44,/home/runner/work/javassist/javassist/target/test-classes/test2/ReplaceClassName3.class,-1,388006,388004,Not provided,BuildwithMaven,BuildwithMaven
45,/home/runner/work/javassist/javassist/target/test-classes/test2/ReplaceClassName2.class,-1,388002,388000,Not provided,BuildwithMaven,BuildwithMaven
46,/home/runner/work/javassist/javassist/target/test-classes/test2/Nested$Inner2.class,-1,387968,387966,Not provided,BuildwithMaven,BuildwithMaven
47,/home/runner/work/javassist/javassist/target/test-classes/test1/BenchProceed.class,-1,387960,387958,Not provided,BuildwithMaven,BuildwithMaven
48,/home/runner/work/javassist/javassist/target/test-classes/test1/BenchProceed2.class,-1,387956,387954,Not provided,BuildwithMaven,BuildwithMaven
49,/home/runner/work/javassist/javassist/target/test-classes/test/javassist/bytecode/analysis/DomTreePrinter.class,-1,388108,388106,Not provided,BuildwithMaven,BuildwithMaven
50,/home/runner/work/javassist/javassist/target/test-classes/scoped/TestAnnotation.class,-1,388072,388070,Not provided,BuildwithMaven,BuildwithMaven
51,/home/runner/work/javassist/javassist/target/runtest/test1/LocalVars2.class,-1,428177,428175,Not provided,BuildwithMaven,BuildwithMaven
52,/home/runner/work/javassist/javassist/target/test-classes/testproxy/Target189.class,-1,387952,387950,Not provided,BuildwithMaven,BuildwithMaven
53,/home/runner/work/javassist/javassist/target/test-classes/testproxy/Target127.class,-1,387781,387779,Not provided,BuildwithMaven,BuildwithMaven
54,/home/runner/work/javassist/javassist/target/test-classes/test1/BenchStaticMethod.class,-1,387924,387922,Not provided,BuildwithMaven,BuildwithMaven
55,/home/runner/work/javassist/javassist/target/test-classes/test3/Enhancer.class,-1,387908,387906,Not provided,BuildwithMaven,BuildwithMaven
56,/home/runner/work/javassist/javassist/target/test-classes/test3/Enhancer$Interceptor.class,-1,387904,387902,Not provided,BuildwithMaven,BuildwithMaven
57,/home/runner/work/javassist/javassist/target/test-classes/test3/Enhancer$1.class,-1,387900,387898,Not provided,BuildwithMaven,BuildwithMaven
58,/home/runner/work/javassist/javassist/target/test-classes/test3/EnhanceTest.class,-1,387893,387891,Not provided,BuildwithMaven,BuildwithMaven
59,/home/runner/work/javassist/javassist/target/runtest/test5/InnerModifier$Static.class,-1,428153,428151,Not provided,BuildwithMaven,BuildwithMaven
60,/home/runner/work/javassist/javassist/target/test-classes/test3/NewClass2.class,-1,388524,388522,Not provided,BuildwithMaven,BuildwithMaven
61,/home/runner/work/javassist/javassist/target/test-classes/test/javassist/bytecode/analysis/ErrorFinder.class,-1,388482,388480,Not provided,BuildwithMaven,BuildwithMaven
62,/home/runner/work/javassist/javassist/target/test-classes/test/javassist/bytecode/analysis/AnalyzerTest$Dummy$A2.class,-1,388540,388538,Not provided,BuildwithMaven,BuildwithMaven
63,/home/runner/work/javassist/javassist/target/test-classes/test/javassist/bytecode/analysis/AnalyzerTest$Dummy$A3.class,-1,388544,388542,Not provided,BuildwithMaven,BuildwithMaven
64,/home/runner/work/javassist/javassist/target/test-classes/VisibleTop2.class,-1,388616,388614,Not provided,BuildwithMaven,BuildwithMaven
65,/home/runner/work/javassist/javassist/target/test-classes/test1/GetThrow2.class,-1,388576,388574,Not provided,BuildwithMaven,BuildwithMaven
66,/home/runner/work/javassist/javassist/target/test-classes/test1/GetThrow1.class,-1,388572,388570,Not provided,BuildwithMaven,BuildwithMaven
67,/home/runner/work/javassist/javassist/target/test-classes/javassist/JvstTest4$Inner1.class,-1,388258,388256,Not provided,BuildwithMaven,BuildwithMaven
68,/home/runner/work/javassist/javassist/target/test-classes/test5/InnerClassRemove$C.class,-1,388176,388174,Not provided,BuildwithMaven,BuildwithMaven
69,/home/runner/work/javassist/javassist/target/test-classes/test5/InnerClassRemove$B.class,-1,388172,388170,Not provided,BuildwithMaven,BuildwithMaven
70,/home/runner/work/javassist/javassist/target/test-classes/test5/InnerClassRemove$A.class,-1,388168,388166,Not provided,BuildwithMaven,BuildwithMaven
71,/home/runner/work/javassist/javassist/target/runtest/test5/InnerModifier.class,-1,428157,428155,Not provided,BuildwithMaven,BuildwithMaven
72,/home/runner/work/javassist/javassist/target/test-classes/javassist/bytecode/StackMapTest$T8dd.class,-1,388418,388416,Not provided,BuildwithMaven,BuildwithMaven
73,/home/runner/work/javassist/javassist/target/test-classes/javassist/bytecode/StackMapTest$I8d.class,-1,388414,388412,Not provided,BuildwithMaven,BuildwithMaven
74,/home/runner/work/javassist/javassist/target/test-classes/test5/InnerModifier2.class,-1,389480,389478,Not provided,BuildwithMaven,BuildwithMaven
75,/home/runner/work/javassist/javassist/target/test-classes/test2/Inner2$Child.class,-1,389488,389486,Not provided,BuildwithMaven,BuildwithMaven
76,/home/runner/work/javassist/javassist/target/runtest/test1/Freeze.class,-1,392994,392992,Not provided,BuildwithMaven,BuildwithMaven
77,/home/runner/work/javassist/javassist/target/runtest/test1/NewInterface2.class,-1,392940,392938,Not provided,BuildwithMaven,BuildwithMaven
78,/home/runner/work/javassist/javassist/target/runtest/test1/NewInterface.class,-1,392936,392934,Not provided,BuildwithMaven,BuildwithMaven
79,/home/runner/work/javassist/javassist/target/runtest/test1/SetName2.class,-1,393043,393041,Not provided,BuildwithMaven,BuildwithMaven
80,/home/runner/work/javassist/javassist/target/runtest/test1/SetName3.class,-1,393047,393045,Not provided,BuildwithMaven,BuildwithMaven
81,/home/runner/work/javassist/javassist/target/runtest/test2/Inner.class,-1,393343,393341,Not provided,BuildwithMaven,BuildwithMaven
82,/home/runner/work/javassist/javassist/target/runtest/test2/Inherit.class,-1,393333,393331,Not provided,BuildwithMaven,BuildwithMaven
83,/home/runner/work/javassist/javassist/target/test-classes/javassist/HotswapTest$Foo.class,-1,390494,390492,Not provided,BuildwithMaven,BuildwithMaven
84,/home/runner/work/javassist/javassist/target/test-classes/test2/StaticArraysMem.class,-1,390474,390472,Not provided,BuildwithMaven,BuildwithMaven
85,/home/runner/work/javassist/javassist/target/test-classes/test5/NestHost$Bar.class,-1,390418,390416,Not provided,BuildwithMaven,BuildwithMaven
86,/home/runner/work/javassist/javassist/target/test-classes/test1/Point.class,-1,390518,390516,Not provided,BuildwithMaven,BuildwithMaven
87,/home/runner/work/javassist/javassist/target/runtest/test1/MySerializableClass.class,-1,392370,392368,Not provided,BuildwithMaven,BuildwithMaven
88,/home/runner/work/javassist/javassist/target/test-classes/javassist/compiler/LexTest.class,-1,390534,390532,Not provided,BuildwithMaven,BuildwithMaven
89,/home/runner/work/javassist/javassist/target/test-classes/scoped/jar1/ScopedAnnotationUsage.class,-1,390530,390528,Not provided,BuildwithMaven,BuildwithMaven
90,/home/runner/work/javassist/javassist/target/runtest/test4/TestDeadcode.class,-1,394592,394590,Not provided,BuildwithMaven,BuildwithMaven
91,/home/runner/work/javassist/javassist/target/runtest/test4/WrittenFile2sub.class,-1,394527,394525,Not provided,BuildwithMaven,BuildwithMaven
92,/home/runner/work/javassist/javassist/target/runtest/test4/AnnoLoad.class,-1,394454,394452,Not provided,BuildwithMaven,BuildwithMaven
93,/home/runner/work/javassist/javassist/target/runtest/test4/AnnoLoadAnno.class,-1,394447,394445,Not provided,BuildwithMaven,BuildwithMaven
94,/home/runner/work/javassist/javassist/target/runtest/test5/NestHost4$InnerClass1$InnerClass5.class,-1,427682,427680,Not provided,BuildwithMaven,BuildwithMaven
95,/home/runner/work/javassist/javassist/target/runtest/test2/SuperInterface3.class,-1,393653,393651,Not provided,BuildwithMaven,BuildwithMaven
96,/home/runner/work/javassist/javassist/target/runtest/test2/NullArgTest.class,-1,393528,393526,Not provided,BuildwithMaven,BuildwithMaven
97,/home/runner/work/javassist/javassist/target/runtest/test2/NewOp.class,-1,393524,393522,Not provided,BuildwithMaven,BuildwithMaven
98,/home/runner/work/javassist/javassist/target/runtest/test2/MethodCall.class,-1,393421,393419,Not provided,BuildwithMaven,BuildwithMaven
99,/home/runner/work/javassist/javassist/target/runtest/test3/StaticFinalField.class,-1,394149,394147,Not provided,BuildwithMaven,BuildwithMaven
100,/home/runner/work/javassist/javassist/target/runtest/test3/PublicInner$Inner.class,-1,393821,393819,Not provided,BuildwithMaven,BuildwithMaven
101,/home/runner/work/javassist/javassist/target/runtest/test3/PublicInner.class,-1,393817,393815,Not provided,BuildwithMaven,BuildwithMaven
102,/home/runner/work/javassist/javassist/target/test-classes/javassist/ConcurrentClassDefinitionTest$Worker.class,-1,389826,389824,Not provided,BuildwithMaven,BuildwithMaven
103,/home/runner/work/javassist/javassist/target/test-classes/javassist/ConcurrentClassDefinitionTest.class,-1,389830,389828,Not provided,BuildwithMaven,BuildwithMaven
104,/home/runner/work/javassist/javassist/target/test-classes/Jassist150.class,-1,389802,389800,Not provided,BuildwithMaven,BuildwithMaven
105,/home/runner/work/javassist/javassist/target/test-classes/Jassist150$1.class,-1,389798,389796,Not provided,BuildwithMaven,BuildwithMaven
106,/home/runner/work/javassist/javassist/target/test-classes/test/javassist/proxy/ProxySimpleTest$Default4.class,-1,389918,389916,Not provided,BuildwithMaven,BuildwithMaven
107,/home/runner/work/javassist/javassist/target/test-classes/test4/JIRA220intf.class,-1,389540,389538,Not provided,BuildwithMaven,BuildwithMaven
108,/home/runner/work/javassist/javassist/target/test-classes/scoped/ScopedRepositoryTestCase.class,-1,389571,389569,Not provided,BuildwithMaven,BuildwithMaven
109,/home/runner/work/javassist/javassist/target/test-classes/test4/NestedClass$S.class,-1,389516,389514,Not provided,BuildwithMaven,BuildwithMaven
110,/home/runner/work/javassist/javassist/target/test-classes/test4/NestedClass$S$S2.class,-1,389512,389510,Not provided,BuildwithMaven,BuildwithMaven
111,/home/runner/work/javassist/javassist/target/test-classes/test4/NestedClass$N.class,-1,389508,389506,Not provided,BuildwithMaven,BuildwithMaven
112,/home/runner/work/javassist/javassist/target/test-classes/test5/NestHost2$Bar.class,-1,389500,389498,Not provided,BuildwithMaven,BuildwithMaven
113,/home/runner/work/javassist/javassist/target/test-classes/test3/NestedClass$Inner.class,-1,389599,389597,Not provided,BuildwithMaven,BuildwithMaven
114,/home/runner/work/javassist/javassist/target/test-classes/test3/NestedClass$StaticNested.class,-1,389603,389601,Not provided,BuildwithMaven,BuildwithMaven
115,/home/runner/work/javassist/javassist/target/test-classes/test4/Signature$Foo.class,-1,389762,389760,Not provided,BuildwithMaven,BuildwithMaven
116,/home/runner/work/javassist/javassist/target/test-classes/Test.class,-1,389758,389756,Not provided,BuildwithMaven,BuildwithMaven
117,/home/runner/work/javassist/javassist/target/test-classes/InvalidStackMapFrame.class,-1,389754,389752,Not provided,BuildwithMaven,BuildwithMaven
118,/home/runner/work/javassist/javassist/target/test-classes/test3/PublicInner2$PS.class,-1,389714,389712,Not provided,BuildwithMaven,BuildwithMaven
119,/home/runner/work/javassist/javassist/target/test-classes/test3/NestedClass$1Local.class,-1,389611,389609,Not provided,BuildwithMaven,BuildwithMaven
120,/home/runner/work/javassist/javassist/target/test-classes/test3/NestedClass$1.class,-1,389607,389605,Not provided,BuildwithMaven,BuildwithMaven
121,/home/runner/work/javassist/javassist/target/test-classes/test4/JIRA181$ICondition.class,-1,390286,390284,Not provided,BuildwithMaven,BuildwithMaven
122,/home/runner/work/javassist/javassist/target/test-classes/scoped/jar1/TestClass1.class,-1,390266,390264,Not provided,BuildwithMaven,BuildwithMaven
123,/home/runner/work/javassist/javassist/target/test-classes/javassist/bytecode/CodeAnalyzerTest.class,-1,390216,390214,Not provided,BuildwithMaven,BuildwithMaven
124,/home/runner/work/javassist/javassist/target/test-classes/test4/GetAllRefAnnoC4.class,-1,390200,390198,Not provided,BuildwithMaven,BuildwithMaven
125,/home/runner/work/javassist/javassist/target/test-classes/test4/JIRA181$B.class,-1,390290,390288,Not provided,BuildwithMaven,BuildwithMaven
126,/home/runner/work/javassist/javassist/target/test-classes/javassist/tools/reflect/Person.class,-1,390304,390302,Not provided,BuildwithMaven,BuildwithMaven
127,/home/runner/work/javassist/javassist/target/test-classes/test4/ImportPac.class,-1,390324,390322,Not provided,BuildwithMaven,BuildwithMaven
128,/home/runner/work/javassist/javassist/target/test-classes/javassist/tools/reflect/ClassMetaobjectTest.class,-1,390320,390318,Not provided,BuildwithMaven,BuildwithMaven
129,/home/runner/work/javassist/javassist/target/test-classes/test4/GetAllRefAnnoC3.class,-1,390196,390194,Not provided,BuildwithMaven,BuildwithMaven
130,/home/runner/work/javassist/javassist/target/test-classes/test4/GetAllRefAnnoC2.class,-1,390192,390190,Not provided,BuildwithMaven,BuildwithMaven
131,/home/runner/work/javassist/javassist/target/test-classes/test4/GetAllRefAnnoC.class,-1,390188,390186,Not provided,BuildwithMaven,BuildwithMaven
132,/home/runner/work/javassist/javassist/target/test-classes/test5/RemoveAnno2.class,-1,390050,390048,Not provided,BuildwithMaven,BuildwithMaven
133,/home/runner/work/javassist/javassist/target/test-classes/test5/RemoveAnno1.class,-1,390046,390044,Not provided,BuildwithMaven,BuildwithMaven
134,/home/runner/work/javassist/javassist/target/test-classes/test3/PackName2.class,-1,390034,390032,Not provided,BuildwithMaven,BuildwithMaven
135,/home/runner/work/javassist/javassist/target/test-classes/test5/JIRA242.class,-1,390026,390024,Not provided,BuildwithMaven,BuildwithMaven
136,/home/runner/work/javassist/javassist/target/test-classes/test4/GetAllRefAnno.class,-1,390184,390182,Not provided,BuildwithMaven,BuildwithMaven
137,/home/runner/work/javassist/javassist/target/test-classes/test4/GetAllRefEnum.class,-1,390180,390178,Not provided,BuildwithMaven,BuildwithMaven
138,/home/runner/work/javassist/javassist/target/test-classes/annotation/Tag.class,-1,390156,390154,Not provided,BuildwithMaven,BuildwithMaven
139,/home/runner/work/javassist/javassist/target/test-classes/annotation/EnumTest.class,-1,390152,390150,Not provided,BuildwithMaven,BuildwithMaven
140,/home/runner/work/javassist/javassist/tutorial/tutorial3.html,-1,2754,2752,Not provided,uses-checkout,uses-checkout
141,/home/runner/work/javassist/javassist/sample/vector/VectorAssistant.java,-1,1445,1443,Not provided,uses-checkout,uses-checkout
142,/home/runner/work/javassist/javassist/target/runtest/javassist/bytecode/Gap0Example2.class,-1,428852,428850,Not provided,BuildwithMaven,BuildwithMaven
143,/home/runner/work/javassist/javassist/target/runtest/reflected/javassist/tools/reflect/SuperClass.class,-1,428911,428909,Not provided,BuildwithMaven,BuildwithMaven
144,/home/runner/work/javassist/javassist/src/test/Readme.txt,-1,1459,1457,Not provided,uses-checkout,uses-checkout
145,/home/runner/work/javassist/javassist/target/runtest/testproxy/BridgeMethod_$$_jvst655_7.class,-1,429026,429024,Not provided,BuildwithMaven,BuildwithMaven
146,/home/runner/work/javassist/javassist/sample/vector/Test.j,-1,1441,1439,Not provided,uses-checkout,uses-checkout
147,/home/runner/work/javassist/javassist/sample/vector/Sample2.java,-1,1437,1435,Not provided,uses-checkout,uses-checkout
148,/home/runner/work/javassist/javassist/sample/rmi/webdemo.html,-1,1427,1425,Not provided,uses-checkout,uses-checkout
149,/home/runner/work/javassist/javassist/sample/rmi/start.html,-1,1423,1421,Not provided,uses-checkout,uses-checkout
150,/home/runner/work/javassist/javassist/sample/rmi/inside.gif,-1,1419,1417,Not provided,uses-checkout,uses-checkout
151,/home/runner/work/javassist/javassist/sample/rmi/Counter.java,-1,1415,1413,Not provided,uses-checkout,uses-checkout
152,/home/runner/work/javassist/javassist/sample/rmi/CountApplet.java,-1,1411,1409,Not provided,uses-checkout,uses-checkout
153,/home/runner/work/javassist/javassist/target/runtest/testproxy/Target_$$_jvst655_11.class,-1,429181,429179,Not provided,BuildwithMaven,BuildwithMaven
154,/home/runner/work/javassist/javassist/sample/reflect/VerboseMetaobj.java,-1,1401,1399,Not provided,uses-checkout,uses-checkout
155,/home/runner/work/javassist/javassist/sample/reflect/Person.java,-1,1397,1395,Not provided,uses-checkout,uses-checkout
156,/home/runner/work/javassist/javassist/target/runtest/proxy/test/javassist/proxy/ProxySimpleTest$Foo_$$_jvst655_2733.class,-1,429440,429438,Not provided,BuildwithMaven,BuildwithMaven
157,/home/runner/work/javassist/javassist/target/runtest/javassist/bytecode/StackMapTest$T8d.class,-1,428806,428804,Not provided,BuildwithMaven,BuildwithMaven
158,/home/runner/work/javassist/javassist/target/runtest/javassist/bytecode/Gap0Example.class,-1,428845,428843,Not provided,BuildwithMaven,BuildwithMaven
159,/home/runner/work/javassist/javassist/src/test/javassist/bytecode/Gap0Example.class,-1,1551,1549,Not provided,uses-checkout,uses-checkout
160,/home/runner/work/javassist/javassist/sample/preproc/package.html,-1,1387,1385,Not provided,uses-checkout,uses-checkout
161,/home/runner/work/javassist/javassist/sample/preproc/Compiler.java,-1,1383,1381,Not provided,uses-checkout,uses-checkout
162,/home/runner/work/javassist/javassist/target/runtest/proxy/test/javassist/proxy/ProxySimpleTest$PubProxy_$$_jvst655_2734.class,-1,429452,429450,Not provided,BuildwithMaven,BuildwithMaven
163,/home/runner/work/javassist/javassist/sample/hotswap/logging/HelloWorld.java,-1,1373,1371,Not provided,uses-checkout,uses-checkout
164,/home/runner/work/javassist/javassist/.github/workflows/maven.yml,-1,1198,1196,Not provided,uses-checkout,uses-checkout
165,/home/runner/work/javassist/javassist/.gitignore,-1,1206,1204,Not provided,uses-checkout,uses-checkout
166,/home/runner/work/javassist/javassist/Changes.md,-1,1210,1208,Not provided,uses-checkout,uses-checkout
167,/home/runner/work/javassist/javassist/sample/hotswap/Test.java,-1,1365,1363,Not provided,uses-checkout,uses-checkout
168,/home/runner/work/javassist/javassist/sample/evolve/update.html,-1,1356,1354,Not provided,uses-checkout,uses-checkout
169,/home/runner/work/javassist/javassist/sample/evolve/start.html,-1,1352,1350,Not provided,uses-checkout,uses-checkout
170,/home/runner/work/javassist/javassist/sample/evolve/demo.html,-1,1342,1340,Not provided,uses-checkout,uses-checkout
171,/home/runner/work/javassist/javassist/sample/evolve/WebPage.java,-1,1338,1336,Not provided,uses-checkout,uses-checkout
172,/home/runner/work/javassist/javassist/sample/evolve/VersionManager.java,-1,1334,1332,Not provided,uses-checkout,uses-checkout
173,/home/runner/work/javassist/javassist/sample/evolve/Sample.java,-1,1330,1328,Not provided,uses-checkout,uses-checkout
174,/home/runner/work/javassist/javassist/sample/evolve/Evolution.java,-1,1326,1324,Not provided,uses-checkout,uses-checkout
175,/home/runner/work/javassist/javassist/sample/evolve/DemoServer.java,-1,1322,1320,Not provided,uses-checkout,uses-checkout
176,/home/runner/work/javassist/javassist/sample/evolve/DemoLoader.java,-1,1318,1316,Not provided,uses-checkout,uses-checkout
177,/home/runner/work/javassist/javassist/sample/evolve/CannotUpdateException.java,-1,1314,1312,Not provided,uses-checkout,uses-checkout
178,/home/runner/work/javassist/javassist/target/runtest/proxy/test/javassist/proxy/ProxySimpleTest$Default2_$$_jvst655_273b.class,-1,429591,429589,Not provided,BuildwithMaven,BuildwithMaven
179,/home/runner/work/javassist/javassist/sample/duplicate/Viewer.java,-1,1304,1302,Not provided,uses-checkout,uses-checkout
180,/home/runner/work/javassist/javassist/sample/duplicate/Main.java,-1,1300,1298,Not provided,uses-checkout,uses-checkout
181,/home/runner/work/javassist/javassist/sample/duplicate/DuplicatedObject.java,-1,1296,1294,Not provided,uses-checkout,uses-checkout
182,/home/runner/work/javassist/javassist/target/runtest/proxy/javassist/util/proxy/test_javassist_proxy_ProxySimpleTest$PubProxy2_$$_jvst655_273c.class,-1,429614,429612,Not provided,BuildwithMaven,BuildwithMaven
183,/home/runner/work/javassist/javassist/target/runtest/proxy/test/javassist/proxy/ProxySimpleTest$Default3_$$_jvst655_273d.class,-1,429625,429623,Not provided,BuildwithMaven,BuildwithMaven
184,/home/runner/work/javassist/javassist/build.xml,-1,1227,1225,Not provided,uses-checkout,uses-checkout
185,/home/runner/work/javassist/javassist/README.md,-1,1223,1221,Not provided,uses-checkout,uses-checkout
186,/home/runner/work/javassist/javassist/Examples.md,-1,1214,1212,Not provided,uses-checkout,uses-checkout
187,/home/runner/work/javassist/javassist/target/runtest/javassist/bytecode/StackMapTest$C6.class,-1,428511,428509,Not provided,BuildwithMaven,BuildwithMaven
188,/home/runner/work/javassist/javassist/target/test-classes/Readme.txt,-1,385474,385471,Not provided,BuildwithMaven,BuildwithMaven
189,/home/runner/work/javassist/javassist/target/test-classes/test3/NewExprTryCatch2.class,-1,387653,387651,Not provided,BuildwithMaven,BuildwithMaven
190,/home/runner/work/javassist/javassist/target/surefire-reports/javassist.JvstTest.txt,-1,429757,-1,Not provided,BuildwithMaven,Not provided
191,/home/runner/work/javassist/javassist/sample/vector/Sample.java,-1,1433,-1,Not provided,uses-checkout,Not provided
192,/home/runner/work/javassist/javassist/sample/rmi/AlertDialog.java,-1,1407,-1,Not provided,uses-checkout,Not provided
193,/home/runner/work/javassist/javassist/sample/reflect/Main.java,-1,1393,-1,Not provided,uses-checkout,Not provided
194,/home/runner/work/javassist/javassist/sample/preproc/Assistant.java,-1,1379,-1,Not provided,uses-checkout,Not provided
195,/home/runner/work/javassist/javassist/sample/evolve/CannotCreateException.java,-1,1310,-1,Not provided,uses-checkout,Not provided
196,/home/runner/work/javassist/javassist/sample/duplicate/Ball.java,-1,1292,-1,Not provided,uses-checkout,Not provided
197,/home/runner/work/javassist/javassist/sample/Test.java,-1,1286,-1,Not provided,uses-checkout,Not provided
198,/home/runner/work/javassist/javassist/target/test-classes/testproxy/sub/TargetSuper.class,-1,390234,-1,Not provided,BuildwithMaven,Not provided
199,/home/runner/work/javassist/javassist/target/test-classes/annotation/Id.class,-1,390148,-1,Not provided,BuildwithMaven,Not provided
200,/home/runner/work/javassist/javassist/target/test-classes/scoped/jar1/ScopedAnnotationDefaultUsage.class,-1,388068,-1,Not provided,BuildwithMaven,Not provided
201,/home/runner/work/javassist/javassist/target/test-classes/test/javassist/convert/InstrumentationTarget$Itr.class,-1,387994,-1,Not provided,BuildwithMaven,Not provided
202,/home/runner/work/javassist/javassist/target/test-classes/javassist/compiler/ParseTest.class,-1,387869,-1,Not provided,BuildwithMaven,Not provided
203,/home/runner/work/javassist/javassist/target/test-classes/test1/RenameClass2.class,-1,387683,-1,Not provided,BuildwithMaven,Not provided
204,/home/runner/work/javassist/javassist/target/test-classes/test/javassist/bytecode/analysis/ScannerTest.class,-1,387649,-1,Not provided,BuildwithMaven,Not provided
