,file_name,last_access_index,last_modify_index,creation_index,last_access_step,last_modify_step,creation_step
0,/home/runner/work/javassist/javassist/target/javassist-3.29.2-GA.jar,-1,997724,978864,Not provided,BuildwithMaven,BuildwithMaven
1,/home/runner/work/javassist/javassist/target/javassist-3.29.2-GA-sources.jar,-1,1007112,998889,Not provided,BuildwithMaven,BuildwithMaven
2,/home/runner/work/javassist/javassist/target/classes/META-INF/MANIFEST.MF,441635,998727,390313,BuildwithMaven,BuildwithMaven,BuildwithMaven
3,/home/runner/work/javassist/javassist/target/runtest/test1/AnnoTest.class,-1,439507,439372,Not provided,BuildwithMaven,BuildwithMaven
4,/home/runner/work/javassist/javassist/target/runtest/test-hibernate.class,-1,439802,439704,Not provided,BuildwithMaven,BuildwithMaven
5,/home/runner/work/javassist/javassist/target/runtest/TooManyConstPoolItems.class,-1,439000,438954,Not provided,BuildwithMaven,BuildwithMaven
6,/home/runner/work/javassist/javassist/target/surefire-reports/TEST-javassist.JvstTest.xml,-1,440985,440980,Not provided,BuildwithMaven,BuildwithMaven
7,/home/runner/work/javassist/javassist/target/runtest/test3/JIRA63.class,-1,400331,400322,Not provided,BuildwithMaven,BuildwithMaven
8,/home/runner/work/javassist/javassist/target/maven-status/maven-compiler-plugin/compile/default-compile/createdFiles.lst,-1,6961,6957,Not provided,BuildwithMaven,BuildwithMaven
9,/home/runner/work/javassist/javassist/target/maven-status/maven-compiler-plugin/compile/default-compile/inputFiles.lst,-1,6967,6963,Not provided,BuildwithMaven,BuildwithMaven
10,/home/runner/work/javassist/javassist/tutorial/tutorial.html,-1,3707,3703,Not provided,uses-checkout,uses-checkout
11,/home/runner/work/javassist/javassist/tutorial/tutorial2.html,-1,3713,3709,Not provided,uses-checkout,uses-checkout
12,/home/runner/work/javassist/javassist/target/maven-status/maven-compiler-plugin/testCompile/default-testCompile/createdFiles.lst,-1,397006,397002,Not provided,BuildwithMaven,BuildwithMaven
13,/home/runner/work/javassist/javassist/target/maven-status/maven-compiler-plugin/testCompile/default-testCompile/inputFiles.lst,-1,397012,397008,Not provided,BuildwithMaven,BuildwithMaven
14,/home/runner/work/javassist/javassist/License.html,-1,1163,1160,Not provided,uses-checkout,uses-checkout
15,/home/runner/work/javassist/javassist/target/test-classes/test1/GetThrow1.class,-1,394838,394836,Not provided,BuildwithMaven,BuildwithMaven
16,/home/runner/work/javassist/javassist/target/test-classes/test/javassist/bytecode/analysis/AnalyzerTest$Dummy$A2.class,-1,394806,394804,Not provided,BuildwithMaven,BuildwithMaven
17,/home/runner/work/javassist/javassist/target/test-classes/test/javassist/bytecode/analysis/AnalyzerTest$Dummy$A3.class,-1,394810,394808,Not provided,BuildwithMaven,BuildwithMaven
18,/home/runner/work/javassist/javassist/target/test-classes/test1/GetThrow2.class,-1,394842,394840,Not provided,BuildwithMaven,BuildwithMaven
19,/home/runner/work/javassist/javassist/target/test-classes/scoped/jar1/ScopedTestAnnotation.class,-1,394966,394964,Not provided,BuildwithMaven,BuildwithMaven
20,/home/runner/work/javassist/javassist/target/test-classes/test3/InnerClass.class,-1,394962,394960,Not provided,BuildwithMaven,BuildwithMaven
21,/home/runner/work/javassist/javassist/target/test-classes/VisibleTop2.class,-1,394882,394880,Not provided,BuildwithMaven,BuildwithMaven
22,/home/runner/work/javassist/javassist/target/test-classes/test3/NewClass2.class,-1,394790,394788,Not provided,BuildwithMaven,BuildwithMaven
23,/home/runner/work/javassist/javassist/target/test-classes/javassist/bytecode/StackMapTest$T8dd.class,-1,394688,394686,Not provided,BuildwithMaven,BuildwithMaven
24,/home/runner/work/javassist/javassist/target/test-classes/javassist/bytecode/StackMapTest$I8d.class,-1,394684,394682,Not provided,BuildwithMaven,BuildwithMaven
25,/home/runner/work/javassist/javassist/target/test-classes/test/javassist/bytecode/analysis/ErrorFinder.class,-1,394748,394746,Not provided,BuildwithMaven,BuildwithMaven
26,/home/runner/work/javassist/javassist/target/test-classes/test5/JIRA246.class,-1,395262,395260,Not provided,BuildwithMaven,BuildwithMaven
27,/home/runner/work/javassist/javassist/target/test-classes/test4/GetAllRefInnerTest$2.class,-1,395348,395346,Not provided,BuildwithMaven,BuildwithMaven
28,/home/runner/work/javassist/javassist/target/test-classes/test4/GetAllRefInnerTest$1.class,-1,395344,395342,Not provided,BuildwithMaven,BuildwithMaven
29,/home/runner/work/javassist/javassist/target/test-classes/test4/GetAllRefInnerTest2.class,-1,395340,395338,Not provided,BuildwithMaven,BuildwithMaven
30,/home/runner/work/javassist/javassist/target/test-classes/test4/GetAllRefInnerTest2$1.class,-1,395336,395334,Not provided,BuildwithMaven,BuildwithMaven
31,/home/runner/work/javassist/javassist/target/test-classes/scoped/UnscopedAnnotationDefaultUsage.class,-1,395179,395177,Not provided,BuildwithMaven,BuildwithMaven
32,/home/runner/work/javassist/javassist/target/test-classes/scoped/UnscopedAnnotationUsage.class,-1,395418,395416,Not provided,BuildwithMaven,BuildwithMaven
33,/home/runner/work/javassist/javassist/target/test-classes/scoped/jar1/FullyScopedAnnotationDefaultUsage.class,-1,395422,395420,Not provided,BuildwithMaven,BuildwithMaven
34,/home/runner/work/javassist/javassist/target/test-classes/javassist/compiler/CodeTest.class,-1,395155,395153,Not provided,BuildwithMaven,BuildwithMaven
35,/home/runner/work/javassist/javassist/target/test-classes/test1/BenchProceedNew.class,-1,395147,395145,Not provided,BuildwithMaven,BuildwithMaven
36,/home/runner/work/javassist/javassist/target/test-classes/javassist/ClassPoolBench.class,-1,395442,395440,Not provided,BuildwithMaven,BuildwithMaven
37,/home/runner/work/javassist/javassist/target/test-classes/test1/BenchProceedNew3.class,-1,395143,395141,Not provided,BuildwithMaven,BuildwithMaven
38,/home/runner/work/javassist/javassist/target/test-classes/test1/BenchProceedNew2.class,-1,395139,395137,Not provided,BuildwithMaven,BuildwithMaven
39,/home/runner/work/javassist/javassist/target/test-classes/test3/Visible2.class,-1,395111,395109,Not provided,BuildwithMaven,BuildwithMaven
40,/home/runner/work/javassist/javassist/target/runtest/test5/InnerModifier$NonStatic.class,-1,439337,439335,Not provided,BuildwithMaven,BuildwithMaven
41,/home/runner/work/javassist/javassist/target/runtest/test5/InnerModifier$Static.class,-1,439344,439342,Not provided,BuildwithMaven,BuildwithMaven
42,/home/runner/work/javassist/javassist/target/test-classes/Readme.txt,-1,391716,391713,Not provided,BuildwithMaven,BuildwithMaven
43,/home/runner/work/javassist/javassist/target/test-classes/test3/NewExprTryCatch2.class,-1,393911,393909,Not provided,BuildwithMaven,BuildwithMaven
44,/home/runner/work/javassist/javassist/target/test-classes/test/javassist/bytecode/analysis/DomTreePrinter.class,-1,394374,394372,Not provided,BuildwithMaven,BuildwithMaven
45,/home/runner/work/javassist/javassist/target/test-classes/scoped/TestAnnotation.class,-1,394338,394336,Not provided,BuildwithMaven,BuildwithMaven
46,/home/runner/work/javassist/javassist/target/test-classes/scoped/jar1/ScopedAnnotationDefaultUsage.class,-1,394334,394332,Not provided,BuildwithMaven,BuildwithMaven
47,/home/runner/work/javassist/javassist/target/test-classes/javassist/JvstTest4$Inner1.class,-1,394528,394526,Not provided,BuildwithMaven,BuildwithMaven
48,/home/runner/work/javassist/javassist/target/test-classes/test5/InnerClassRemove$C.class,-1,394442,394440,Not provided,BuildwithMaven,BuildwithMaven
49,/home/runner/work/javassist/javassist/target/test-classes/test5/InnerClassRemove$B.class,-1,394438,394436,Not provided,BuildwithMaven,BuildwithMaven
50,/home/runner/work/javassist/javassist/target/test-classes/test5/InnerClassRemove$A.class,-1,394434,394432,Not provided,BuildwithMaven,BuildwithMaven
51,/home/runner/work/javassist/javassist/target/test-classes/javassist/compiler/ParseTest.class,-1,394127,394125,Not provided,BuildwithMaven,BuildwithMaven
52,/home/runner/work/javassist/javassist/target/test-classes/testproxy/Target127.class,-1,394037,394035,Not provided,BuildwithMaven,BuildwithMaven
53,/home/runner/work/javassist/javassist/target/test-classes/testproxy/Target127$RealSub.class,-1,394033,394031,Not provided,BuildwithMaven,BuildwithMaven
54,/home/runner/work/javassist/javassist/target/test-classes/test3/EnhanceTest.class,-1,394151,394149,Not provided,BuildwithMaven,BuildwithMaven
55,/home/runner/work/javassist/javassist/target/test-classes/test2/ReplaceClassName3.class,-1,394266,394264,Not provided,BuildwithMaven,BuildwithMaven
56,/home/runner/work/javassist/javassist/target/test-classes/test3/Enhancer$1.class,-1,394158,394156,Not provided,BuildwithMaven,BuildwithMaven
57,/home/runner/work/javassist/javassist/target/test-classes/test2/ReplaceClassName2.class,-1,394262,394260,Not provided,BuildwithMaven,BuildwithMaven
58,/home/runner/work/javassist/javassist/target/test-classes/test/javassist/convert/InstrumentationTarget$Itr.class,-1,394254,394252,Not provided,BuildwithMaven,BuildwithMaven
59,/home/runner/work/javassist/javassist/target/test-classes/test2/Nested$Inner2.class,-1,394226,394224,Not provided,BuildwithMaven,BuildwithMaven
60,/home/runner/work/javassist/javassist/target/test-classes/testproxy/Target189.class,-1,394218,394216,Not provided,BuildwithMaven,BuildwithMaven
61,/home/runner/work/javassist/javassist/target/test-classes/test1/BenchProceed.class,-1,394190,394188,Not provided,BuildwithMaven,BuildwithMaven
62,/home/runner/work/javassist/javassist/target/test-classes/test1/BenchProceed2.class,-1,394186,394184,Not provided,BuildwithMaven,BuildwithMaven
63,/home/runner/work/javassist/javassist/target/test-classes/test1/BenchStaticMethod.class,-1,394182,394180,Not provided,BuildwithMaven,BuildwithMaven
64,/home/runner/work/javassist/javassist/target/test-classes/test3/Enhancer.class,-1,394166,394164,Not provided,BuildwithMaven,BuildwithMaven
65,/home/runner/work/javassist/javassist/target/test-classes/test3/Enhancer$Interceptor.class,-1,394162,394160,Not provided,BuildwithMaven,BuildwithMaven
66,/home/runner/work/javassist/javassist/target/runtest/test1/MySerializableClass.class,-1,398489,398487,Not provided,BuildwithMaven,BuildwithMaven
67,/home/runner/work/javassist/javassist/target/test-classes/javassist/compiler/LexTest.class,-1,396800,396798,Not provided,BuildwithMaven,BuildwithMaven
68,/home/runner/work/javassist/javassist/target/test-classes/scoped/jar1/ScopedAnnotationUsage.class,-1,396796,396794,Not provided,BuildwithMaven,BuildwithMaven
69,/home/runner/work/javassist/javassist/target/test-classes/test1/Point.class,-1,396784,396782,Not provided,BuildwithMaven,BuildwithMaven
70,/home/runner/work/javassist/javassist/target/test-classes/scoped/jar1/TestClass1.class,-1,396532,396530,Not provided,BuildwithMaven,BuildwithMaven
71,/home/runner/work/javassist/javassist/target/runtest/test1/SetName3.class,-1,399166,399164,Not provided,BuildwithMaven,BuildwithMaven
72,/home/runner/work/javassist/javassist/target/runtest/test1/SetName2.class,-1,399162,399160,Not provided,BuildwithMaven,BuildwithMaven
73,/home/runner/work/javassist/javassist/target/runtest/test1/Freeze.class,-1,399113,399111,Not provided,BuildwithMaven,BuildwithMaven
74,/home/runner/work/javassist/javassist/target/runtest/test1/NewInterface2.class,-1,399059,399057,Not provided,BuildwithMaven,BuildwithMaven
75,/home/runner/work/javassist/javassist/target/runtest/test1/NewInterface.class,-1,399055,399053,Not provided,BuildwithMaven,BuildwithMaven
76,/home/runner/work/javassist/javassist/target/test-classes/test4/ImportPac.class,-1,396590,396588,Not provided,BuildwithMaven,BuildwithMaven
77,/home/runner/work/javassist/javassist/target/test-classes/javassist/tools/reflect/ClassMetaobjectTest.class,-1,396586,396584,Not provided,BuildwithMaven,BuildwithMaven
78,/home/runner/work/javassist/javassist/target/test-classes/javassist/tools/reflect/Person.class,-1,396570,396568,Not provided,BuildwithMaven,BuildwithMaven
79,/home/runner/work/javassist/javassist/target/test-classes/test4/JIRA181$B.class,-1,396556,396554,Not provided,BuildwithMaven,BuildwithMaven
80,/home/runner/work/javassist/javassist/target/test-classes/test4/JIRA181$ICondition.class,-1,396552,396550,Not provided,BuildwithMaven,BuildwithMaven
81,/home/runner/work/javassist/javassist/target/test-classes/javassist/HotswapTest$Foo.class,-1,396760,396758,Not provided,BuildwithMaven,BuildwithMaven
82,/home/runner/work/javassist/javassist/target/test-classes/test2/StaticArraysMem.class,-1,396740,396738,Not provided,BuildwithMaven,BuildwithMaven
83,/home/runner/work/javassist/javassist/target/test-classes/test5/NestHost$Bar.class,-1,396684,396682,Not provided,BuildwithMaven,BuildwithMaven
84,/home/runner/work/javassist/javassist/target/runtest/test4/TestDeadcode.class,-1,400656,400654,Not provided,BuildwithMaven,BuildwithMaven
85,/home/runner/work/javassist/javassist/target/runtest/test4/WrittenFile2sub.class,-1,400614,400612,Not provided,BuildwithMaven,BuildwithMaven
86,/home/runner/work/javassist/javassist/target/runtest/test4/AnnoLoad.class,-1,400553,400551,Not provided,BuildwithMaven,BuildwithMaven
87,/home/runner/work/javassist/javassist/target/runtest/test4/AnnoLoadAnno.class,-1,400546,400544,Not provided,BuildwithMaven,BuildwithMaven
88,/home/runner/work/javassist/javassist/target/runtest/test3/StaticFinalField.class,-1,400261,400259,Not provided,BuildwithMaven,BuildwithMaven
89,/home/runner/work/javassist/javassist/target/runtest/test5/NestHost4$InnerClass1$InnerClass5.class,-1,438868,438866,Not provided,BuildwithMaven,BuildwithMaven
90,/home/runner/work/javassist/javassist/target/runtest/test5/NestHost4$InnerClass1.class,-1,438858,438856,Not provided,BuildwithMaven,BuildwithMaven
91,/home/runner/work/javassist/javassist/target/runtest/test3/Clazz67.class,-1,400133,400131,Not provided,BuildwithMaven,BuildwithMaven
92,/home/runner/work/javassist/javassist/target/runtest/test2/MethodCall.class,-1,399539,399537,Not provided,BuildwithMaven,BuildwithMaven
93,/home/runner/work/javassist/javassist/target/runtest/test2/Inner.class,-1,399461,399459,Not provided,BuildwithMaven,BuildwithMaven
94,/home/runner/work/javassist/javassist/target/runtest/test2/Inherit.class,-1,399451,399449,Not provided,BuildwithMaven,BuildwithMaven
95,/home/runner/work/javassist/javassist/target/runtest/test2/NewOp.class,-1,399642,399640,Not provided,BuildwithMaven,BuildwithMaven
96,/home/runner/work/javassist/javassist/target/runtest/test3/PublicInner$Inner.class,-1,399932,399930,Not provided,BuildwithMaven,BuildwithMaven
97,/home/runner/work/javassist/javassist/target/runtest/test3/PublicInner.class,-1,399928,399926,Not provided,BuildwithMaven,BuildwithMaven
98,/home/runner/work/javassist/javassist/target/runtest/test2/NullArgTest.class,-1,399646,399644,Not provided,BuildwithMaven,BuildwithMaven
99,/home/runner/work/javassist/javassist/target/runtest/test2/SuperInterface3.class,-1,399771,399769,Not provided,BuildwithMaven,BuildwithMaven
100,/home/runner/work/javassist/javassist/target/test-classes/test3/NestedClass$Inner.class,-1,395865,395863,Not provided,BuildwithMaven,BuildwithMaven
101,/home/runner/work/javassist/javassist/target/test-classes/scoped/ScopedRepositoryTestCase.class,-1,395829,395827,Not provided,BuildwithMaven,BuildwithMaven
102,/home/runner/work/javassist/javassist/target/test-classes/test4/JIRA220intf.class,-1,395806,395804,Not provided,BuildwithMaven,BuildwithMaven
103,/home/runner/work/javassist/javassist/target/test-classes/test4/NestedClass$S.class,-1,395786,395784,Not provided,BuildwithMaven,BuildwithMaven
104,/home/runner/work/javassist/javassist/target/test-classes/test4/NestedClass$S$S2.class,-1,395782,395780,Not provided,BuildwithMaven,BuildwithMaven
105,/home/runner/work/javassist/javassist/target/test-classes/test4/NestedClass$N.class,-1,395778,395776,Not provided,BuildwithMaven,BuildwithMaven
106,/home/runner/work/javassist/javassist/target/test-classes/test5/NestHost2$Bar.class,-1,395766,395764,Not provided,BuildwithMaven,BuildwithMaven
107,/home/runner/work/javassist/javassist/target/test-classes/test3/NestedClass$StaticNested.class,-1,395869,395867,Not provided,BuildwithMaven,BuildwithMaven
108,/home/runner/work/javassist/javassist/target/test-classes/test3/NestedClass$1.class,-1,395873,395871,Not provided,BuildwithMaven,BuildwithMaven
109,/home/runner/work/javassist/javassist/target/test-classes/test4/Signature$Foo.class,-1,396028,396026,Not provided,BuildwithMaven,BuildwithMaven
110,/home/runner/work/javassist/javassist/target/test-classes/Test.class,-1,396024,396022,Not provided,BuildwithMaven,BuildwithMaven
111,/home/runner/work/javassist/javassist/target/test-classes/InvalidStackMapFrame.class,-1,396020,396018,Not provided,BuildwithMaven,BuildwithMaven
112,/home/runner/work/javassist/javassist/target/test-classes/test3/PublicInner2$PS.class,-1,395980,395978,Not provided,BuildwithMaven,BuildwithMaven
113,/home/runner/work/javassist/javassist/target/test-classes/test3/NestedClass$1Local.class,-1,395877,395875,Not provided,BuildwithMaven,BuildwithMaven
114,/home/runner/work/javassist/javassist/target/test-classes/test2/Inner2$Child.class,-1,395754,395752,Not provided,BuildwithMaven,BuildwithMaven
115,/home/runner/work/javassist/javassist/target/test-classes/test5/InnerModifier2.class,-1,395742,395740,Not provided,BuildwithMaven,BuildwithMaven
116,/home/runner/work/javassist/javassist/target/test-classes/javassist/Bench$6.class,-1,395694,395692,Not provided,BuildwithMaven,BuildwithMaven
117,/home/runner/work/javassist/javassist/target/test-classes/javassist/Bench.class,-1,395702,395700,Not provided,BuildwithMaven,BuildwithMaven
118,/home/runner/work/javassist/javassist/target/test-classes/javassist/Bench$7.class,-1,395698,395696,Not provided,BuildwithMaven,BuildwithMaven
119,/home/runner/work/javassist/javassist/target/test-classes/javassist/Bench$5.class,-1,395690,395688,Not provided,BuildwithMaven,BuildwithMaven
120,/home/runner/work/javassist/javassist/target/test-classes/javassist/Bench$4.class,-1,395686,395684,Not provided,BuildwithMaven,BuildwithMaven
121,/home/runner/work/javassist/javassist/target/test-classes/javassist/Bench$3.class,-1,395682,395680,Not provided,BuildwithMaven,BuildwithMaven
122,/home/runner/work/javassist/javassist/target/test-classes/javassist/Bench$2.class,-1,395678,395676,Not provided,BuildwithMaven,BuildwithMaven
123,/home/runner/work/javassist/javassist/target/test-classes/javassist/Bench$1.class,-1,395674,395672,Not provided,BuildwithMaven,BuildwithMaven
124,/home/runner/work/javassist/javassist/target/test-classes/scoped/jar1/FullyScopedAnnotationUsage.class,-1,395666,395664,Not provided,BuildwithMaven,BuildwithMaven
125,/home/runner/work/javassist/javassist/target/test-classes/test1/StaticField.class,-1,395658,395656,Not provided,BuildwithMaven,BuildwithMaven
126,/home/runner/work/javassist/javassist/target/test-classes/test5/RemoveAnno2.class,-1,396316,396314,Not provided,BuildwithMaven,BuildwithMaven
127,/home/runner/work/javassist/javassist/target/test-classes/test5/RemoveAnno1.class,-1,396312,396310,Not provided,BuildwithMaven,BuildwithMaven
128,/home/runner/work/javassist/javassist/target/test-classes/test3/PackName2.class,-1,396300,396298,Not provided,BuildwithMaven,BuildwithMaven
129,/home/runner/work/javassist/javassist/target/test-classes/annotation/EnumTest.class,-1,396418,396416,Not provided,BuildwithMaven,BuildwithMaven
130,/home/runner/work/javassist/javassist/target/test-classes/javassist/bytecode/CodeAnalyzerTest.class,-1,396482,396480,Not provided,BuildwithMaven,BuildwithMaven
131,/home/runner/work/javassist/javassist/target/test-classes/annotation/Tag.class,-1,396422,396420,Not provided,BuildwithMaven,BuildwithMaven
132,/home/runner/work/javassist/javassist/target/test-classes/test4/GetAllRefAnnoC4.class,-1,396466,396464,Not provided,BuildwithMaven,BuildwithMaven
133,/home/runner/work/javassist/javassist/target/test-classes/test4/GetAllRefAnnoC3.class,-1,396462,396460,Not provided,BuildwithMaven,BuildwithMaven
134,/home/runner/work/javassist/javassist/target/test-classes/test4/GetAllRefAnnoC2.class,-1,396458,396456,Not provided,BuildwithMaven,BuildwithMaven
135,/home/runner/work/javassist/javassist/target/test-classes/test4/GetAllRefAnnoC.class,-1,396454,396452,Not provided,BuildwithMaven,BuildwithMaven
136,/home/runner/work/javassist/javassist/target/test-classes/test4/GetAllRefAnno.class,-1,396450,396448,Not provided,BuildwithMaven,BuildwithMaven
137,/home/runner/work/javassist/javassist/target/test-classes/test4/GetAllRefEnum.class,-1,396446,396444,Not provided,BuildwithMaven,BuildwithMaven
138,/home/runner/work/javassist/javassist/target/test-classes/test5/JIRA242.class,-1,396292,396290,Not provided,BuildwithMaven,BuildwithMaven
139,/home/runner/work/javassist/javassist/target/test-classes/Jassist150$1.class,-1,396064,396062,Not provided,BuildwithMaven,BuildwithMaven
140,/home/runner/work/javassist/javassist/target/test-classes/javassist/ConcurrentClassDefinitionTest.class,-1,396096,396094,Not provided,BuildwithMaven,BuildwithMaven
141,/home/runner/work/javassist/javassist/target/test-classes/javassist/ConcurrentClassDefinitionTest$Worker.class,-1,396092,396090,Not provided,BuildwithMaven,BuildwithMaven
142,/home/runner/work/javassist/javassist/target/test-classes/Jassist150.class,-1,396068,396066,Not provided,BuildwithMaven,BuildwithMaven
143,/home/runner/work/javassist/javassist/target/test-classes/test/javassist/proxy/ProxySimpleTest$Default4.class,-1,396184,396182,Not provided,BuildwithMaven,BuildwithMaven
144,/home/runner/work/javassist/javassist/target/runtest/javassist/bytecode/StackMapTest$C6.class,-1,439702,439700,Not provided,BuildwithMaven,BuildwithMaven
145,/home/runner/work/javassist/javassist/src/test/javassist/bytecode/Gap0Example.class,-1,2508,2506,Not provided,uses-checkout,uses-checkout
146,/home/runner/work/javassist/javassist/src/test/Readme.txt,-1,2415,2413,Not provided,uses-checkout,uses-checkout
147,/home/runner/work/javassist/javassist/target/runtest/testproxy/Target_$$_jvst655_11.class,-1,440372,440370,Not provided,BuildwithMaven,BuildwithMaven
148,/home/runner/work/javassist/javassist/sample/vector/VectorAssistant.java,-1,1381,1379,Not provided,uses-checkout,uses-checkout
149,/home/runner/work/javassist/javassist/sample/vector/Test.j,-1,1377,1375,Not provided,uses-checkout,uses-checkout
150,/home/runner/work/javassist/javassist/sample/vector/Sample2.java,-1,1373,1371,Not provided,uses-checkout,uses-checkout
151,/home/runner/work/javassist/javassist/sample/rmi/webdemo.html,-1,1363,1361,Not provided,uses-checkout,uses-checkout
152,/home/runner/work/javassist/javassist/target/runtest/proxy/test/javassist/proxy/ProxySimpleTest$Foo_$$_jvst655_2733.class,-1,440651,440649,Not provided,BuildwithMaven,BuildwithMaven
153,/home/runner/work/javassist/javassist/sample/rmi/start.html,-1,1359,1357,Not provided,uses-checkout,uses-checkout
154,/home/runner/work/javassist/javassist/Examples.md,-1,1158,1156,Not provided,uses-checkout,uses-checkout
155,/home/runner/work/javassist/javassist/.gitignore,-1,1150,1148,Not provided,uses-checkout,uses-checkout
156,/home/runner/work/javassist/javassist/.github/workflows/maven.yml,-1,1142,1140,Not provided,uses-checkout,uses-checkout
157,/home/runner/work/javassist/javassist/Changes.md,-1,1154,1152,Not provided,uses-checkout,uses-checkout
158,/home/runner/work/javassist/javassist/README.md,-1,1167,1165,Not provided,uses-checkout,uses-checkout
159,/home/runner/work/javassist/javassist/sample/rmi/inside.gif,-1,1355,1353,Not provided,uses-checkout,uses-checkout
160,/home/runner/work/javassist/javassist/build.xml,-1,1171,1169,Not provided,uses-checkout,uses-checkout
161,/home/runner/work/javassist/javassist/sample/rmi/Counter.java,-1,1351,1349,Not provided,uses-checkout,uses-checkout
162,/home/runner/work/javassist/javassist/sample/rmi/CountApplet.java,-1,1347,1345,Not provided,uses-checkout,uses-checkout
163,/home/runner/work/javassist/javassist/target/runtest/proxy/test/javassist/proxy/ProxySimpleTest$PubProxy_$$_jvst655_2734.class,-1,440663,440661,Not provided,BuildwithMaven,BuildwithMaven
164,/home/runner/work/javassist/javassist/sample/reflect/VerboseMetaobj.java,-1,1337,1335,Not provided,uses-checkout,uses-checkout
165,/home/runner/work/javassist/javassist/sample/reflect/Person.java,-1,1333,1331,Not provided,uses-checkout,uses-checkout
166,/home/runner/work/javassist/javassist/target/runtest/proxy/test/javassist/proxy/ProxySimpleTest$Default2_$$_jvst655_273b.class,-1,440802,440800,Not provided,BuildwithMaven,BuildwithMaven
167,/home/runner/work/javassist/javassist/sample/preproc/package.html,-1,1323,1321,Not provided,uses-checkout,uses-checkout
168,/home/runner/work/javassist/javassist/sample/preproc/Compiler.java,-1,1319,1317,Not provided,uses-checkout,uses-checkout
169,/home/runner/work/javassist/javassist/target/runtest/proxy/javassist/util/proxy/test_javassist_proxy_ProxySimpleTest$PubProxy2_$$_jvst655_273c.class,-1,440826,440824,Not provided,BuildwithMaven,BuildwithMaven
170,/home/runner/work/javassist/javassist/sample/hotswap/Test.java,-1,1304,1302,Not provided,uses-checkout,uses-checkout
171,/home/runner/work/javassist/javassist/sample/evolve/update.html,-1,1296,1294,Not provided,uses-checkout,uses-checkout
172,/home/runner/work/javassist/javassist/sample/evolve/start.html,-1,1292,1290,Not provided,uses-checkout,uses-checkout
173,/home/runner/work/javassist/javassist/sample/evolve/demo.html,-1,1282,1280,Not provided,uses-checkout,uses-checkout
174,/home/runner/work/javassist/javassist/sample/evolve/WebPage.java,-1,1278,1276,Not provided,uses-checkout,uses-checkout
175,/home/runner/work/javassist/javassist/sample/evolve/VersionManager.java,-1,1274,1272,Not provided,uses-checkout,uses-checkout
176,/home/runner/work/javassist/javassist/sample/evolve/Sample.java,-1,1270,1268,Not provided,uses-checkout,uses-checkout
177,/home/runner/work/javassist/javassist/sample/evolve/Evolution.java,-1,1266,1264,Not provided,uses-checkout,uses-checkout
178,/home/runner/work/javassist/javassist/sample/evolve/DemoServer.java,-1,1262,1260,Not provided,uses-checkout,uses-checkout
179,/home/runner/work/javassist/javassist/sample/evolve/DemoLoader.java,-1,1258,1256,Not provided,uses-checkout,uses-checkout
180,/home/runner/work/javassist/javassist/sample/evolve/CannotUpdateException.java,-1,1254,1252,Not provided,uses-checkout,uses-checkout
181,/home/runner/work/javassist/javassist/target/runtest/proxy/test/javassist/proxy/ProxySimpleTest$Default3_$$_jvst655_273d.class,-1,440837,440835,Not provided,BuildwithMaven,BuildwithMaven
182,/home/runner/work/javassist/javassist/sample/duplicate/Viewer.java,-1,1244,1242,Not provided,uses-checkout,uses-checkout
183,/home/runner/work/javassist/javassist/sample/duplicate/Main.java,-1,1240,1238,Not provided,uses-checkout,uses-checkout
184,/home/runner/work/javassist/javassist/sample/duplicate/DuplicatedObject.java,-1,1236,1234,Not provided,uses-checkout,uses-checkout
185,/home/runner/work/javassist/javassist/target/runtest/javassist/bytecode/StackMapTest$T8d.class,-1,439997,439995,Not provided,BuildwithMaven,BuildwithMaven
186,/home/runner/work/javassist/javassist/target/runtest/reflected/javassist/tools/reflect/SuperClass.class,-1,440102,440100,Not provided,BuildwithMaven,BuildwithMaven
187,/home/runner/work/javassist/javassist/target/runtest/testproxy/BridgeMethod_$$_jvst655_7.class,-1,440217,440215,Not provided,BuildwithMaven,BuildwithMaven
188,/home/runner/work/javassist/javassist/target/runtest/javassist/bytecode/Gap0Example.class,-1,440036,440034,Not provided,BuildwithMaven,BuildwithMaven
189,/home/runner/work/javassist/javassist/target/runtest/javassist/bytecode/Gap0Example2.class,-1,440043,440041,Not provided,BuildwithMaven,BuildwithMaven
190,/home/runner/work/javassist/javassist/target/runtest/test5/InnerModifier.class,-1,439348,439346,Not provided,BuildwithMaven,BuildwithMaven
191,/home/runner/work/javassist/javassist/target/runtest/test1/LocalVars2.class,-1,439368,439366,Not provided,BuildwithMaven,BuildwithMaven
192,/home/runner/work/javassist/javassist/tutorial/tutorial3.html,-1,3717,3715,Not provided,uses-checkout,uses-checkout
193,/home/runner/work/javassist/javassist/target/surefire-reports/javassist.JvstTest.txt,-1,440978,-1,Not provided,BuildwithMaven,Not provided
194,/home/runner/work/javassist/javassist/sample/vector/Sample.java,-1,1369,-1,Not provided,uses-checkout,Not provided
195,/home/runner/work/javassist/javassist/sample/rmi/AlertDialog.java,-1,1343,-1,Not provided,uses-checkout,Not provided
196,/home/runner/work/javassist/javassist/sample/reflect/Main.java,-1,1329,-1,Not provided,uses-checkout,Not provided
197,/home/runner/work/javassist/javassist/sample/preproc/Assistant.java,-1,1315,-1,Not provided,uses-checkout,Not provided
198,/home/runner/work/javassist/javassist/sample/evolve/CannotCreateException.java,-1,1250,-1,Not provided,uses-checkout,Not provided
199,/home/runner/work/javassist/javassist/target/test-classes/testproxy/sub/TargetSuper.class,-1,396500,-1,Not provided,BuildwithMaven,Not provided
200,/home/runner/work/javassist/javassist/target/test-classes/annotation/Id.class,-1,396414,-1,Not provided,BuildwithMaven,Not provided
201,/home/runner/work/javassist/javassist/target/test-classes/test/javassist/bytecode/analysis/ScannerTest.class,-1,393907,-1,Not provided,BuildwithMaven,Not provided
