,file_name,last_access_index,last_modify_index,creation_index,last_access_step,last_modify_step,creation_step
0,/home/runner/work/javassist/javassist/target/javassist-3.29.2-GA.jar,-1,996606,977250,Not provided,BuildwithMaven,BuildwithMaven
1,/home/runner/work/javassist/javassist/target/javassist-3.29.2-GA-sources.jar,-1,1004546,996784,Not provided,BuildwithMaven,BuildwithMaven
2,/home/runner/work/javassist/javassist/target/classes/META-INF/MANIFEST.MF,443528,996622,-1,BuildwithMaven,BuildwithMaven,Not provided
3,/home/runner/work/javassist/javassist/target/runtest/test1/AnnoTest.class,-1,441605,441531,Not provided,BuildwithMaven,BuildwithMaven
4,/home/runner/work/javassist/javassist/target/runtest/test-hibernate.class,-1,441826,441772,Not provided,BuildwithMaven,BuildwithMaven
5,/home/runner/work/javassist/javassist/target/runtest/TooManyConstPoolItems.class,-1,441165,441145,Not provided,BuildwithMaven,BuildwithMaven
6,/home/runner/work/javassist/javassist/target/surefire-reports/TEST-javassist.JvstTest.xml,-1,442878,442871,Not provided,BuildwithMaven,BuildwithMaven
7,/home/runner/work/javassist/javassist/target/runtest/test3/JIRA63.class,-1,397706,397697,Not provided,BuildwithMaven,BuildwithMaven
8,/home/runner/work/javassist/javassist/target/maven-status/maven-compiler-plugin/compile/default-compile/inputFiles.lst,-1,6723,6719,Not provided,BuildwithMaven,BuildwithMaven
9,/home/runner/work/javassist/javassist/target/maven-status/maven-compiler-plugin/compile/default-compile/createdFiles.lst,-1,6717,6713,Not provided,BuildwithMaven,BuildwithMaven
10,/home/runner/work/javassist/javassist/target/maven-status/maven-compiler-plugin/testCompile/default-testCompile/inputFiles.lst,-1,394477,394473,Not provided,BuildwithMaven,BuildwithMaven
11,/home/runner/work/javassist/javassist/target/maven-status/maven-compiler-plugin/testCompile/default-testCompile/createdFiles.lst,-1,394471,394467,Not provided,BuildwithMaven,BuildwithMaven
12,/home/runner/work/javassist/javassist/target/runtest/test3/Clazz67.class,-1,397509,397506,Not provided,BuildwithMaven,BuildwithMaven
13,/home/runner/work/javassist/javassist/target/test-classes/test3/InnerClass.class,-1,392421,392419,Not provided,BuildwithMaven,BuildwithMaven
14,/home/runner/work/javassist/javassist/target/test-classes/scoped/jar1/ScopedTestAnnotation.class,-1,392425,392423,Not provided,BuildwithMaven,BuildwithMaven
15,/home/runner/work/javassist/javassist/target/test-classes/test/javassist/bytecode/analysis/ErrorFinder.class,-1,392205,392203,Not provided,BuildwithMaven,BuildwithMaven
16,/home/runner/work/javassist/javassist/target/test-classes/javassist/bytecode/StackMapTest$T8dd.class,-1,392145,392143,Not provided,BuildwithMaven,BuildwithMaven
17,/home/runner/work/javassist/javassist/target/test-classes/javassist/bytecode/StackMapTest$I8d.class,-1,392141,392139,Not provided,BuildwithMaven,BuildwithMaven
18,/home/runner/work/javassist/javassist/target/test-classes/VisibleTop2.class,-1,392341,392339,Not provided,BuildwithMaven,BuildwithMaven
19,/home/runner/work/javassist/javassist/target/test-classes/test1/GetThrow2.class,-1,392301,392299,Not provided,BuildwithMaven,BuildwithMaven
20,/home/runner/work/javassist/javassist/target/test-classes/test1/GetThrow1.class,-1,392297,392295,Not provided,BuildwithMaven,BuildwithMaven
21,/home/runner/work/javassist/javassist/target/test-classes/test/javassist/bytecode/analysis/AnalyzerTest$Dummy$A3.class,-1,392269,392267,Not provided,BuildwithMaven,BuildwithMaven
22,/home/runner/work/javassist/javassist/target/test-classes/test/javassist/bytecode/analysis/AnalyzerTest$Dummy$A2.class,-1,392265,392263,Not provided,BuildwithMaven,BuildwithMaven
23,/home/runner/work/javassist/javassist/target/test-classes/test3/NewClass2.class,-1,392249,392247,Not provided,BuildwithMaven,BuildwithMaven
24,/home/runner/work/javassist/javassist/target/test-classes/scoped/jar1/FullyScopedAnnotationDefaultUsage.class,-1,392883,392881,Not provided,BuildwithMaven,BuildwithMaven
25,/home/runner/work/javassist/javassist/target/test-classes/scoped/UnscopedAnnotationUsage.class,-1,392879,392877,Not provided,BuildwithMaven,BuildwithMaven
26,/home/runner/work/javassist/javassist/target/test-classes/test4/GetAllRefInnerTest$2.class,-1,392807,392805,Not provided,BuildwithMaven,BuildwithMaven
27,/home/runner/work/javassist/javassist/target/test-classes/test4/GetAllRefInnerTest$1.class,-1,392803,392801,Not provided,BuildwithMaven,BuildwithMaven
28,/home/runner/work/javassist/javassist/target/test-classes/test4/GetAllRefInnerTest2.class,-1,392799,392797,Not provided,BuildwithMaven,BuildwithMaven
29,/home/runner/work/javassist/javassist/target/test-classes/test4/GetAllRefInnerTest2$1.class,-1,392795,392793,Not provided,BuildwithMaven,BuildwithMaven
30,/home/runner/work/javassist/javassist/target/test-classes/javassist/ClassPoolBench.class,-1,392903,392901,Not provided,BuildwithMaven,BuildwithMaven
31,/home/runner/work/javassist/javassist/target/test-classes/scoped/UnscopedAnnotationDefaultUsage.class,-1,392638,392636,Not provided,BuildwithMaven,BuildwithMaven
32,/home/runner/work/javassist/javassist/target/test-classes/javassist/compiler/CodeTest.class,-1,392614,392612,Not provided,BuildwithMaven,BuildwithMaven
33,/home/runner/work/javassist/javassist/target/test-classes/test1/BenchProceedNew.class,-1,392606,392604,Not provided,BuildwithMaven,BuildwithMaven
34,/home/runner/work/javassist/javassist/target/test-classes/test1/BenchProceedNew3.class,-1,392602,392600,Not provided,BuildwithMaven,BuildwithMaven
35,/home/runner/work/javassist/javassist/target/test-classes/test1/BenchProceedNew2.class,-1,392598,392596,Not provided,BuildwithMaven,BuildwithMaven
36,/home/runner/work/javassist/javassist/target/test-classes/test3/Visible2.class,-1,392570,392568,Not provided,BuildwithMaven,BuildwithMaven
37,/home/runner/work/javassist/javassist/target/test-classes/test5/JIRA246.class,-1,392721,392719,Not provided,BuildwithMaven,BuildwithMaven
38,/home/runner/work/javassist/javassist/target/test-classes/test3/NewExprTryCatch2.class,-1,391378,391376,Not provided,BuildwithMaven,BuildwithMaven
39,/home/runner/work/javassist/javassist/target/test-classes/testproxy/Target127.class,-1,391504,391502,Not provided,BuildwithMaven,BuildwithMaven
40,/home/runner/work/javassist/javassist/target/test-classes/testproxy/Target127$RealSub.class,-1,391500,391498,Not provided,BuildwithMaven,BuildwithMaven
41,/home/runner/work/javassist/javassist/target/test-classes/Readme.txt,-1,389181,389178,Not provided,BuildwithMaven,BuildwithMaven
42,/home/runner/work/javassist/javassist/target/test-classes/test5/InnerClassRemove$C.class,-1,391897,391895,Not provided,BuildwithMaven,BuildwithMaven
43,/home/runner/work/javassist/javassist/target/test-classes/test5/InnerClassRemove$B.class,-1,391893,391891,Not provided,BuildwithMaven,BuildwithMaven
44,/home/runner/work/javassist/javassist/target/test-classes/test5/InnerClassRemove$A.class,-1,391889,391887,Not provided,BuildwithMaven,BuildwithMaven
45,/home/runner/work/javassist/javassist/target/test-classes/test/javassist/bytecode/analysis/DomTreePrinter.class,-1,391829,391827,Not provided,BuildwithMaven,BuildwithMaven
46,/home/runner/work/javassist/javassist/target/test-classes/javassist/JvstTest4$Inner1.class,-1,391983,391981,Not provided,BuildwithMaven,BuildwithMaven
47,/home/runner/work/javassist/javassist/target/test-classes/test3/Enhancer.class,-1,391629,391627,Not provided,BuildwithMaven,BuildwithMaven
48,/home/runner/work/javassist/javassist/target/test-classes/test1/BenchProceed.class,-1,391653,391651,Not provided,BuildwithMaven,BuildwithMaven
49,/home/runner/work/javassist/javassist/target/test-classes/test1/BenchProceed2.class,-1,391649,391647,Not provided,BuildwithMaven,BuildwithMaven
50,/home/runner/work/javassist/javassist/target/test-classes/test1/BenchStaticMethod.class,-1,391645,391643,Not provided,BuildwithMaven,BuildwithMaven
51,/home/runner/work/javassist/javassist/target/test-classes/test3/Enhancer$Interceptor.class,-1,391625,391623,Not provided,BuildwithMaven,BuildwithMaven
52,/home/runner/work/javassist/javassist/target/test-classes/testproxy/Target189.class,-1,391681,391679,Not provided,BuildwithMaven,BuildwithMaven
53,/home/runner/work/javassist/javassist/target/test-classes/test3/Enhancer$1.class,-1,391621,391619,Not provided,BuildwithMaven,BuildwithMaven
54,/home/runner/work/javassist/javassist/target/test-classes/test3/EnhanceTest.class,-1,391614,391612,Not provided,BuildwithMaven,BuildwithMaven
55,/home/runner/work/javassist/javassist/target/test-classes/scoped/TestAnnotation.class,-1,391793,391791,Not provided,BuildwithMaven,BuildwithMaven
56,/home/runner/work/javassist/javassist/target/test-classes/test2/Nested$Inner2.class,-1,391689,391687,Not provided,BuildwithMaven,BuildwithMaven
57,/home/runner/work/javassist/javassist/target/test-classes/test2/ReplaceClassName3.class,-1,391727,391725,Not provided,BuildwithMaven,BuildwithMaven
58,/home/runner/work/javassist/javassist/target/test-classes/test2/ReplaceClassName2.class,-1,391723,391721,Not provided,BuildwithMaven,BuildwithMaven
59,/home/runner/work/javassist/javassist/target/test-classes/javassist/Bench$3.class,-1,393145,393143,Not provided,BuildwithMaven,BuildwithMaven
60,/home/runner/work/javassist/javassist/target/runtest/test1/MySerializableClass.class,-1,395910,395908,Not provided,BuildwithMaven,BuildwithMaven
61,/home/runner/work/javassist/javassist/target/test-classes/javassist/compiler/LexTest.class,-1,394265,394263,Not provided,BuildwithMaven,BuildwithMaven
62,/home/runner/work/javassist/javassist/target/test-classes/scoped/jar1/ScopedAnnotationUsage.class,-1,394261,394259,Not provided,BuildwithMaven,BuildwithMaven
63,/home/runner/work/javassist/javassist/target/runtest/test1/NewInterface2.class,-1,396427,396425,Not provided,BuildwithMaven,BuildwithMaven
64,/home/runner/work/javassist/javassist/target/runtest/test1/SetName3.class,-1,396526,396524,Not provided,BuildwithMaven,BuildwithMaven
65,/home/runner/work/javassist/javassist/target/runtest/test1/SetName2.class,-1,396522,396520,Not provided,BuildwithMaven,BuildwithMaven
66,/home/runner/work/javassist/javassist/target/runtest/test1/Freeze.class,-1,396473,396471,Not provided,BuildwithMaven,BuildwithMaven
67,/home/runner/work/javassist/javassist/target/runtest/test1/NewInterface.class,-1,396423,396421,Not provided,BuildwithMaven,BuildwithMaven
68,/home/runner/work/javassist/javassist/target/test-classes/test1/Point.class,-1,394249,394247,Not provided,BuildwithMaven,BuildwithMaven
69,/home/runner/work/javassist/javassist/target/test-classes/test4/ImportPac.class,-1,394055,394053,Not provided,BuildwithMaven,BuildwithMaven
70,/home/runner/work/javassist/javassist/target/test-classes/javassist/tools/reflect/ClassMetaobjectTest.class,-1,394051,394049,Not provided,BuildwithMaven,BuildwithMaven
71,/home/runner/work/javassist/javassist/target/test-classes/javassist/tools/reflect/Person.class,-1,394035,394033,Not provided,BuildwithMaven,BuildwithMaven
72,/home/runner/work/javassist/javassist/target/test-classes/javassist/HotswapTest$Foo.class,-1,394225,394223,Not provided,BuildwithMaven,BuildwithMaven
73,/home/runner/work/javassist/javassist/target/test-classes/test2/StaticArraysMem.class,-1,394205,394203,Not provided,BuildwithMaven,BuildwithMaven
74,/home/runner/work/javassist/javassist/target/test-classes/test5/NestHost$Bar.class,-1,394149,394147,Not provided,BuildwithMaven,BuildwithMaven
75,/home/runner/work/javassist/javassist/target/runtest/test4/TestDeadcode.class,-1,398074,398072,Not provided,BuildwithMaven,BuildwithMaven
76,/home/runner/work/javassist/javassist/target/runtest/test4/WrittenFile2sub.class,-1,398009,398007,Not provided,BuildwithMaven,BuildwithMaven
77,/home/runner/work/javassist/javassist/target/runtest/test4/AnnoLoad.class,-1,397936,397934,Not provided,BuildwithMaven,BuildwithMaven
78,/home/runner/work/javassist/javassist/target/runtest/test4/AnnoLoadAnno.class,-1,397929,397927,Not provided,BuildwithMaven,BuildwithMaven
79,/home/runner/work/javassist/javassist/target/runtest/test3/StaticFinalField.class,-1,397637,397635,Not provided,BuildwithMaven,BuildwithMaven
80,/home/runner/work/javassist/javassist/target/runtest/test5/NestHost4$InnerClass1$InnerClass5.class,-1,441059,441057,Not provided,BuildwithMaven,BuildwithMaven
81,/home/runner/work/javassist/javassist/target/runtest/test5/NestHost4$InnerClass1.class,-1,441049,441047,Not provided,BuildwithMaven,BuildwithMaven
82,/home/runner/work/javassist/javassist/target/runtest/test2/Inherit.class,-1,396811,396809,Not provided,BuildwithMaven,BuildwithMaven
83,/home/runner/work/javassist/javassist/target/runtest/test2/MethodCall.class,-1,396902,396900,Not provided,BuildwithMaven,BuildwithMaven
84,/home/runner/work/javassist/javassist/target/runtest/test2/Inner.class,-1,396821,396819,Not provided,BuildwithMaven,BuildwithMaven
85,/home/runner/work/javassist/javassist/target/runtest/test2/NewOp.class,-1,397006,397004,Not provided,BuildwithMaven,BuildwithMaven
86,/home/runner/work/javassist/javassist/target/runtest/test2/NullArgTest.class,-1,397010,397008,Not provided,BuildwithMaven,BuildwithMaven
87,/home/runner/work/javassist/javassist/target/runtest/test3/PublicInner$Inner.class,-1,397310,397308,Not provided,BuildwithMaven,BuildwithMaven
88,/home/runner/work/javassist/javassist/target/runtest/test3/PublicInner.class,-1,397306,397304,Not provided,BuildwithMaven,BuildwithMaven
89,/home/runner/work/javassist/javassist/target/runtest/test2/SuperInterface3.class,-1,397135,397133,Not provided,BuildwithMaven,BuildwithMaven
90,/home/runner/work/javassist/javassist/target/test-classes/test4/JIRA181$B.class,-1,394021,394019,Not provided,BuildwithMaven,BuildwithMaven
91,/home/runner/work/javassist/javassist/target/test-classes/test4/JIRA181$ICondition.class,-1,394017,394015,Not provided,BuildwithMaven,BuildwithMaven
92,/home/runner/work/javassist/javassist/target/test-classes/test3/NestedClass$1Local.class,-1,393340,393338,Not provided,BuildwithMaven,BuildwithMaven
93,/home/runner/work/javassist/javassist/target/test-classes/test3/NestedClass$1.class,-1,393336,393334,Not provided,BuildwithMaven,BuildwithMaven
94,/home/runner/work/javassist/javassist/target/test-classes/test3/NestedClass$StaticNested.class,-1,393332,393330,Not provided,BuildwithMaven,BuildwithMaven
95,/home/runner/work/javassist/javassist/target/test-classes/test3/NestedClass$Inner.class,-1,393328,393326,Not provided,BuildwithMaven,BuildwithMaven
96,/home/runner/work/javassist/javassist/target/test-classes/scoped/ScopedRepositoryTestCase.class,-1,393292,393290,Not provided,BuildwithMaven,BuildwithMaven
97,/home/runner/work/javassist/javassist/target/test-classes/test4/JIRA220intf.class,-1,393269,393267,Not provided,BuildwithMaven,BuildwithMaven
98,/home/runner/work/javassist/javassist/target/test-classes/test3/PublicInner2$PS.class,-1,393443,393441,Not provided,BuildwithMaven,BuildwithMaven
99,/home/runner/work/javassist/javassist/target/test-classes/Jassist150.class,-1,393531,393529,Not provided,BuildwithMaven,BuildwithMaven
100,/home/runner/work/javassist/javassist/target/test-classes/Jassist150$1.class,-1,393527,393525,Not provided,BuildwithMaven,BuildwithMaven
101,/home/runner/work/javassist/javassist/target/test-classes/test4/Signature$Foo.class,-1,393491,393489,Not provided,BuildwithMaven,BuildwithMaven
102,/home/runner/work/javassist/javassist/target/test-classes/Test.class,-1,393487,393485,Not provided,BuildwithMaven,BuildwithMaven
103,/home/runner/work/javassist/javassist/target/test-classes/InvalidStackMapFrame.class,-1,393483,393481,Not provided,BuildwithMaven,BuildwithMaven
104,/home/runner/work/javassist/javassist/target/test-classes/test4/NestedClass$S.class,-1,393249,393247,Not provided,BuildwithMaven,BuildwithMaven
105,/home/runner/work/javassist/javassist/target/test-classes/scoped/jar1/FullyScopedAnnotationUsage.class,-1,393129,393127,Not provided,BuildwithMaven,BuildwithMaven
106,/home/runner/work/javassist/javassist/target/test-classes/test1/StaticField.class,-1,393121,393119,Not provided,BuildwithMaven,BuildwithMaven
107,/home/runner/work/javassist/javassist/target/test-classes/javassist/Bench$1.class,-1,393137,393135,Not provided,BuildwithMaven,BuildwithMaven
108,/home/runner/work/javassist/javassist/target/test-classes/javassist/Bench$2.class,-1,393141,393139,Not provided,BuildwithMaven,BuildwithMaven
109,/home/runner/work/javassist/javassist/target/test-classes/test4/NestedClass$S$S2.class,-1,393245,393243,Not provided,BuildwithMaven,BuildwithMaven
110,/home/runner/work/javassist/javassist/target/test-classes/test4/NestedClass$N.class,-1,393241,393239,Not provided,BuildwithMaven,BuildwithMaven
111,/home/runner/work/javassist/javassist/target/test-classes/test5/NestHost2$Bar.class,-1,393229,393227,Not provided,BuildwithMaven,BuildwithMaven
112,/home/runner/work/javassist/javassist/target/test-classes/test2/Inner2$Child.class,-1,393217,393215,Not provided,BuildwithMaven,BuildwithMaven
113,/home/runner/work/javassist/javassist/target/test-classes/test5/InnerModifier2.class,-1,393205,393203,Not provided,BuildwithMaven,BuildwithMaven
114,/home/runner/work/javassist/javassist/target/test-classes/javassist/Bench.class,-1,393165,393163,Not provided,BuildwithMaven,BuildwithMaven
115,/home/runner/work/javassist/javassist/target/test-classes/javassist/Bench$7.class,-1,393161,393159,Not provided,BuildwithMaven,BuildwithMaven
116,/home/runner/work/javassist/javassist/target/test-classes/javassist/Bench$6.class,-1,393157,393155,Not provided,BuildwithMaven,BuildwithMaven
117,/home/runner/work/javassist/javassist/target/test-classes/javassist/Bench$5.class,-1,393153,393151,Not provided,BuildwithMaven,BuildwithMaven
118,/home/runner/work/javassist/javassist/target/test-classes/javassist/Bench$4.class,-1,393149,393147,Not provided,BuildwithMaven,BuildwithMaven
119,/home/runner/work/javassist/javassist/target/test-classes/javassist/ConcurrentClassDefinitionTest$Worker.class,-1,393555,393553,Not provided,BuildwithMaven,BuildwithMaven
120,/home/runner/work/javassist/javassist/target/test-classes/annotation/Tag.class,-1,393885,393883,Not provided,BuildwithMaven,BuildwithMaven
121,/home/runner/work/javassist/javassist/target/test-classes/annotation/EnumTest.class,-1,393881,393879,Not provided,BuildwithMaven,BuildwithMaven
122,/home/runner/work/javassist/javassist/target/test-classes/javassist/ConcurrentClassDefinitionTest.class,-1,393559,393557,Not provided,BuildwithMaven,BuildwithMaven
123,/home/runner/work/javassist/javassist/target/test-classes/scoped/jar1/TestClass1.class,-1,393997,393995,Not provided,BuildwithMaven,BuildwithMaven
124,/home/runner/work/javassist/javassist/target/test-classes/testproxy/sub/TargetSuper.class,-1,393965,393963,Not provided,BuildwithMaven,BuildwithMaven
125,/home/runner/work/javassist/javassist/target/test-classes/javassist/bytecode/CodeAnalyzerTest.class,-1,393945,393943,Not provided,BuildwithMaven,BuildwithMaven
126,/home/runner/work/javassist/javassist/target/test-classes/test4/GetAllRefAnnoC4.class,-1,393929,393927,Not provided,BuildwithMaven,BuildwithMaven
127,/home/runner/work/javassist/javassist/target/test-classes/test4/GetAllRefAnnoC3.class,-1,393925,393923,Not provided,BuildwithMaven,BuildwithMaven
128,/home/runner/work/javassist/javassist/target/test-classes/test4/GetAllRefAnnoC2.class,-1,393921,393919,Not provided,BuildwithMaven,BuildwithMaven
129,/home/runner/work/javassist/javassist/target/test-classes/test4/GetAllRefAnnoC.class,-1,393917,393915,Not provided,BuildwithMaven,BuildwithMaven
130,/home/runner/work/javassist/javassist/target/test-classes/test4/GetAllRefAnno.class,-1,393913,393911,Not provided,BuildwithMaven,BuildwithMaven
131,/home/runner/work/javassist/javassist/target/test-classes/test4/GetAllRefEnum.class,-1,393909,393907,Not provided,BuildwithMaven,BuildwithMaven
132,/home/runner/work/javassist/javassist/target/test-classes/test5/RemoveAnno2.class,-1,393779,393777,Not provided,BuildwithMaven,BuildwithMaven
133,/home/runner/work/javassist/javassist/target/test-classes/test5/RemoveAnno1.class,-1,393775,393773,Not provided,BuildwithMaven,BuildwithMaven
134,/home/runner/work/javassist/javassist/target/test-classes/test/javassist/proxy/ProxySimpleTest$Default4.class,-1,393647,393645,Not provided,BuildwithMaven,BuildwithMaven
135,/home/runner/work/javassist/javassist/target/test-classes/test3/PackName2.class,-1,393763,393761,Not provided,BuildwithMaven,BuildwithMaven
136,/home/runner/work/javassist/javassist/target/test-classes/test5/JIRA242.class,-1,393755,393753,Not provided,BuildwithMaven,BuildwithMaven
137,/home/runner/work/javassist/javassist/target/runtest/javassist/bytecode/StackMapTest$C6.class,-1,441770,441768,Not provided,BuildwithMaven,BuildwithMaven
138,/home/runner/work/javassist/javassist/src/test/javassist/bytecode/Gap0Example.class,-1,2448,2446,Not provided,uses-checkout,uses-checkout
139,/home/runner/work/javassist/javassist/src/test/Readme.txt,-1,2355,2353,Not provided,uses-checkout,uses-checkout
140,/home/runner/work/javassist/javassist/sample/vector/VectorAssistant.java,-1,1321,1319,Not provided,uses-checkout,uses-checkout
141,/home/runner/work/javassist/javassist/sample/vector/Test.j,-1,1317,1315,Not provided,uses-checkout,uses-checkout
142,/home/runner/work/javassist/javassist/sample/vector/Sample2.java,-1,1313,1311,Not provided,uses-checkout,uses-checkout
143,/home/runner/work/javassist/javassist/sample/rmi/webdemo.html,-1,1304,1302,Not provided,uses-checkout,uses-checkout
144,/home/runner/work/javassist/javassist/sample/rmi/start.html,-1,1300,1298,Not provided,uses-checkout,uses-checkout
145,/home/runner/work/javassist/javassist/target/runtest/reflected/javassist/tools/reflect/SuperClass.class,-1,442108,442106,Not provided,BuildwithMaven,BuildwithMaven
146,/home/runner/work/javassist/javassist/sample/rmi/inside.gif,-1,1296,1294,Not provided,uses-checkout,uses-checkout
147,/home/runner/work/javassist/javassist/sample/rmi/Counter.java,-1,1292,1290,Not provided,uses-checkout,uses-checkout
148,/home/runner/work/javassist/javassist/sample/rmi/CountApplet.java,-1,1288,1286,Not provided,uses-checkout,uses-checkout
149,/home/runner/work/javassist/javassist/.github/workflows/maven.yml,-1,1078,1076,Not provided,uses-checkout,uses-checkout
150,/home/runner/work/javassist/javassist/target/runtest/proxy/test/javassist/proxy/ProxySimpleTest$Default3_$$_jvst655_273d.class,-1,442728,442726,Not provided,BuildwithMaven,BuildwithMaven
151,/home/runner/work/javassist/javassist/Changes.md,-1,1090,1088,Not provided,uses-checkout,uses-checkout
152,/home/runner/work/javassist/javassist/.gitignore,-1,1086,1084,Not provided,uses-checkout,uses-checkout
153,/home/runner/work/javassist/javassist/Examples.md,-1,1094,1092,Not provided,uses-checkout,uses-checkout
154,/home/runner/work/javassist/javassist/sample/reflect/VerboseMetaobj.java,-1,1278,1276,Not provided,uses-checkout,uses-checkout
155,/home/runner/work/javassist/javassist/sample/evolve/Sample.java,-1,1211,1209,Not provided,uses-checkout,uses-checkout
156,/home/runner/work/javassist/javassist/sample/reflect/Person.java,-1,1274,1272,Not provided,uses-checkout,uses-checkout
157,/home/runner/work/javassist/javassist/target/runtest/testproxy/Target_$$_jvst655_11.class,-1,442339,442337,Not provided,BuildwithMaven,BuildwithMaven
158,/home/runner/work/javassist/javassist/sample/preproc/package.html,-1,1264,1262,Not provided,uses-checkout,uses-checkout
159,/home/runner/work/javassist/javassist/sample/preproc/Compiler.java,-1,1260,1258,Not provided,uses-checkout,uses-checkout
160,/home/runner/work/javassist/javassist/target/runtest/proxy/test/javassist/proxy/ProxySimpleTest$PubProxy_$$_jvst655_2734.class,-1,442593,442591,Not provided,BuildwithMaven,BuildwithMaven
161,/home/runner/work/javassist/javassist/sample/hotswap/Test.java,-1,1244,1242,Not provided,uses-checkout,uses-checkout
162,/home/runner/work/javassist/javassist/sample/evolve/update.html,-1,1235,1233,Not provided,uses-checkout,uses-checkout
163,/home/runner/work/javassist/javassist/sample/evolve/start.html,-1,1231,1229,Not provided,uses-checkout,uses-checkout
164,/home/runner/work/javassist/javassist/sample/evolve/demo.html,-1,1223,1221,Not provided,uses-checkout,uses-checkout
165,/home/runner/work/javassist/javassist/sample/evolve/WebPage.java,-1,1219,1217,Not provided,uses-checkout,uses-checkout
166,/home/runner/work/javassist/javassist/sample/evolve/VersionManager.java,-1,1215,1213,Not provided,uses-checkout,uses-checkout
167,/home/runner/work/javassist/javassist/sample/evolve/Evolution.java,-1,1207,1205,Not provided,uses-checkout,uses-checkout
168,/home/runner/work/javassist/javassist/License.html,-1,1098,1096,Not provided,uses-checkout,uses-checkout
169,/home/runner/work/javassist/javassist/sample/evolve/DemoServer.java,-1,1203,1201,Not provided,uses-checkout,uses-checkout
170,/home/runner/work/javassist/javassist/sample/evolve/DemoLoader.java,-1,1199,1197,Not provided,uses-checkout,uses-checkout
171,/home/runner/work/javassist/javassist/sample/evolve/CannotUpdateException.java,-1,1195,1193,Not provided,uses-checkout,uses-checkout
172,/home/runner/work/javassist/javassist/sample/duplicate/Viewer.java,-1,1186,1184,Not provided,uses-checkout,uses-checkout
173,/home/runner/work/javassist/javassist/sample/duplicate/Main.java,-1,1182,1180,Not provided,uses-checkout,uses-checkout
174,/home/runner/work/javassist/javassist/sample/duplicate/DuplicatedObject.java,-1,1178,1176,Not provided,uses-checkout,uses-checkout
175,/home/runner/work/javassist/javassist/target/runtest/proxy/test/javassist/proxy/ProxySimpleTest$Default2_$$_jvst655_273b.class,-1,442693,442691,Not provided,BuildwithMaven,BuildwithMaven
176,/home/runner/work/javassist/javassist/target/runtest/proxy/javassist/util/proxy/test_javassist_proxy_ProxySimpleTest$PubProxy2_$$_jvst655_273c.class,-1,442717,442715,Not provided,BuildwithMaven,BuildwithMaven
177,/home/runner/work/javassist/javassist/build.xml,-1,1106,1104,Not provided,uses-checkout,uses-checkout
178,/home/runner/work/javassist/javassist/README.md,-1,1102,1100,Not provided,uses-checkout,uses-checkout
179,/home/runner/work/javassist/javassist/target/runtest/javassist/bytecode/Gap0Example.class,-1,442060,442058,Not provided,BuildwithMaven,BuildwithMaven
180,/home/runner/work/javassist/javassist/target/runtest/javassist/bytecode/Gap0Example2.class,-1,442067,442065,Not provided,BuildwithMaven,BuildwithMaven
181,/home/runner/work/javassist/javassist/target/runtest/javassist/bytecode/StackMapTest$T8d.class,-1,442021,442019,Not provided,BuildwithMaven,BuildwithMaven
182,/home/runner/work/javassist/javassist/target/runtest/test5/InnerModifier$NonStatic.class,-1,441497,441495,Not provided,BuildwithMaven,BuildwithMaven
183,/home/runner/work/javassist/javassist/target/runtest/test5/InnerModifier$Static.class,-1,441504,441502,Not provided,BuildwithMaven,BuildwithMaven
184,/home/runner/work/javassist/javassist/target/runtest/test5/InnerModifier.class,-1,441508,441506,Not provided,BuildwithMaven,BuildwithMaven
185,/home/runner/work/javassist/javassist/target/runtest/test1/LocalVars2.class,-1,441527,441525,Not provided,BuildwithMaven,BuildwithMaven
186,/home/runner/work/javassist/javassist/target/surefire-reports/javassist.JvstTest.txt,-1,442869,-1,Not provided,BuildwithMaven,Not provided
187,/home/runner/work/javassist/javassist/target/runtest/testproxy/BridgeMethod_$$_jvst655_7.class,-1,442209,-1,Not provided,BuildwithMaven,Not provided
188,/home/runner/work/javassist/javassist/target/runtest/proxy/test/javassist/proxy/ProxySimpleTest$Foo_$$_jvst655_2733.class,-1,442583,-1,Not provided,BuildwithMaven,Not provided
189,/home/runner/work/javassist/javassist/sample/rmi/AlertDialog.java,-1,1284,-1,Not provided,uses-checkout,Not provided
190,/home/runner/work/javassist/javassist/sample/reflect/Main.java,-1,1270,-1,Not provided,uses-checkout,Not provided
191,/home/runner/work/javassist/javassist/sample/preproc/Assistant.java,-1,1256,-1,Not provided,uses-checkout,Not provided
192,/home/runner/work/javassist/javassist/sample/hotswap/logging/HelloWorld.java,-1,1250,-1,Not provided,uses-checkout,Not provided
193,/home/runner/work/javassist/javassist/sample/duplicate/Ball.java,-1,1174,-1,Not provided,uses-checkout,Not provided
194,/home/runner/work/javassist/javassist/sample/Test.java,-1,1168,-1,Not provided,uses-checkout,Not provided
195,/home/runner/work/javassist/javassist/target/test-classes/annotation/Id.class,-1,393877,-1,Not provided,BuildwithMaven,Not provided
196,/home/runner/work/javassist/javassist/target/test-classes/scoped/jar1/ScopedAnnotationDefaultUsage.class,-1,391789,-1,Not provided,BuildwithMaven,Not provided
197,/home/runner/work/javassist/javassist/target/test-classes/test/javassist/convert/InstrumentationTarget$Itr.class,-1,391715,-1,Not provided,BuildwithMaven,Not provided
198,/home/runner/work/javassist/javassist/target/test-classes/test/javassist/bytecode/analysis/ScannerTest.class,-1,391374,-1,Not provided,BuildwithMaven,Not provided
