,file_name,last_access_index,last_modify_index,creation_index,last_access_step,last_modify_step,creation_step
0,/home/runner/work/javassist/javassist/target/javassist-3.29.2-GA.jar,-1,1060525,1041955,Not provided,BuildwithMaven,BuildwithMaven
1,/home/runner/work/javassist/javassist/target/javassist-3.29.2-GA-sources.jar,-1,1068847,1061607,Not provided,BuildwithMaven,BuildwithMaven
2,/home/runner/work/javassist/javassist/target/classes/META-INF/MANIFEST.MF,450825,1061445,386668,BuildwithMaven,BuildwithMaven,BuildwithMaven
3,/home/runner/work/javassist/javassist/target/runtest/test1/AnnoTest.class,-1,448788,448653,Not provided,BuildwithMaven,BuildwithMaven
4,/home/runner/work/javassist/javassist/target/runtest/test-hibernate.class,-1,449083,448985,Not provided,BuildwithMaven,BuildwithMaven
5,/home/runner/work/javassist/javassist/target/runtest/TooManyConstPoolItems.class,-1,448281,448235,Not provided,BuildwithMaven,BuildwithMaven
6,/home/runner/work/javassist/javassist/target/surefire-reports/TEST-javassist.JvstTest.xml,-1,450175,-1,Not provided,BuildwithMaven,Not provided
7,/home/runner/work/javassist/javassist/target/maven-status/maven-compiler-plugin/compile/default-compile/createdFiles.lst,-1,6790,6786,Not provided,BuildwithMaven,BuildwithMaven
8,/home/runner/work/javassist/javassist/target/runtest/test3/Clazz67.class,-1,396598,396594,Not provided,BuildwithMaven,BuildwithMaven
9,/home/runner/work/javassist/javassist/target/runtest/test3/JIRA63.class,-1,396799,396790,Not provided,BuildwithMaven,BuildwithMaven
10,/home/runner/work/javassist/javassist/target/maven-status/maven-compiler-plugin/compile/default-compile/inputFiles.lst,-1,6796,6792,Not provided,BuildwithMaven,BuildwithMaven
11,/home/runner/work/javassist/javassist/target/maven-status/maven-compiler-plugin/testCompile/default-testCompile/inputFiles.lst,-1,393381,393377,Not provided,BuildwithMaven,BuildwithMaven
12,/home/runner/work/javassist/javassist/target/maven-status/maven-compiler-plugin/testCompile/default-testCompile/createdFiles.lst,-1,393375,393371,Not provided,BuildwithMaven,BuildwithMaven
13,/home/runner/work/javassist/javassist/target/test-classes/VisibleTop2.class,-1,391251,391249,Not provided,BuildwithMaven,BuildwithMaven
14,/home/runner/work/javassist/javassist/target/test-classes/scoped/jar1/ScopedTestAnnotation.class,-1,391335,391333,Not provided,BuildwithMaven,BuildwithMaven
15,/home/runner/work/javassist/javassist/target/test-classes/test3/InnerClass.class,-1,391331,391329,Not provided,BuildwithMaven,BuildwithMaven
16,/home/runner/work/javassist/javassist/target/test-classes/javassist/bytecode/StackMapTest$T8dd.class,-1,391059,391057,Not provided,BuildwithMaven,BuildwithMaven
17,/home/runner/work/javassist/javassist/target/test-classes/javassist/bytecode/StackMapTest$I8d.class,-1,391055,391053,Not provided,BuildwithMaven,BuildwithMaven
18,/home/runner/work/javassist/javassist/target/test-classes/test/javassist/bytecode/analysis/ErrorFinder.class,-1,391115,391113,Not provided,BuildwithMaven,BuildwithMaven
19,/home/runner/work/javassist/javassist/target/test-classes/test1/GetThrow2.class,-1,391211,391209,Not provided,BuildwithMaven,BuildwithMaven
20,/home/runner/work/javassist/javassist/target/test-classes/test1/GetThrow1.class,-1,391207,391205,Not provided,BuildwithMaven,BuildwithMaven
21,/home/runner/work/javassist/javassist/target/test-classes/test/javassist/bytecode/analysis/AnalyzerTest$Dummy$A3.class,-1,391179,391177,Not provided,BuildwithMaven,BuildwithMaven
22,/home/runner/work/javassist/javassist/target/test-classes/test/javassist/bytecode/analysis/AnalyzerTest$Dummy$A2.class,-1,391175,391173,Not provided,BuildwithMaven,BuildwithMaven
23,/home/runner/work/javassist/javassist/target/test-classes/test3/NewClass2.class,-1,391159,391157,Not provided,BuildwithMaven,BuildwithMaven
24,/home/runner/work/javassist/javassist/target/test-classes/test4/GetAllRefInnerTest$2.class,-1,391709,391707,Not provided,BuildwithMaven,BuildwithMaven
25,/home/runner/work/javassist/javassist/target/test-classes/test4/GetAllRefInnerTest$1.class,-1,391705,391703,Not provided,BuildwithMaven,BuildwithMaven
26,/home/runner/work/javassist/javassist/target/test-classes/test4/GetAllRefInnerTest2.class,-1,391701,391699,Not provided,BuildwithMaven,BuildwithMaven
27,/home/runner/work/javassist/javassist/target/test-classes/test4/GetAllRefInnerTest2$1.class,-1,391697,391695,Not provided,BuildwithMaven,BuildwithMaven
28,/home/runner/work/javassist/javassist/target/test-classes/javassist/ClassPoolBench.class,-1,391831,391829,Not provided,BuildwithMaven,BuildwithMaven
29,/home/runner/work/javassist/javassist/target/test-classes/scoped/UnscopedAnnotationUsage.class,-1,391807,391805,Not provided,BuildwithMaven,BuildwithMaven
30,/home/runner/work/javassist/javassist/target/test-classes/scoped/jar1/FullyScopedAnnotationDefaultUsage.class,-1,391803,391801,Not provided,BuildwithMaven,BuildwithMaven
31,/home/runner/work/javassist/javassist/target/test-classes/javassist/compiler/CodeTest.class,-1,391524,391522,Not provided,BuildwithMaven,BuildwithMaven
32,/home/runner/work/javassist/javassist/target/test-classes/test1/BenchProceedNew.class,-1,391520,391518,Not provided,BuildwithMaven,BuildwithMaven
33,/home/runner/work/javassist/javassist/target/test-classes/test1/BenchProceedNew3.class,-1,391516,391514,Not provided,BuildwithMaven,BuildwithMaven
34,/home/runner/work/javassist/javassist/target/test-classes/test1/BenchProceedNew2.class,-1,391512,391510,Not provided,BuildwithMaven,BuildwithMaven
35,/home/runner/work/javassist/javassist/target/test-classes/test3/Visible2.class,-1,391480,391478,Not provided,BuildwithMaven,BuildwithMaven
36,/home/runner/work/javassist/javassist/target/test-classes/test5/JIRA246.class,-1,391631,391629,Not provided,BuildwithMaven,BuildwithMaven
37,/home/runner/work/javassist/javassist/target/test-classes/scoped/UnscopedAnnotationDefaultUsage.class,-1,391548,391546,Not provided,BuildwithMaven,BuildwithMaven
38,/home/runner/work/javassist/javassist/target/test-classes/test3/NewExprTryCatch2.class,-1,390257,390255,Not provided,BuildwithMaven,BuildwithMaven
39,/home/runner/work/javassist/javassist/target/test-classes/test1/RenameClass2.class,-1,390292,390290,Not provided,BuildwithMaven,BuildwithMaven
40,/home/runner/work/javassist/javassist/target/test-classes/testproxy/Target127.class,-1,390418,390416,Not provided,BuildwithMaven,BuildwithMaven
41,/home/runner/work/javassist/javassist/target/test-classes/testproxy/Target127$RealSub.class,-1,390414,390412,Not provided,BuildwithMaven,BuildwithMaven
42,/home/runner/work/javassist/javassist/target/test-classes/Readme.txt,-1,388059,388056,Not provided,BuildwithMaven,BuildwithMaven
43,/home/runner/work/javassist/javassist/target/test-classes/test5/InnerClassRemove$A.class,-1,390799,390797,Not provided,BuildwithMaven,BuildwithMaven
44,/home/runner/work/javassist/javassist/target/test-classes/test/javassist/bytecode/analysis/DomTreePrinter.class,-1,390751,390749,Not provided,BuildwithMaven,BuildwithMaven
45,/home/runner/work/javassist/javassist/target/test-classes/scoped/TestAnnotation.class,-1,390711,390709,Not provided,BuildwithMaven,BuildwithMaven
46,/home/runner/work/javassist/javassist/target/test-classes/scoped/jar1/ScopedAnnotationDefaultUsage.class,-1,390707,390705,Not provided,BuildwithMaven,BuildwithMaven
47,/home/runner/work/javassist/javassist/target/test-classes/test5/InnerClassRemove$B.class,-1,390803,390801,Not provided,BuildwithMaven,BuildwithMaven
48,/home/runner/work/javassist/javassist/target/test-classes/test5/InnerClassRemove$C.class,-1,390807,390805,Not provided,BuildwithMaven,BuildwithMaven
49,/home/runner/work/javassist/javassist/target/test-classes/javassist/JvstTest4$Inner1.class,-1,390893,390891,Not provided,BuildwithMaven,BuildwithMaven
50,/home/runner/work/javassist/javassist/target/test-classes/test1/BenchProceed.class,-1,390555,390553,Not provided,BuildwithMaven,BuildwithMaven
51,/home/runner/work/javassist/javassist/target/test-classes/test1/BenchProceed2.class,-1,390551,390549,Not provided,BuildwithMaven,BuildwithMaven
52,/home/runner/work/javassist/javassist/target/test-classes/test1/BenchStaticMethod.class,-1,390547,390545,Not provided,BuildwithMaven,BuildwithMaven
53,/home/runner/work/javassist/javassist/target/test-classes/test3/Enhancer.class,-1,390531,390529,Not provided,BuildwithMaven,BuildwithMaven
54,/home/runner/work/javassist/javassist/target/test-classes/test3/Enhancer$Interceptor.class,-1,390527,390525,Not provided,BuildwithMaven,BuildwithMaven
55,/home/runner/work/javassist/javassist/target/test-classes/test3/Enhancer$1.class,-1,390523,390521,Not provided,BuildwithMaven,BuildwithMaven
56,/home/runner/work/javassist/javassist/target/test-classes/test3/EnhanceTest.class,-1,390516,390514,Not provided,BuildwithMaven,BuildwithMaven
57,/home/runner/work/javassist/javassist/target/test-classes/javassist/compiler/ParseTest.class,-1,390492,390490,Not provided,BuildwithMaven,BuildwithMaven
58,/home/runner/work/javassist/javassist/target/test-classes/test2/ReplaceClassName3.class,-1,390631,390629,Not provided,BuildwithMaven,BuildwithMaven
59,/home/runner/work/javassist/javassist/target/test-classes/test2/ReplaceClassName2.class,-1,390627,390625,Not provided,BuildwithMaven,BuildwithMaven
60,/home/runner/work/javassist/javassist/target/test-classes/test/javassist/convert/InstrumentationTarget$Itr.class,-1,390619,390617,Not provided,BuildwithMaven,BuildwithMaven
61,/home/runner/work/javassist/javassist/target/test-classes/test2/Nested$Inner2.class,-1,390591,390589,Not provided,BuildwithMaven,BuildwithMaven
62,/home/runner/work/javassist/javassist/target/test-classes/testproxy/Target189.class,-1,390583,390581,Not provided,BuildwithMaven,BuildwithMaven
63,/home/runner/work/javassist/javassist/target/test-classes/scoped/jar1/FullyScopedAnnotationUsage.class,-1,392035,392033,Not provided,BuildwithMaven,BuildwithMaven
64,/home/runner/work/javassist/javassist/target/runtest/test1/MySerializableClass.class,-1,394984,394982,Not provided,BuildwithMaven,BuildwithMaven
65,/home/runner/work/javassist/javassist/target/test-classes/javassist/compiler/LexTest.class,-1,393169,393167,Not provided,BuildwithMaven,BuildwithMaven
66,/home/runner/work/javassist/javassist/target/test-classes/scoped/jar1/ScopedAnnotationUsage.class,-1,393165,393163,Not provided,BuildwithMaven,BuildwithMaven
67,/home/runner/work/javassist/javassist/target/runtest/test1/NewInterface2.class,-1,395531,395529,Not provided,BuildwithMaven,BuildwithMaven
68,/home/runner/work/javassist/javassist/target/runtest/test1/SetName3.class,-1,395630,395628,Not provided,BuildwithMaven,BuildwithMaven
69,/home/runner/work/javassist/javassist/target/runtest/test1/SetName2.class,-1,395626,395624,Not provided,BuildwithMaven,BuildwithMaven
70,/home/runner/work/javassist/javassist/target/runtest/test1/Freeze.class,-1,395578,395576,Not provided,BuildwithMaven,BuildwithMaven
71,/home/runner/work/javassist/javassist/target/runtest/test1/NewInterface.class,-1,395527,395525,Not provided,BuildwithMaven,BuildwithMaven
72,/home/runner/work/javassist/javassist/target/test-classes/test4/ImportPac.class,-1,392959,392957,Not provided,BuildwithMaven,BuildwithMaven
73,/home/runner/work/javassist/javassist/target/test-classes/javassist/tools/reflect/ClassMetaobjectTest.class,-1,392955,392953,Not provided,BuildwithMaven,BuildwithMaven
74,/home/runner/work/javassist/javassist/target/test-classes/javassist/tools/reflect/Person.class,-1,392939,392937,Not provided,BuildwithMaven,BuildwithMaven
75,/home/runner/work/javassist/javassist/target/test-classes/test4/JIRA181$B.class,-1,392925,392923,Not provided,BuildwithMaven,BuildwithMaven
76,/home/runner/work/javassist/javassist/target/test-classes/test5/NestHost$Bar.class,-1,393033,393031,Not provided,BuildwithMaven,BuildwithMaven
77,/home/runner/work/javassist/javassist/target/test-classes/test1/Point.class,-1,393145,393143,Not provided,BuildwithMaven,BuildwithMaven
78,/home/runner/work/javassist/javassist/target/test-classes/javassist/HotswapTest$Foo.class,-1,393129,393127,Not provided,BuildwithMaven,BuildwithMaven
79,/home/runner/work/javassist/javassist/target/test-classes/test2/StaticArraysMem.class,-1,393121,393119,Not provided,BuildwithMaven,BuildwithMaven
80,/home/runner/work/javassist/javassist/target/runtest/test4/TestDeadcode.class,-1,397172,397170,Not provided,BuildwithMaven,BuildwithMaven
81,/home/runner/work/javassist/javassist/target/runtest/test4/WrittenFile2sub.class,-1,397107,397105,Not provided,BuildwithMaven,BuildwithMaven
82,/home/runner/work/javassist/javassist/target/runtest/test4/AnnoLoad.class,-1,397034,397032,Not provided,BuildwithMaven,BuildwithMaven
83,/home/runner/work/javassist/javassist/target/runtest/test4/AnnoLoadAnno.class,-1,397027,397025,Not provided,BuildwithMaven,BuildwithMaven
84,/home/runner/work/javassist/javassist/target/runtest/test3/StaticFinalField.class,-1,396726,396724,Not provided,BuildwithMaven,BuildwithMaven
85,/home/runner/work/javassist/javassist/target/runtest/test5/NestHost4$InnerClass1$InnerClass5.class,-1,448149,448147,Not provided,BuildwithMaven,BuildwithMaven
86,/home/runner/work/javassist/javassist/target/runtest/test5/NestHost4$InnerClass1.class,-1,448139,448137,Not provided,BuildwithMaven,BuildwithMaven
87,/home/runner/work/javassist/javassist/target/runtest/test2/Inherit.class,-1,395912,395910,Not provided,BuildwithMaven,BuildwithMaven
88,/home/runner/work/javassist/javassist/target/runtest/test2/MethodCall.class,-1,396000,395998,Not provided,BuildwithMaven,BuildwithMaven
89,/home/runner/work/javassist/javassist/target/runtest/test2/Inner.class,-1,395922,395920,Not provided,BuildwithMaven,BuildwithMaven
90,/home/runner/work/javassist/javassist/target/runtest/test2/NewOp.class,-1,396103,396101,Not provided,BuildwithMaven,BuildwithMaven
91,/home/runner/work/javassist/javassist/target/runtest/test2/NullArgTest.class,-1,396107,396105,Not provided,BuildwithMaven,BuildwithMaven
92,/home/runner/work/javassist/javassist/target/runtest/test3/PublicInner$Inner.class,-1,396399,396397,Not provided,BuildwithMaven,BuildwithMaven
93,/home/runner/work/javassist/javassist/target/runtest/test3/PublicInner.class,-1,396395,396393,Not provided,BuildwithMaven,BuildwithMaven
94,/home/runner/work/javassist/javassist/target/runtest/test2/SuperInterface3.class,-1,396232,396230,Not provided,BuildwithMaven,BuildwithMaven
95,/home/runner/work/javassist/javassist/target/test-classes/test4/JIRA181$ICondition.class,-1,392921,392919,Not provided,BuildwithMaven,BuildwithMaven
96,/home/runner/work/javassist/javassist/target/test-classes/test3/NestedClass$1Local.class,-1,392246,392244,Not provided,BuildwithMaven,BuildwithMaven
97,/home/runner/work/javassist/javassist/target/test-classes/test3/NestedClass$1.class,-1,392242,392240,Not provided,BuildwithMaven,BuildwithMaven
98,/home/runner/work/javassist/javassist/target/test-classes/test3/NestedClass$StaticNested.class,-1,392238,392236,Not provided,BuildwithMaven,BuildwithMaven
99,/home/runner/work/javassist/javassist/target/test-classes/test3/NestedClass$Inner.class,-1,392234,392232,Not provided,BuildwithMaven,BuildwithMaven
100,/home/runner/work/javassist/javassist/target/test-classes/scoped/ScopedRepositoryTestCase.class,-1,392206,392204,Not provided,BuildwithMaven,BuildwithMaven
101,/home/runner/work/javassist/javassist/target/test-classes/test4/JIRA220intf.class,-1,392175,392173,Not provided,BuildwithMaven,BuildwithMaven
102,/home/runner/work/javassist/javassist/target/test-classes/InvalidStackMapFrame.class,-1,392397,392395,Not provided,BuildwithMaven,BuildwithMaven
103,/home/runner/work/javassist/javassist/target/test-classes/Test.class,-1,392401,392399,Not provided,BuildwithMaven,BuildwithMaven
104,/home/runner/work/javassist/javassist/target/test-classes/test4/Signature$Foo.class,-1,392389,392387,Not provided,BuildwithMaven,BuildwithMaven
105,/home/runner/work/javassist/javassist/target/test-classes/test3/PublicInner2$PS.class,-1,392349,392347,Not provided,BuildwithMaven,BuildwithMaven
106,/home/runner/work/javassist/javassist/target/test-classes/test4/NestedClass$S.class,-1,392151,392149,Not provided,BuildwithMaven,BuildwithMaven
107,/home/runner/work/javassist/javassist/target/test-classes/test4/NestedClass$S$S2.class,-1,392147,392145,Not provided,BuildwithMaven,BuildwithMaven
108,/home/runner/work/javassist/javassist/target/test-classes/test4/NestedClass$N.class,-1,392143,392141,Not provided,BuildwithMaven,BuildwithMaven
109,/home/runner/work/javassist/javassist/target/test-classes/test1/StaticField.class,-1,392031,392029,Not provided,BuildwithMaven,BuildwithMaven
110,/home/runner/work/javassist/javassist/target/test-classes/test5/NestHost2$Bar.class,-1,392135,392133,Not provided,BuildwithMaven,BuildwithMaven
111,/home/runner/work/javassist/javassist/target/test-classes/test2/Inner2$Child.class,-1,392123,392121,Not provided,BuildwithMaven,BuildwithMaven
112,/home/runner/work/javassist/javassist/target/test-classes/test5/InnerModifier2.class,-1,392111,392109,Not provided,BuildwithMaven,BuildwithMaven
113,/home/runner/work/javassist/javassist/target/test-classes/javassist/Bench.class,-1,392071,392069,Not provided,BuildwithMaven,BuildwithMaven
114,/home/runner/work/javassist/javassist/target/test-classes/javassist/Bench$7.class,-1,392067,392065,Not provided,BuildwithMaven,BuildwithMaven
115,/home/runner/work/javassist/javassist/target/test-classes/javassist/Bench$6.class,-1,392063,392061,Not provided,BuildwithMaven,BuildwithMaven
116,/home/runner/work/javassist/javassist/target/test-classes/javassist/Bench$5.class,-1,392059,392057,Not provided,BuildwithMaven,BuildwithMaven
117,/home/runner/work/javassist/javassist/target/test-classes/javassist/Bench$4.class,-1,392055,392053,Not provided,BuildwithMaven,BuildwithMaven
118,/home/runner/work/javassist/javassist/target/test-classes/javassist/Bench$3.class,-1,392051,392049,Not provided,BuildwithMaven,BuildwithMaven
119,/home/runner/work/javassist/javassist/target/test-classes/javassist/Bench$2.class,-1,392047,392045,Not provided,BuildwithMaven,BuildwithMaven
120,/home/runner/work/javassist/javassist/target/test-classes/javassist/Bench$1.class,-1,392043,392041,Not provided,BuildwithMaven,BuildwithMaven
121,/home/runner/work/javassist/javassist/target/test-classes/Jassist150$1.class,-1,392445,392443,Not provided,BuildwithMaven,BuildwithMaven
122,/home/runner/work/javassist/javassist/target/test-classes/Jassist150.class,-1,392449,392447,Not provided,BuildwithMaven,BuildwithMaven
123,/home/runner/work/javassist/javassist/target/test-classes/annotation/Tag.class,-1,392791,392789,Not provided,BuildwithMaven,BuildwithMaven
124,/home/runner/work/javassist/javassist/target/test-classes/annotation/EnumTest.class,-1,392787,392785,Not provided,BuildwithMaven,BuildwithMaven
125,/home/runner/work/javassist/javassist/target/test-classes/test5/RemoveAnno2.class,-1,392685,392683,Not provided,BuildwithMaven,BuildwithMaven
126,/home/runner/work/javassist/javassist/target/test-classes/scoped/jar1/TestClass1.class,-1,392901,392899,Not provided,BuildwithMaven,BuildwithMaven
127,/home/runner/work/javassist/javassist/target/test-classes/javassist/bytecode/CodeAnalyzerTest.class,-1,392851,392849,Not provided,BuildwithMaven,BuildwithMaven
128,/home/runner/work/javassist/javassist/target/test-classes/test4/GetAllRefAnnoC4.class,-1,392835,392833,Not provided,BuildwithMaven,BuildwithMaven
129,/home/runner/work/javassist/javassist/target/test-classes/test4/GetAllRefAnnoC3.class,-1,392831,392829,Not provided,BuildwithMaven,BuildwithMaven
130,/home/runner/work/javassist/javassist/target/test-classes/test4/GetAllRefAnnoC2.class,-1,392827,392825,Not provided,BuildwithMaven,BuildwithMaven
131,/home/runner/work/javassist/javassist/target/test-classes/test4/GetAllRefAnnoC.class,-1,392823,392821,Not provided,BuildwithMaven,BuildwithMaven
132,/home/runner/work/javassist/javassist/target/test-classes/test4/GetAllRefAnno.class,-1,392819,392817,Not provided,BuildwithMaven,BuildwithMaven
133,/home/runner/work/javassist/javassist/target/test-classes/test4/GetAllRefEnum.class,-1,392815,392813,Not provided,BuildwithMaven,BuildwithMaven
134,/home/runner/work/javassist/javassist/target/test-classes/test5/RemoveAnno1.class,-1,392681,392679,Not provided,BuildwithMaven,BuildwithMaven
135,/home/runner/work/javassist/javassist/target/test-classes/test/javassist/proxy/ProxySimpleTest$Default4.class,-1,392553,392551,Not provided,BuildwithMaven,BuildwithMaven
136,/home/runner/work/javassist/javassist/target/test-classes/javassist/ConcurrentClassDefinitionTest.class,-1,392465,392463,Not provided,BuildwithMaven,BuildwithMaven
137,/home/runner/work/javassist/javassist/target/test-classes/javassist/ConcurrentClassDefinitionTest$Worker.class,-1,392461,392459,Not provided,BuildwithMaven,BuildwithMaven
138,/home/runner/work/javassist/javassist/target/test-classes/test3/PackName2.class,-1,392665,392663,Not provided,BuildwithMaven,BuildwithMaven
139,/home/runner/work/javassist/javassist/target/test-classes/test5/JIRA242.class,-1,392661,392659,Not provided,BuildwithMaven,BuildwithMaven
140,/home/runner/work/javassist/javassist/target/runtest/javassist/bytecode/StackMapTest$C6.class,-1,448983,448981,Not provided,BuildwithMaven,BuildwithMaven
141,/home/runner/work/javassist/javassist/src/test/javassist/bytecode/Gap0Example.class,-1,2447,2445,Not provided,uses-checkout,uses-checkout
142,/home/runner/work/javassist/javassist/src/test/Readme.txt,-1,2354,2352,Not provided,uses-checkout,uses-checkout
143,/home/runner/work/javassist/javassist/target/runtest/testproxy/BridgeMethod_$$_jvst655_7.class,-1,449498,449496,Not provided,BuildwithMaven,BuildwithMaven
144,/home/runner/work/javassist/javassist/target/runtest/reflected/javassist/tools/reflect/SuperClass.class,-1,449383,449381,Not provided,BuildwithMaven,BuildwithMaven
145,/home/runner/work/javassist/javassist/Examples.md,-1,1198,1196,Not provided,uses-checkout,uses-checkout
146,/home/runner/work/javassist/javassist/Changes.md,-1,1194,1192,Not provided,uses-checkout,uses-checkout
147,/home/runner/work/javassist/javassist/.gitignore,-1,1190,1188,Not provided,uses-checkout,uses-checkout
148,/home/runner/work/javassist/javassist/target/runtest/proxy/test/javassist/proxy/ProxySimpleTest$Default3_$$_jvst655_273d.class,-1,450029,450027,Not provided,BuildwithMaven,BuildwithMaven
149,/home/runner/work/javassist/javassist/License.html,-1,1202,1200,Not provided,uses-checkout,uses-checkout
150,/home/runner/work/javassist/javassist/README.md,-1,1206,1204,Not provided,uses-checkout,uses-checkout
151,/home/runner/work/javassist/javassist/build.xml,-1,1210,1208,Not provided,uses-checkout,uses-checkout
152,/home/runner/work/javassist/javassist/sample/rmi/start.html,-1,1293,1291,Not provided,uses-checkout,uses-checkout
153,/home/runner/work/javassist/javassist/sample/vector/VectorAssistant.java,-1,1315,1313,Not provided,uses-checkout,uses-checkout
154,/home/runner/work/javassist/javassist/sample/vector/Test.j,-1,1311,1309,Not provided,uses-checkout,uses-checkout
155,/home/runner/work/javassist/javassist/sample/vector/Sample2.java,-1,1307,1305,Not provided,uses-checkout,uses-checkout
156,/home/runner/work/javassist/javassist/target/runtest/testproxy/Target_$$_jvst655_11.class,-1,449653,449651,Not provided,BuildwithMaven,BuildwithMaven
157,/home/runner/work/javassist/javassist/sample/rmi/webdemo.html,-1,1297,1295,Not provided,uses-checkout,uses-checkout
158,/home/runner/work/javassist/javassist/sample/rmi/inside.gif,-1,1289,1287,Not provided,uses-checkout,uses-checkout
159,/home/runner/work/javassist/javassist/sample/rmi/Counter.java,-1,1285,1283,Not provided,uses-checkout,uses-checkout
160,/home/runner/work/javassist/javassist/sample/rmi/CountApplet.java,-1,1281,1279,Not provided,uses-checkout,uses-checkout
161,/home/runner/work/javassist/javassist/sample/reflect/VerboseMetaobj.java,-1,1271,1269,Not provided,uses-checkout,uses-checkout
162,/home/runner/work/javassist/javassist/sample/reflect/Person.java,-1,1267,1265,Not provided,uses-checkout,uses-checkout
163,/home/runner/work/javassist/javassist/target/runtest/proxy/test/javassist/proxy/ProxySimpleTest$PubProxy_$$_jvst655_2734.class,-1,449910,449908,Not provided,BuildwithMaven,BuildwithMaven
164,/home/runner/work/javassist/javassist/sample/preproc/package.html,-1,1257,1255,Not provided,uses-checkout,uses-checkout
165,/home/runner/work/javassist/javassist/sample/preproc/Compiler.java,-1,1253,1251,Not provided,uses-checkout,uses-checkout
166,/home/runner/work/javassist/javassist/target/runtest/proxy/test/javassist/proxy/ProxySimpleTest$Default2_$$_jvst655_273b.class,-1,450007,450005,Not provided,BuildwithMaven,BuildwithMaven
167,/home/runner/work/javassist/javassist/sample/hotswap/Test.java,-1,1238,1236,Not provided,uses-checkout,uses-checkout
168,/home/runner/work/javassist/javassist/sample/evolve/update.html,-1,1230,1226,Not provided,uses-checkout,uses-checkout
169,/home/runner/work/javassist/javassist/target/runtest/javassist/bytecode/Gap0Example.class,-1,449317,449315,Not provided,BuildwithMaven,BuildwithMaven
170,/home/runner/work/javassist/javassist/target/runtest/javassist/bytecode/Gap0Example2.class,-1,449324,449322,Not provided,BuildwithMaven,BuildwithMaven
171,/home/runner/work/javassist/javassist/target/runtest/javassist/bytecode/StackMapTest$T8d.class,-1,449278,449276,Not provided,BuildwithMaven,BuildwithMaven
172,/home/runner/work/javassist/javassist/target/runtest/test5/InnerModifier.class,-1,448629,448627,Not provided,BuildwithMaven,BuildwithMaven
173,/home/runner/work/javassist/javassist/target/runtest/test1/LocalVars2.class,-1,448649,448647,Not provided,BuildwithMaven,BuildwithMaven
174,/home/runner/work/javassist/javassist/target/runtest/test5/InnerModifier$Static.class,-1,448625,448623,Not provided,BuildwithMaven,BuildwithMaven
175,/home/runner/work/javassist/javassist/target/runtest/test5/InnerModifier$NonStatic.class,-1,448618,448616,Not provided,BuildwithMaven,BuildwithMaven
176,/home/runner/work/javassist/javassist/target/runtest/proxy/test/javassist/proxy/ProxySimpleTest$Foo_$$_jvst655_2733.class,-1,449900,-1,Not provided,BuildwithMaven,Not provided
177,/home/runner/work/javassist/javassist/target/runtest/proxy/javassist/util/proxy/test_javassist_proxy_ProxySimpleTest$PubProxy2_$$_jvst655_273c.class,-1,450019,-1,Not provided,BuildwithMaven,Not provided
178,/home/runner/work/javassist/javassist/sample/vector/Sample.java,-1,1303,-1,Not provided,uses-checkout,Not provided
179,/home/runner/work/javassist/javassist/sample/rmi/AlertDialog.java,-1,1277,-1,Not provided,uses-checkout,Not provided
180,/home/runner/work/javassist/javassist/sample/reflect/Main.java,-1,1263,-1,Not provided,uses-checkout,Not provided
181,/home/runner/work/javassist/javassist/sample/preproc/Assistant.java,-1,1249,-1,Not provided,uses-checkout,Not provided
182,/home/runner/work/javassist/javassist/target/test-classes/testproxy/sub/TargetSuper.class,-1,392869,-1,Not provided,BuildwithMaven,Not provided
183,/home/runner/work/javassist/javassist/target/test-classes/annotation/Id.class,-1,392783,-1,Not provided,BuildwithMaven,Not provided
184,/home/runner/work/javassist/javassist/tutorial/tutorial3.html,-1,3593,-1,Not provided,uses-checkout,Not provided
