,file_name,last_access_index,last_modify_index,creation_index,last_access_step,last_modify_step,creation_step
0,/home/runner/work/javassist/javassist/target/javassist-3.29.2-GA.jar,-1,1050499,1036452,Not provided,BuildwithMaven,BuildwithMaven
1,/home/runner/work/javassist/javassist/target/javassist-3.29.2-GA-sources.jar,-1,1058881,1051321,Not provided,BuildwithMaven,BuildwithMaven
2,/home/runner/work/javassist/javassist/target/classes/META-INF/MANIFEST.MF,457906,1051291,-1,BuildwithMaven,BuildwithMaven,Not provided
3,/home/runner/work/javassist/javassist/target/runtest/test1/AnnoTest.class,-1,456336,456268,Not provided,BuildwithMaven,BuildwithMaven
4,/home/runner/work/javassist/javassist/target/runtest/TooManyConstPoolItems.class,-1,455897,455851,Not provided,BuildwithMaven,BuildwithMaven
5,/home/runner/work/javassist/javassist/target/surefire-reports/TEST-javassist.JvstTest.xml,-1,457520,-1,Not provided,BuildwithMaven,Not provided
6,/home/runner/work/javassist/javassist/tutorial/tutorial2.html,-1,2567,2563,Not provided,uses-checkout,uses-checkout
7,/home/runner/work/javassist/javassist/target/maven-status/maven-compiler-plugin/compile/default-compile/createdFiles.lst,-1,4707,4703,Not provided,BuildwithMaven,BuildwithMaven
8,/home/runner/work/javassist/javassist/target/maven-status/maven-compiler-plugin/compile/default-compile/inputFiles.lst,-1,4713,4709,Not provided,BuildwithMaven,BuildwithMaven
9,/home/runner/work/javassist/javassist/target/runtest/test3/Clazz67.class,-1,420103,420099,Not provided,BuildwithMaven,BuildwithMaven
10,/home/runner/work/javassist/javassist/target/maven-status/maven-compiler-plugin/testCompile/default-testCompile/createdFiles.lst,-1,417143,417139,Not provided,BuildwithMaven,BuildwithMaven
11,/home/runner/work/javassist/javassist/tutorial/tutorial.html,-1,2561,2557,Not provided,uses-checkout,uses-checkout
12,/home/runner/work/javassist/javassist/target/maven-status/maven-compiler-plugin/testCompile/default-testCompile/inputFiles.lst,-1,417149,417145,Not provided,BuildwithMaven,BuildwithMaven
13,/home/runner/work/javassist/javassist/target/runtest/test3/JIRA63.class,-1,420304,420295,Not provided,BuildwithMaven,BuildwithMaven
14,/home/runner/work/javassist/javassist/License.html,-1,1031,1028,Not provided,uses-checkout,uses-checkout
15,/home/runner/work/javassist/javassist/target/test-classes/test4/GetAllRefInnerTest$2.class,-1,415461,415459,Not provided,BuildwithMaven,BuildwithMaven
16,/home/runner/work/javassist/javassist/target/test-classes/test4/GetAllRefInnerTest$1.class,-1,415457,415455,Not provided,BuildwithMaven,BuildwithMaven
17,/home/runner/work/javassist/javassist/target/test-classes/test4/GetAllRefInnerTest2.class,-1,415453,415451,Not provided,BuildwithMaven,BuildwithMaven
18,/home/runner/work/javassist/javassist/target/test-classes/test4/GetAllRefInnerTest2$1.class,-1,415449,415447,Not provided,BuildwithMaven,BuildwithMaven
19,/home/runner/work/javassist/javassist/target/test-classes/test5/JIRA246.class,-1,415391,415389,Not provided,BuildwithMaven,BuildwithMaven
20,/home/runner/work/javassist/javassist/target/test-classes/scoped/UnscopedAnnotationDefaultUsage.class,-1,415308,415306,Not provided,BuildwithMaven,BuildwithMaven
21,/home/runner/work/javassist/javassist/target/test-classes/scoped/jar1/ScopedTestAnnotation.class,-1,415095,415093,Not provided,BuildwithMaven,BuildwithMaven
22,/home/runner/work/javassist/javassist/target/test-classes/test3/InnerClass.class,-1,415091,415089,Not provided,BuildwithMaven,BuildwithMaven
23,/home/runner/work/javassist/javassist/target/test-classes/test1/BenchProceedNew.class,-1,415280,415278,Not provided,BuildwithMaven,BuildwithMaven
24,/home/runner/work/javassist/javassist/target/test-classes/test1/BenchProceedNew3.class,-1,415276,415274,Not provided,BuildwithMaven,BuildwithMaven
25,/home/runner/work/javassist/javassist/target/test-classes/test1/BenchProceedNew2.class,-1,415272,415270,Not provided,BuildwithMaven,BuildwithMaven
26,/home/runner/work/javassist/javassist/target/test-classes/javassist/compiler/CodeTest.class,-1,415268,415266,Not provided,BuildwithMaven,BuildwithMaven
27,/home/runner/work/javassist/javassist/target/test-classes/test3/Visible2.class,-1,415240,415238,Not provided,BuildwithMaven,BuildwithMaven
28,/home/runner/work/javassist/javassist/target/test-classes/scoped/jar1/FullyScopedAnnotationUsage.class,-1,415799,415797,Not provided,BuildwithMaven,BuildwithMaven
29,/home/runner/work/javassist/javassist/target/test-classes/test1/StaticField.class,-1,415795,415793,Not provided,BuildwithMaven,BuildwithMaven
30,/home/runner/work/javassist/javassist/target/test-classes/test2/Inner2$Child.class,-1,415887,415885,Not provided,BuildwithMaven,BuildwithMaven
31,/home/runner/work/javassist/javassist/target/test-classes/test5/InnerModifier2.class,-1,415875,415873,Not provided,BuildwithMaven,BuildwithMaven
32,/home/runner/work/javassist/javassist/target/test-classes/javassist/Bench$1.class,-1,415807,415805,Not provided,BuildwithMaven,BuildwithMaven
33,/home/runner/work/javassist/javassist/target/test-classes/javassist/Bench.class,-1,415835,415833,Not provided,BuildwithMaven,BuildwithMaven
34,/home/runner/work/javassist/javassist/target/test-classes/javassist/Bench$7.class,-1,415831,415829,Not provided,BuildwithMaven,BuildwithMaven
35,/home/runner/work/javassist/javassist/target/test-classes/javassist/Bench$6.class,-1,415827,415825,Not provided,BuildwithMaven,BuildwithMaven
36,/home/runner/work/javassist/javassist/target/test-classes/javassist/Bench$5.class,-1,415823,415821,Not provided,BuildwithMaven,BuildwithMaven
37,/home/runner/work/javassist/javassist/target/test-classes/javassist/Bench$4.class,-1,415819,415817,Not provided,BuildwithMaven,BuildwithMaven
38,/home/runner/work/javassist/javassist/target/test-classes/javassist/Bench$3.class,-1,415815,415813,Not provided,BuildwithMaven,BuildwithMaven
39,/home/runner/work/javassist/javassist/target/test-classes/javassist/Bench$2.class,-1,415811,415809,Not provided,BuildwithMaven,BuildwithMaven
40,/home/runner/work/javassist/javassist/target/test-classes/scoped/jar1/FullyScopedAnnotationDefaultUsage.class,-1,415553,415551,Not provided,BuildwithMaven,BuildwithMaven
41,/home/runner/work/javassist/javassist/target/test-classes/scoped/UnscopedAnnotationUsage.class,-1,415549,415547,Not provided,BuildwithMaven,BuildwithMaven
42,/home/runner/work/javassist/javassist/target/test-classes/javassist/ClassPoolBench.class,-1,415593,415591,Not provided,BuildwithMaven,BuildwithMaven
43,/home/runner/work/javassist/javassist/target/test-classes/test1/GetThrow2.class,-1,414971,414969,Not provided,BuildwithMaven,BuildwithMaven
44,/home/runner/work/javassist/javassist/target/test-classes/test2/ReplaceClassName3.class,-1,414391,414389,Not provided,BuildwithMaven,BuildwithMaven
45,/home/runner/work/javassist/javassist/target/test-classes/test2/ReplaceClassName2.class,-1,414387,414385,Not provided,BuildwithMaven,BuildwithMaven
46,/home/runner/work/javassist/javassist/target/test-classes/test/javassist/convert/InstrumentationTarget$Itr.class,-1,414379,414377,Not provided,BuildwithMaven,BuildwithMaven
47,/home/runner/work/javassist/javassist/target/test-classes/test2/Nested$Inner2.class,-1,414351,414349,Not provided,BuildwithMaven,BuildwithMaven
48,/home/runner/work/javassist/javassist/target/test-classes/test/javassist/bytecode/analysis/DomTreePrinter.class,-1,414511,414509,Not provided,BuildwithMaven,BuildwithMaven
49,/home/runner/work/javassist/javassist/target/test-classes/scoped/jar1/ScopedAnnotationDefaultUsage.class,-1,414459,414457,Not provided,BuildwithMaven,BuildwithMaven
50,/home/runner/work/javassist/javassist/target/test-classes/scoped/TestAnnotation.class,-1,414463,414461,Not provided,BuildwithMaven,BuildwithMaven
51,/home/runner/work/javassist/javassist/target/test-classes/testproxy/Target189.class,-1,414343,414341,Not provided,BuildwithMaven,BuildwithMaven
52,/home/runner/work/javassist/javassist/target/test-classes/testproxy/Target127.class,-1,414178,414176,Not provided,BuildwithMaven,BuildwithMaven
53,/home/runner/work/javassist/javassist/target/test-classes/testproxy/Target127$RealSub.class,-1,414174,414172,Not provided,BuildwithMaven,BuildwithMaven
54,/home/runner/work/javassist/javassist/target/test-classes/test1/BenchProceed.class,-1,414315,414313,Not provided,BuildwithMaven,BuildwithMaven
55,/home/runner/work/javassist/javassist/target/test-classes/test1/BenchProceed2.class,-1,414311,414309,Not provided,BuildwithMaven,BuildwithMaven
56,/home/runner/work/javassist/javassist/target/test-classes/test1/BenchStaticMethod.class,-1,414307,414305,Not provided,BuildwithMaven,BuildwithMaven
57,/home/runner/work/javassist/javassist/target/test-classes/test3/Enhancer.class,-1,414291,414289,Not provided,BuildwithMaven,BuildwithMaven
58,/home/runner/work/javassist/javassist/target/test-classes/test3/Enhancer$Interceptor.class,-1,414287,414285,Not provided,BuildwithMaven,BuildwithMaven
59,/home/runner/work/javassist/javassist/target/test-classes/test3/Enhancer$1.class,-1,414283,414281,Not provided,BuildwithMaven,BuildwithMaven
60,/home/runner/work/javassist/javassist/target/test-classes/test3/EnhanceTest.class,-1,414276,414274,Not provided,BuildwithMaven,BuildwithMaven
61,/home/runner/work/javassist/javassist/target/test-classes/javassist/compiler/ParseTest.class,-1,414252,414250,Not provided,BuildwithMaven,BuildwithMaven
62,/home/runner/work/javassist/javassist/target/test-classes/test5/InnerClassRemove$A.class,-1,414559,414557,Not provided,BuildwithMaven,BuildwithMaven
63,/home/runner/work/javassist/javassist/target/test-classes/test/javassist/bytecode/analysis/AnalyzerTest$Dummy$A2.class,-1,414935,414933,Not provided,BuildwithMaven,BuildwithMaven
64,/home/runner/work/javassist/javassist/target/test-classes/test3/NewClass2.class,-1,414919,414917,Not provided,BuildwithMaven,BuildwithMaven
65,/home/runner/work/javassist/javassist/target/test-classes/test/javassist/bytecode/analysis/ErrorFinder.class,-1,414875,414873,Not provided,BuildwithMaven,BuildwithMaven
66,/home/runner/work/javassist/javassist/target/test-classes/test/javassist/bytecode/analysis/AnalyzerTest$Dummy$A3.class,-1,414939,414937,Not provided,BuildwithMaven,BuildwithMaven
67,/home/runner/work/javassist/javassist/target/test-classes/VisibleTop2.class,-1,415011,415009,Not provided,BuildwithMaven,BuildwithMaven
68,/home/runner/work/javassist/javassist/target/test-classes/test1/GetThrow1.class,-1,414967,414965,Not provided,BuildwithMaven,BuildwithMaven
69,/home/runner/work/javassist/javassist/target/test-classes/test5/InnerClassRemove$B.class,-1,414563,414561,Not provided,BuildwithMaven,BuildwithMaven
70,/home/runner/work/javassist/javassist/target/test-classes/javassist/JvstTest4$Inner1.class,-1,414649,414647,Not provided,BuildwithMaven,BuildwithMaven
71,/home/runner/work/javassist/javassist/target/test-classes/test5/InnerClassRemove$C.class,-1,414567,414565,Not provided,BuildwithMaven,BuildwithMaven
72,/home/runner/work/javassist/javassist/target/test-classes/javassist/bytecode/StackMapTest$T8dd.class,-1,414811,414809,Not provided,BuildwithMaven,BuildwithMaven
73,/home/runner/work/javassist/javassist/target/test-classes/javassist/bytecode/StackMapTest$I8d.class,-1,414807,414805,Not provided,BuildwithMaven,BuildwithMaven
74,/home/runner/work/javassist/javassist/target/test-classes/test5/NestHost2$Bar.class,-1,415899,415897,Not provided,BuildwithMaven,BuildwithMaven
75,/home/runner/work/javassist/javassist/target/test-classes/test4/NestedClass$N.class,-1,415907,415905,Not provided,BuildwithMaven,BuildwithMaven
76,/home/runner/work/javassist/javassist/target/runtest/test1/NewInterface.class,-1,419032,419030,Not provided,BuildwithMaven,BuildwithMaven
77,/home/runner/work/javassist/javassist/target/runtest/test1/SetName3.class,-1,419134,419132,Not provided,BuildwithMaven,BuildwithMaven
78,/home/runner/work/javassist/javassist/target/runtest/test1/SetName2.class,-1,419130,419128,Not provided,BuildwithMaven,BuildwithMaven
79,/home/runner/work/javassist/javassist/target/runtest/test1/Freeze.class,-1,419081,419079,Not provided,BuildwithMaven,BuildwithMaven
80,/home/runner/work/javassist/javassist/target/runtest/test1/NewInterface2.class,-1,419036,419034,Not provided,BuildwithMaven,BuildwithMaven
81,/home/runner/work/javassist/javassist/target/test-classes/test4/NestedClass$S$S2.class,-1,415911,415909,Not provided,BuildwithMaven,BuildwithMaven
82,/home/runner/work/javassist/javassist/target/runtest/test2/MethodCall.class,-1,419505,419503,Not provided,BuildwithMaven,BuildwithMaven
83,/home/runner/work/javassist/javassist/target/runtest/test2/Inner.class,-1,419424,419422,Not provided,BuildwithMaven,BuildwithMaven
84,/home/runner/work/javassist/javassist/target/runtest/test2/Inherit.class,-1,419414,419412,Not provided,BuildwithMaven,BuildwithMaven
85,/home/runner/work/javassist/javassist/target/test-classes/test1/Point.class,-1,416913,416911,Not provided,BuildwithMaven,BuildwithMaven
86,/home/runner/work/javassist/javassist/target/test-classes/javassist/HotswapTest$Foo.class,-1,416897,416895,Not provided,BuildwithMaven,BuildwithMaven
87,/home/runner/work/javassist/javassist/target/test-classes/test2/StaticArraysMem.class,-1,416889,416887,Not provided,BuildwithMaven,BuildwithMaven
88,/home/runner/work/javassist/javassist/target/test-classes/scoped/jar1/ScopedAnnotationUsage.class,-1,416933,416931,Not provided,BuildwithMaven,BuildwithMaven
89,/home/runner/work/javassist/javassist/target/test-classes/javassist/compiler/LexTest.class,-1,416937,416935,Not provided,BuildwithMaven,BuildwithMaven
90,/home/runner/work/javassist/javassist/target/runtest/test1/MySerializableClass.class,-1,418515,418513,Not provided,BuildwithMaven,BuildwithMaven
91,/home/runner/work/javassist/javassist/target/runtest/test5/NestHost4$InnerClass1.class,-1,455755,455753,Not provided,BuildwithMaven,BuildwithMaven
92,/home/runner/work/javassist/javassist/target/runtest/test5/NestHost4$InnerClass1$InnerClass5.class,-1,455765,455763,Not provided,BuildwithMaven,BuildwithMaven
93,/home/runner/work/javassist/javassist/target/runtest/test5/InnerModifier$Static.class,-1,456241,456239,Not provided,BuildwithMaven,BuildwithMaven
94,/home/runner/work/javassist/javassist/target/runtest/test5/InnerModifier$NonStatic.class,-1,456234,456232,Not provided,BuildwithMaven,BuildwithMaven
95,/home/runner/work/javassist/javassist/target/runtest/test4/TestDeadcode.class,-1,420677,420675,Not provided,BuildwithMaven,BuildwithMaven
96,/home/runner/work/javassist/javassist/target/runtest/test3/PublicInner.class,-1,419900,419898,Not provided,BuildwithMaven,BuildwithMaven
97,/home/runner/work/javassist/javassist/target/runtest/test2/SuperInterface3.class,-1,419738,419736,Not provided,BuildwithMaven,BuildwithMaven
98,/home/runner/work/javassist/javassist/target/runtest/test4/WrittenFile2sub.class,-1,420612,420610,Not provided,BuildwithMaven,BuildwithMaven
99,/home/runner/work/javassist/javassist/target/runtest/test2/NullArgTest.class,-1,419613,419611,Not provided,BuildwithMaven,BuildwithMaven
100,/home/runner/work/javassist/javassist/target/runtest/test2/NewOp.class,-1,419609,419607,Not provided,BuildwithMaven,BuildwithMaven
101,/home/runner/work/javassist/javassist/target/runtest/test3/PublicInner$Inner.class,-1,419904,419902,Not provided,BuildwithMaven,BuildwithMaven
102,/home/runner/work/javassist/javassist/target/runtest/test4/AnnoLoad.class,-1,420539,420537,Not provided,BuildwithMaven,BuildwithMaven
103,/home/runner/work/javassist/javassist/target/runtest/test4/AnnoLoadAnno.class,-1,420532,420530,Not provided,BuildwithMaven,BuildwithMaven
104,/home/runner/work/javassist/javassist/target/runtest/test3/StaticFinalField.class,-1,420231,420229,Not provided,BuildwithMaven,BuildwithMaven
105,/home/runner/work/javassist/javassist/target/test-classes/javassist/ConcurrentClassDefinitionTest.class,-1,416229,416227,Not provided,BuildwithMaven,BuildwithMaven
106,/home/runner/work/javassist/javassist/target/test-classes/javassist/ConcurrentClassDefinitionTest$Worker.class,-1,416225,416223,Not provided,BuildwithMaven,BuildwithMaven
107,/home/runner/work/javassist/javassist/target/test-classes/Jassist150.class,-1,416213,416211,Not provided,BuildwithMaven,BuildwithMaven
108,/home/runner/work/javassist/javassist/target/test-classes/Jassist150$1.class,-1,416209,416207,Not provided,BuildwithMaven,BuildwithMaven
109,/home/runner/work/javassist/javassist/target/test-classes/test/javassist/proxy/ProxySimpleTest$Default4.class,-1,416317,416315,Not provided,BuildwithMaven,BuildwithMaven
110,/home/runner/work/javassist/javassist/target/test-classes/scoped/ScopedRepositoryTestCase.class,-1,415962,415960,Not provided,BuildwithMaven,BuildwithMaven
111,/home/runner/work/javassist/javassist/target/test-classes/test3/NestedClass$StaticNested.class,-1,416002,416000,Not provided,BuildwithMaven,BuildwithMaven
112,/home/runner/work/javassist/javassist/target/test-classes/test3/NestedClass$Inner.class,-1,415998,415996,Not provided,BuildwithMaven,BuildwithMaven
113,/home/runner/work/javassist/javassist/target/test-classes/test4/JIRA220intf.class,-1,415939,415937,Not provided,BuildwithMaven,BuildwithMaven
114,/home/runner/work/javassist/javassist/target/test-classes/test4/NestedClass$S.class,-1,415915,415913,Not provided,BuildwithMaven,BuildwithMaven
115,/home/runner/work/javassist/javassist/target/test-classes/test3/NestedClass$1.class,-1,416006,416004,Not provided,BuildwithMaven,BuildwithMaven
116,/home/runner/work/javassist/javassist/target/test-classes/test3/NestedClass$1Local.class,-1,416010,416008,Not provided,BuildwithMaven,BuildwithMaven
117,/home/runner/work/javassist/javassist/target/test-classes/test4/Signature$Foo.class,-1,416161,416159,Not provided,BuildwithMaven,BuildwithMaven
118,/home/runner/work/javassist/javassist/target/test-classes/Test.class,-1,416157,416155,Not provided,BuildwithMaven,BuildwithMaven
119,/home/runner/work/javassist/javassist/target/test-classes/InvalidStackMapFrame.class,-1,416153,416151,Not provided,BuildwithMaven,BuildwithMaven
120,/home/runner/work/javassist/javassist/target/test-classes/test3/PublicInner2$PS.class,-1,416113,416111,Not provided,BuildwithMaven,BuildwithMaven
121,/home/runner/work/javassist/javassist/target/test-classes/scoped/jar1/TestClass1.class,-1,416669,416667,Not provided,BuildwithMaven,BuildwithMaven
122,/home/runner/work/javassist/javassist/target/test-classes/javassist/tools/reflect/Person.class,-1,416707,416705,Not provided,BuildwithMaven,BuildwithMaven
123,/home/runner/work/javassist/javassist/target/test-classes/test4/JIRA181$B.class,-1,416693,416691,Not provided,BuildwithMaven,BuildwithMaven
124,/home/runner/work/javassist/javassist/target/test-classes/test4/JIRA181$ICondition.class,-1,416689,416687,Not provided,BuildwithMaven,BuildwithMaven
125,/home/runner/work/javassist/javassist/target/test-classes/testproxy/sub/TargetSuper.class,-1,416637,416635,Not provided,BuildwithMaven,BuildwithMaven
126,/home/runner/work/javassist/javassist/target/test-classes/javassist/tools/reflect/ClassMetaobjectTest.class,-1,416723,416721,Not provided,BuildwithMaven,BuildwithMaven
127,/home/runner/work/javassist/javassist/target/test-classes/test4/ImportPac.class,-1,416727,416725,Not provided,BuildwithMaven,BuildwithMaven
128,/home/runner/work/javassist/javassist/target/test-classes/test5/NestHost$Bar.class,-1,416801,416799,Not provided,BuildwithMaven,BuildwithMaven
129,/home/runner/work/javassist/javassist/target/test-classes/javassist/bytecode/CodeAnalyzerTest.class,-1,416617,416615,Not provided,BuildwithMaven,BuildwithMaven
130,/home/runner/work/javassist/javassist/target/test-classes/test5/RemoveAnno1.class,-1,416445,416443,Not provided,BuildwithMaven,BuildwithMaven
131,/home/runner/work/javassist/javassist/target/test-classes/test5/RemoveAnno2.class,-1,416449,416447,Not provided,BuildwithMaven,BuildwithMaven
132,/home/runner/work/javassist/javassist/target/test-classes/test3/PackName2.class,-1,416429,416427,Not provided,BuildwithMaven,BuildwithMaven
133,/home/runner/work/javassist/javassist/target/test-classes/test5/JIRA242.class,-1,416425,416423,Not provided,BuildwithMaven,BuildwithMaven
134,/home/runner/work/javassist/javassist/target/test-classes/test4/GetAllRefAnnoC4.class,-1,416601,416599,Not provided,BuildwithMaven,BuildwithMaven
135,/home/runner/work/javassist/javassist/target/test-classes/test4/GetAllRefAnnoC3.class,-1,416597,416595,Not provided,BuildwithMaven,BuildwithMaven
136,/home/runner/work/javassist/javassist/target/test-classes/test4/GetAllRefAnnoC2.class,-1,416593,416591,Not provided,BuildwithMaven,BuildwithMaven
137,/home/runner/work/javassist/javassist/target/test-classes/test4/GetAllRefAnnoC.class,-1,416589,416587,Not provided,BuildwithMaven,BuildwithMaven
138,/home/runner/work/javassist/javassist/target/test-classes/test4/GetAllRefAnno.class,-1,416585,416583,Not provided,BuildwithMaven,BuildwithMaven
139,/home/runner/work/javassist/javassist/target/test-classes/test4/GetAllRefEnum.class,-1,416581,416579,Not provided,BuildwithMaven,BuildwithMaven
140,/home/runner/work/javassist/javassist/target/test-classes/annotation/Tag.class,-1,416557,416555,Not provided,BuildwithMaven,BuildwithMaven
141,/home/runner/work/javassist/javassist/target/test-classes/annotation/EnumTest.class,-1,416553,416551,Not provided,BuildwithMaven,BuildwithMaven
142,/home/runner/work/javassist/javassist/target/test-classes/annotation/Id.class,-1,416549,416547,Not provided,BuildwithMaven,BuildwithMaven
143,/home/runner/work/javassist/javassist/target/runtest/javassist/bytecode/StackMapTest$C6.class,-1,456498,456496,Not provided,BuildwithMaven,BuildwithMaven
144,/home/runner/work/javassist/javassist/target/runtest/test-hibernate.class,-1,456502,456500,Not provided,BuildwithMaven,BuildwithMaven
145,/home/runner/work/javassist/javassist/tutorial/tutorial3.html,-1,2571,2569,Not provided,uses-checkout,uses-checkout
146,/home/runner/work/javassist/javassist/target/runtest/javassist/bytecode/Gap0Example.class,-1,456736,456734,Not provided,BuildwithMaven,BuildwithMaven
147,/home/runner/work/javassist/javassist/target/runtest/javassist/bytecode/Gap0Example2.class,-1,456743,456741,Not provided,BuildwithMaven,BuildwithMaven
148,/home/runner/work/javassist/javassist/src/test/Readme.txt,-1,1269,1267,Not provided,uses-checkout,uses-checkout
149,/home/runner/work/javassist/javassist/sample/vector/VectorAssistant.java,-1,1253,1251,Not provided,uses-checkout,uses-checkout
150,/home/runner/work/javassist/javassist/sample/vector/Test.j,-1,1249,1247,Not provided,uses-checkout,uses-checkout
151,/home/runner/work/javassist/javassist/sample/vector/Sample2.java,-1,1245,1243,Not provided,uses-checkout,uses-checkout
152,/home/runner/work/javassist/javassist/target/runtest/reflected/javassist/tools/reflect/SuperClass.class,-1,456785,456783,Not provided,BuildwithMaven,BuildwithMaven
153,/home/runner/work/javassist/javassist/sample/rmi/webdemo.html,-1,1235,1233,Not provided,uses-checkout,uses-checkout
154,/home/runner/work/javassist/javassist/sample/rmi/start.html,-1,1231,1229,Not provided,uses-checkout,uses-checkout
155,/home/runner/work/javassist/javassist/sample/rmi/inside.gif,-1,1227,1225,Not provided,uses-checkout,uses-checkout
156,/home/runner/work/javassist/javassist/sample/rmi/Counter.java,-1,1223,1221,Not provided,uses-checkout,uses-checkout
157,/home/runner/work/javassist/javassist/sample/rmi/CountApplet.java,-1,1219,1217,Not provided,uses-checkout,uses-checkout
158,/home/runner/work/javassist/javassist/src/test/javassist/bytecode/Gap0Example.class,-1,1361,1359,Not provided,uses-checkout,uses-checkout
159,/home/runner/work/javassist/javassist/sample/reflect/Person.java,-1,1205,1203,Not provided,uses-checkout,uses-checkout
160,/home/runner/work/javassist/javassist/target/runtest/javassist/bytecode/StackMapTest$T8d.class,-1,456697,456695,Not provided,BuildwithMaven,BuildwithMaven
161,/home/runner/work/javassist/javassist/sample/reflect/VerboseMetaobj.java,-1,1209,1207,Not provided,uses-checkout,uses-checkout
162,/home/runner/work/javassist/javassist/sample/preproc/package.html,-1,1195,1193,Not provided,uses-checkout,uses-checkout
163,/home/runner/work/javassist/javassist/target/runtest/proxy/test/javassist/proxy/ProxySimpleTest$Default3_$$_jvst655_273d.class,-1,457379,457377,Not provided,BuildwithMaven,BuildwithMaven
164,/home/runner/work/javassist/javassist/.github/workflows/maven.yml,-1,1010,1008,Not provided,uses-checkout,uses-checkout
165,/home/runner/work/javassist/javassist/sample/preproc/Compiler.java,-1,1191,1189,Not provided,uses-checkout,uses-checkout
166,/home/runner/work/javassist/javassist/sample/evolve/DemoLoader.java,-1,1133,1131,Not provided,uses-checkout,uses-checkout
167,/home/runner/work/javassist/javassist/target/runtest/testproxy/Target_$$_jvst655_11.class,-1,457016,457014,Not provided,BuildwithMaven,BuildwithMaven
168,/home/runner/work/javassist/javassist/sample/hotswap/Test.java,-1,1177,1175,Not provided,uses-checkout,uses-checkout
169,/home/runner/work/javassist/javassist/sample/evolve/update.html,-1,1169,1167,Not provided,uses-checkout,uses-checkout
170,/home/runner/work/javassist/javassist/sample/evolve/start.html,-1,1165,1163,Not provided,uses-checkout,uses-checkout
171,/home/runner/work/javassist/javassist/sample/evolve/demo.html,-1,1157,1155,Not provided,uses-checkout,uses-checkout
172,/home/runner/work/javassist/javassist/sample/evolve/WebPage.java,-1,1153,1151,Not provided,uses-checkout,uses-checkout
173,/home/runner/work/javassist/javassist/sample/evolve/VersionManager.java,-1,1149,1147,Not provided,uses-checkout,uses-checkout
174,/home/runner/work/javassist/javassist/sample/evolve/Sample.java,-1,1145,1143,Not provided,uses-checkout,uses-checkout
175,/home/runner/work/javassist/javassist/sample/evolve/Evolution.java,-1,1141,1139,Not provided,uses-checkout,uses-checkout
176,/home/runner/work/javassist/javassist/sample/evolve/DemoServer.java,-1,1137,1135,Not provided,uses-checkout,uses-checkout
177,/home/runner/work/javassist/javassist/sample/evolve/CannotUpdateException.java,-1,1129,1127,Not provided,uses-checkout,uses-checkout
178,/home/runner/work/javassist/javassist/.gitignore,-1,1018,1016,Not provided,uses-checkout,uses-checkout
179,/home/runner/work/javassist/javassist/sample/duplicate/Viewer.java,-1,1119,1117,Not provided,uses-checkout,uses-checkout
180,/home/runner/work/javassist/javassist/sample/duplicate/Main.java,-1,1115,1113,Not provided,uses-checkout,uses-checkout
181,/home/runner/work/javassist/javassist/sample/duplicate/DuplicatedObject.java,-1,1111,1109,Not provided,uses-checkout,uses-checkout
182,/home/runner/work/javassist/javassist/target/runtest/proxy/test/javassist/proxy/ProxySimpleTest$PubProxy_$$_jvst655_2734.class,-1,457267,457265,Not provided,BuildwithMaven,BuildwithMaven
183,/home/runner/work/javassist/javassist/target/runtest/proxy/test/javassist/proxy/ProxySimpleTest$Default2_$$_jvst655_273b.class,-1,457359,457357,Not provided,BuildwithMaven,BuildwithMaven
184,/home/runner/work/javassist/javassist/build.xml,-1,1039,1037,Not provided,uses-checkout,uses-checkout
185,/home/runner/work/javassist/javassist/README.md,-1,1035,1033,Not provided,uses-checkout,uses-checkout
186,/home/runner/work/javassist/javassist/Examples.md,-1,1026,1024,Not provided,uses-checkout,uses-checkout
187,/home/runner/work/javassist/javassist/Changes.md,-1,1022,1020,Not provided,uses-checkout,uses-checkout
188,/home/runner/work/javassist/javassist/target/test-classes/Readme.txt,-1,411819,411816,Not provided,BuildwithMaven,BuildwithMaven
189,/home/runner/work/javassist/javassist/target/test-classes/test1/RenameClass2.class,-1,414052,414050,Not provided,BuildwithMaven,BuildwithMaven
190,/home/runner/work/javassist/javassist/target/runtest/test1/LocalVars2.class,-1,456264,456262,Not provided,BuildwithMaven,BuildwithMaven
191,/home/runner/work/javassist/javassist/target/test-classes/test3/NewExprTryCatch2.class,-1,414020,414018,Not provided,BuildwithMaven,BuildwithMaven
192,/home/runner/work/javassist/javassist/target/test-classes/test/javassist/bytecode/analysis/ScannerTest.class,-1,414016,414014,Not provided,BuildwithMaven,BuildwithMaven
193,/home/runner/work/javassist/javassist/target/runtest/test5/InnerModifier.class,-1,456245,456243,Not provided,BuildwithMaven,BuildwithMaven
194,/home/runner/work/javassist/javassist/target/runtest/proxy/test/javassist/proxy/ProxySimpleTest$Foo_$$_jvst655_2733.class,-1,457257,-1,Not provided,BuildwithMaven,Not provided
195,/home/runner/work/javassist/javassist/target/runtest/testproxy/BridgeMethod_$$_jvst655_7.class,-1,456890,-1,Not provided,BuildwithMaven,Not provided
196,/home/runner/work/javassist/javassist/sample/vector/Sample.java,-1,1241,-1,Not provided,uses-checkout,Not provided
197,/home/runner/work/javassist/javassist/sample/rmi/AlertDialog.java,-1,1215,-1,Not provided,uses-checkout,Not provided
198,/home/runner/work/javassist/javassist/sample/reflect/Main.java,-1,1201,-1,Not provided,uses-checkout,Not provided
199,/home/runner/work/javassist/javassist/sample/preproc/Assistant.java,-1,1187,-1,Not provided,uses-checkout,Not provided
200,/home/runner/work/javassist/javassist/sample/evolve/CannotCreateException.java,-1,1125,-1,Not provided,uses-checkout,Not provided
201,/home/runner/work/javassist/javassist/sample/duplicate/Ball.java,-1,1107,-1,Not provided,uses-checkout,Not provided
202,/home/runner/work/javassist/javassist/sample/Test.java,-1,1101,-1,Not provided,uses-checkout,Not provided
