,file_name,last_access_index,last_modify_index,creation_index,last_access_step,last_modify_step,creation_step
0,/home/runner/work/javassist/javassist/target/javassist-3.29.2-GA.jar,-1,948685,934284,Not provided,BuildwithMaven,BuildwithMaven
1,/home/runner/work/javassist/javassist/target/javassist-3.29.2-GA-sources.jar,-1,953318,949488,Not provided,BuildwithMaven,BuildwithMaven
2,/home/runner/work/javassist/javassist/target/classes/META-INF/MANIFEST.MF,448102,949326,-1,BuildwithMaven,BuildwithMaven,Not provided
3,/home/runner/work/javassist/javassist/target/runtest/test1/AnnoTest.class,-1,446173,446097,Not provided,BuildwithMaven,BuildwithMaven
4,/home/runner/work/javassist/javassist/target/runtest/test-hibernate.class,-1,446394,446338,Not provided,BuildwithMaven,BuildwithMaven
5,/home/runner/work/javassist/javassist/target/runtest/TooManyConstPoolItems.class,-1,445731,445686,Not provided,BuildwithMaven,BuildwithMaven
6,/home/runner/work/javassist/javassist/target/surefire-reports/TEST-javassist.JvstTest.xml,-1,447452,447445,Not provided,BuildwithMaven,BuildwithMaven
7,/home/runner/work/javassist/javassist/target/maven-status/maven-compiler-plugin/compile/default-compile/createdFiles.lst,-1,6748,6744,Not provided,BuildwithMaven,BuildwithMaven
8,/home/runner/work/javassist/javassist/target/maven-status/maven-compiler-plugin/compile/default-compile/inputFiles.lst,-1,6754,6750,Not provided,BuildwithMaven,BuildwithMaven
9,/home/runner/work/javassist/javassist/tutorial/tutorial2.html,-1,3534,3530,Not provided,uses-checkout,uses-checkout
10,/home/runner/work/javassist/javassist/tutorial/tutorial.html,-1,3528,3524,Not provided,uses-checkout,uses-checkout
11,/home/runner/work/javassist/javassist/target/maven-status/maven-compiler-plugin/testCompile/default-testCompile/createdFiles.lst,-1,398076,398072,Not provided,BuildwithMaven,BuildwithMaven
12,/home/runner/work/javassist/javassist/target/runtest/test3/JIRA63.class,-1,401528,401519,Not provided,BuildwithMaven,BuildwithMaven
13,/home/runner/work/javassist/javassist/target/runtest/test3/Clazz67.class,-1,401327,401323,Not provided,BuildwithMaven,BuildwithMaven
14,/home/runner/work/javassist/javassist/target/maven-status/maven-compiler-plugin/testCompile/default-testCompile/inputFiles.lst,-1,398082,398078,Not provided,BuildwithMaven,BuildwithMaven
15,/home/runner/work/javassist/javassist/License.html,-1,1072,1069,Not provided,uses-checkout,uses-checkout
16,/home/runner/work/javassist/javassist/target/test-classes/scoped/jar1/ScopedTestAnnotation.class,-1,396036,396034,Not provided,BuildwithMaven,BuildwithMaven
17,/home/runner/work/javassist/javassist/target/test-classes/test3/InnerClass.class,-1,396032,396030,Not provided,BuildwithMaven,BuildwithMaven
18,/home/runner/work/javassist/javassist/target/test-classes/VisibleTop2.class,-1,395952,395950,Not provided,BuildwithMaven,BuildwithMaven
19,/home/runner/work/javassist/javassist/target/test-classes/test1/GetThrow2.class,-1,395912,395910,Not provided,BuildwithMaven,BuildwithMaven
20,/home/runner/work/javassist/javassist/target/test-classes/javassist/bytecode/StackMapTest$T8dd.class,-1,395758,395756,Not provided,BuildwithMaven,BuildwithMaven
21,/home/runner/work/javassist/javassist/target/test-classes/javassist/bytecode/StackMapTest$I8d.class,-1,395754,395752,Not provided,BuildwithMaven,BuildwithMaven
22,/home/runner/work/javassist/javassist/target/test-classes/test1/GetThrow1.class,-1,395908,395906,Not provided,BuildwithMaven,BuildwithMaven
23,/home/runner/work/javassist/javassist/target/test-classes/test/javassist/bytecode/analysis/AnalyzerTest$Dummy$A3.class,-1,395880,395878,Not provided,BuildwithMaven,BuildwithMaven
24,/home/runner/work/javassist/javassist/target/test-classes/test/javassist/bytecode/analysis/AnalyzerTest$Dummy$A2.class,-1,395876,395874,Not provided,BuildwithMaven,BuildwithMaven
25,/home/runner/work/javassist/javassist/target/test-classes/test3/NewClass2.class,-1,395860,395858,Not provided,BuildwithMaven,BuildwithMaven
26,/home/runner/work/javassist/javassist/target/test-classes/test/javassist/bytecode/analysis/ErrorFinder.class,-1,395818,395816,Not provided,BuildwithMaven,BuildwithMaven
27,/home/runner/work/javassist/javassist/target/test-classes/test4/GetAllRefInnerTest$2.class,-1,396418,396416,Not provided,BuildwithMaven,BuildwithMaven
28,/home/runner/work/javassist/javassist/target/test-classes/test4/GetAllRefInnerTest$1.class,-1,396414,396412,Not provided,BuildwithMaven,BuildwithMaven
29,/home/runner/work/javassist/javassist/target/test-classes/test4/GetAllRefInnerTest2.class,-1,396410,396408,Not provided,BuildwithMaven,BuildwithMaven
30,/home/runner/work/javassist/javassist/target/test-classes/test4/GetAllRefInnerTest2$1.class,-1,396406,396404,Not provided,BuildwithMaven,BuildwithMaven
31,/home/runner/work/javassist/javassist/target/test-classes/test5/JIRA246.class,-1,396332,396330,Not provided,BuildwithMaven,BuildwithMaven
32,/home/runner/work/javassist/javassist/target/test-classes/javassist/ClassPoolBench.class,-1,396512,396510,Not provided,BuildwithMaven,BuildwithMaven
33,/home/runner/work/javassist/javassist/target/test-classes/scoped/jar1/FullyScopedAnnotationDefaultUsage.class,-1,396492,396490,Not provided,BuildwithMaven,BuildwithMaven
34,/home/runner/work/javassist/javassist/target/test-classes/scoped/UnscopedAnnotationUsage.class,-1,396488,396486,Not provided,BuildwithMaven,BuildwithMaven
35,/home/runner/work/javassist/javassist/target/test-classes/test3/Visible2.class,-1,396181,396179,Not provided,BuildwithMaven,BuildwithMaven
36,/home/runner/work/javassist/javassist/target/test-classes/scoped/UnscopedAnnotationDefaultUsage.class,-1,396249,396247,Not provided,BuildwithMaven,BuildwithMaven
37,/home/runner/work/javassist/javassist/target/test-classes/javassist/compiler/CodeTest.class,-1,396225,396223,Not provided,BuildwithMaven,BuildwithMaven
38,/home/runner/work/javassist/javassist/target/test-classes/test1/BenchProceedNew.class,-1,396217,396215,Not provided,BuildwithMaven,BuildwithMaven
39,/home/runner/work/javassist/javassist/target/test-classes/test1/BenchProceedNew3.class,-1,396213,396211,Not provided,BuildwithMaven,BuildwithMaven
40,/home/runner/work/javassist/javassist/target/test-classes/test1/BenchProceedNew2.class,-1,396209,396207,Not provided,BuildwithMaven,BuildwithMaven
41,/home/runner/work/javassist/javassist/target/test-classes/Readme.txt,-1,392814,392811,Not provided,BuildwithMaven,BuildwithMaven
42,/home/runner/work/javassist/javassist/target/test-classes/test3/NewExprTryCatch2.class,-1,395009,395007,Not provided,BuildwithMaven,BuildwithMaven
43,/home/runner/work/javassist/javassist/target/test-classes/scoped/TestAnnotation.class,-1,395426,395424,Not provided,BuildwithMaven,BuildwithMaven
44,/home/runner/work/javassist/javassist/target/test-classes/test2/ReplaceClassName3.class,-1,395360,395358,Not provided,BuildwithMaven,BuildwithMaven
45,/home/runner/work/javassist/javassist/target/test-classes/test/javassist/bytecode/analysis/DomTreePrinter.class,-1,395462,395460,Not provided,BuildwithMaven,BuildwithMaven
46,/home/runner/work/javassist/javassist/target/test-classes/test5/InnerClassRemove$B.class,-1,395526,395524,Not provided,BuildwithMaven,BuildwithMaven
47,/home/runner/work/javassist/javassist/target/test-classes/javassist/JvstTest4$Inner1.class,-1,395616,395614,Not provided,BuildwithMaven,BuildwithMaven
48,/home/runner/work/javassist/javassist/target/test-classes/test5/InnerClassRemove$C.class,-1,395530,395528,Not provided,BuildwithMaven,BuildwithMaven
49,/home/runner/work/javassist/javassist/target/test-classes/test5/InnerClassRemove$A.class,-1,395522,395520,Not provided,BuildwithMaven,BuildwithMaven
50,/home/runner/work/javassist/javassist/target/test-classes/test2/ReplaceClassName2.class,-1,395356,395354,Not provided,BuildwithMaven,BuildwithMaven
51,/home/runner/work/javassist/javassist/target/test-classes/testproxy/Target127.class,-1,395137,395135,Not provided,BuildwithMaven,BuildwithMaven
52,/home/runner/work/javassist/javassist/target/test-classes/testproxy/Target127$RealSub.class,-1,395133,395131,Not provided,BuildwithMaven,BuildwithMaven
53,/home/runner/work/javassist/javassist/target/test-classes/test2/Nested$Inner2.class,-1,395324,395322,Not provided,BuildwithMaven,BuildwithMaven
54,/home/runner/work/javassist/javassist/target/test-classes/testproxy/Target189.class,-1,395316,395314,Not provided,BuildwithMaven,BuildwithMaven
55,/home/runner/work/javassist/javassist/target/test-classes/test1/BenchProceed.class,-1,395288,395286,Not provided,BuildwithMaven,BuildwithMaven
56,/home/runner/work/javassist/javassist/target/test-classes/test1/BenchProceed2.class,-1,395284,395282,Not provided,BuildwithMaven,BuildwithMaven
57,/home/runner/work/javassist/javassist/target/test-classes/test1/BenchStaticMethod.class,-1,395280,395278,Not provided,BuildwithMaven,BuildwithMaven
58,/home/runner/work/javassist/javassist/target/test-classes/test3/Enhancer.class,-1,395264,395262,Not provided,BuildwithMaven,BuildwithMaven
59,/home/runner/work/javassist/javassist/target/test-classes/test3/Enhancer$Interceptor.class,-1,395260,395258,Not provided,BuildwithMaven,BuildwithMaven
60,/home/runner/work/javassist/javassist/target/test-classes/test3/Enhancer$1.class,-1,395256,395254,Not provided,BuildwithMaven,BuildwithMaven
61,/home/runner/work/javassist/javassist/target/test-classes/test3/EnhanceTest.class,-1,395249,395247,Not provided,BuildwithMaven,BuildwithMaven
62,/home/runner/work/javassist/javassist/target/runtest/test1/MySerializableClass.class,-1,399727,399725,Not provided,BuildwithMaven,BuildwithMaven
63,/home/runner/work/javassist/javassist/target/test-classes/javassist/compiler/LexTest.class,-1,397870,397868,Not provided,BuildwithMaven,BuildwithMaven
64,/home/runner/work/javassist/javassist/target/test-classes/scoped/jar1/ScopedAnnotationUsage.class,-1,397866,397864,Not provided,BuildwithMaven,BuildwithMaven
65,/home/runner/work/javassist/javassist/target/test-classes/test1/Point.class,-1,397854,397852,Not provided,BuildwithMaven,BuildwithMaven
66,/home/runner/work/javassist/javassist/target/test-classes/javassist/HotswapTest$Foo.class,-1,397830,397828,Not provided,BuildwithMaven,BuildwithMaven
67,/home/runner/work/javassist/javassist/target/runtest/test1/NewInterface.class,-1,400258,400256,Not provided,BuildwithMaven,BuildwithMaven
68,/home/runner/work/javassist/javassist/target/test-classes/test2/StaticArraysMem.class,-1,397810,397808,Not provided,BuildwithMaven,BuildwithMaven
69,/home/runner/work/javassist/javassist/target/test-classes/test4/JIRA181$B.class,-1,397626,397624,Not provided,BuildwithMaven,BuildwithMaven
70,/home/runner/work/javassist/javassist/target/test-classes/test4/ImportPac.class,-1,397660,397658,Not provided,BuildwithMaven,BuildwithMaven
71,/home/runner/work/javassist/javassist/target/test-classes/javassist/tools/reflect/ClassMetaobjectTest.class,-1,397656,397654,Not provided,BuildwithMaven,BuildwithMaven
72,/home/runner/work/javassist/javassist/target/test-classes/javassist/tools/reflect/Person.class,-1,397640,397638,Not provided,BuildwithMaven,BuildwithMaven
73,/home/runner/work/javassist/javassist/target/test-classes/test4/JIRA181$ICondition.class,-1,397622,397620,Not provided,BuildwithMaven,BuildwithMaven
74,/home/runner/work/javassist/javassist/target/test-classes/scoped/jar1/TestClass1.class,-1,397602,397600,Not provided,BuildwithMaven,BuildwithMaven
75,/home/runner/work/javassist/javassist/target/test-classes/test5/NestHost$Bar.class,-1,397754,397752,Not provided,BuildwithMaven,BuildwithMaven
76,/home/runner/work/javassist/javassist/target/runtest/test1/NewInterface2.class,-1,400262,400260,Not provided,BuildwithMaven,BuildwithMaven
77,/home/runner/work/javassist/javassist/target/runtest/test1/Freeze.class,-1,400316,400314,Not provided,BuildwithMaven,BuildwithMaven
78,/home/runner/work/javassist/javassist/target/runtest/test3/StaticFinalField.class,-1,401455,401453,Not provided,BuildwithMaven,BuildwithMaven
79,/home/runner/work/javassist/javassist/target/runtest/test4/AnnoLoad.class,-1,401763,401761,Not provided,BuildwithMaven,BuildwithMaven
80,/home/runner/work/javassist/javassist/target/runtest/test3/PublicInner$Inner.class,-1,401132,401130,Not provided,BuildwithMaven,BuildwithMaven
81,/home/runner/work/javassist/javassist/target/runtest/test3/PublicInner.class,-1,401128,401126,Not provided,BuildwithMaven,BuildwithMaven
82,/home/runner/work/javassist/javassist/target/runtest/test4/AnnoLoadAnno.class,-1,401756,401754,Not provided,BuildwithMaven,BuildwithMaven
83,/home/runner/work/javassist/javassist/target/runtest/test4/WrittenFile2sub.class,-1,401836,401834,Not provided,BuildwithMaven,BuildwithMaven
84,/home/runner/work/javassist/javassist/target/runtest/test4/TestDeadcode.class,-1,401901,401899,Not provided,BuildwithMaven,BuildwithMaven
85,/home/runner/work/javassist/javassist/target/runtest/test2/Inner.class,-1,400652,400650,Not provided,BuildwithMaven,BuildwithMaven
86,/home/runner/work/javassist/javassist/target/runtest/test2/Inherit.class,-1,400642,400640,Not provided,BuildwithMaven,BuildwithMaven
87,/home/runner/work/javassist/javassist/target/runtest/test1/SetName3.class,-1,400369,400367,Not provided,BuildwithMaven,BuildwithMaven
88,/home/runner/work/javassist/javassist/target/runtest/test1/SetName2.class,-1,400365,400363,Not provided,BuildwithMaven,BuildwithMaven
89,/home/runner/work/javassist/javassist/target/runtest/test2/SuperInterface3.class,-1,400961,400959,Not provided,BuildwithMaven,BuildwithMaven
90,/home/runner/work/javassist/javassist/target/runtest/test2/NullArgTest.class,-1,400836,400834,Not provided,BuildwithMaven,BuildwithMaven
91,/home/runner/work/javassist/javassist/target/runtest/test2/NewOp.class,-1,400832,400830,Not provided,BuildwithMaven,BuildwithMaven
92,/home/runner/work/javassist/javassist/target/runtest/test2/MethodCall.class,-1,400729,400727,Not provided,BuildwithMaven,BuildwithMaven
93,/home/runner/work/javassist/javassist/target/test-classes/scoped/ScopedRepositoryTestCase.class,-1,396899,396897,Not provided,BuildwithMaven,BuildwithMaven
94,/home/runner/work/javassist/javassist/target/test-classes/test4/JIRA220intf.class,-1,396876,396874,Not provided,BuildwithMaven,BuildwithMaven
95,/home/runner/work/javassist/javassist/target/test-classes/test4/NestedClass$S.class,-1,396856,396854,Not provided,BuildwithMaven,BuildwithMaven
96,/home/runner/work/javassist/javassist/target/test-classes/test4/NestedClass$S$S2.class,-1,396852,396850,Not provided,BuildwithMaven,BuildwithMaven
97,/home/runner/work/javassist/javassist/target/test-classes/test4/NestedClass$N.class,-1,396848,396846,Not provided,BuildwithMaven,BuildwithMaven
98,/home/runner/work/javassist/javassist/target/test-classes/test5/NestHost2$Bar.class,-1,396836,396834,Not provided,BuildwithMaven,BuildwithMaven
99,/home/runner/work/javassist/javassist/target/test-classes/test2/Inner2$Child.class,-1,396824,396822,Not provided,BuildwithMaven,BuildwithMaven
100,/home/runner/work/javassist/javassist/target/test-classes/test5/InnerModifier2.class,-1,396812,396810,Not provided,BuildwithMaven,BuildwithMaven
101,/home/runner/work/javassist/javassist/target/test-classes/test3/PublicInner2$PS.class,-1,397050,397048,Not provided,BuildwithMaven,BuildwithMaven
102,/home/runner/work/javassist/javassist/target/test-classes/Test.class,-1,397094,397092,Not provided,BuildwithMaven,BuildwithMaven
103,/home/runner/work/javassist/javassist/target/test-classes/InvalidStackMapFrame.class,-1,397090,397088,Not provided,BuildwithMaven,BuildwithMaven
104,/home/runner/work/javassist/javassist/target/test-classes/test3/NestedClass$1Local.class,-1,396947,396945,Not provided,BuildwithMaven,BuildwithMaven
105,/home/runner/work/javassist/javassist/target/test-classes/test3/NestedClass$1.class,-1,396943,396941,Not provided,BuildwithMaven,BuildwithMaven
106,/home/runner/work/javassist/javassist/target/test-classes/test3/NestedClass$StaticNested.class,-1,396939,396937,Not provided,BuildwithMaven,BuildwithMaven
107,/home/runner/work/javassist/javassist/target/test-classes/test3/NestedClass$Inner.class,-1,396935,396933,Not provided,BuildwithMaven,BuildwithMaven
108,/home/runner/work/javassist/javassist/target/test-classes/javassist/Bench$1.class,-1,396744,396742,Not provided,BuildwithMaven,BuildwithMaven
109,/home/runner/work/javassist/javassist/target/test-classes/javassist/Bench.class,-1,396772,396770,Not provided,BuildwithMaven,BuildwithMaven
110,/home/runner/work/javassist/javassist/target/test-classes/javassist/Bench$7.class,-1,396768,396766,Not provided,BuildwithMaven,BuildwithMaven
111,/home/runner/work/javassist/javassist/target/test-classes/javassist/Bench$6.class,-1,396764,396762,Not provided,BuildwithMaven,BuildwithMaven
112,/home/runner/work/javassist/javassist/target/test-classes/javassist/Bench$5.class,-1,396760,396758,Not provided,BuildwithMaven,BuildwithMaven
113,/home/runner/work/javassist/javassist/target/test-classes/javassist/Bench$4.class,-1,396756,396754,Not provided,BuildwithMaven,BuildwithMaven
114,/home/runner/work/javassist/javassist/target/test-classes/javassist/Bench$3.class,-1,396752,396750,Not provided,BuildwithMaven,BuildwithMaven
115,/home/runner/work/javassist/javassist/target/test-classes/javassist/Bench$2.class,-1,396748,396746,Not provided,BuildwithMaven,BuildwithMaven
116,/home/runner/work/javassist/javassist/target/test-classes/scoped/jar1/FullyScopedAnnotationUsage.class,-1,396736,396734,Not provided,BuildwithMaven,BuildwithMaven
117,/home/runner/work/javassist/javassist/target/test-classes/test1/StaticField.class,-1,396728,396726,Not provided,BuildwithMaven,BuildwithMaven
118,/home/runner/work/javassist/javassist/target/test-classes/test4/Signature$Foo.class,-1,397098,397096,Not provided,BuildwithMaven,BuildwithMaven
119,/home/runner/work/javassist/javassist/target/test-classes/test5/RemoveAnno2.class,-1,397386,397384,Not provided,BuildwithMaven,BuildwithMaven
120,/home/runner/work/javassist/javassist/target/test-classes/test5/RemoveAnno1.class,-1,397382,397380,Not provided,BuildwithMaven,BuildwithMaven
121,/home/runner/work/javassist/javassist/target/test-classes/test3/PackName2.class,-1,397370,397368,Not provided,BuildwithMaven,BuildwithMaven
122,/home/runner/work/javassist/javassist/target/test-classes/test5/JIRA242.class,-1,397362,397360,Not provided,BuildwithMaven,BuildwithMaven
123,/home/runner/work/javassist/javassist/target/test-classes/javassist/bytecode/CodeAnalyzerTest.class,-1,397552,397550,Not provided,BuildwithMaven,BuildwithMaven
124,/home/runner/work/javassist/javassist/target/test-classes/test4/GetAllRefAnnoC4.class,-1,397536,397534,Not provided,BuildwithMaven,BuildwithMaven
125,/home/runner/work/javassist/javassist/target/test-classes/test4/GetAllRefAnnoC3.class,-1,397532,397530,Not provided,BuildwithMaven,BuildwithMaven
126,/home/runner/work/javassist/javassist/target/test-classes/test4/GetAllRefAnnoC2.class,-1,397528,397526,Not provided,BuildwithMaven,BuildwithMaven
127,/home/runner/work/javassist/javassist/target/test-classes/test4/GetAllRefAnnoC.class,-1,397524,397522,Not provided,BuildwithMaven,BuildwithMaven
128,/home/runner/work/javassist/javassist/target/test-classes/test4/GetAllRefAnno.class,-1,397520,397518,Not provided,BuildwithMaven,BuildwithMaven
129,/home/runner/work/javassist/javassist/target/test-classes/test4/GetAllRefEnum.class,-1,397516,397514,Not provided,BuildwithMaven,BuildwithMaven
130,/home/runner/work/javassist/javassist/target/test-classes/annotation/Tag.class,-1,397492,397490,Not provided,BuildwithMaven,BuildwithMaven
131,/home/runner/work/javassist/javassist/target/test-classes/annotation/EnumTest.class,-1,397488,397486,Not provided,BuildwithMaven,BuildwithMaven
132,/home/runner/work/javassist/javassist/target/test-classes/javassist/ConcurrentClassDefinitionTest$Worker.class,-1,397162,397160,Not provided,BuildwithMaven,BuildwithMaven
133,/home/runner/work/javassist/javassist/target/test-classes/javassist/ConcurrentClassDefinitionTest.class,-1,397166,397164,Not provided,BuildwithMaven,BuildwithMaven
134,/home/runner/work/javassist/javassist/target/test-classes/Jassist150.class,-1,397138,397136,Not provided,BuildwithMaven,BuildwithMaven
135,/home/runner/work/javassist/javassist/target/test-classes/Jassist150$1.class,-1,397134,397132,Not provided,BuildwithMaven,BuildwithMaven
136,/home/runner/work/javassist/javassist/target/test-classes/test/javassist/proxy/ProxySimpleTest$Default4.class,-1,397254,397252,Not provided,BuildwithMaven,BuildwithMaven
137,/home/runner/work/javassist/javassist/target/runtest/test1/LocalVars2.class,-1,446093,446091,Not provided,BuildwithMaven,BuildwithMaven
138,/home/runner/work/javassist/javassist/src/test/javassist/bytecode/Gap0Example.class,-1,2399,2397,Not provided,uses-checkout,uses-checkout
139,/home/runner/work/javassist/javassist/target/runtest/javassist/bytecode/StackMapTest$C6.class,-1,446336,446334,Not provided,BuildwithMaven,BuildwithMaven
140,/home/runner/work/javassist/javassist/src/test/Readme.txt,-1,2309,2307,Not provided,uses-checkout,uses-checkout
141,/home/runner/work/javassist/javassist/sample/rmi/start.html,-1,1269,1267,Not provided,uses-checkout,uses-checkout
142,/home/runner/work/javassist/javassist/target/runtest/javassist/bytecode/StackMapTest$T8d.class,-1,446589,446587,Not provided,BuildwithMaven,BuildwithMaven
143,/home/runner/work/javassist/javassist/sample/vector/VectorAssistant.java,-1,1291,1289,Not provided,uses-checkout,uses-checkout
144,/home/runner/work/javassist/javassist/sample/vector/Test.j,-1,1287,1285,Not provided,uses-checkout,uses-checkout
145,/home/runner/work/javassist/javassist/sample/vector/Sample2.java,-1,1283,1281,Not provided,uses-checkout,uses-checkout
146,/home/runner/work/javassist/javassist/target/runtest/javassist/bytecode/Gap0Example.class,-1,446628,446626,Not provided,BuildwithMaven,BuildwithMaven
147,/home/runner/work/javassist/javassist/sample/rmi/webdemo.html,-1,1273,1271,Not provided,uses-checkout,uses-checkout
148,/home/runner/work/javassist/javassist/sample/rmi/inside.gif,-1,1265,1263,Not provided,uses-checkout,uses-checkout
149,/home/runner/work/javassist/javassist/sample/rmi/Counter.java,-1,1261,1259,Not provided,uses-checkout,uses-checkout
150,/home/runner/work/javassist/javassist/Changes.md,-1,1063,1061,Not provided,uses-checkout,uses-checkout
151,/home/runner/work/javassist/javassist/.gitignore,-1,1059,1057,Not provided,uses-checkout,uses-checkout
152,/home/runner/work/javassist/javassist/target/runtest/proxy/test/javassist/proxy/ProxySimpleTest$Default3_$$_jvst655_273d.class,-1,447312,447310,Not provided,BuildwithMaven,BuildwithMaven
153,/home/runner/work/javassist/javassist/Examples.md,-1,1067,1065,Not provided,uses-checkout,uses-checkout
154,/home/runner/work/javassist/javassist/README.md,-1,1076,1074,Not provided,uses-checkout,uses-checkout
155,/home/runner/work/javassist/javassist/build.xml,-1,1080,1078,Not provided,uses-checkout,uses-checkout
156,/home/runner/work/javassist/javassist/sample/evolve/demo.html,-1,1192,1190,Not provided,uses-checkout,uses-checkout
157,/home/runner/work/javassist/javassist/sample/rmi/CountApplet.java,-1,1257,1255,Not provided,uses-checkout,uses-checkout
158,/home/runner/work/javassist/javassist/target/runtest/javassist/bytecode/Gap0Example2.class,-1,446635,446633,Not provided,BuildwithMaven,BuildwithMaven
159,/home/runner/work/javassist/javassist/sample/reflect/VerboseMetaobj.java,-1,1247,1245,Not provided,uses-checkout,uses-checkout
160,/home/runner/work/javassist/javassist/sample/reflect/Person.java,-1,1243,1241,Not provided,uses-checkout,uses-checkout
161,/home/runner/work/javassist/javassist/target/runtest/reflected/javassist/tools/reflect/SuperClass.class,-1,446678,446676,Not provided,BuildwithMaven,BuildwithMaven
162,/home/runner/work/javassist/javassist/sample/preproc/package.html,-1,1233,1231,Not provided,uses-checkout,uses-checkout
163,/home/runner/work/javassist/javassist/sample/preproc/Compiler.java,-1,1229,1227,Not provided,uses-checkout,uses-checkout
164,/home/runner/work/javassist/javassist/target/runtest/testproxy/BridgeMethod_$$_jvst655_7.class,-1,446793,446791,Not provided,BuildwithMaven,BuildwithMaven
165,/home/runner/work/javassist/javassist/sample/hotswap/Test.java,-1,1214,1212,Not provided,uses-checkout,uses-checkout
166,/home/runner/work/javassist/javassist/sample/evolve/update.html,-1,1204,1202,Not provided,uses-checkout,uses-checkout
167,/home/runner/work/javassist/javassist/sample/evolve/start.html,-1,1200,1198,Not provided,uses-checkout,uses-checkout
168,/home/runner/work/javassist/javassist/sample/evolve/WebPage.java,-1,1188,1186,Not provided,uses-checkout,uses-checkout
169,/home/runner/work/javassist/javassist/sample/evolve/VersionManager.java,-1,1184,1182,Not provided,uses-checkout,uses-checkout
170,/home/runner/work/javassist/javassist/sample/evolve/Sample.java,-1,1180,1178,Not provided,uses-checkout,uses-checkout
171,/home/runner/work/javassist/javassist/sample/evolve/Evolution.java,-1,1176,1174,Not provided,uses-checkout,uses-checkout
172,/home/runner/work/javassist/javassist/sample/evolve/DemoServer.java,-1,1172,1170,Not provided,uses-checkout,uses-checkout
173,/home/runner/work/javassist/javassist/sample/evolve/DemoLoader.java,-1,1168,1166,Not provided,uses-checkout,uses-checkout
174,/home/runner/work/javassist/javassist/sample/evolve/CannotUpdateException.java,-1,1164,1162,Not provided,uses-checkout,uses-checkout
175,/home/runner/work/javassist/javassist/target/runtest/testproxy/Target_$$_jvst655_11.class,-1,446945,446943,Not provided,BuildwithMaven,BuildwithMaven
176,/home/runner/work/javassist/javassist/sample/duplicate/Viewer.java,-1,1154,1152,Not provided,uses-checkout,uses-checkout
177,/home/runner/work/javassist/javassist/sample/duplicate/Main.java,-1,1150,1148,Not provided,uses-checkout,uses-checkout
178,/home/runner/work/javassist/javassist/target/runtest/proxy/test/javassist/proxy/ProxySimpleTest$PubProxy_$$_jvst655_2734.class,-1,447195,447193,Not provided,BuildwithMaven,BuildwithMaven
179,/home/runner/work/javassist/javassist/target/runtest/proxy/test/javassist/proxy/ProxySimpleTest$Default2_$$_jvst655_273b.class,-1,447290,447288,Not provided,BuildwithMaven,BuildwithMaven
180,/home/runner/work/javassist/javassist/target/runtest/test5/NestHost4$InnerClass1$InnerClass5.class,-1,445600,445598,Not provided,BuildwithMaven,BuildwithMaven
181,/home/runner/work/javassist/javassist/target/runtest/test5/InnerModifier$NonStatic.class,-1,446063,446061,Not provided,BuildwithMaven,BuildwithMaven
182,/home/runner/work/javassist/javassist/target/runtest/test5/InnerModifier$Static.class,-1,446070,446068,Not provided,BuildwithMaven,BuildwithMaven
183,/home/runner/work/javassist/javassist/target/runtest/test5/InnerModifier.class,-1,446074,446072,Not provided,BuildwithMaven,BuildwithMaven
184,/home/runner/work/javassist/javassist/tutorial/tutorial3.html,-1,3538,3536,Not provided,uses-checkout,uses-checkout
185,/home/runner/work/javassist/javassist/target/surefire-reports/javassist.JvstTest.txt,-1,447443,-1,Not provided,BuildwithMaven,Not provided
186,/home/runner/work/javassist/javassist/target/runtest/proxy/javassist/util/proxy/test_javassist_proxy_ProxySimpleTest$PubProxy2_$$_jvst655_273c.class,-1,447302,-1,Not provided,BuildwithMaven,Not provided
187,/home/runner/work/javassist/javassist/target/test-classes/testproxy/sub/TargetSuper.class,-1,397570,-1,Not provided,BuildwithMaven,Not provided
188,/home/runner/work/javassist/javassist/target/test-classes/annotation/Id.class,-1,397484,-1,Not provided,BuildwithMaven,Not provided
189,/home/runner/work/javassist/javassist/sample/vector/Sample.java,-1,1279,-1,Not provided,uses-checkout,Not provided
190,/home/runner/work/javassist/javassist/sample/rmi/AlertDialog.java,-1,1253,-1,Not provided,uses-checkout,Not provided
191,/home/runner/work/javassist/javassist/sample/reflect/Main.java,-1,1239,-1,Not provided,uses-checkout,Not provided
192,/home/runner/work/javassist/javassist/sample/preproc/Assistant.java,-1,1225,-1,Not provided,uses-checkout,Not provided
193,/home/runner/work/javassist/javassist/sample/hotswap/HelloWorld.java,-1,1210,-1,Not provided,uses-checkout,Not provided
194,/home/runner/work/javassist/javassist/sample/evolve/CannotCreateException.java,-1,1160,-1,Not provided,uses-checkout,Not provided
195,/home/runner/work/javassist/javassist/sample/duplicate/DuplicatedObject.java,-1,1146,-1,Not provided,uses-checkout,Not provided
196,/home/runner/work/javassist/javassist/sample/Test.java,-1,1140,-1,Not provided,uses-checkout,Not provided
197,/home/runner/work/javassist/javassist/.github/workflows/maven.yml,-1,1051,-1,Not provided,uses-checkout,Not provided
198,/home/runner/work/javassist/javassist/target/test-classes/scoped/jar1/ScopedAnnotationDefaultUsage.class,-1,395422,-1,Not provided,BuildwithMaven,Not provided
199,/home/runner/work/javassist/javassist/target/test-classes/javassist/compiler/ParseTest.class,-1,395225,-1,Not provided,BuildwithMaven,Not provided
200,/home/runner/work/javassist/javassist/target/test-classes/test1/RenameClass2.class,-1,395023,-1,Not provided,BuildwithMaven,Not provided
201,/home/runner/work/javassist/javassist/target/test-classes/test/javassist/bytecode/analysis/ScannerTest.class,-1,395005,-1,Not provided,BuildwithMaven,Not provided
