,file_name,last_access_index,last_modify_index,creation_index,last_access_step,last_modify_step,creation_step
0,/home/runner/work/javassist/javassist/target/javassist-3.29.2-GA.jar,-1,962042,944182,Not provided,BuildwithMaven,BuildwithMaven
1,/home/runner/work/javassist/javassist/target/javassist-3.29.2-GA-sources.jar,-1,966218,963124,Not provided,BuildwithMaven,BuildwithMaven
2,/home/runner/work/javassist/javassist/target/classes/META-INF/MANIFEST.MF,440077,963094,-1,BuildwithMaven,BuildwithMaven,Not provided
3,/home/runner/work/javassist/javassist/target/runtest/test1/AnnoTest.class,-1,438542,438407,Not provided,BuildwithMaven,BuildwithMaven
4,/home/runner/work/javassist/javassist/target/runtest/TooManyConstPoolItems.class,-1,438035,437991,Not provided,BuildwithMaven,BuildwithMaven
5,/home/runner/work/javassist/javassist/target/surefire-reports/TEST-javassist.JvstTest.xml,-1,439693,439686,Not provided,BuildwithMaven,BuildwithMaven
6,/home/runner/work/javassist/javassist/target/runtest/test3/Clazz67.class,-1,402787,402783,Not provided,BuildwithMaven,BuildwithMaven
7,/home/runner/work/javassist/javassist/target/maven-status/maven-compiler-plugin/compile/default-compile/createdFiles.lst,-1,4777,4773,Not provided,BuildwithMaven,BuildwithMaven
8,/home/runner/work/javassist/javassist/tutorial/tutorial2.html,-1,2630,2626,Not provided,uses-checkout,uses-checkout
9,/home/runner/work/javassist/javassist/target/maven-status/maven-compiler-plugin/compile/default-compile/inputFiles.lst,-1,4783,4779,Not provided,BuildwithMaven,BuildwithMaven
10,/home/runner/work/javassist/javassist/target/maven-status/maven-compiler-plugin/testCompile/default-testCompile/createdFiles.lst,-1,399614,399610,Not provided,BuildwithMaven,BuildwithMaven
11,/home/runner/work/javassist/javassist/target/maven-status/maven-compiler-plugin/testCompile/default-testCompile/inputFiles.lst,-1,399620,399616,Not provided,BuildwithMaven,BuildwithMaven
12,/home/runner/work/javassist/javassist/tutorial/tutorial.html,-1,2624,2620,Not provided,uses-checkout,uses-checkout
13,/home/runner/work/javassist/javassist/target/runtest/test3/JIRA63.class,-1,402985,402976,Not provided,BuildwithMaven,BuildwithMaven
14,/home/runner/work/javassist/javassist/License.html,-1,1111,1108,Not provided,uses-checkout,uses-checkout
15,/home/runner/work/javassist/javassist/target/test-classes/scoped/UnscopedAnnotationDefaultUsage.class,-1,397779,397777,Not provided,BuildwithMaven,BuildwithMaven
16,/home/runner/work/javassist/javassist/target/test-classes/test4/GetAllRefInnerTest$2.class,-1,397932,397930,Not provided,BuildwithMaven,BuildwithMaven
17,/home/runner/work/javassist/javassist/target/test-classes/test4/GetAllRefInnerTest$1.class,-1,397928,397926,Not provided,BuildwithMaven,BuildwithMaven
18,/home/runner/work/javassist/javassist/target/test-classes/test4/GetAllRefInnerTest2.class,-1,397924,397922,Not provided,BuildwithMaven,BuildwithMaven
19,/home/runner/work/javassist/javassist/target/test-classes/test4/GetAllRefInnerTest2$1.class,-1,397920,397918,Not provided,BuildwithMaven,BuildwithMaven
20,/home/runner/work/javassist/javassist/target/test-classes/test5/JIRA246.class,-1,397862,397860,Not provided,BuildwithMaven,BuildwithMaven
21,/home/runner/work/javassist/javassist/target/test-classes/scoped/jar1/ScopedTestAnnotation.class,-1,397566,397564,Not provided,BuildwithMaven,BuildwithMaven
22,/home/runner/work/javassist/javassist/target/test-classes/test3/InnerClass.class,-1,397562,397560,Not provided,BuildwithMaven,BuildwithMaven
23,/home/runner/work/javassist/javassist/target/test-classes/javassist/compiler/CodeTest.class,-1,397755,397753,Not provided,BuildwithMaven,BuildwithMaven
24,/home/runner/work/javassist/javassist/target/test-classes/test1/BenchProceedNew.class,-1,397747,397745,Not provided,BuildwithMaven,BuildwithMaven
25,/home/runner/work/javassist/javassist/target/test-classes/test1/BenchProceedNew3.class,-1,397743,397741,Not provided,BuildwithMaven,BuildwithMaven
26,/home/runner/work/javassist/javassist/target/test-classes/test1/BenchProceedNew2.class,-1,397739,397737,Not provided,BuildwithMaven,BuildwithMaven
27,/home/runner/work/javassist/javassist/target/test-classes/test3/Visible2.class,-1,397711,397709,Not provided,BuildwithMaven,BuildwithMaven
28,/home/runner/work/javassist/javassist/target/test-classes/test1/StaticField.class,-1,398262,398260,Not provided,BuildwithMaven,BuildwithMaven
29,/home/runner/work/javassist/javassist/target/test-classes/scoped/jar1/FullyScopedAnnotationUsage.class,-1,398270,398268,Not provided,BuildwithMaven,BuildwithMaven
30,/home/runner/work/javassist/javassist/target/test-classes/test2/Inner2$Child.class,-1,398358,398356,Not provided,BuildwithMaven,BuildwithMaven
31,/home/runner/work/javassist/javassist/target/test-classes/test5/InnerModifier2.class,-1,398346,398344,Not provided,BuildwithMaven,BuildwithMaven
32,/home/runner/work/javassist/javassist/target/test-classes/javassist/Bench$1.class,-1,398278,398276,Not provided,BuildwithMaven,BuildwithMaven
33,/home/runner/work/javassist/javassist/target/test-classes/javassist/Bench.class,-1,398306,398304,Not provided,BuildwithMaven,BuildwithMaven
34,/home/runner/work/javassist/javassist/target/test-classes/javassist/Bench$7.class,-1,398302,398300,Not provided,BuildwithMaven,BuildwithMaven
35,/home/runner/work/javassist/javassist/target/test-classes/javassist/Bench$6.class,-1,398298,398296,Not provided,BuildwithMaven,BuildwithMaven
36,/home/runner/work/javassist/javassist/target/test-classes/javassist/Bench$5.class,-1,398294,398292,Not provided,BuildwithMaven,BuildwithMaven
37,/home/runner/work/javassist/javassist/target/test-classes/javassist/Bench$4.class,-1,398290,398288,Not provided,BuildwithMaven,BuildwithMaven
38,/home/runner/work/javassist/javassist/target/test-classes/javassist/Bench$3.class,-1,398286,398284,Not provided,BuildwithMaven,BuildwithMaven
39,/home/runner/work/javassist/javassist/target/test-classes/javassist/Bench$2.class,-1,398282,398280,Not provided,BuildwithMaven,BuildwithMaven
40,/home/runner/work/javassist/javassist/target/test-classes/scoped/jar1/FullyScopedAnnotationDefaultUsage.class,-1,398024,398022,Not provided,BuildwithMaven,BuildwithMaven
41,/home/runner/work/javassist/javassist/target/test-classes/scoped/UnscopedAnnotationUsage.class,-1,398020,398018,Not provided,BuildwithMaven,BuildwithMaven
42,/home/runner/work/javassist/javassist/target/test-classes/javassist/ClassPoolBench.class,-1,398064,398062,Not provided,BuildwithMaven,BuildwithMaven
43,/home/runner/work/javassist/javassist/target/test-classes/test2/ReplaceClassName3.class,-1,396862,396860,Not provided,BuildwithMaven,BuildwithMaven
44,/home/runner/work/javassist/javassist/target/test-classes/test2/ReplaceClassName2.class,-1,396858,396856,Not provided,BuildwithMaven,BuildwithMaven
45,/home/runner/work/javassist/javassist/target/test-classes/test/javassist/convert/InstrumentationTarget$Itr.class,-1,396850,396848,Not provided,BuildwithMaven,BuildwithMaven
46,/home/runner/work/javassist/javassist/target/test-classes/scoped/jar1/ScopedAnnotationDefaultUsage.class,-1,396938,396936,Not provided,BuildwithMaven,BuildwithMaven
47,/home/runner/work/javassist/javassist/target/test-classes/test/javassist/bytecode/analysis/DomTreePrinter.class,-1,396982,396980,Not provided,BuildwithMaven,BuildwithMaven
48,/home/runner/work/javassist/javassist/target/test-classes/scoped/TestAnnotation.class,-1,396942,396940,Not provided,BuildwithMaven,BuildwithMaven
49,/home/runner/work/javassist/javassist/target/test-classes/test2/Nested$Inner2.class,-1,396822,396820,Not provided,BuildwithMaven,BuildwithMaven
50,/home/runner/work/javassist/javassist/target/test-classes/testproxy/Target189.class,-1,396814,396812,Not provided,BuildwithMaven,BuildwithMaven
51,/home/runner/work/javassist/javassist/target/test-classes/test5/InnerClassRemove$A.class,-1,397030,397028,Not provided,BuildwithMaven,BuildwithMaven
52,/home/runner/work/javassist/javassist/target/test-classes/testproxy/Target127.class,-1,396649,396647,Not provided,BuildwithMaven,BuildwithMaven
53,/home/runner/work/javassist/javassist/target/test-classes/testproxy/Target127$RealSub.class,-1,396645,396643,Not provided,BuildwithMaven,BuildwithMaven
54,/home/runner/work/javassist/javassist/target/test-classes/test1/BenchProceed.class,-1,396786,396784,Not provided,BuildwithMaven,BuildwithMaven
55,/home/runner/work/javassist/javassist/target/test-classes/test1/BenchProceed2.class,-1,396782,396780,Not provided,BuildwithMaven,BuildwithMaven
56,/home/runner/work/javassist/javassist/target/test-classes/test1/BenchStaticMethod.class,-1,396778,396776,Not provided,BuildwithMaven,BuildwithMaven
57,/home/runner/work/javassist/javassist/target/test-classes/test3/Enhancer.class,-1,396762,396760,Not provided,BuildwithMaven,BuildwithMaven
58,/home/runner/work/javassist/javassist/target/test-classes/test3/Enhancer$Interceptor.class,-1,396758,396756,Not provided,BuildwithMaven,BuildwithMaven
59,/home/runner/work/javassist/javassist/target/test-classes/test3/Enhancer$1.class,-1,396754,396752,Not provided,BuildwithMaven,BuildwithMaven
60,/home/runner/work/javassist/javassist/target/test-classes/test3/EnhanceTest.class,-1,396747,396745,Not provided,BuildwithMaven,BuildwithMaven
61,/home/runner/work/javassist/javassist/target/test-classes/javassist/compiler/ParseTest.class,-1,396723,396721,Not provided,BuildwithMaven,BuildwithMaven
62,/home/runner/work/javassist/javassist/target/test-classes/test5/InnerClassRemove$B.class,-1,397034,397032,Not provided,BuildwithMaven,BuildwithMaven
63,/home/runner/work/javassist/javassist/target/test-classes/test/javassist/bytecode/analysis/AnalyzerTest$Dummy$A3.class,-1,397410,397408,Not provided,BuildwithMaven,BuildwithMaven
64,/home/runner/work/javassist/javassist/target/test-classes/test/javassist/bytecode/analysis/AnalyzerTest$Dummy$A2.class,-1,397406,397404,Not provided,BuildwithMaven,BuildwithMaven
65,/home/runner/work/javassist/javassist/target/test-classes/test3/NewClass2.class,-1,397390,397388,Not provided,BuildwithMaven,BuildwithMaven
66,/home/runner/work/javassist/javassist/target/test-classes/test/javassist/bytecode/analysis/ErrorFinder.class,-1,397346,397344,Not provided,BuildwithMaven,BuildwithMaven
67,/home/runner/work/javassist/javassist/target/test-classes/VisibleTop2.class,-1,397482,397480,Not provided,BuildwithMaven,BuildwithMaven
68,/home/runner/work/javassist/javassist/target/test-classes/test1/GetThrow2.class,-1,397442,397440,Not provided,BuildwithMaven,BuildwithMaven
69,/home/runner/work/javassist/javassist/target/test-classes/test1/GetThrow1.class,-1,397438,397436,Not provided,BuildwithMaven,BuildwithMaven
70,/home/runner/work/javassist/javassist/target/test-classes/test5/InnerClassRemove$C.class,-1,397038,397036,Not provided,BuildwithMaven,BuildwithMaven
71,/home/runner/work/javassist/javassist/target/test-classes/javassist/JvstTest4$Inner1.class,-1,397120,397118,Not provided,BuildwithMaven,BuildwithMaven
72,/home/runner/work/javassist/javassist/target/test-classes/javassist/bytecode/StackMapTest$T8dd.class,-1,397282,397280,Not provided,BuildwithMaven,BuildwithMaven
73,/home/runner/work/javassist/javassist/target/test-classes/javassist/bytecode/StackMapTest$I8d.class,-1,397278,397276,Not provided,BuildwithMaven,BuildwithMaven
74,/home/runner/work/javassist/javassist/target/test-classes/test5/NestHost2$Bar.class,-1,398370,398368,Not provided,BuildwithMaven,BuildwithMaven
75,/home/runner/work/javassist/javassist/target/runtest/test1/SetName3.class,-1,401828,401826,Not provided,BuildwithMaven,BuildwithMaven
76,/home/runner/work/javassist/javassist/target/runtest/test1/SetName2.class,-1,401824,401822,Not provided,BuildwithMaven,BuildwithMaven
77,/home/runner/work/javassist/javassist/target/runtest/test1/Freeze.class,-1,401775,401773,Not provided,BuildwithMaven,BuildwithMaven
78,/home/runner/work/javassist/javassist/target/runtest/test1/NewInterface2.class,-1,401731,401729,Not provided,BuildwithMaven,BuildwithMaven
79,/home/runner/work/javassist/javassist/target/runtest/test1/NewInterface.class,-1,401727,401725,Not provided,BuildwithMaven,BuildwithMaven
80,/home/runner/work/javassist/javassist/target/runtest/test2/Inner.class,-1,402116,402114,Not provided,BuildwithMaven,BuildwithMaven
81,/home/runner/work/javassist/javassist/target/runtest/test2/Inherit.class,-1,402106,402104,Not provided,BuildwithMaven,BuildwithMaven
82,/home/runner/work/javassist/javassist/target/test-classes/test1/Point.class,-1,399384,399382,Not provided,BuildwithMaven,BuildwithMaven
83,/home/runner/work/javassist/javassist/target/test-classes/javassist/HotswapTest$Foo.class,-1,399368,399366,Not provided,BuildwithMaven,BuildwithMaven
84,/home/runner/work/javassist/javassist/target/test-classes/test2/StaticArraysMem.class,-1,399360,399358,Not provided,BuildwithMaven,BuildwithMaven
85,/home/runner/work/javassist/javassist/target/test-classes/scoped/jar1/ScopedAnnotationUsage.class,-1,399404,399402,Not provided,BuildwithMaven,BuildwithMaven
86,/home/runner/work/javassist/javassist/target/test-classes/javassist/compiler/LexTest.class,-1,399408,399406,Not provided,BuildwithMaven,BuildwithMaven
87,/home/runner/work/javassist/javassist/target/runtest/test1/MySerializableClass.class,-1,401182,401180,Not provided,BuildwithMaven,BuildwithMaven
88,/home/runner/work/javassist/javassist/target/runtest/test2/MethodCall.class,-1,402193,402191,Not provided,BuildwithMaven,BuildwithMaven
89,/home/runner/work/javassist/javassist/target/test-classes/test4/NestedClass$N.class,-1,398382,398380,Not provided,BuildwithMaven,BuildwithMaven
90,/home/runner/work/javassist/javassist/target/runtest/test4/TestDeadcode.class,-1,403322,403320,Not provided,BuildwithMaven,BuildwithMaven
91,/home/runner/work/javassist/javassist/target/runtest/test5/NestHost4$InnerClass1$InnerClass5.class,-1,437905,437903,Not provided,BuildwithMaven,BuildwithMaven
92,/home/runner/work/javassist/javassist/target/runtest/test5/InnerModifier$Static.class,-1,438379,438377,Not provided,BuildwithMaven,BuildwithMaven
93,/home/runner/work/javassist/javassist/target/runtest/test5/InnerModifier$NonStatic.class,-1,438372,438370,Not provided,BuildwithMaven,BuildwithMaven
94,/home/runner/work/javassist/javassist/target/runtest/test4/WrittenFile2sub.class,-1,403268,403266,Not provided,BuildwithMaven,BuildwithMaven
95,/home/runner/work/javassist/javassist/target/runtest/test2/SuperInterface3.class,-1,402425,402423,Not provided,BuildwithMaven,BuildwithMaven
96,/home/runner/work/javassist/javassist/target/runtest/test2/NullArgTest.class,-1,402300,402298,Not provided,BuildwithMaven,BuildwithMaven
97,/home/runner/work/javassist/javassist/target/runtest/test2/NewOp.class,-1,402296,402294,Not provided,BuildwithMaven,BuildwithMaven
98,/home/runner/work/javassist/javassist/target/runtest/test3/PublicInner.class,-1,402584,402582,Not provided,BuildwithMaven,BuildwithMaven
99,/home/runner/work/javassist/javassist/target/runtest/test3/PublicInner$Inner.class,-1,402588,402586,Not provided,BuildwithMaven,BuildwithMaven
100,/home/runner/work/javassist/javassist/target/runtest/test4/AnnoLoad.class,-1,403209,403207,Not provided,BuildwithMaven,BuildwithMaven
101,/home/runner/work/javassist/javassist/target/runtest/test4/AnnoLoadAnno.class,-1,403202,403200,Not provided,BuildwithMaven,BuildwithMaven
102,/home/runner/work/javassist/javassist/target/runtest/test3/StaticFinalField.class,-1,402915,402913,Not provided,BuildwithMaven,BuildwithMaven
103,/home/runner/work/javassist/javassist/target/test-classes/javassist/ConcurrentClassDefinitionTest.class,-1,398700,398698,Not provided,BuildwithMaven,BuildwithMaven
104,/home/runner/work/javassist/javassist/target/test-classes/javassist/ConcurrentClassDefinitionTest$Worker.class,-1,398696,398694,Not provided,BuildwithMaven,BuildwithMaven
105,/home/runner/work/javassist/javassist/target/test-classes/Jassist150.class,-1,398684,398682,Not provided,BuildwithMaven,BuildwithMaven
106,/home/runner/work/javassist/javassist/target/test-classes/Jassist150$1.class,-1,398680,398678,Not provided,BuildwithMaven,BuildwithMaven
107,/home/runner/work/javassist/javassist/target/test-classes/test/javassist/proxy/ProxySimpleTest$Default4.class,-1,398788,398786,Not provided,BuildwithMaven,BuildwithMaven
108,/home/runner/work/javassist/javassist/target/test-classes/scoped/ScopedRepositoryTestCase.class,-1,398433,398431,Not provided,BuildwithMaven,BuildwithMaven
109,/home/runner/work/javassist/javassist/target/test-classes/test3/NestedClass$StaticNested.class,-1,398473,398471,Not provided,BuildwithMaven,BuildwithMaven
110,/home/runner/work/javassist/javassist/target/test-classes/test3/NestedClass$Inner.class,-1,398469,398467,Not provided,BuildwithMaven,BuildwithMaven
111,/home/runner/work/javassist/javassist/target/test-classes/test4/JIRA220intf.class,-1,398410,398408,Not provided,BuildwithMaven,BuildwithMaven
112,/home/runner/work/javassist/javassist/target/test-classes/test4/NestedClass$S.class,-1,398390,398388,Not provided,BuildwithMaven,BuildwithMaven
113,/home/runner/work/javassist/javassist/target/test-classes/test4/NestedClass$S$S2.class,-1,398386,398384,Not provided,BuildwithMaven,BuildwithMaven
114,/home/runner/work/javassist/javassist/target/test-classes/test3/NestedClass$1.class,-1,398477,398475,Not provided,BuildwithMaven,BuildwithMaven
115,/home/runner/work/javassist/javassist/target/test-classes/test3/NestedClass$1Local.class,-1,398481,398479,Not provided,BuildwithMaven,BuildwithMaven
116,/home/runner/work/javassist/javassist/target/test-classes/Test.class,-1,398636,398634,Not provided,BuildwithMaven,BuildwithMaven
117,/home/runner/work/javassist/javassist/target/test-classes/InvalidStackMapFrame.class,-1,398632,398630,Not provided,BuildwithMaven,BuildwithMaven
118,/home/runner/work/javassist/javassist/target/test-classes/test4/Signature$Foo.class,-1,398624,398622,Not provided,BuildwithMaven,BuildwithMaven
119,/home/runner/work/javassist/javassist/target/test-classes/test3/PublicInner2$PS.class,-1,398584,398582,Not provided,BuildwithMaven,BuildwithMaven
120,/home/runner/work/javassist/javassist/target/test-classes/javassist/tools/reflect/Person.class,-1,399178,399176,Not provided,BuildwithMaven,BuildwithMaven
121,/home/runner/work/javassist/javassist/target/test-classes/test4/JIRA181$B.class,-1,399164,399162,Not provided,BuildwithMaven,BuildwithMaven
122,/home/runner/work/javassist/javassist/target/test-classes/test4/JIRA181$ICondition.class,-1,399160,399158,Not provided,BuildwithMaven,BuildwithMaven
123,/home/runner/work/javassist/javassist/target/test-classes/scoped/jar1/TestClass1.class,-1,399140,399138,Not provided,BuildwithMaven,BuildwithMaven
124,/home/runner/work/javassist/javassist/target/test-classes/testproxy/sub/TargetSuper.class,-1,399108,399106,Not provided,BuildwithMaven,BuildwithMaven
125,/home/runner/work/javassist/javassist/target/test-classes/javassist/bytecode/CodeAnalyzerTest.class,-1,399088,399086,Not provided,BuildwithMaven,BuildwithMaven
126,/home/runner/work/javassist/javassist/target/test-classes/javassist/tools/reflect/ClassMetaobjectTest.class,-1,399194,399192,Not provided,BuildwithMaven,BuildwithMaven
127,/home/runner/work/javassist/javassist/target/test-classes/test4/ImportPac.class,-1,399198,399196,Not provided,BuildwithMaven,BuildwithMaven
128,/home/runner/work/javassist/javassist/target/test-classes/test5/NestHost$Bar.class,-1,399272,399270,Not provided,BuildwithMaven,BuildwithMaven
129,/home/runner/work/javassist/javassist/target/test-classes/test5/RemoveAnno2.class,-1,398920,398918,Not provided,BuildwithMaven,BuildwithMaven
130,/home/runner/work/javassist/javassist/target/test-classes/test5/RemoveAnno1.class,-1,398916,398914,Not provided,BuildwithMaven,BuildwithMaven
131,/home/runner/work/javassist/javassist/target/test-classes/test3/PackName2.class,-1,398900,398898,Not provided,BuildwithMaven,BuildwithMaven
132,/home/runner/work/javassist/javassist/target/test-classes/test5/JIRA242.class,-1,398896,398894,Not provided,BuildwithMaven,BuildwithMaven
133,/home/runner/work/javassist/javassist/target/test-classes/test4/GetAllRefAnnoC4.class,-1,399072,399070,Not provided,BuildwithMaven,BuildwithMaven
134,/home/runner/work/javassist/javassist/target/test-classes/test4/GetAllRefAnnoC3.class,-1,399068,399066,Not provided,BuildwithMaven,BuildwithMaven
135,/home/runner/work/javassist/javassist/target/test-classes/test4/GetAllRefAnnoC2.class,-1,399064,399062,Not provided,BuildwithMaven,BuildwithMaven
136,/home/runner/work/javassist/javassist/target/test-classes/test4/GetAllRefAnnoC.class,-1,399060,399058,Not provided,BuildwithMaven,BuildwithMaven
137,/home/runner/work/javassist/javassist/target/test-classes/test4/GetAllRefAnno.class,-1,399056,399054,Not provided,BuildwithMaven,BuildwithMaven
138,/home/runner/work/javassist/javassist/target/test-classes/test4/GetAllRefEnum.class,-1,399052,399050,Not provided,BuildwithMaven,BuildwithMaven
139,/home/runner/work/javassist/javassist/target/test-classes/annotation/Tag.class,-1,399028,399026,Not provided,BuildwithMaven,BuildwithMaven
140,/home/runner/work/javassist/javassist/target/test-classes/annotation/EnumTest.class,-1,399024,399022,Not provided,BuildwithMaven,BuildwithMaven
141,/home/runner/work/javassist/javassist/target/test-classes/annotation/Id.class,-1,399020,399018,Not provided,BuildwithMaven,BuildwithMaven
142,/home/runner/work/javassist/javassist/target/runtest/test-hibernate.class,-1,438700,438698,Not provided,BuildwithMaven,BuildwithMaven
143,/home/runner/work/javassist/javassist/tutorial/tutorial3.html,-1,2634,2632,Not provided,uses-checkout,uses-checkout
144,/home/runner/work/javassist/javassist/target/runtest/javassist/bytecode/Gap0Example2.class,-1,438941,438939,Not provided,BuildwithMaven,BuildwithMaven
145,/home/runner/work/javassist/javassist/target/runtest/reflected/javassist/tools/reflect/SuperClass.class,-1,438983,438981,Not provided,BuildwithMaven,BuildwithMaven
146,/home/runner/work/javassist/javassist/src/test/Readme.txt,-1,1338,1336,Not provided,uses-checkout,uses-checkout
147,/home/runner/work/javassist/javassist/sample/vector/VectorAssistant.java,-1,1324,1322,Not provided,uses-checkout,uses-checkout
148,/home/runner/work/javassist/javassist/sample/vector/Test.j,-1,1320,1318,Not provided,uses-checkout,uses-checkout
149,/home/runner/work/javassist/javassist/sample/vector/Sample2.java,-1,1316,1314,Not provided,uses-checkout,uses-checkout
150,/home/runner/work/javassist/javassist/sample/rmi/webdemo.html,-1,1308,1306,Not provided,uses-checkout,uses-checkout
151,/home/runner/work/javassist/javassist/sample/rmi/start.html,-1,1304,1302,Not provided,uses-checkout,uses-checkout
152,/home/runner/work/javassist/javassist/sample/rmi/inside.gif,-1,1300,1298,Not provided,uses-checkout,uses-checkout
153,/home/runner/work/javassist/javassist/sample/rmi/Counter.java,-1,1296,1294,Not provided,uses-checkout,uses-checkout
154,/home/runner/work/javassist/javassist/sample/rmi/CountApplet.java,-1,1292,1290,Not provided,uses-checkout,uses-checkout
155,/home/runner/work/javassist/javassist/target/runtest/testproxy/Target_$$_jvst655_11.class,-1,439210,439208,Not provided,BuildwithMaven,BuildwithMaven
156,/home/runner/work/javassist/javassist/src/test/javassist/bytecode/Gap0Example.class,-1,1427,1425,Not provided,uses-checkout,uses-checkout
157,/home/runner/work/javassist/javassist/target/runtest/javassist/bytecode/Gap0Example.class,-1,438934,438932,Not provided,BuildwithMaven,BuildwithMaven
158,/home/runner/work/javassist/javassist/target/runtest/javassist/bytecode/StackMapTest$T8d.class,-1,438895,438893,Not provided,BuildwithMaven,BuildwithMaven
159,/home/runner/work/javassist/javassist/sample/reflect/VerboseMetaobj.java,-1,1282,1280,Not provided,uses-checkout,uses-checkout
160,/home/runner/work/javassist/javassist/sample/reflect/Person.java,-1,1278,1276,Not provided,uses-checkout,uses-checkout
161,/home/runner/work/javassist/javassist/sample/preproc/package.html,-1,1268,1266,Not provided,uses-checkout,uses-checkout
162,/home/runner/work/javassist/javassist/target/runtest/proxy/test/javassist/proxy/ProxySimpleTest$Default3_$$_jvst655_273d.class,-1,439553,439551,Not provided,BuildwithMaven,BuildwithMaven
163,/home/runner/work/javassist/javassist/sample/preproc/Compiler.java,-1,1264,1262,Not provided,uses-checkout,uses-checkout
164,/home/runner/work/javassist/javassist/.github/workflows/maven.yml,-1,1090,1088,Not provided,uses-checkout,uses-checkout
165,/home/runner/work/javassist/javassist/.gitignore,-1,1098,1096,Not provided,uses-checkout,uses-checkout
166,/home/runner/work/javassist/javassist/Changes.md,-1,1102,1100,Not provided,uses-checkout,uses-checkout
167,/home/runner/work/javassist/javassist/target/runtest/proxy/test/javassist/proxy/ProxySimpleTest$PubProxy_$$_jvst655_2734.class,-1,439465,439463,Not provided,BuildwithMaven,BuildwithMaven
168,/home/runner/work/javassist/javassist/sample/hotswap/Test.java,-1,1250,1248,Not provided,uses-checkout,uses-checkout
169,/home/runner/work/javassist/javassist/sample/evolve/update.html,-1,1241,1239,Not provided,uses-checkout,uses-checkout
170,/home/runner/work/javassist/javassist/sample/evolve/start.html,-1,1237,1235,Not provided,uses-checkout,uses-checkout
171,/home/runner/work/javassist/javassist/sample/evolve/sample/evolve/WebPage.java,-1,1233,1229,Not provided,uses-checkout,uses-checkout
172,/home/runner/work/javassist/javassist/sample/evolve/demo.html,-1,1224,1222,Not provided,uses-checkout,uses-checkout
173,/home/runner/work/javassist/javassist/sample/evolve/WebPage.java,-1,1220,1218,Not provided,uses-checkout,uses-checkout
174,/home/runner/work/javassist/javassist/sample/evolve/VersionManager.java,-1,1216,1214,Not provided,uses-checkout,uses-checkout
175,/home/runner/work/javassist/javassist/sample/evolve/Sample.java,-1,1212,1210,Not provided,uses-checkout,uses-checkout
176,/home/runner/work/javassist/javassist/sample/evolve/Evolution.java,-1,1208,1206,Not provided,uses-checkout,uses-checkout
177,/home/runner/work/javassist/javassist/sample/evolve/DemoServer.java,-1,1204,1202,Not provided,uses-checkout,uses-checkout
178,/home/runner/work/javassist/javassist/sample/evolve/DemoLoader.java,-1,1200,1198,Not provided,uses-checkout,uses-checkout
179,/home/runner/work/javassist/javassist/sample/evolve/CannotUpdateException.java,-1,1196,1194,Not provided,uses-checkout,uses-checkout
180,/home/runner/work/javassist/javassist/target/runtest/proxy/test/javassist/proxy/ProxySimpleTest$Default2_$$_jvst655_273b.class,-1,439531,439529,Not provided,BuildwithMaven,BuildwithMaven
181,/home/runner/work/javassist/javassist/sample/duplicate/Viewer.java,-1,1186,1184,Not provided,uses-checkout,uses-checkout
182,/home/runner/work/javassist/javassist/sample/duplicate/Main.java,-1,1182,1180,Not provided,uses-checkout,uses-checkout
183,/home/runner/work/javassist/javassist/sample/duplicate/DuplicatedObject.java,-1,1178,1176,Not provided,uses-checkout,uses-checkout
184,/home/runner/work/javassist/javassist/build.xml,-1,1119,1117,Not provided,uses-checkout,uses-checkout
185,/home/runner/work/javassist/javassist/README.md,-1,1115,1113,Not provided,uses-checkout,uses-checkout
186,/home/runner/work/javassist/javassist/Examples.md,-1,1106,1104,Not provided,uses-checkout,uses-checkout
187,/home/runner/work/javassist/javassist/target/test-classes/Readme.txt,-1,394290,394287,Not provided,BuildwithMaven,BuildwithMaven
188,/home/runner/work/javassist/javassist/target/runtest/test1/LocalVars2.class,-1,438403,438401,Not provided,BuildwithMaven,BuildwithMaven
189,/home/runner/work/javassist/javassist/target/test-classes/test1/RenameClass2.class,-1,396507,396505,Not provided,BuildwithMaven,BuildwithMaven
190,/home/runner/work/javassist/javassist/target/test-classes/test3/NewExprTryCatch2.class,-1,396491,396489,Not provided,BuildwithMaven,BuildwithMaven
191,/home/runner/work/javassist/javassist/target/test-classes/test/javassist/bytecode/analysis/ScannerTest.class,-1,396487,396485,Not provided,BuildwithMaven,BuildwithMaven
192,/home/runner/work/javassist/javassist/target/runtest/javassist/bytecode/StackMapTest$C6.class,-1,438696,438694,Not provided,BuildwithMaven,BuildwithMaven
193,/home/runner/work/javassist/javassist/target/runtest/test5/InnerModifier.class,-1,438383,438381,Not provided,BuildwithMaven,BuildwithMaven
194,/home/runner/work/javassist/javassist/target/runtest/testproxy/BridgeMethod_$$_jvst655_7.class,-1,439085,-1,Not provided,BuildwithMaven,Not provided
195,/home/runner/work/javassist/javassist/target/runtest/proxy/javassist/util/proxy/test_javassist_proxy_ProxySimpleTest$PubProxy2_$$_jvst655_273c.class,-1,439543,-1,Not provided,BuildwithMaven,Not provided
196,/home/runner/work/javassist/javassist/target/runtest/proxy/test/javassist/proxy/ProxySimpleTest$Foo_$$_jvst655_2733.class,-1,439455,-1,Not provided,BuildwithMaven,Not provided
197,/home/runner/work/javassist/javassist/sample/rmi/AlertDialog.java,-1,1288,-1,Not provided,uses-checkout,Not provided
198,/home/runner/work/javassist/javassist/sample/reflect/Main.java,-1,1274,-1,Not provided,uses-checkout,Not provided
199,/home/runner/work/javassist/javassist/sample/preproc/Assistant.java,-1,1260,-1,Not provided,uses-checkout,Not provided
200,/home/runner/work/javassist/javassist/sample/evolve/CannotCreateException.java,-1,1192,-1,Not provided,uses-checkout,Not provided
201,/home/runner/work/javassist/javassist/sample/duplicate/Ball.java,-1,1174,-1,Not provided,uses-checkout,Not provided
