,file_name,last_access_index,last_modify_index,creation_index,last_access_step,last_modify_step,creation_step
0,/home/runner/work/javassist/javassist/target/javassist-3.29.2-GA.jar,-1,975247,951509,Not provided,BuildwithMaven,BuildwithMaven
1,/home/runner/work/javassist/javassist/target/javassist-3.29.2-GA-sources.jar,-1,981172,976374,Not provided,BuildwithMaven,BuildwithMaven
2,/home/runner/work/javassist/javassist/target/classes/META-INF/MANIFEST.MF,433650,976212,386298,BuildwithMaven,BuildwithMaven,BuildwithMaven
3,/home/runner/work/javassist/javassist/target/runtest/test1/AnnoTest.class,-1,431682,431614,Not provided,BuildwithMaven,BuildwithMaven
4,/home/runner/work/javassist/javassist/target/runtest/test-hibernate.class,-1,431892,431843,Not provided,BuildwithMaven,BuildwithMaven
5,/home/runner/work/javassist/javassist/target/runtest/TooManyConstPoolItems.class,-1,431246,431200,Not provided,BuildwithMaven,BuildwithMaven
6,/home/runner/work/javassist/javassist/target/surefire-reports/TEST-javassist.JvstTest.xml,-1,433000,432993,Not provided,BuildwithMaven,BuildwithMaven
7,/home/runner/work/javassist/javassist/target/maven-status/maven-compiler-plugin/compile/default-compile/createdFiles.lst,-1,7004,7000,Not provided,BuildwithMaven,BuildwithMaven
8,/home/runner/work/javassist/javassist/target/runtest/test3/Clazz67.class,-1,395903,395899,Not provided,BuildwithMaven,BuildwithMaven
9,/home/runner/work/javassist/javassist/target/maven-status/maven-compiler-plugin/compile/default-compile/inputFiles.lst,-1,7010,7006,Not provided,BuildwithMaven,BuildwithMaven
10,/home/runner/work/javassist/javassist/target/runtest/test3/JIRA63.class,-1,396105,396096,Not provided,BuildwithMaven,BuildwithMaven
11,/home/runner/work/javassist/javassist/target/maven-status/maven-compiler-plugin/testCompile/default-testCompile/createdFiles.lst,-1,392860,392856,Not provided,BuildwithMaven,BuildwithMaven
12,/home/runner/work/javassist/javassist/target/maven-status/maven-compiler-plugin/testCompile/default-testCompile/inputFiles.lst,-1,392866,392862,Not provided,BuildwithMaven,BuildwithMaven
13,/home/runner/work/javassist/javassist/tutorial/tutorial.html,-1,3770,3766,Not provided,uses-checkout,uses-checkout
14,/home/runner/work/javassist/javassist/tutorial/tutorial2.html,-1,3776,3772,Not provided,uses-checkout,uses-checkout
15,/home/runner/work/javassist/javassist/License.html,-1,1212,1209,Not provided,uses-checkout,uses-checkout
16,/home/runner/work/javassist/javassist/target/test-classes/test1/GetThrow2.class,-1,390694,390692,Not provided,BuildwithMaven,BuildwithMaven
17,/home/runner/work/javassist/javassist/target/test-classes/javassist/bytecode/StackMapTest$I8d.class,-1,390536,390534,Not provided,BuildwithMaven,BuildwithMaven
18,/home/runner/work/javassist/javassist/target/test-classes/test3/InnerClass.class,-1,390814,390812,Not provided,BuildwithMaven,BuildwithMaven
19,/home/runner/work/javassist/javassist/target/test-classes/VisibleTop2.class,-1,390734,390732,Not provided,BuildwithMaven,BuildwithMaven
20,/home/runner/work/javassist/javassist/target/test-classes/test1/GetThrow1.class,-1,390690,390688,Not provided,BuildwithMaven,BuildwithMaven
21,/home/runner/work/javassist/javassist/target/test-classes/test/javassist/bytecode/analysis/ErrorFinder.class,-1,390600,390598,Not provided,BuildwithMaven,BuildwithMaven
22,/home/runner/work/javassist/javassist/target/test-classes/javassist/bytecode/StackMapTest$T8dd.class,-1,390540,390538,Not provided,BuildwithMaven,BuildwithMaven
23,/home/runner/work/javassist/javassist/target/runtest/test5/NestHost4$InnerClass1$InnerClass5.class,-1,431114,431112,Not provided,BuildwithMaven,BuildwithMaven
24,/home/runner/work/javassist/javassist/target/test-classes/test/javassist/bytecode/analysis/AnalyzerTest$Dummy$A3.class,-1,390670,390668,Not provided,BuildwithMaven,BuildwithMaven
25,/home/runner/work/javassist/javassist/target/test-classes/test/javassist/bytecode/analysis/AnalyzerTest$Dummy$A2.class,-1,390666,390664,Not provided,BuildwithMaven,BuildwithMaven
26,/home/runner/work/javassist/javassist/target/test-classes/test3/NewClass2.class,-1,390642,390640,Not provided,BuildwithMaven,BuildwithMaven
27,/home/runner/work/javassist/javassist/target/test-classes/scoped/jar1/ScopedTestAnnotation.class,-1,390818,390816,Not provided,BuildwithMaven,BuildwithMaven
28,/home/runner/work/javassist/javassist/target/test-classes/test4/GetAllRefInnerTest$2.class,-1,391184,391182,Not provided,BuildwithMaven,BuildwithMaven
29,/home/runner/work/javassist/javassist/target/test-classes/test4/GetAllRefInnerTest$1.class,-1,391180,391178,Not provided,BuildwithMaven,BuildwithMaven
30,/home/runner/work/javassist/javassist/target/test-classes/test4/GetAllRefInnerTest2.class,-1,391176,391174,Not provided,BuildwithMaven,BuildwithMaven
31,/home/runner/work/javassist/javassist/target/test-classes/test4/GetAllRefInnerTest2$1.class,-1,391172,391170,Not provided,BuildwithMaven,BuildwithMaven
32,/home/runner/work/javassist/javassist/target/test-classes/test5/JIRA246.class,-1,391114,391112,Not provided,BuildwithMaven,BuildwithMaven
33,/home/runner/work/javassist/javassist/target/test-classes/scoped/jar1/FullyScopedAnnotationDefaultUsage.class,-1,391268,391266,Not provided,BuildwithMaven,BuildwithMaven
34,/home/runner/work/javassist/javassist/target/test-classes/javassist/ClassPoolBench.class,-1,391312,391310,Not provided,BuildwithMaven,BuildwithMaven
35,/home/runner/work/javassist/javassist/target/test-classes/scoped/UnscopedAnnotationUsage.class,-1,391272,391270,Not provided,BuildwithMaven,BuildwithMaven
36,/home/runner/work/javassist/javassist/target/test-classes/javassist/JvstTest4$Inner1.class,-1,390392,390390,Not provided,BuildwithMaven,BuildwithMaven
37,/home/runner/work/javassist/javassist/target/test-classes/scoped/UnscopedAnnotationDefaultUsage.class,-1,391031,391029,Not provided,BuildwithMaven,BuildwithMaven
38,/home/runner/work/javassist/javassist/target/test-classes/javassist/compiler/CodeTest.class,-1,391007,391005,Not provided,BuildwithMaven,BuildwithMaven
39,/home/runner/work/javassist/javassist/target/test-classes/test1/BenchProceedNew.class,-1,391003,391001,Not provided,BuildwithMaven,BuildwithMaven
40,/home/runner/work/javassist/javassist/target/test-classes/test1/BenchProceedNew3.class,-1,390999,390997,Not provided,BuildwithMaven,BuildwithMaven
41,/home/runner/work/javassist/javassist/target/test-classes/test1/BenchProceedNew2.class,-1,390995,390993,Not provided,BuildwithMaven,BuildwithMaven
42,/home/runner/work/javassist/javassist/target/test-classes/test3/Visible2.class,-1,390963,390961,Not provided,BuildwithMaven,BuildwithMaven
43,/home/runner/work/javassist/javassist/target/test-classes/Readme.txt,-1,387606,387603,Not provided,BuildwithMaven,BuildwithMaven
44,/home/runner/work/javassist/javassist/target/test-classes/test3/NewExprTryCatch2.class,-1,389785,389783,Not provided,BuildwithMaven,BuildwithMaven
45,/home/runner/work/javassist/javassist/target/test-classes/scoped/TestAnnotation.class,-1,390210,390208,Not provided,BuildwithMaven,BuildwithMaven
46,/home/runner/work/javassist/javassist/target/test-classes/test2/ReplaceClassName3.class,-1,390136,390134,Not provided,BuildwithMaven,BuildwithMaven
47,/home/runner/work/javassist/javassist/target/test-classes/test2/ReplaceClassName2.class,-1,390132,390130,Not provided,BuildwithMaven,BuildwithMaven
48,/home/runner/work/javassist/javassist/target/test-classes/test5/InnerClassRemove$C.class,-1,390306,390304,Not provided,BuildwithMaven,BuildwithMaven
49,/home/runner/work/javassist/javassist/target/test-classes/test5/InnerClassRemove$B.class,-1,390302,390300,Not provided,BuildwithMaven,BuildwithMaven
50,/home/runner/work/javassist/javassist/target/test-classes/test5/InnerClassRemove$A.class,-1,390298,390296,Not provided,BuildwithMaven,BuildwithMaven
51,/home/runner/work/javassist/javassist/target/test-classes/test/javassist/bytecode/analysis/DomTreePrinter.class,-1,390250,390248,Not provided,BuildwithMaven,BuildwithMaven
52,/home/runner/work/javassist/javassist/target/test-classes/test2/Nested$Inner2.class,-1,390098,390096,Not provided,BuildwithMaven,BuildwithMaven
53,/home/runner/work/javassist/javassist/target/test-classes/testproxy/Target127.class,-1,389927,389925,Not provided,BuildwithMaven,BuildwithMaven
54,/home/runner/work/javassist/javassist/target/test-classes/testproxy/Target127$RealSub.class,-1,389923,389921,Not provided,BuildwithMaven,BuildwithMaven
55,/home/runner/work/javassist/javassist/target/test-classes/testproxy/Target189.class,-1,390090,390088,Not provided,BuildwithMaven,BuildwithMaven
56,/home/runner/work/javassist/javassist/target/test-classes/test1/BenchProceed.class,-1,390062,390060,Not provided,BuildwithMaven,BuildwithMaven
57,/home/runner/work/javassist/javassist/target/test-classes/test1/BenchProceed2.class,-1,390058,390056,Not provided,BuildwithMaven,BuildwithMaven
58,/home/runner/work/javassist/javassist/target/test-classes/test1/BenchStaticMethod.class,-1,390054,390052,Not provided,BuildwithMaven,BuildwithMaven
59,/home/runner/work/javassist/javassist/target/test-classes/test3/Enhancer.class,-1,390038,390036,Not provided,BuildwithMaven,BuildwithMaven
60,/home/runner/work/javassist/javassist/target/test-classes/test3/Enhancer$Interceptor.class,-1,390034,390032,Not provided,BuildwithMaven,BuildwithMaven
61,/home/runner/work/javassist/javassist/target/test-classes/test3/Enhancer$1.class,-1,390030,390028,Not provided,BuildwithMaven,BuildwithMaven
62,/home/runner/work/javassist/javassist/target/test-classes/test3/EnhanceTest.class,-1,390023,390021,Not provided,BuildwithMaven,BuildwithMaven
63,/home/runner/work/javassist/javassist/target/runtest/test1/MySerializableClass.class,-1,394290,394288,Not provided,BuildwithMaven,BuildwithMaven
64,/home/runner/work/javassist/javassist/target/test-classes/javassist/compiler/LexTest.class,-1,392654,392652,Not provided,BuildwithMaven,BuildwithMaven
65,/home/runner/work/javassist/javassist/target/test-classes/scoped/jar1/ScopedAnnotationUsage.class,-1,392650,392648,Not provided,BuildwithMaven,BuildwithMaven
66,/home/runner/work/javassist/javassist/target/test-classes/test1/Point.class,-1,392630,392628,Not provided,BuildwithMaven,BuildwithMaven
67,/home/runner/work/javassist/javassist/target/test-classes/javassist/HotswapTest$Foo.class,-1,392614,392612,Not provided,BuildwithMaven,BuildwithMaven
68,/home/runner/work/javassist/javassist/target/test-classes/test2/StaticArraysMem.class,-1,392594,392592,Not provided,BuildwithMaven,BuildwithMaven
69,/home/runner/work/javassist/javassist/target/test-classes/test4/ImportPac.class,-1,392444,392442,Not provided,BuildwithMaven,BuildwithMaven
70,/home/runner/work/javassist/javassist/target/test-classes/javassist/tools/reflect/ClassMetaobjectTest.class,-1,392440,392438,Not provided,BuildwithMaven,BuildwithMaven
71,/home/runner/work/javassist/javassist/target/test-classes/javassist/tools/reflect/Person.class,-1,392424,392422,Not provided,BuildwithMaven,BuildwithMaven
72,/home/runner/work/javassist/javassist/target/test-classes/test4/JIRA181$B.class,-1,392402,392400,Not provided,BuildwithMaven,BuildwithMaven
73,/home/runner/work/javassist/javassist/target/test-classes/test4/JIRA181$ICondition.class,-1,392398,392396,Not provided,BuildwithMaven,BuildwithMaven
74,/home/runner/work/javassist/javassist/target/test-classes/scoped/jar1/TestClass1.class,-1,392386,392384,Not provided,BuildwithMaven,BuildwithMaven
75,/home/runner/work/javassist/javassist/target/test-classes/testproxy/sub/TargetSuper.class,-1,392354,392352,Not provided,BuildwithMaven,BuildwithMaven
76,/home/runner/work/javassist/javassist/target/test-classes/test5/NestHost$Bar.class,-1,392518,392516,Not provided,BuildwithMaven,BuildwithMaven
77,/home/runner/work/javassist/javassist/target/runtest/test1/NewInterface.class,-1,394808,394806,Not provided,BuildwithMaven,BuildwithMaven
78,/home/runner/work/javassist/javassist/target/runtest/test1/NewInterface2.class,-1,394812,394810,Not provided,BuildwithMaven,BuildwithMaven
79,/home/runner/work/javassist/javassist/target/runtest/test3/StaticFinalField.class,-1,396032,396030,Not provided,BuildwithMaven,BuildwithMaven
80,/home/runner/work/javassist/javassist/target/runtest/test3/PublicInner$Inner.class,-1,395705,395703,Not provided,BuildwithMaven,BuildwithMaven
81,/home/runner/work/javassist/javassist/target/runtest/test3/PublicInner.class,-1,395701,395699,Not provided,BuildwithMaven,BuildwithMaven
82,/home/runner/work/javassist/javassist/target/runtest/test4/AnnoLoadAnno.class,-1,396333,396331,Not provided,BuildwithMaven,BuildwithMaven
83,/home/runner/work/javassist/javassist/target/runtest/test4/TestDeadcode.class,-1,396478,396476,Not provided,BuildwithMaven,BuildwithMaven
84,/home/runner/work/javassist/javassist/target/runtest/test4/WrittenFile2sub.class,-1,396413,396411,Not provided,BuildwithMaven,BuildwithMaven
85,/home/runner/work/javassist/javassist/target/runtest/test4/AnnoLoad.class,-1,396340,396338,Not provided,BuildwithMaven,BuildwithMaven
86,/home/runner/work/javassist/javassist/target/runtest/test1/SetName3.class,-1,394919,394917,Not provided,BuildwithMaven,BuildwithMaven
87,/home/runner/work/javassist/javassist/target/runtest/test1/SetName2.class,-1,394915,394913,Not provided,BuildwithMaven,BuildwithMaven
88,/home/runner/work/javassist/javassist/target/runtest/test1/Freeze.class,-1,394866,394864,Not provided,BuildwithMaven,BuildwithMaven
89,/home/runner/work/javassist/javassist/target/runtest/test2/Inherit.class,-1,395206,395204,Not provided,BuildwithMaven,BuildwithMaven
90,/home/runner/work/javassist/javassist/target/runtest/test2/NullArgTest.class,-1,395405,395403,Not provided,BuildwithMaven,BuildwithMaven
91,/home/runner/work/javassist/javassist/target/runtest/test2/SuperInterface3.class,-1,395530,395528,Not provided,BuildwithMaven,BuildwithMaven
92,/home/runner/work/javassist/javassist/target/runtest/test2/NewOp.class,-1,395401,395399,Not provided,BuildwithMaven,BuildwithMaven
93,/home/runner/work/javassist/javassist/target/runtest/test2/Inner.class,-1,395216,395214,Not provided,BuildwithMaven,BuildwithMaven
94,/home/runner/work/javassist/javassist/target/runtest/test2/MethodCall.class,-1,395297,395295,Not provided,BuildwithMaven,BuildwithMaven
95,/home/runner/work/javassist/javassist/target/test-classes/javassist/bytecode/CodeAnalyzerTest.class,-1,392334,392332,Not provided,BuildwithMaven,BuildwithMaven
96,/home/runner/work/javassist/javassist/target/test-classes/test4/JIRA220intf.class,-1,391656,391654,Not provided,BuildwithMaven,BuildwithMaven
97,/home/runner/work/javassist/javassist/target/test-classes/test4/NestedClass$S.class,-1,391632,391630,Not provided,BuildwithMaven,BuildwithMaven
98,/home/runner/work/javassist/javassist/target/test-classes/test4/NestedClass$S$S2.class,-1,391628,391626,Not provided,BuildwithMaven,BuildwithMaven
99,/home/runner/work/javassist/javassist/target/test-classes/test4/NestedClass$N.class,-1,391624,391622,Not provided,BuildwithMaven,BuildwithMaven
100,/home/runner/work/javassist/javassist/target/test-classes/test5/NestHost2$Bar.class,-1,391616,391614,Not provided,BuildwithMaven,BuildwithMaven
101,/home/runner/work/javassist/javassist/target/test-classes/test2/Inner2$Child.class,-1,391604,391602,Not provided,BuildwithMaven,BuildwithMaven
102,/home/runner/work/javassist/javassist/target/test-classes/test5/InnerModifier2.class,-1,391592,391590,Not provided,BuildwithMaven,BuildwithMaven
103,/home/runner/work/javassist/javassist/target/test-classes/scoped/ScopedRepositoryTestCase.class,-1,391679,391677,Not provided,BuildwithMaven,BuildwithMaven
104,/home/runner/work/javassist/javassist/target/test-classes/test3/PublicInner2$PS.class,-1,391830,391828,Not provided,BuildwithMaven,BuildwithMaven
105,/home/runner/work/javassist/javassist/target/test-classes/test3/NestedClass$1Local.class,-1,391727,391725,Not provided,BuildwithMaven,BuildwithMaven
106,/home/runner/work/javassist/javassist/target/test-classes/test3/NestedClass$1.class,-1,391723,391721,Not provided,BuildwithMaven,BuildwithMaven
107,/home/runner/work/javassist/javassist/target/test-classes/test3/NestedClass$StaticNested.class,-1,391719,391717,Not provided,BuildwithMaven,BuildwithMaven
108,/home/runner/work/javassist/javassist/target/test-classes/test3/NestedClass$Inner.class,-1,391715,391713,Not provided,BuildwithMaven,BuildwithMaven
109,/home/runner/work/javassist/javassist/target/test-classes/test1/StaticField.class,-1,391508,391506,Not provided,BuildwithMaven,BuildwithMaven
110,/home/runner/work/javassist/javassist/target/test-classes/javassist/Bench.class,-1,391552,391550,Not provided,BuildwithMaven,BuildwithMaven
111,/home/runner/work/javassist/javassist/target/test-classes/javassist/Bench$7.class,-1,391548,391546,Not provided,BuildwithMaven,BuildwithMaven
112,/home/runner/work/javassist/javassist/target/test-classes/javassist/Bench$6.class,-1,391544,391542,Not provided,BuildwithMaven,BuildwithMaven
113,/home/runner/work/javassist/javassist/target/test-classes/javassist/Bench$5.class,-1,391540,391538,Not provided,BuildwithMaven,BuildwithMaven
114,/home/runner/work/javassist/javassist/target/test-classes/javassist/Bench$4.class,-1,391536,391534,Not provided,BuildwithMaven,BuildwithMaven
115,/home/runner/work/javassist/javassist/target/test-classes/javassist/Bench$3.class,-1,391532,391530,Not provided,BuildwithMaven,BuildwithMaven
116,/home/runner/work/javassist/javassist/target/test-classes/javassist/Bench$2.class,-1,391528,391526,Not provided,BuildwithMaven,BuildwithMaven
117,/home/runner/work/javassist/javassist/target/test-classes/javassist/Bench$1.class,-1,391524,391522,Not provided,BuildwithMaven,BuildwithMaven
118,/home/runner/work/javassist/javassist/target/test-classes/scoped/jar1/FullyScopedAnnotationUsage.class,-1,391516,391514,Not provided,BuildwithMaven,BuildwithMaven
119,/home/runner/work/javassist/javassist/target/test-classes/test4/Signature$Foo.class,-1,391870,391868,Not provided,BuildwithMaven,BuildwithMaven
120,/home/runner/work/javassist/javassist/target/test-classes/test5/RemoveAnno2.class,-1,392166,392164,Not provided,BuildwithMaven,BuildwithMaven
121,/home/runner/work/javassist/javassist/target/test-classes/test5/RemoveAnno1.class,-1,392162,392160,Not provided,BuildwithMaven,BuildwithMaven
122,/home/runner/work/javassist/javassist/target/test-classes/test3/PackName2.class,-1,392150,392148,Not provided,BuildwithMaven,BuildwithMaven
123,/home/runner/work/javassist/javassist/target/test-classes/test5/JIRA242.class,-1,392142,392140,Not provided,BuildwithMaven,BuildwithMaven
124,/home/runner/work/javassist/javassist/target/test-classes/test4/GetAllRefAnnoC4.class,-1,392318,392316,Not provided,BuildwithMaven,BuildwithMaven
125,/home/runner/work/javassist/javassist/target/test-classes/test4/GetAllRefAnnoC3.class,-1,392314,392312,Not provided,BuildwithMaven,BuildwithMaven
126,/home/runner/work/javassist/javassist/target/test-classes/test4/GetAllRefAnnoC2.class,-1,392310,392308,Not provided,BuildwithMaven,BuildwithMaven
127,/home/runner/work/javassist/javassist/target/test-classes/test4/GetAllRefAnnoC.class,-1,392306,392304,Not provided,BuildwithMaven,BuildwithMaven
128,/home/runner/work/javassist/javassist/target/test-classes/test4/GetAllRefAnno.class,-1,392302,392300,Not provided,BuildwithMaven,BuildwithMaven
129,/home/runner/work/javassist/javassist/target/test-classes/test4/GetAllRefEnum.class,-1,392298,392296,Not provided,BuildwithMaven,BuildwithMaven
130,/home/runner/work/javassist/javassist/target/test-classes/annotation/Tag.class,-1,392274,392272,Not provided,BuildwithMaven,BuildwithMaven
131,/home/runner/work/javassist/javassist/target/test-classes/annotation/EnumTest.class,-1,392270,392268,Not provided,BuildwithMaven,BuildwithMaven
132,/home/runner/work/javassist/javassist/target/test-classes/annotation/Id.class,-1,392266,392264,Not provided,BuildwithMaven,BuildwithMaven
133,/home/runner/work/javassist/javassist/target/test-classes/Jassist150$1.class,-1,391926,391924,Not provided,BuildwithMaven,BuildwithMaven
134,/home/runner/work/javassist/javassist/target/test-classes/javassist/ConcurrentClassDefinitionTest.class,-1,391946,391944,Not provided,BuildwithMaven,BuildwithMaven
135,/home/runner/work/javassist/javassist/target/test-classes/javassist/ConcurrentClassDefinitionTest$Worker.class,-1,391942,391940,Not provided,BuildwithMaven,BuildwithMaven
136,/home/runner/work/javassist/javassist/target/test-classes/Jassist150.class,-1,391930,391928,Not provided,BuildwithMaven,BuildwithMaven
137,/home/runner/work/javassist/javassist/target/test-classes/Test.class,-1,391882,391880,Not provided,BuildwithMaven,BuildwithMaven
138,/home/runner/work/javassist/javassist/target/test-classes/InvalidStackMapFrame.class,-1,391878,391876,Not provided,BuildwithMaven,BuildwithMaven
139,/home/runner/work/javassist/javassist/target/test-classes/test/javassist/proxy/ProxySimpleTest$Default4.class,-1,392034,392032,Not provided,BuildwithMaven,BuildwithMaven
140,/home/runner/work/javassist/javassist/src/test/javassist/bytecode/Gap0Example.class,-1,2565,2563,Not provided,uses-checkout,uses-checkout
141,/home/runner/work/javassist/javassist/src/test/Readme.txt,-1,2472,2470,Not provided,uses-checkout,uses-checkout
142,/home/runner/work/javassist/javassist/target/runtest/javassist/bytecode/StackMapTest$C6.class,-1,431841,431839,Not provided,BuildwithMaven,BuildwithMaven
143,/home/runner/work/javassist/javassist/target/runtest/test1/LocalVars2.class,-1,431610,431608,Not provided,BuildwithMaven,BuildwithMaven
144,/home/runner/work/javassist/javassist/target/runtest/javassist/bytecode/Gap0Example2.class,-1,432133,432131,Not provided,BuildwithMaven,BuildwithMaven
145,/home/runner/work/javassist/javassist/sample/vector/VectorAssistant.java,-1,1437,1435,Not provided,uses-checkout,uses-checkout
146,/home/runner/work/javassist/javassist/sample/vector/Test.j,-1,1433,1431,Not provided,uses-checkout,uses-checkout
147,/home/runner/work/javassist/javassist/sample/vector/Sample2.java,-1,1429,1427,Not provided,uses-checkout,uses-checkout
148,/home/runner/work/javassist/javassist/target/runtest/reflected/javassist/tools/reflect/SuperClass.class,-1,432174,432172,Not provided,BuildwithMaven,BuildwithMaven
149,/home/runner/work/javassist/javassist/sample/rmi/webdemo.html,-1,1419,1417,Not provided,uses-checkout,uses-checkout
150,/home/runner/work/javassist/javassist/target/runtest/javassist/bytecode/Gap0Example.class,-1,432126,432124,Not provided,BuildwithMaven,BuildwithMaven
151,/home/runner/work/javassist/javassist/sample/rmi/start.html,-1,1415,1413,Not provided,uses-checkout,uses-checkout
152,/home/runner/work/javassist/javassist/sample/rmi/inside.gif,-1,1411,1409,Not provided,uses-checkout,uses-checkout
153,/home/runner/work/javassist/javassist/sample/rmi/Counter.java,-1,1407,1405,Not provided,uses-checkout,uses-checkout
154,/home/runner/work/javassist/javassist/sample/rmi/CountApplet.java,-1,1403,1401,Not provided,uses-checkout,uses-checkout
155,/home/runner/work/javassist/javassist/Changes.md,-1,1203,1201,Not provided,uses-checkout,uses-checkout
156,/home/runner/work/javassist/javassist/.gitignore,-1,1199,1197,Not provided,uses-checkout,uses-checkout
157,/home/runner/work/javassist/javassist/.github/workflows/maven.yml,-1,1191,1189,Not provided,uses-checkout,uses-checkout
158,/home/runner/work/javassist/javassist/Examples.md,-1,1207,1205,Not provided,uses-checkout,uses-checkout
159,/home/runner/work/javassist/javassist/README.md,-1,1216,1214,Not provided,uses-checkout,uses-checkout
160,/home/runner/work/javassist/javassist/build.xml,-1,1220,1218,Not provided,uses-checkout,uses-checkout
161,/home/runner/work/javassist/javassist/sample/evolve/WebPage.java,-1,1332,1330,Not provided,uses-checkout,uses-checkout
162,/home/runner/work/javassist/javassist/sample/reflect/VerboseMetaobj.java,-1,1393,1391,Not provided,uses-checkout,uses-checkout
163,/home/runner/work/javassist/javassist/sample/reflect/Person.java,-1,1389,1387,Not provided,uses-checkout,uses-checkout
164,/home/runner/work/javassist/javassist/sample/preproc/package.html,-1,1379,1377,Not provided,uses-checkout,uses-checkout
165,/home/runner/work/javassist/javassist/sample/preproc/Compiler.java,-1,1375,1373,Not provided,uses-checkout,uses-checkout
166,/home/runner/work/javassist/javassist/target/runtest/testproxy/Target_$$_jvst655_11.class,-1,432403,432401,Not provided,BuildwithMaven,BuildwithMaven
167,/home/runner/work/javassist/javassist/sample/hotswap/Test.java,-1,1361,1359,Not provided,uses-checkout,uses-checkout
168,/home/runner/work/javassist/javassist/target/runtest/proxy/test/javassist/proxy/ProxySimpleTest$Foo_$$_jvst655_2733.class,-1,432664,432662,Not provided,BuildwithMaven,BuildwithMaven
169,/home/runner/work/javassist/javassist/sample/evolve/update.html,-1,1351,1349,Not provided,uses-checkout,uses-checkout
170,/home/runner/work/javassist/javassist/sample/evolve/start.html,-1,1347,1345,Not provided,uses-checkout,uses-checkout
171,/home/runner/work/javassist/javassist/target/runtest/proxy/test/javassist/proxy/ProxySimpleTest$PubProxy_$$_jvst655_2734.class,-1,432676,432674,Not provided,BuildwithMaven,BuildwithMaven
172,/home/runner/work/javassist/javassist/sample/evolve/demo.html,-1,1336,1334,Not provided,uses-checkout,uses-checkout
173,/home/runner/work/javassist/javassist/sample/evolve/VersionManager.java,-1,1328,1326,Not provided,uses-checkout,uses-checkout
174,/home/runner/work/javassist/javassist/sample/evolve/Sample.java,-1,1324,1322,Not provided,uses-checkout,uses-checkout
175,/home/runner/work/javassist/javassist/sample/evolve/Evolution.java,-1,1320,1318,Not provided,uses-checkout,uses-checkout
176,/home/runner/work/javassist/javassist/sample/evolve/DemoServer.java,-1,1316,1314,Not provided,uses-checkout,uses-checkout
177,/home/runner/work/javassist/javassist/sample/evolve/DemoLoader.java,-1,1312,1310,Not provided,uses-checkout,uses-checkout
178,/home/runner/work/javassist/javassist/sample/evolve/CannotUpdateException.java,-1,1308,1306,Not provided,uses-checkout,uses-checkout
179,/home/runner/work/javassist/javassist/target/runtest/proxy/test/javassist/proxy/ProxySimpleTest$Default2_$$_jvst655_273b.class,-1,432815,432813,Not provided,BuildwithMaven,BuildwithMaven
180,/home/runner/work/javassist/javassist/sample/duplicate/Viewer.java,-1,1298,1296,Not provided,uses-checkout,uses-checkout
181,/home/runner/work/javassist/javassist/sample/duplicate/Main.java,-1,1294,1292,Not provided,uses-checkout,uses-checkout
182,/home/runner/work/javassist/javassist/sample/duplicate/DuplicatedObject.java,-1,1290,1288,Not provided,uses-checkout,uses-checkout
183,/home/runner/work/javassist/javassist/target/runtest/proxy/javassist/util/proxy/test_javassist_proxy_ProxySimpleTest$PubProxy2_$$_jvst655_273c.class,-1,432839,432837,Not provided,BuildwithMaven,BuildwithMaven
184,/home/runner/work/javassist/javassist/target/runtest/proxy/test/javassist/proxy/ProxySimpleTest$Default3_$$_jvst655_273d.class,-1,432850,432848,Not provided,BuildwithMaven,BuildwithMaven
185,/home/runner/work/javassist/javassist/target/runtest/javassist/bytecode/StackMapTest$T8d.class,-1,432087,432085,Not provided,BuildwithMaven,BuildwithMaven
186,/home/runner/work/javassist/javassist/target/runtest/test5/InnerModifier$NonStatic.class,-1,431580,431578,Not provided,BuildwithMaven,BuildwithMaven
187,/home/runner/work/javassist/javassist/tutorial/tutorial3.html,-1,3780,3778,Not provided,uses-checkout,uses-checkout
188,/home/runner/work/javassist/javassist/target/runtest/test5/InnerModifier$Static.class,-1,431587,431585,Not provided,BuildwithMaven,BuildwithMaven
189,/home/runner/work/javassist/javassist/target/runtest/test5/InnerModifier.class,-1,431591,431589,Not provided,BuildwithMaven,BuildwithMaven
190,/home/runner/work/javassist/javassist/target/surefire-reports/javassist.JvstTest.txt,-1,432991,-1,Not provided,BuildwithMaven,Not provided
191,/home/runner/work/javassist/javassist/target/runtest/testproxy/BridgeMethod_$$_jvst655_7.class,-1,432275,-1,Not provided,BuildwithMaven,Not provided
192,/home/runner/work/javassist/javassist/sample/evolve/CannotCreateException.java,-1,1304,-1,Not provided,uses-checkout,Not provided
193,/home/runner/work/javassist/javassist/sample/Test.java,-1,1280,-1,Not provided,uses-checkout,Not provided
194,/home/runner/work/javassist/javassist/sample/duplicate/Ball.java,-1,1286,-1,Not provided,uses-checkout,Not provided
195,/home/runner/work/javassist/javassist/sample/evolve/sample/evolve/WebPage.java,-1,1341,-1,Not provided,uses-checkout,Not provided
196,/home/runner/work/javassist/javassist/sample/hotswap/HelloWorld.java,-1,1357,-1,Not provided,uses-checkout,Not provided
197,/home/runner/work/javassist/javassist/sample/preproc/Assistant.java,-1,1371,-1,Not provided,uses-checkout,Not provided
198,/home/runner/work/javassist/javassist/sample/reflect/Main.java,-1,1385,-1,Not provided,uses-checkout,Not provided
199,/home/runner/work/javassist/javassist/sample/rmi/AlertDialog.java,-1,1399,-1,Not provided,uses-checkout,Not provided
200,/home/runner/work/javassist/javassist/sample/vector/Sample.java,-1,1425,-1,Not provided,uses-checkout,Not provided
201,/home/runner/work/javassist/javassist/target/test-classes/test1/RenameClass2.class,-1,389815,-1,Not provided,BuildwithMaven,Not provided
202,/home/runner/work/javassist/javassist/target/test-classes/test/javassist/bytecode/analysis/ScannerTest.class,-1,389781,-1,Not provided,BuildwithMaven,Not provided
203,/home/runner/work/javassist/javassist/target/test-classes/javassist/compiler/ParseTest.class,-1,389999,-1,Not provided,BuildwithMaven,Not provided
204,/home/runner/work/javassist/javassist/target/test-classes/test/javassist/convert/InstrumentationTarget$Itr.class,-1,390124,-1,Not provided,BuildwithMaven,Not provided
205,/home/runner/work/javassist/javassist/target/test-classes/scoped/jar1/ScopedAnnotationDefaultUsage.class,-1,390206,-1,Not provided,BuildwithMaven,Not provided
