,file_name,last_access_index,last_modify_index,creation_index,last_access_step,last_modify_step,creation_step
0,/home/runner/work/javassist/javassist/target/javassist-3.29.2-GA.jar,-1,997147,978186,Not provided,BuildwithMaven,BuildwithMaven
1,/home/runner/work/javassist/javassist/target/javassist-3.29.2-GA-sources.jar,-1,1006210,998326,Not provided,BuildwithMaven,BuildwithMaven
2,/home/runner/work/javassist/javassist/target/classes/META-INF/MANIFEST.MF,435738,998164,372796,BuildwithMaven,BuildwithMaven,BuildwithMaven
3,/home/runner/work/javassist/javassist/target/runtest/test1/AnnoTest.class,-1,433800,433665,Not provided,BuildwithMaven,BuildwithMaven
4,/home/runner/work/javassist/javassist/target/runtest/test-hibernate.class,-1,434013,433962,Not provided,BuildwithMaven,BuildwithMaven
5,/home/runner/work/javassist/javassist/target/runtest/TooManyConstPoolItems.class,-1,433293,433267,Not provided,BuildwithMaven,BuildwithMaven
6,/home/runner/work/javassist/javassist/target/surefire-reports/TEST-javassist.JvstTest.xml,-1,435088,-1,Not provided,BuildwithMaven,Not provided
7,/home/runner/work/javassist/javassist/tutorial/tutorial.html,-1,3755,3751,Not provided,uses-checkout,uses-checkout
8,/home/runner/work/javassist/javassist/target/maven-status/maven-compiler-plugin/compile/default-compile/inputFiles.lst,-1,6980,6976,Not provided,BuildwithMaven,BuildwithMaven
9,/home/runner/work/javassist/javassist/target/maven-status/maven-compiler-plugin/testCompile/default-testCompile/inputFiles.lst,-1,379504,379500,Not provided,BuildwithMaven,BuildwithMaven
10,/home/runner/work/javassist/javassist/target/maven-status/maven-compiler-plugin/testCompile/default-testCompile/createdFiles.lst,-1,379498,379494,Not provided,BuildwithMaven,BuildwithMaven
11,/home/runner/work/javassist/javassist/tutorial/tutorial2.html,-1,3761,3757,Not provided,uses-checkout,uses-checkout
12,/home/runner/work/javassist/javassist/target/runtest/test3/JIRA63.class,-1,382943,382934,Not provided,BuildwithMaven,BuildwithMaven
13,/home/runner/work/javassist/javassist/target/maven-status/maven-compiler-plugin/compile/default-compile/createdFiles.lst,-1,6974,6971,Not provided,BuildwithMaven,BuildwithMaven
14,/home/runner/work/javassist/javassist/License.html,-1,1202,1199,Not provided,uses-checkout,uses-checkout
15,/home/runner/work/javassist/javassist/target/test-classes/test3/NewClass2.class,-1,377278,377276,Not provided,BuildwithMaven,BuildwithMaven
16,/home/runner/work/javassist/javassist/target/test-classes/test3/InnerClass.class,-1,377450,377448,Not provided,BuildwithMaven,BuildwithMaven
17,/home/runner/work/javassist/javassist/target/test-classes/VisibleTop2.class,-1,377370,377368,Not provided,BuildwithMaven,BuildwithMaven
18,/home/runner/work/javassist/javassist/target/test-classes/scoped/jar1/ScopedTestAnnotation.class,-1,377454,377452,Not provided,BuildwithMaven,BuildwithMaven
19,/home/runner/work/javassist/javassist/target/test-classes/javassist/bytecode/StackMapTest$T8dd.class,-1,377176,377174,Not provided,BuildwithMaven,BuildwithMaven
20,/home/runner/work/javassist/javassist/target/test-classes/javassist/bytecode/StackMapTest$I8d.class,-1,377172,377170,Not provided,BuildwithMaven,BuildwithMaven
21,/home/runner/work/javassist/javassist/target/test-classes/test1/GetThrow2.class,-1,377330,377328,Not provided,BuildwithMaven,BuildwithMaven
22,/home/runner/work/javassist/javassist/target/test-classes/test1/GetThrow1.class,-1,377326,377324,Not provided,BuildwithMaven,BuildwithMaven
23,/home/runner/work/javassist/javassist/target/test-classes/test/javassist/bytecode/analysis/AnalyzerTest$Dummy$A3.class,-1,377298,377296,Not provided,BuildwithMaven,BuildwithMaven
24,/home/runner/work/javassist/javassist/target/test-classes/test/javassist/bytecode/analysis/AnalyzerTest$Dummy$A2.class,-1,377294,377292,Not provided,BuildwithMaven,BuildwithMaven
25,/home/runner/work/javassist/javassist/target/test-classes/test5/InnerClassRemove$C.class,-1,376930,376928,Not provided,BuildwithMaven,BuildwithMaven
26,/home/runner/work/javassist/javassist/target/test-classes/test5/InnerClassRemove$B.class,-1,376926,376924,Not provided,BuildwithMaven,BuildwithMaven
27,/home/runner/work/javassist/javassist/target/test-classes/test5/InnerClassRemove$A.class,-1,376922,376920,Not provided,BuildwithMaven,BuildwithMaven
28,/home/runner/work/javassist/javassist/target/test-classes/test/javassist/bytecode/analysis/ErrorFinder.class,-1,377236,377234,Not provided,BuildwithMaven,BuildwithMaven
29,/home/runner/work/javassist/javassist/target/test-classes/javassist/ClassPoolBench.class,-1,377930,377928,Not provided,BuildwithMaven,BuildwithMaven
30,/home/runner/work/javassist/javassist/target/test-classes/test3/Visible2.class,-1,377599,377597,Not provided,BuildwithMaven,BuildwithMaven
31,/home/runner/work/javassist/javassist/target/test-classes/scoped/jar1/FullyScopedAnnotationDefaultUsage.class,-1,377910,377908,Not provided,BuildwithMaven,BuildwithMaven
32,/home/runner/work/javassist/javassist/target/test-classes/scoped/UnscopedAnnotationUsage.class,-1,377906,377904,Not provided,BuildwithMaven,BuildwithMaven
33,/home/runner/work/javassist/javassist/target/test-classes/test1/BenchProceedNew2.class,-1,377627,377625,Not provided,BuildwithMaven,BuildwithMaven
34,/home/runner/work/javassist/javassist/target/test-classes/scoped/UnscopedAnnotationDefaultUsage.class,-1,377667,377665,Not provided,BuildwithMaven,BuildwithMaven
35,/home/runner/work/javassist/javassist/target/test-classes/test1/BenchProceedNew.class,-1,377635,377633,Not provided,BuildwithMaven,BuildwithMaven
36,/home/runner/work/javassist/javassist/target/test-classes/test1/BenchProceedNew3.class,-1,377631,377629,Not provided,BuildwithMaven,BuildwithMaven
37,/home/runner/work/javassist/javassist/target/test-classes/test5/JIRA246.class,-1,377750,377748,Not provided,BuildwithMaven,BuildwithMaven
38,/home/runner/work/javassist/javassist/target/test-classes/javassist/compiler/CodeTest.class,-1,377643,377641,Not provided,BuildwithMaven,BuildwithMaven
39,/home/runner/work/javassist/javassist/target/test-classes/Readme.txt,-1,374212,374209,Not provided,BuildwithMaven,BuildwithMaven
40,/home/runner/work/javassist/javassist/target/test-classes/test3/NewExprTryCatch2.class,-1,376407,376405,Not provided,BuildwithMaven,BuildwithMaven
41,/home/runner/work/javassist/javassist/target/test-classes/test3/Enhancer$Interceptor.class,-1,376658,376656,Not provided,BuildwithMaven,BuildwithMaven
42,/home/runner/work/javassist/javassist/target/test-classes/test3/Enhancer$1.class,-1,376654,376652,Not provided,BuildwithMaven,BuildwithMaven
43,/home/runner/work/javassist/javassist/target/test-classes/test3/EnhanceTest.class,-1,376647,376645,Not provided,BuildwithMaven,BuildwithMaven
44,/home/runner/work/javassist/javassist/target/test-classes/test1/BenchProceed.class,-1,376686,376684,Not provided,BuildwithMaven,BuildwithMaven
45,/home/runner/work/javassist/javassist/target/test-classes/test1/BenchProceed2.class,-1,376682,376680,Not provided,BuildwithMaven,BuildwithMaven
46,/home/runner/work/javassist/javassist/target/test-classes/test1/BenchStaticMethod.class,-1,376678,376676,Not provided,BuildwithMaven,BuildwithMaven
47,/home/runner/work/javassist/javassist/target/test-classes/test/javassist/bytecode/analysis/DomTreePrinter.class,-1,376862,376860,Not provided,BuildwithMaven,BuildwithMaven
48,/home/runner/work/javassist/javassist/target/test-classes/scoped/TestAnnotation.class,-1,376826,376824,Not provided,BuildwithMaven,BuildwithMaven
49,/home/runner/work/javassist/javassist/target/test-classes/test3/Enhancer.class,-1,376662,376660,Not provided,BuildwithMaven,BuildwithMaven
50,/home/runner/work/javassist/javassist/target/test-classes/test2/Nested$Inner2.class,-1,376722,376720,Not provided,BuildwithMaven,BuildwithMaven
51,/home/runner/work/javassist/javassist/target/test-classes/testproxy/Target189.class,-1,376714,376712,Not provided,BuildwithMaven,BuildwithMaven
52,/home/runner/work/javassist/javassist/target/test-classes/javassist/JvstTest4$Inner1.class,-1,377016,377014,Not provided,BuildwithMaven,BuildwithMaven
53,/home/runner/work/javassist/javassist/target/test-classes/testproxy/Target127.class,-1,376535,376533,Not provided,BuildwithMaven,BuildwithMaven
54,/home/runner/work/javassist/javassist/target/test-classes/testproxy/Target127$RealSub.class,-1,376531,376529,Not provided,BuildwithMaven,BuildwithMaven
55,/home/runner/work/javassist/javassist/target/runtest/test4/AnnoLoad.class,-1,383171,383169,Not provided,BuildwithMaven,BuildwithMaven
56,/home/runner/work/javassist/javassist/target/runtest/test4/AnnoLoadAnno.class,-1,383164,383162,Not provided,BuildwithMaven,BuildwithMaven
57,/home/runner/work/javassist/javassist/target/runtest/test3/Clazz67.class,-1,382742,382740,Not provided,BuildwithMaven,BuildwithMaven
58,/home/runner/work/javassist/javassist/target/runtest/test3/StaticFinalField.class,-1,382870,382868,Not provided,BuildwithMaven,BuildwithMaven
59,/home/runner/work/javassist/javassist/target/test-classes/test2/ReplaceClassName3.class,-1,376760,376758,Not provided,BuildwithMaven,BuildwithMaven
60,/home/runner/work/javassist/javassist/target/runtest/test3/PublicInner$Inner.class,-1,382545,382543,Not provided,BuildwithMaven,BuildwithMaven
61,/home/runner/work/javassist/javassist/target/runtest/test3/PublicInner.class,-1,382541,382539,Not provided,BuildwithMaven,BuildwithMaven
62,/home/runner/work/javassist/javassist/target/test-classes/test2/ReplaceClassName2.class,-1,376756,376754,Not provided,BuildwithMaven,BuildwithMaven
63,/home/runner/work/javassist/javassist/target/test-classes/javassist/tools/reflect/ClassMetaobjectTest.class,-1,379078,379076,Not provided,BuildwithMaven,BuildwithMaven
64,/home/runner/work/javassist/javassist/target/test-classes/javassist/compiler/LexTest.class,-1,379292,379290,Not provided,BuildwithMaven,BuildwithMaven
65,/home/runner/work/javassist/javassist/target/test-classes/scoped/jar1/ScopedAnnotationUsage.class,-1,379288,379286,Not provided,BuildwithMaven,BuildwithMaven
66,/home/runner/work/javassist/javassist/target/test-classes/test1/Point.class,-1,379276,379274,Not provided,BuildwithMaven,BuildwithMaven
67,/home/runner/work/javassist/javassist/target/test-classes/test4/ImportPac.class,-1,379082,379080,Not provided,BuildwithMaven,BuildwithMaven
68,/home/runner/work/javassist/javassist/target/test-classes/test2/StaticArraysMem.class,-1,379232,379230,Not provided,BuildwithMaven,BuildwithMaven
69,/home/runner/work/javassist/javassist/target/test-classes/test5/RemoveAnno2.class,-1,378804,378802,Not provided,BuildwithMaven,BuildwithMaven
70,/home/runner/work/javassist/javassist/target/test-classes/test5/RemoveAnno1.class,-1,378800,378798,Not provided,BuildwithMaven,BuildwithMaven
71,/home/runner/work/javassist/javassist/target/test-classes/javassist/tools/reflect/Person.class,-1,379062,379060,Not provided,BuildwithMaven,BuildwithMaven
72,/home/runner/work/javassist/javassist/target/test-classes/test4/JIRA181$B.class,-1,379048,379046,Not provided,BuildwithMaven,BuildwithMaven
73,/home/runner/work/javassist/javassist/target/test-classes/test4/JIRA181$ICondition.class,-1,379044,379042,Not provided,BuildwithMaven,BuildwithMaven
74,/home/runner/work/javassist/javassist/target/test-classes/javassist/HotswapTest$Foo.class,-1,379252,379250,Not provided,BuildwithMaven,BuildwithMaven
75,/home/runner/work/javassist/javassist/target/test-classes/test4/GetAllRefAnnoC4.class,-1,378956,378954,Not provided,BuildwithMaven,BuildwithMaven
76,/home/runner/work/javassist/javassist/target/test-classes/test4/GetAllRefAnnoC3.class,-1,378952,378950,Not provided,BuildwithMaven,BuildwithMaven
77,/home/runner/work/javassist/javassist/target/test-classes/test4/GetAllRefAnnoC2.class,-1,378948,378946,Not provided,BuildwithMaven,BuildwithMaven
78,/home/runner/work/javassist/javassist/target/test-classes/test4/GetAllRefAnnoC.class,-1,378944,378942,Not provided,BuildwithMaven,BuildwithMaven
79,/home/runner/work/javassist/javassist/target/test-classes/test4/GetAllRefEnum.class,-1,378936,378934,Not provided,BuildwithMaven,BuildwithMaven
80,/home/runner/work/javassist/javassist/target/test-classes/test5/NestHost$Bar.class,-1,379176,379174,Not provided,BuildwithMaven,BuildwithMaven
81,/home/runner/work/javassist/javassist/target/test-classes/test4/GetAllRefAnno.class,-1,378940,378938,Not provided,BuildwithMaven,BuildwithMaven
82,/home/runner/work/javassist/javassist/sample/reflect/Person.java,-1,1375,1373,Not provided,uses-checkout,uses-checkout
83,/home/runner/work/javassist/javassist/.github/workflows/maven.yml,-1,1181,1179,Not provided,uses-checkout,uses-checkout
84,/home/runner/work/javassist/javassist/target/runtest/javassist/bytecode/StackMapTest$C6.class,-1,433960,433958,Not provided,BuildwithMaven,BuildwithMaven
85,/home/runner/work/javassist/javassist/build.xml,-1,1210,1208,Not provided,uses-checkout,uses-checkout
86,/home/runner/work/javassist/javassist/README.md,-1,1206,1204,Not provided,uses-checkout,uses-checkout
87,/home/runner/work/javassist/javassist/Examples.md,-1,1197,1195,Not provided,uses-checkout,uses-checkout
88,/home/runner/work/javassist/javassist/Changes.md,-1,1193,1191,Not provided,uses-checkout,uses-checkout
89,/home/runner/work/javassist/javassist/sample/rmi/CountApplet.java,-1,1389,1387,Not provided,uses-checkout,uses-checkout
90,/home/runner/work/javassist/javassist/sample/reflect/VerboseMetaobj.java,-1,1379,1377,Not provided,uses-checkout,uses-checkout
91,/home/runner/work/javassist/javassist/sample/preproc/package.html,-1,1365,1363,Not provided,uses-checkout,uses-checkout
92,/home/runner/work/javassist/javassist/sample/preproc/Compiler.java,-1,1361,1359,Not provided,uses-checkout,uses-checkout
93,/home/runner/work/javassist/javassist/sample/hotswap/Test.java,-1,1347,1345,Not provided,uses-checkout,uses-checkout
94,/home/runner/work/javassist/javassist/sample/vector/Sample2.java,-1,1415,1413,Not provided,uses-checkout,uses-checkout
95,/home/runner/work/javassist/javassist/sample/rmi/webdemo.html,-1,1405,1403,Not provided,uses-checkout,uses-checkout
96,/home/runner/work/javassist/javassist/sample/rmi/start.html,-1,1401,1399,Not provided,uses-checkout,uses-checkout
97,/home/runner/work/javassist/javassist/sample/rmi/inside.gif,-1,1397,1395,Not provided,uses-checkout,uses-checkout
98,/home/runner/work/javassist/javassist/sample/rmi/Counter.java,-1,1393,1391,Not provided,uses-checkout,uses-checkout
99,/home/runner/work/javassist/javassist/sample/evolve/WebPage.java,-1,1321,1319,Not provided,uses-checkout,uses-checkout
100,/home/runner/work/javassist/javassist/sample/evolve/VersionManager.java,-1,1317,1315,Not provided,uses-checkout,uses-checkout
101,/home/runner/work/javassist/javassist/sample/evolve/Sample.java,-1,1313,1311,Not provided,uses-checkout,uses-checkout
102,/home/runner/work/javassist/javassist/sample/evolve/Evolution.java,-1,1309,1307,Not provided,uses-checkout,uses-checkout
103,/home/runner/work/javassist/javassist/sample/evolve/DemoServer.java,-1,1305,1303,Not provided,uses-checkout,uses-checkout
104,/home/runner/work/javassist/javassist/target/runtest/test1/MySerializableClass.class,-1,381098,381096,Not provided,BuildwithMaven,BuildwithMaven
105,/home/runner/work/javassist/javassist/target/runtest/test2/Inner.class,-1,382060,382058,Not provided,BuildwithMaven,BuildwithMaven
106,/home/runner/work/javassist/javassist/target/runtest/test2/Inherit.class,-1,382050,382048,Not provided,BuildwithMaven,BuildwithMaven
107,/home/runner/work/javassist/javassist/target/runtest/test1/NewInterface.class,-1,381664,381662,Not provided,BuildwithMaven,BuildwithMaven
108,/home/runner/work/javassist/javassist/target/runtest/test1/SetName3.class,-1,381765,381763,Not provided,BuildwithMaven,BuildwithMaven
109,/home/runner/work/javassist/javassist/target/runtest/test1/SetName2.class,-1,381761,381759,Not provided,BuildwithMaven,BuildwithMaven
110,/home/runner/work/javassist/javassist/target/runtest/test1/Freeze.class,-1,381712,381710,Not provided,BuildwithMaven,BuildwithMaven
111,/home/runner/work/javassist/javassist/target/runtest/test1/NewInterface2.class,-1,381668,381666,Not provided,BuildwithMaven,BuildwithMaven
112,/home/runner/work/javassist/javassist/target/runtest/test2/NullArgTest.class,-1,382249,382247,Not provided,BuildwithMaven,BuildwithMaven
113,/home/runner/work/javassist/javassist/target/runtest/test2/NewOp.class,-1,382245,382243,Not provided,BuildwithMaven,BuildwithMaven
114,/home/runner/work/javassist/javassist/target/runtest/test2/SuperInterface3.class,-1,382374,382372,Not provided,BuildwithMaven,BuildwithMaven
115,/home/runner/work/javassist/javassist/target/test-classes/test3/NestedClass$1Local.class,-1,378365,378363,Not provided,BuildwithMaven,BuildwithMaven
116,/home/runner/work/javassist/javassist/target/test-classes/scoped/ScopedRepositoryTestCase.class,-1,378317,378315,Not provided,BuildwithMaven,BuildwithMaven
117,/home/runner/work/javassist/javassist/target/test-classes/test4/JIRA220intf.class,-1,378294,378292,Not provided,BuildwithMaven,BuildwithMaven
118,/home/runner/work/javassist/javassist/target/test-classes/test4/NestedClass$S.class,-1,378274,378272,Not provided,BuildwithMaven,BuildwithMaven
119,/home/runner/work/javassist/javassist/target/test-classes/test4/NestedClass$S$S2.class,-1,378270,378268,Not provided,BuildwithMaven,BuildwithMaven
120,/home/runner/work/javassist/javassist/target/test-classes/test4/NestedClass$N.class,-1,378266,378264,Not provided,BuildwithMaven,BuildwithMaven
121,/home/runner/work/javassist/javassist/target/test-classes/test4/Signature$Foo.class,-1,378516,378514,Not provided,BuildwithMaven,BuildwithMaven
122,/home/runner/work/javassist/javassist/target/test-classes/Test.class,-1,378512,378510,Not provided,BuildwithMaven,BuildwithMaven
123,/home/runner/work/javassist/javassist/target/test-classes/InvalidStackMapFrame.class,-1,378508,378506,Not provided,BuildwithMaven,BuildwithMaven
124,/home/runner/work/javassist/javassist/target/test-classes/test3/PublicInner2$PS.class,-1,378468,378466,Not provided,BuildwithMaven,BuildwithMaven
125,/home/runner/work/javassist/javassist/target/test-classes/javassist/Bench$2.class,-1,378166,378164,Not provided,BuildwithMaven,BuildwithMaven
126,/home/runner/work/javassist/javassist/target/test-classes/test4/GetAllRefInnerTest$1.class,-1,377832,377830,Not provided,BuildwithMaven,BuildwithMaven
127,/home/runner/work/javassist/javassist/target/test-classes/test4/GetAllRefInnerTest2.class,-1,377828,377826,Not provided,BuildwithMaven,BuildwithMaven
128,/home/runner/work/javassist/javassist/target/test-classes/test4/GetAllRefInnerTest2$1.class,-1,377824,377822,Not provided,BuildwithMaven,BuildwithMaven
129,/home/runner/work/javassist/javassist/target/test-classes/test5/NestHost2$Bar.class,-1,378254,378252,Not provided,BuildwithMaven,BuildwithMaven
130,/home/runner/work/javassist/javassist/target/test-classes/test4/GetAllRefInnerTest$2.class,-1,377836,377834,Not provided,BuildwithMaven,BuildwithMaven
131,/home/runner/work/javassist/javassist/target/test-classes/test2/Inner2$Child.class,-1,378242,378240,Not provided,BuildwithMaven,BuildwithMaven
132,/home/runner/work/javassist/javassist/target/test-classes/javassist/Bench.class,-1,378190,378188,Not provided,BuildwithMaven,BuildwithMaven
133,/home/runner/work/javassist/javassist/target/test-classes/javassist/Bench$7.class,-1,378186,378184,Not provided,BuildwithMaven,BuildwithMaven
134,/home/runner/work/javassist/javassist/target/test-classes/javassist/Bench$6.class,-1,378182,378180,Not provided,BuildwithMaven,BuildwithMaven
135,/home/runner/work/javassist/javassist/target/test-classes/javassist/Bench$5.class,-1,378178,378176,Not provided,BuildwithMaven,BuildwithMaven
136,/home/runner/work/javassist/javassist/target/test-classes/javassist/Bench$4.class,-1,378174,378172,Not provided,BuildwithMaven,BuildwithMaven
137,/home/runner/work/javassist/javassist/target/test-classes/javassist/Bench$3.class,-1,378170,378168,Not provided,BuildwithMaven,BuildwithMaven
138,/home/runner/work/javassist/javassist/target/test-classes/javassist/Bench$1.class,-1,378162,378160,Not provided,BuildwithMaven,BuildwithMaven
139,/home/runner/work/javassist/javassist/target/test-classes/scoped/jar1/FullyScopedAnnotationUsage.class,-1,378154,378152,Not provided,BuildwithMaven,BuildwithMaven
140,/home/runner/work/javassist/javassist/target/test-classes/test1/StaticField.class,-1,378146,378144,Not provided,BuildwithMaven,BuildwithMaven
141,/home/runner/work/javassist/javassist/target/test-classes/annotation/EnumTest.class,-1,378908,378906,Not provided,BuildwithMaven,BuildwithMaven
142,/home/runner/work/javassist/javassist/target/test-classes/annotation/Id.class,-1,378904,378902,Not provided,BuildwithMaven,BuildwithMaven
143,/home/runner/work/javassist/javassist/target/test-classes/Jassist150.class,-1,378556,378554,Not provided,BuildwithMaven,BuildwithMaven
144,/home/runner/work/javassist/javassist/target/test-classes/Jassist150$1.class,-1,378552,378550,Not provided,BuildwithMaven,BuildwithMaven
145,/home/runner/work/javassist/javassist/target/test-classes/test3/PackName2.class,-1,378788,378786,Not provided,BuildwithMaven,BuildwithMaven
146,/home/runner/work/javassist/javassist/target/test-classes/scoped/jar1/TestClass1.class,-1,379024,379022,Not provided,BuildwithMaven,BuildwithMaven
147,/home/runner/work/javassist/javassist/target/test-classes/testproxy/sub/TargetSuper.class,-1,378992,378990,Not provided,BuildwithMaven,BuildwithMaven
148,/home/runner/work/javassist/javassist/target/test-classes/javassist/bytecode/CodeAnalyzerTest.class,-1,378972,378970,Not provided,BuildwithMaven,BuildwithMaven
149,/home/runner/work/javassist/javassist/target/test-classes/annotation/Tag.class,-1,378912,378910,Not provided,BuildwithMaven,BuildwithMaven
150,/home/runner/work/javassist/javassist/target/test-classes/test/javassist/proxy/ProxySimpleTest$Default4.class,-1,378672,378670,Not provided,BuildwithMaven,BuildwithMaven
151,/home/runner/work/javassist/javassist/target/test-classes/javassist/ConcurrentClassDefinitionTest.class,-1,378584,378582,Not provided,BuildwithMaven,BuildwithMaven
152,/home/runner/work/javassist/javassist/target/test-classes/javassist/ConcurrentClassDefinitionTest$Worker.class,-1,378580,378578,Not provided,BuildwithMaven,BuildwithMaven
153,/home/runner/work/javassist/javassist/target/test-classes/test5/InnerModifier2.class,-1,378230,378228,Not provided,BuildwithMaven,BuildwithMaven
154,/home/runner/work/javassist/javassist/target/test-classes/test5/JIRA242.class,-1,378780,378778,Not provided,BuildwithMaven,BuildwithMaven
155,/home/runner/work/javassist/javassist/target/test-classes/test3/NestedClass$1.class,-1,378361,378359,Not provided,BuildwithMaven,BuildwithMaven
156,/home/runner/work/javassist/javassist/target/test-classes/test3/NestedClass$StaticNested.class,-1,378357,378355,Not provided,BuildwithMaven,BuildwithMaven
157,/home/runner/work/javassist/javassist/target/test-classes/test3/NestedClass$Inner.class,-1,378353,378351,Not provided,BuildwithMaven,BuildwithMaven
158,/home/runner/work/javassist/javassist/target/runtest/test5/NestHost4$InnerClass1$InnerClass5.class,-1,433181,433179,Not provided,BuildwithMaven,BuildwithMaven
159,/home/runner/work/javassist/javassist/src/test/javassist/bytecode/Gap0Example.class,-1,2551,2549,Not provided,uses-checkout,uses-checkout
160,/home/runner/work/javassist/javassist/src/test/Readme.txt,-1,2458,2456,Not provided,uses-checkout,uses-checkout
161,/home/runner/work/javassist/javassist/target/runtest/test4/WrittenFile2sub.class,-1,383231,383229,Not provided,BuildwithMaven,BuildwithMaven
162,/home/runner/work/javassist/javassist/target/runtest/test4/TestDeadcode.class,-1,383284,383282,Not provided,BuildwithMaven,BuildwithMaven
163,/home/runner/work/javassist/javassist/sample/evolve/CannotUpdateException.java,-1,1297,1295,Not provided,uses-checkout,uses-checkout
164,/home/runner/work/javassist/javassist/sample/duplicate/Viewer.java,-1,1287,1285,Not provided,uses-checkout,uses-checkout
165,/home/runner/work/javassist/javassist/sample/duplicate/Main.java,-1,1283,1281,Not provided,uses-checkout,uses-checkout
166,/home/runner/work/javassist/javassist/sample/evolve/update.html,-1,1337,1335,Not provided,uses-checkout,uses-checkout
167,/home/runner/work/javassist/javassist/sample/evolve/start.html,-1,1333,1331,Not provided,uses-checkout,uses-checkout
168,/home/runner/work/javassist/javassist/sample/evolve/DemoLoader.java,-1,1301,1299,Not provided,uses-checkout,uses-checkout
169,/home/runner/work/javassist/javassist/sample/duplicate/DuplicatedObject.java,-1,1279,1277,Not provided,uses-checkout,uses-checkout
170,/home/runner/work/javassist/javassist/sample/vector/VectorAssistant.java,-1,1423,1421,Not provided,uses-checkout,uses-checkout
171,/home/runner/work/javassist/javassist/sample/vector/Test.j,-1,1419,1417,Not provided,uses-checkout,uses-checkout
172,/home/runner/work/javassist/javassist/.gitignore,-1,1189,1187,Not provided,uses-checkout,uses-checkout
173,/home/runner/work/javassist/javassist/target/runtest/testproxy/Target_$$_jvst655_11.class,-1,434568,434566,Not provided,BuildwithMaven,BuildwithMaven
174,/home/runner/work/javassist/javassist/target/runtest/test1/LocalVars2.class,-1,433661,433659,Not provided,BuildwithMaven,BuildwithMaven
175,/home/runner/work/javassist/javassist/target/runtest/test5/InnerModifier.class,-1,433641,433639,Not provided,BuildwithMaven,BuildwithMaven
176,/home/runner/work/javassist/javassist/target/runtest/test5/InnerModifier$Static.class,-1,433637,433635,Not provided,BuildwithMaven,BuildwithMaven
177,/home/runner/work/javassist/javassist/target/runtest/test5/InnerModifier$NonStatic.class,-1,433630,433628,Not provided,BuildwithMaven,BuildwithMaven
178,/home/runner/work/javassist/javassist/sample/evolve/demo.html,-1,1325,1323,Not provided,uses-checkout,uses-checkout
179,/home/runner/work/javassist/javassist/target/runtest/test2/MethodCall.class,-1,382141,382139,Not provided,BuildwithMaven,BuildwithMaven
180,/home/runner/work/javassist/javassist/target/runtest/javassist/bytecode/StackMapTest$T8d.class,-1,434208,434206,Not provided,BuildwithMaven,BuildwithMaven
181,/home/runner/work/javassist/javassist/target/runtest/proxy/test/javassist/proxy/ProxySimpleTest$Default3_$$_jvst655_273d.class,-1,434952,434950,Not provided,BuildwithMaven,BuildwithMaven
182,/home/runner/work/javassist/javassist/target/runtest/proxy/test/javassist/proxy/ProxySimpleTest$Default2_$$_jvst655_273b.class,-1,434929,434927,Not provided,BuildwithMaven,BuildwithMaven
183,/home/runner/work/javassist/javassist/target/runtest/proxy/test/javassist/proxy/ProxySimpleTest$PubProxy_$$_jvst655_2734.class,-1,434819,434817,Not provided,BuildwithMaven,BuildwithMaven
184,/home/runner/work/javassist/javassist/target/runtest/testproxy/BridgeMethod_$$_jvst655_7.class,-1,434413,434411,Not provided,BuildwithMaven,BuildwithMaven
185,/home/runner/work/javassist/javassist/target/runtest/reflected/javassist/tools/reflect/SuperClass.class,-1,434298,434296,Not provided,BuildwithMaven,BuildwithMaven
186,/home/runner/work/javassist/javassist/target/runtest/javassist/bytecode/Gap0Example2.class,-1,434254,434252,Not provided,BuildwithMaven,BuildwithMaven
187,/home/runner/work/javassist/javassist/target/runtest/javassist/bytecode/Gap0Example.class,-1,434247,434245,Not provided,BuildwithMaven,BuildwithMaven
188,/home/runner/work/javassist/javassist/tutorial/tutorial3.html,-1,3765,3763,Not provided,uses-checkout,uses-checkout
189,/home/runner/work/javassist/javassist/target/test-classes/scoped/jar1/ScopedAnnotationDefaultUsage.class,-1,376822,-1,Not provided,BuildwithMaven,Not provided
190,/home/runner/work/javassist/javassist/target/test-classes/test/javassist/convert/InstrumentationTarget$Itr.class,-1,376748,-1,Not provided,BuildwithMaven,Not provided
191,/home/runner/work/javassist/javassist/target/test-classes/javassist/compiler/ParseTest.class,-1,376623,-1,Not provided,BuildwithMaven,Not provided
192,/home/runner/work/javassist/javassist/target/test-classes/test/javassist/bytecode/analysis/ScannerTest.class,-1,376403,-1,Not provided,BuildwithMaven,Not provided
193,/home/runner/work/javassist/javassist/target/test-classes/test1/RenameClass2.class,-1,376421,-1,Not provided,BuildwithMaven,Not provided
194,/home/runner/work/javassist/javassist/sample/evolve/CannotCreateException.java,-1,1293,-1,Not provided,uses-checkout,Not provided
195,/home/runner/work/javassist/javassist/sample/hotswap/HelloWorld.java,-1,1343,-1,Not provided,uses-checkout,Not provided
196,/home/runner/work/javassist/javassist/sample/preproc/Assistant.java,-1,1357,-1,Not provided,uses-checkout,Not provided
197,/home/runner/work/javassist/javassist/sample/reflect/Main.java,-1,1371,-1,Not provided,uses-checkout,Not provided
198,/home/runner/work/javassist/javassist/sample/rmi/AlertDialog.java,-1,1385,-1,Not provided,uses-checkout,Not provided
199,/home/runner/work/javassist/javassist/sample/vector/Sample.java,-1,1411,-1,Not provided,uses-checkout,Not provided
200,/home/runner/work/javassist/javassist/target/runtest/proxy/test/javassist/proxy/ProxySimpleTest$Foo_$$_jvst655_2733.class,-1,434809,-1,Not provided,BuildwithMaven,Not provided
201,/home/runner/work/javassist/javassist/target/runtest/proxy/javassist/util/proxy/test_javassist_proxy_ProxySimpleTest$PubProxy2_$$_jvst655_273c.class,-1,434941,-1,Not provided,BuildwithMaven,Not provided
