,file_name,last_access_index,last_modify_index,creation_index,last_access_step,last_modify_step,creation_step
0,/home/runner/work/javassist/javassist/target/javassist-3.29.2-GA.jar,-1,1009742,991489,Not provided,BuildwithMaven,BuildwithMaven
1,/home/runner/work/javassist/javassist/target/javassist-3.29.2-GA-sources.jar,-1,1016205,1009788,Not provided,BuildwithMaven,BuildwithMaven
2,/home/runner/work/javassist/javassist/target/classes/META-INF/MANIFEST.MF,443580,1009758,-1,BuildwithMaven,BuildwithMaven,Not provided
3,/home/runner/work/javassist/javassist/target/runtest/test1/AnnoTest.class,-1,441982,441911,Not provided,BuildwithMaven,BuildwithMaven
4,/home/runner/work/javassist/javassist/target/runtest/test-hibernate.class,-1,442192,442143,Not provided,BuildwithMaven,BuildwithMaven
5,/home/runner/work/javassist/javassist/target/runtest/TooManyConstPoolItems.class,-1,441540,441494,Not provided,BuildwithMaven,BuildwithMaven
6,/home/runner/work/javassist/javassist/target/surefire-reports/TEST-javassist.JvstTest.xml,-1,443194,443187,Not provided,BuildwithMaven,BuildwithMaven
7,/home/runner/work/javassist/javassist/target/maven-status/maven-compiler-plugin/testCompile/default-testCompile/createdFiles.lst,-1,386542,386538,Not provided,BuildwithMaven,BuildwithMaven
8,/home/runner/work/javassist/javassist/target/maven-status/maven-compiler-plugin/compile/default-compile/inputFiles.lst,-1,4738,4734,Not provided,BuildwithMaven,BuildwithMaven
9,/home/runner/work/javassist/javassist/target/runtest/test3/JIRA63.class,-1,390101,390092,Not provided,BuildwithMaven,BuildwithMaven
10,/home/runner/work/javassist/javassist/target/maven-status/maven-compiler-plugin/compile/default-compile/createdFiles.lst,-1,4732,4728,Not provided,BuildwithMaven,BuildwithMaven
11,/home/runner/work/javassist/javassist/target/maven-status/maven-compiler-plugin/testCompile/default-testCompile/inputFiles.lst,-1,386548,386544,Not provided,BuildwithMaven,BuildwithMaven
12,/home/runner/work/javassist/javassist/target/runtest/test3/Clazz67.class,-1,389903,389899,Not provided,BuildwithMaven,BuildwithMaven
13,/home/runner/work/javassist/javassist/target/test-classes/scoped/UnscopedAnnotationDefaultUsage.class,-1,384709,384707,Not provided,BuildwithMaven,BuildwithMaven
14,/home/runner/work/javassist/javassist/target/test-classes/test5/JIRA246.class,-1,384792,384790,Not provided,BuildwithMaven,BuildwithMaven
15,/home/runner/work/javassist/javassist/target/test-classes/javassist/compiler/CodeTest.class,-1,384685,384683,Not provided,BuildwithMaven,BuildwithMaven
16,/home/runner/work/javassist/javassist/target/test-classes/scoped/jar1/ScopedTestAnnotation.class,-1,384496,384494,Not provided,BuildwithMaven,BuildwithMaven
17,/home/runner/work/javassist/javassist/target/test-classes/test3/InnerClass.class,-1,384492,384490,Not provided,BuildwithMaven,BuildwithMaven
18,/home/runner/work/javassist/javassist/target/test-classes/test1/BenchProceedNew.class,-1,384677,384675,Not provided,BuildwithMaven,BuildwithMaven
19,/home/runner/work/javassist/javassist/target/test-classes/test1/BenchProceedNew3.class,-1,384673,384671,Not provided,BuildwithMaven,BuildwithMaven
20,/home/runner/work/javassist/javassist/target/test-classes/test1/BenchProceedNew2.class,-1,384669,384667,Not provided,BuildwithMaven,BuildwithMaven
21,/home/runner/work/javassist/javassist/target/test-classes/test3/Visible2.class,-1,384641,384639,Not provided,BuildwithMaven,BuildwithMaven
22,/home/runner/work/javassist/javassist/target/test-classes/test4/GetAllRefInnerTest2$1.class,-1,384866,384864,Not provided,BuildwithMaven,BuildwithMaven
23,/home/runner/work/javassist/javassist/target/test-classes/test4/GetAllRefInnerTest2.class,-1,384870,384868,Not provided,BuildwithMaven,BuildwithMaven
24,/home/runner/work/javassist/javassist/target/test-classes/test5/InnerModifier2.class,-1,385274,385272,Not provided,BuildwithMaven,BuildwithMaven
25,/home/runner/work/javassist/javassist/target/test-classes/javassist/Bench.class,-1,385234,385232,Not provided,BuildwithMaven,BuildwithMaven
26,/home/runner/work/javassist/javassist/target/test-classes/test1/StaticField.class,-1,385190,385188,Not provided,BuildwithMaven,BuildwithMaven
27,/home/runner/work/javassist/javassist/target/test-classes/javassist/Bench$7.class,-1,385230,385228,Not provided,BuildwithMaven,BuildwithMaven
28,/home/runner/work/javassist/javassist/target/test-classes/javassist/Bench$6.class,-1,385226,385224,Not provided,BuildwithMaven,BuildwithMaven
29,/home/runner/work/javassist/javassist/target/test-classes/javassist/Bench$5.class,-1,385222,385220,Not provided,BuildwithMaven,BuildwithMaven
30,/home/runner/work/javassist/javassist/target/test-classes/javassist/Bench$4.class,-1,385218,385216,Not provided,BuildwithMaven,BuildwithMaven
31,/home/runner/work/javassist/javassist/target/test-classes/javassist/Bench$3.class,-1,385214,385212,Not provided,BuildwithMaven,BuildwithMaven
32,/home/runner/work/javassist/javassist/target/test-classes/javassist/Bench$2.class,-1,385210,385208,Not provided,BuildwithMaven,BuildwithMaven
33,/home/runner/work/javassist/javassist/target/test-classes/javassist/Bench$1.class,-1,385206,385204,Not provided,BuildwithMaven,BuildwithMaven
34,/home/runner/work/javassist/javassist/target/test-classes/scoped/jar1/FullyScopedAnnotationUsage.class,-1,385198,385196,Not provided,BuildwithMaven,BuildwithMaven
35,/home/runner/work/javassist/javassist/target/test-classes/scoped/jar1/FullyScopedAnnotationDefaultUsage.class,-1,384952,384950,Not provided,BuildwithMaven,BuildwithMaven
36,/home/runner/work/javassist/javassist/target/test-classes/scoped/UnscopedAnnotationUsage.class,-1,384948,384946,Not provided,BuildwithMaven,BuildwithMaven
37,/home/runner/work/javassist/javassist/target/test-classes/test4/GetAllRefInnerTest$2.class,-1,384878,384876,Not provided,BuildwithMaven,BuildwithMaven
38,/home/runner/work/javassist/javassist/target/test-classes/test4/GetAllRefInnerTest$1.class,-1,384874,384872,Not provided,BuildwithMaven,BuildwithMaven
39,/home/runner/work/javassist/javassist/target/test-classes/javassist/ClassPoolBench.class,-1,384972,384970,Not provided,BuildwithMaven,BuildwithMaven
40,/home/runner/work/javassist/javassist/target/test-classes/test1/GetThrow2.class,-1,384372,384370,Not provided,BuildwithMaven,BuildwithMaven
41,/home/runner/work/javassist/javassist/target/test-classes/scoped/TestAnnotation.class,-1,383868,383866,Not provided,BuildwithMaven,BuildwithMaven
42,/home/runner/work/javassist/javassist/target/test-classes/test2/ReplaceClassName3.class,-1,383802,383800,Not provided,BuildwithMaven,BuildwithMaven
43,/home/runner/work/javassist/javassist/target/test-classes/test2/ReplaceClassName2.class,-1,383798,383796,Not provided,BuildwithMaven,BuildwithMaven
44,/home/runner/work/javassist/javassist/target/test-classes/test/javassist/bytecode/analysis/DomTreePrinter.class,-1,383904,383902,Not provided,BuildwithMaven,BuildwithMaven
45,/home/runner/work/javassist/javassist/target/test-classes/test2/Nested$Inner2.class,-1,383764,383762,Not provided,BuildwithMaven,BuildwithMaven
46,/home/runner/work/javassist/javassist/target/test-classes/testproxy/Target127.class,-1,383577,383575,Not provided,BuildwithMaven,BuildwithMaven
47,/home/runner/work/javassist/javassist/target/test-classes/testproxy/Target127$RealSub.class,-1,383573,383571,Not provided,BuildwithMaven,BuildwithMaven
48,/home/runner/work/javassist/javassist/target/runtest/test5/InnerModifier$Static.class,-1,441884,441882,Not provided,BuildwithMaven,BuildwithMaven
49,/home/runner/work/javassist/javassist/target/runtest/test5/InnerModifier$NonStatic.class,-1,441877,441875,Not provided,BuildwithMaven,BuildwithMaven
50,/home/runner/work/javassist/javassist/target/test-classes/testproxy/Target189.class,-1,383756,383754,Not provided,BuildwithMaven,BuildwithMaven
51,/home/runner/work/javassist/javassist/target/test-classes/test1/BenchProceed.class,-1,383728,383726,Not provided,BuildwithMaven,BuildwithMaven
52,/home/runner/work/javassist/javassist/target/test-classes/test1/BenchProceed2.class,-1,383724,383722,Not provided,BuildwithMaven,BuildwithMaven
53,/home/runner/work/javassist/javassist/target/test-classes/test1/BenchStaticMethod.class,-1,383720,383718,Not provided,BuildwithMaven,BuildwithMaven
54,/home/runner/work/javassist/javassist/target/test-classes/test3/Enhancer.class,-1,383704,383702,Not provided,BuildwithMaven,BuildwithMaven
55,/home/runner/work/javassist/javassist/target/test-classes/test3/Enhancer$Interceptor.class,-1,383700,383698,Not provided,BuildwithMaven,BuildwithMaven
56,/home/runner/work/javassist/javassist/target/test-classes/test3/Enhancer$1.class,-1,383696,383694,Not provided,BuildwithMaven,BuildwithMaven
57,/home/runner/work/javassist/javassist/target/test-classes/test3/EnhanceTest.class,-1,383689,383687,Not provided,BuildwithMaven,BuildwithMaven
58,/home/runner/work/javassist/javassist/target/test-classes/test5/InnerClassRemove$A.class,-1,383964,383962,Not provided,BuildwithMaven,BuildwithMaven
59,/home/runner/work/javassist/javassist/target/test-classes/test5/InnerClassRemove$B.class,-1,383968,383966,Not provided,BuildwithMaven,BuildwithMaven
60,/home/runner/work/javassist/javassist/target/test-classes/test5/InnerClassRemove$C.class,-1,383972,383970,Not provided,BuildwithMaven,BuildwithMaven
61,/home/runner/work/javassist/javassist/target/test-classes/test/javassist/bytecode/analysis/AnalyzerTest$Dummy$A3.class,-1,384340,384338,Not provided,BuildwithMaven,BuildwithMaven
62,/home/runner/work/javassist/javassist/target/test-classes/test3/NewClass2.class,-1,384320,384318,Not provided,BuildwithMaven,BuildwithMaven
63,/home/runner/work/javassist/javassist/target/test-classes/test/javassist/bytecode/analysis/ErrorFinder.class,-1,384278,384276,Not provided,BuildwithMaven,BuildwithMaven
64,/home/runner/work/javassist/javassist/target/test-classes/test/javassist/bytecode/analysis/AnalyzerTest$Dummy$A2.class,-1,384336,384334,Not provided,BuildwithMaven,BuildwithMaven
65,/home/runner/work/javassist/javassist/target/test-classes/VisibleTop2.class,-1,384412,384410,Not provided,BuildwithMaven,BuildwithMaven
66,/home/runner/work/javassist/javassist/target/test-classes/test2/Inner2$Child.class,-1,385286,385284,Not provided,BuildwithMaven,BuildwithMaven
67,/home/runner/work/javassist/javassist/target/test-classes/test1/GetThrow1.class,-1,384368,384366,Not provided,BuildwithMaven,BuildwithMaven
68,/home/runner/work/javassist/javassist/target/test-classes/javassist/JvstTest4$Inner1.class,-1,384058,384056,Not provided,BuildwithMaven,BuildwithMaven
69,/home/runner/work/javassist/javassist/target/test-classes/javassist/bytecode/StackMapTest$T8dd.class,-1,384218,384216,Not provided,BuildwithMaven,BuildwithMaven
70,/home/runner/work/javassist/javassist/target/test-classes/javassist/bytecode/StackMapTest$I8d.class,-1,384214,384212,Not provided,BuildwithMaven,BuildwithMaven
71,/home/runner/work/javassist/javassist/target/runtest/test1/NewInterface2.class,-1,388816,388814,Not provided,BuildwithMaven,BuildwithMaven
72,/home/runner/work/javassist/javassist/target/runtest/test1/NewInterface.class,-1,388812,388810,Not provided,BuildwithMaven,BuildwithMaven
73,/home/runner/work/javassist/javassist/target/runtest/test2/Inherit.class,-1,389206,389204,Not provided,BuildwithMaven,BuildwithMaven
74,/home/runner/work/javassist/javassist/target/runtest/test1/Freeze.class,-1,388870,388868,Not provided,BuildwithMaven,BuildwithMaven
75,/home/runner/work/javassist/javassist/target/runtest/test1/SetName2.class,-1,388919,388917,Not provided,BuildwithMaven,BuildwithMaven
76,/home/runner/work/javassist/javassist/target/runtest/test1/SetName3.class,-1,388923,388921,Not provided,BuildwithMaven,BuildwithMaven
77,/home/runner/work/javassist/javassist/target/test-classes/test2/StaticArraysMem.class,-1,386276,386274,Not provided,BuildwithMaven,BuildwithMaven
78,/home/runner/work/javassist/javassist/target/test-classes/test5/NestHost$Bar.class,-1,386220,386218,Not provided,BuildwithMaven,BuildwithMaven
79,/home/runner/work/javassist/javassist/target/test-classes/javassist/HotswapTest$Foo.class,-1,386296,386294,Not provided,BuildwithMaven,BuildwithMaven
80,/home/runner/work/javassist/javassist/target/runtest/test1/MySerializableClass.class,-1,388246,388244,Not provided,BuildwithMaven,BuildwithMaven
81,/home/runner/work/javassist/javassist/target/test-classes/javassist/compiler/LexTest.class,-1,386336,386334,Not provided,BuildwithMaven,BuildwithMaven
82,/home/runner/work/javassist/javassist/target/test-classes/scoped/jar1/ScopedAnnotationUsage.class,-1,386332,386330,Not provided,BuildwithMaven,BuildwithMaven
83,/home/runner/work/javassist/javassist/target/test-classes/test1/Point.class,-1,386320,386318,Not provided,BuildwithMaven,BuildwithMaven
84,/home/runner/work/javassist/javassist/target/runtest/test2/Inner.class,-1,389216,389214,Not provided,BuildwithMaven,BuildwithMaven
85,/home/runner/work/javassist/javassist/target/runtest/test4/TestDeadcode.class,-1,390442,390440,Not provided,BuildwithMaven,BuildwithMaven
86,/home/runner/work/javassist/javassist/target/runtest/test4/WrittenFile2sub.class,-1,390388,390386,Not provided,BuildwithMaven,BuildwithMaven
87,/home/runner/work/javassist/javassist/target/runtest/test4/AnnoLoad.class,-1,390328,390326,Not provided,BuildwithMaven,BuildwithMaven
88,/home/runner/work/javassist/javassist/target/runtest/test4/AnnoLoadAnno.class,-1,390321,390319,Not provided,BuildwithMaven,BuildwithMaven
89,/home/runner/work/javassist/javassist/target/runtest/test5/NestHost4$InnerClass1$InnerClass5.class,-1,441408,441406,Not provided,BuildwithMaven,BuildwithMaven
90,/home/runner/work/javassist/javassist/target/runtest/test2/SuperInterface3.class,-1,389528,389526,Not provided,BuildwithMaven,BuildwithMaven
91,/home/runner/work/javassist/javassist/target/runtest/test2/NullArgTest.class,-1,389403,389401,Not provided,BuildwithMaven,BuildwithMaven
92,/home/runner/work/javassist/javassist/target/runtest/test2/NewOp.class,-1,389399,389397,Not provided,BuildwithMaven,BuildwithMaven
93,/home/runner/work/javassist/javassist/target/runtest/test2/MethodCall.class,-1,389296,389294,Not provided,BuildwithMaven,BuildwithMaven
94,/home/runner/work/javassist/javassist/target/runtest/test3/StaticFinalField.class,-1,390031,390029,Not provided,BuildwithMaven,BuildwithMaven
95,/home/runner/work/javassist/javassist/target/runtest/test3/PublicInner$Inner.class,-1,389702,389700,Not provided,BuildwithMaven,BuildwithMaven
96,/home/runner/work/javassist/javassist/target/runtest/test3/PublicInner.class,-1,389698,389696,Not provided,BuildwithMaven,BuildwithMaven
97,/home/runner/work/javassist/javassist/target/test-classes/javassist/ConcurrentClassDefinitionTest.class,-1,385628,385626,Not provided,BuildwithMaven,BuildwithMaven
98,/home/runner/work/javassist/javassist/target/test-classes/javassist/ConcurrentClassDefinitionTest$Worker.class,-1,385624,385622,Not provided,BuildwithMaven,BuildwithMaven
99,/home/runner/work/javassist/javassist/target/test-classes/Jassist150.class,-1,385600,385598,Not provided,BuildwithMaven,BuildwithMaven
100,/home/runner/work/javassist/javassist/target/test-classes/Jassist150$1.class,-1,385596,385594,Not provided,BuildwithMaven,BuildwithMaven
101,/home/runner/work/javassist/javassist/target/test-classes/test/javassist/proxy/ProxySimpleTest$Default4.class,-1,385716,385714,Not provided,BuildwithMaven,BuildwithMaven
102,/home/runner/work/javassist/javassist/target/test-classes/scoped/ScopedRepositoryTestCase.class,-1,385361,385359,Not provided,BuildwithMaven,BuildwithMaven
103,/home/runner/work/javassist/javassist/target/test-classes/test4/JIRA220intf.class,-1,385338,385336,Not provided,BuildwithMaven,BuildwithMaven
104,/home/runner/work/javassist/javassist/target/test-classes/test4/NestedClass$S.class,-1,385318,385316,Not provided,BuildwithMaven,BuildwithMaven
105,/home/runner/work/javassist/javassist/target/test-classes/test4/NestedClass$S$S2.class,-1,385314,385312,Not provided,BuildwithMaven,BuildwithMaven
106,/home/runner/work/javassist/javassist/target/test-classes/test4/NestedClass$N.class,-1,385310,385308,Not provided,BuildwithMaven,BuildwithMaven
107,/home/runner/work/javassist/javassist/target/test-classes/test5/NestHost2$Bar.class,-1,385298,385296,Not provided,BuildwithMaven,BuildwithMaven
108,/home/runner/work/javassist/javassist/target/test-classes/test4/Signature$Foo.class,-1,385560,385558,Not provided,BuildwithMaven,BuildwithMaven
109,/home/runner/work/javassist/javassist/target/test-classes/test3/NestedClass$Inner.class,-1,385397,385395,Not provided,BuildwithMaven,BuildwithMaven
110,/home/runner/work/javassist/javassist/target/test-classes/Test.class,-1,385556,385554,Not provided,BuildwithMaven,BuildwithMaven
111,/home/runner/work/javassist/javassist/target/test-classes/InvalidStackMapFrame.class,-1,385552,385550,Not provided,BuildwithMaven,BuildwithMaven
112,/home/runner/work/javassist/javassist/target/test-classes/test3/PublicInner2$PS.class,-1,385512,385510,Not provided,BuildwithMaven,BuildwithMaven
113,/home/runner/work/javassist/javassist/target/test-classes/test3/NestedClass$1Local.class,-1,385409,385407,Not provided,BuildwithMaven,BuildwithMaven
114,/home/runner/work/javassist/javassist/target/test-classes/test3/NestedClass$1.class,-1,385405,385403,Not provided,BuildwithMaven,BuildwithMaven
115,/home/runner/work/javassist/javassist/target/test-classes/test3/NestedClass$StaticNested.class,-1,385401,385399,Not provided,BuildwithMaven,BuildwithMaven
116,/home/runner/work/javassist/javassist/target/test-classes/test4/JIRA181$ICondition.class,-1,386088,386086,Not provided,BuildwithMaven,BuildwithMaven
117,/home/runner/work/javassist/javassist/target/test-classes/scoped/jar1/TestClass1.class,-1,386068,386066,Not provided,BuildwithMaven,BuildwithMaven
118,/home/runner/work/javassist/javassist/target/test-classes/testproxy/sub/TargetSuper.class,-1,386036,386034,Not provided,BuildwithMaven,BuildwithMaven
119,/home/runner/work/javassist/javassist/target/test-classes/javassist/bytecode/CodeAnalyzerTest.class,-1,386016,386014,Not provided,BuildwithMaven,BuildwithMaven
120,/home/runner/work/javassist/javassist/target/test-classes/test4/GetAllRefAnnoC4.class,-1,386000,385998,Not provided,BuildwithMaven,BuildwithMaven
121,/home/runner/work/javassist/javassist/target/test-classes/test4/GetAllRefAnnoC3.class,-1,385996,385994,Not provided,BuildwithMaven,BuildwithMaven
122,/home/runner/work/javassist/javassist/target/test-classes/test4/JIRA181$B.class,-1,386092,386090,Not provided,BuildwithMaven,BuildwithMaven
123,/home/runner/work/javassist/javassist/target/test-classes/test4/GetAllRefAnnoC.class,-1,385988,385986,Not provided,BuildwithMaven,BuildwithMaven
124,/home/runner/work/javassist/javassist/target/test-classes/test4/ImportPac.class,-1,386126,386124,Not provided,BuildwithMaven,BuildwithMaven
125,/home/runner/work/javassist/javassist/target/test-classes/javassist/tools/reflect/ClassMetaobjectTest.class,-1,386122,386120,Not provided,BuildwithMaven,BuildwithMaven
126,/home/runner/work/javassist/javassist/target/test-classes/javassist/tools/reflect/Person.class,-1,386106,386104,Not provided,BuildwithMaven,BuildwithMaven
127,/home/runner/work/javassist/javassist/target/test-classes/test4/GetAllRefAnnoC2.class,-1,385992,385990,Not provided,BuildwithMaven,BuildwithMaven
128,/home/runner/work/javassist/javassist/target/test-classes/test4/GetAllRefAnno.class,-1,385984,385982,Not provided,BuildwithMaven,BuildwithMaven
129,/home/runner/work/javassist/javassist/target/test-classes/test5/RemoveAnno2.class,-1,385848,385846,Not provided,BuildwithMaven,BuildwithMaven
130,/home/runner/work/javassist/javassist/target/test-classes/test5/RemoveAnno1.class,-1,385844,385842,Not provided,BuildwithMaven,BuildwithMaven
131,/home/runner/work/javassist/javassist/target/test-classes/test3/PackName2.class,-1,385832,385830,Not provided,BuildwithMaven,BuildwithMaven
132,/home/runner/work/javassist/javassist/target/test-classes/test5/JIRA242.class,-1,385824,385822,Not provided,BuildwithMaven,BuildwithMaven
133,/home/runner/work/javassist/javassist/target/test-classes/test4/GetAllRefEnum.class,-1,385980,385978,Not provided,BuildwithMaven,BuildwithMaven
134,/home/runner/work/javassist/javassist/target/test-classes/annotation/Tag.class,-1,385956,385954,Not provided,BuildwithMaven,BuildwithMaven
135,/home/runner/work/javassist/javassist/target/test-classes/annotation/EnumTest.class,-1,385952,385950,Not provided,BuildwithMaven,BuildwithMaven
136,/home/runner/work/javassist/javassist/target/test-classes/annotation/Id.class,-1,385948,385946,Not provided,BuildwithMaven,BuildwithMaven
137,/home/runner/work/javassist/javassist/target/runtest/test5/InnerModifier.class,-1,441888,441886,Not provided,BuildwithMaven,BuildwithMaven
138,/home/runner/work/javassist/javassist/target/runtest/reflected/javassist/tools/reflect/SuperClass.class,-1,442475,442473,Not provided,BuildwithMaven,BuildwithMaven
139,/home/runner/work/javassist/javassist/sample/reflect/Person.java,-1,1308,1306,Not provided,uses-checkout,uses-checkout
140,/home/runner/work/javassist/javassist/src/test/Readme.txt,-1,1369,1367,Not provided,uses-checkout,uses-checkout
141,/home/runner/work/javassist/javassist/sample/vector/VectorAssistant.java,-1,1356,1354,Not provided,uses-checkout,uses-checkout
142,/home/runner/work/javassist/javassist/sample/vector/Test.j,-1,1352,1350,Not provided,uses-checkout,uses-checkout
143,/home/runner/work/javassist/javassist/sample/vector/Sample2.java,-1,1348,1346,Not provided,uses-checkout,uses-checkout
144,/home/runner/work/javassist/javassist/sample/rmi/webdemo.html,-1,1338,1336,Not provided,uses-checkout,uses-checkout
145,/home/runner/work/javassist/javassist/sample/rmi/start.html,-1,1334,1332,Not provided,uses-checkout,uses-checkout
146,/home/runner/work/javassist/javassist/sample/rmi/inside.gif,-1,1330,1328,Not provided,uses-checkout,uses-checkout
147,/home/runner/work/javassist/javassist/sample/rmi/Counter.java,-1,1326,1324,Not provided,uses-checkout,uses-checkout
148,/home/runner/work/javassist/javassist/sample/rmi/CountApplet.java,-1,1322,1320,Not provided,uses-checkout,uses-checkout
149,/home/runner/work/javassist/javassist/target/runtest/testproxy/Target_$$_jvst6c6_11.class,-1,442700,442698,Not provided,BuildwithMaven,BuildwithMaven
150,/home/runner/work/javassist/javassist/src/test/javassist/bytecode/Gap0Example.class,-1,1461,1459,Not provided,uses-checkout,uses-checkout
151,/home/runner/work/javassist/javassist/target/runtest/javassist/bytecode/Gap0Example2.class,-1,442433,442431,Not provided,BuildwithMaven,BuildwithMaven
152,/home/runner/work/javassist/javassist/target/runtest/javassist/bytecode/StackMapTest$T8d.class,-1,442387,442385,Not provided,BuildwithMaven,BuildwithMaven
153,/home/runner/work/javassist/javassist/target/runtest/javassist/bytecode/Gap0Example.class,-1,442426,442424,Not provided,BuildwithMaven,BuildwithMaven
154,/home/runner/work/javassist/javassist/sample/reflect/VerboseMetaobj.java,-1,1312,1310,Not provided,uses-checkout,uses-checkout
155,/home/runner/work/javassist/javassist/sample/preproc/package.html,-1,1298,1296,Not provided,uses-checkout,uses-checkout
156,/home/runner/work/javassist/javassist/target/runtest/proxy/test/javassist/proxy/ProxySimpleTest$Default3_$$_jvst6c6_273d.class,-1,443051,443049,Not provided,BuildwithMaven,BuildwithMaven
157,/home/runner/work/javassist/javassist/sample/preproc/Compiler.java,-1,1294,1292,Not provided,uses-checkout,uses-checkout
158,/home/runner/work/javassist/javassist/.github/workflows/maven.yml,-1,1115,1113,Not provided,uses-checkout,uses-checkout
159,/home/runner/work/javassist/javassist/.gitignore,-1,1123,1121,Not provided,uses-checkout,uses-checkout
160,/home/runner/work/javassist/javassist/Changes.md,-1,1127,1125,Not provided,uses-checkout,uses-checkout
161,/home/runner/work/javassist/javassist/target/runtest/proxy/test/javassist/proxy/ProxySimpleTest$PubProxy_$$_jvst6c6_2734.class,-1,442948,442946,Not provided,BuildwithMaven,BuildwithMaven
162,/home/runner/work/javassist/javassist/sample/hotswap/Test.java,-1,1280,1278,Not provided,uses-checkout,uses-checkout
163,/home/runner/work/javassist/javassist/sample/evolve/update.html,-1,1272,1270,Not provided,uses-checkout,uses-checkout
164,/home/runner/work/javassist/javassist/sample/evolve/start.html,-1,1268,1266,Not provided,uses-checkout,uses-checkout
165,/home/runner/work/javassist/javassist/sample/evolve/demo.html,-1,1260,1258,Not provided,uses-checkout,uses-checkout
166,/home/runner/work/javassist/javassist/sample/evolve/WebPage.java,-1,1256,1254,Not provided,uses-checkout,uses-checkout
167,/home/runner/work/javassist/javassist/sample/evolve/VersionManager.java,-1,1252,1250,Not provided,uses-checkout,uses-checkout
168,/home/runner/work/javassist/javassist/sample/evolve/Sample.java,-1,1248,1246,Not provided,uses-checkout,uses-checkout
169,/home/runner/work/javassist/javassist/sample/evolve/Evolution.java,-1,1244,1242,Not provided,uses-checkout,uses-checkout
170,/home/runner/work/javassist/javassist/sample/evolve/DemoServer.java,-1,1240,1238,Not provided,uses-checkout,uses-checkout
171,/home/runner/work/javassist/javassist/sample/evolve/DemoLoader.java,-1,1236,1234,Not provided,uses-checkout,uses-checkout
172,/home/runner/work/javassist/javassist/sample/evolve/CannotUpdateException.java,-1,1232,1230,Not provided,uses-checkout,uses-checkout
173,/home/runner/work/javassist/javassist/sample/duplicate/Viewer.java,-1,1223,1221,Not provided,uses-checkout,uses-checkout
174,/home/runner/work/javassist/javassist/sample/duplicate/Main.java,-1,1219,1217,Not provided,uses-checkout,uses-checkout
175,/home/runner/work/javassist/javassist/sample/duplicate/DuplicatedObject.java,-1,1215,1213,Not provided,uses-checkout,uses-checkout
176,/home/runner/work/javassist/javassist/target/runtest/proxy/test/javassist/proxy/ProxySimpleTest$Default2_$$_jvst6c6_273b.class,-1,443029,443027,Not provided,BuildwithMaven,BuildwithMaven
177,/home/runner/work/javassist/javassist/build.xml,-1,1143,1141,Not provided,uses-checkout,uses-checkout
178,/home/runner/work/javassist/javassist/README.md,-1,1139,1137,Not provided,uses-checkout,uses-checkout
179,/home/runner/work/javassist/javassist/License.html,-1,1135,1133,Not provided,uses-checkout,uses-checkout
180,/home/runner/work/javassist/javassist/Examples.md,-1,1131,1129,Not provided,uses-checkout,uses-checkout
181,/home/runner/work/javassist/javassist/target/test-classes/Readme.txt,-1,381263,381260,Not provided,BuildwithMaven,BuildwithMaven
182,/home/runner/work/javassist/javassist/target/runtest/test1/LocalVars2.class,-1,441907,441905,Not provided,BuildwithMaven,BuildwithMaven
183,/home/runner/work/javassist/javassist/target/test-classes/test3/NewExprTryCatch2.class,-1,383449,383447,Not provided,BuildwithMaven,BuildwithMaven
184,/home/runner/work/javassist/javassist/target/runtest/javassist/bytecode/StackMapTest$C6.class,-1,442141,442139,Not provided,BuildwithMaven,BuildwithMaven
185,/home/runner/work/javassist/javassist/target/runtest/testproxy/BridgeMethod_$$_jvst6c6_7.class,-1,442576,-1,Not provided,BuildwithMaven,Not provided
186,/home/runner/work/javassist/javassist/target/runtest/proxy/javassist/util/proxy/test_javassist_proxy_ProxySimpleTest$PubProxy2_$$_jvst6c6_273c.class,-1,443041,-1,Not provided,BuildwithMaven,Not provided
187,/home/runner/work/javassist/javassist/target/surefire-reports/javassist.JvstTest.txt,-1,443185,-1,Not provided,BuildwithMaven,Not provided
188,/home/runner/work/javassist/javassist/target/runtest/proxy/test/javassist/proxy/ProxySimpleTest$Foo_$$_jvst6c6_2733.class,-1,442938,-1,Not provided,BuildwithMaven,Not provided
189,/home/runner/work/javassist/javassist/sample/vector/Sample.java,-1,1344,-1,Not provided,uses-checkout,Not provided
190,/home/runner/work/javassist/javassist/sample/rmi/AlertDialog.java,-1,1318,-1,Not provided,uses-checkout,Not provided
191,/home/runner/work/javassist/javassist/sample/reflect/Main.java,-1,1304,-1,Not provided,uses-checkout,Not provided
192,/home/runner/work/javassist/javassist/sample/preproc/Assistant.java,-1,1290,-1,Not provided,uses-checkout,Not provided
193,/home/runner/work/javassist/javassist/sample/duplicate/Ball.java,-1,1211,-1,Not provided,uses-checkout,Not provided
194,/home/runner/work/javassist/javassist/sample/Test.java,-1,1205,-1,Not provided,uses-checkout,Not provided
195,/home/runner/work/javassist/javassist/target/test-classes/scoped/jar1/ScopedAnnotationDefaultUsage.class,-1,383864,-1,Not provided,BuildwithMaven,Not provided
196,/home/runner/work/javassist/javassist/target/test-classes/test/javassist/convert/InstrumentationTarget$Itr.class,-1,383790,-1,Not provided,BuildwithMaven,Not provided
197,/home/runner/work/javassist/javassist/target/test-classes/javassist/compiler/ParseTest.class,-1,383665,-1,Not provided,BuildwithMaven,Not provided
198,/home/runner/work/javassist/javassist/target/test-classes/test1/RenameClass2.class,-1,383463,-1,Not provided,BuildwithMaven,Not provided
199,/home/runner/work/javassist/javassist/target/test-classes/test/javassist/bytecode/analysis/ScannerTest.class,-1,383445,-1,Not provided,BuildwithMaven,Not provided
