,file_name,last_access_index,last_modify_index,creation_index,last_access_step,last_modify_step,creation_step
0,/home/runner/work/javassist/javassist/target/javassist-3.29.2-GA.jar,-1,1048583,1027863,Not provided,BuildwithMaven,BuildwithMaven
1,/home/runner/work/javassist/javassist/target/javassist-3.29.2-GA-sources.jar,-1,1058051,1049822,Not provided,BuildwithMaven,BuildwithMaven
2,/home/runner/work/javassist/javassist/target/classes/META-INF/MANIFEST.MF,452988,1049660,388955,BuildwithMaven,BuildwithMaven,BuildwithMaven
3,/home/runner/work/javassist/javassist/target/runtest/test1/AnnoTest.class,-1,450957,450822,Not provided,BuildwithMaven,BuildwithMaven
4,/home/runner/work/javassist/javassist/target/runtest/test-hibernate.class,-1,451252,451154,Not provided,BuildwithMaven,BuildwithMaven
5,/home/runner/work/javassist/javassist/target/runtest/TooManyConstPoolItems.class,-1,450450,450404,Not provided,BuildwithMaven,BuildwithMaven
6,/home/runner/work/javassist/javassist/target/surefire-reports/TEST-javassist.JvstTest.xml,-1,452338,-1,Not provided,BuildwithMaven,Not provided
7,/home/runner/work/javassist/javassist/tutorial/tutorial2.html,-1,3428,3424,Not provided,uses-checkout,uses-checkout
8,/home/runner/work/javassist/javassist/tutorial/tutorial.html,-1,3422,3418,Not provided,uses-checkout,uses-checkout
9,/home/runner/work/javassist/javassist/target/maven-status/maven-compiler-plugin/testCompile/default-testCompile/createdFiles.lst,-1,395640,395636,Not provided,BuildwithMaven,BuildwithMaven
10,/home/runner/work/javassist/javassist/target/maven-status/maven-compiler-plugin/testCompile/default-testCompile/inputFiles.lst,-1,395646,395642,Not provided,BuildwithMaven,BuildwithMaven
11,/home/runner/work/javassist/javassist/target/runtest/test3/Clazz67.class,-1,398642,398638,Not provided,BuildwithMaven,BuildwithMaven
12,/home/runner/work/javassist/javassist/target/maven-status/maven-compiler-plugin/compile/default-compile/inputFiles.lst,-1,6655,6651,Not provided,BuildwithMaven,BuildwithMaven
13,/home/runner/work/javassist/javassist/target/runtest/test3/JIRA63.class,-1,398839,398830,Not provided,BuildwithMaven,BuildwithMaven
14,/home/runner/work/javassist/javassist/target/maven-status/maven-compiler-plugin/compile/default-compile/createdFiles.lst,-1,6649,6645,Not provided,BuildwithMaven,BuildwithMaven
15,/home/runner/work/javassist/javassist/License.html,-1,1214,1211,Not provided,uses-checkout,uses-checkout
16,/home/runner/work/javassist/javassist/target/test-classes/test1/BenchProceedNew3.class,-1,393769,393767,Not provided,BuildwithMaven,BuildwithMaven
17,/home/runner/work/javassist/javassist/target/test-classes/scoped/UnscopedAnnotationDefaultUsage.class,-1,393805,393803,Not provided,BuildwithMaven,BuildwithMaven
18,/home/runner/work/javassist/javassist/target/test-classes/javassist/compiler/CodeTest.class,-1,393781,393779,Not provided,BuildwithMaven,BuildwithMaven
19,/home/runner/work/javassist/javassist/target/test-classes/test1/BenchProceedNew.class,-1,393773,393771,Not provided,BuildwithMaven,BuildwithMaven
20,/home/runner/work/javassist/javassist/target/test-classes/test1/BenchProceedNew2.class,-1,393765,393763,Not provided,BuildwithMaven,BuildwithMaven
21,/home/runner/work/javassist/javassist/target/test-classes/test3/Visible2.class,-1,393737,393735,Not provided,BuildwithMaven,BuildwithMaven
22,/home/runner/work/javassist/javassist/target/test-classes/test/javassist/bytecode/analysis/AnalyzerTest$Dummy$A3.class,-1,393444,393442,Not provided,BuildwithMaven,BuildwithMaven
23,/home/runner/work/javassist/javassist/target/test-classes/test1/GetThrow2.class,-1,393468,393466,Not provided,BuildwithMaven,BuildwithMaven
24,/home/runner/work/javassist/javassist/target/test-classes/test1/GetThrow1.class,-1,393464,393462,Not provided,BuildwithMaven,BuildwithMaven
25,/home/runner/work/javassist/javassist/target/test-classes/test/javassist/bytecode/analysis/AnalyzerTest$Dummy$A2.class,-1,393440,393438,Not provided,BuildwithMaven,BuildwithMaven
26,/home/runner/work/javassist/javassist/target/test-classes/test3/NewClass2.class,-1,393416,393414,Not provided,BuildwithMaven,BuildwithMaven
27,/home/runner/work/javassist/javassist/target/test-classes/scoped/jar1/ScopedTestAnnotation.class,-1,393592,393590,Not provided,BuildwithMaven,BuildwithMaven
28,/home/runner/work/javassist/javassist/target/test-classes/test3/InnerClass.class,-1,393588,393586,Not provided,BuildwithMaven,BuildwithMaven
29,/home/runner/work/javassist/javassist/target/test-classes/VisibleTop2.class,-1,393508,393506,Not provided,BuildwithMaven,BuildwithMaven
30,/home/runner/work/javassist/javassist/target/test-classes/test5/JIRA246.class,-1,393888,393886,Not provided,BuildwithMaven,BuildwithMaven
31,/home/runner/work/javassist/javassist/target/test-classes/javassist/ClassPoolBench.class,-1,394090,394088,Not provided,BuildwithMaven,BuildwithMaven
32,/home/runner/work/javassist/javassist/target/test-classes/javassist/Bench$2.class,-1,394308,394306,Not provided,BuildwithMaven,BuildwithMaven
33,/home/runner/work/javassist/javassist/target/test-classes/javassist/Bench$1.class,-1,394304,394302,Not provided,BuildwithMaven,BuildwithMaven
34,/home/runner/work/javassist/javassist/target/test-classes/scoped/jar1/FullyScopedAnnotationUsage.class,-1,394296,394294,Not provided,BuildwithMaven,BuildwithMaven
35,/home/runner/work/javassist/javassist/target/test-classes/test1/StaticField.class,-1,394288,394286,Not provided,BuildwithMaven,BuildwithMaven
36,/home/runner/work/javassist/javassist/target/test-classes/scoped/UnscopedAnnotationUsage.class,-1,394066,394064,Not provided,BuildwithMaven,BuildwithMaven
37,/home/runner/work/javassist/javassist/target/test-classes/test4/GetAllRefInnerTest2$1.class,-1,393958,393956,Not provided,BuildwithMaven,BuildwithMaven
38,/home/runner/work/javassist/javassist/target/test-classes/scoped/jar1/FullyScopedAnnotationDefaultUsage.class,-1,394062,394060,Not provided,BuildwithMaven,BuildwithMaven
39,/home/runner/work/javassist/javassist/target/test-classes/test4/GetAllRefInnerTest$2.class,-1,393970,393968,Not provided,BuildwithMaven,BuildwithMaven
40,/home/runner/work/javassist/javassist/target/test-classes/test4/GetAllRefInnerTest$1.class,-1,393966,393964,Not provided,BuildwithMaven,BuildwithMaven
41,/home/runner/work/javassist/javassist/target/test-classes/test4/GetAllRefInnerTest2.class,-1,393962,393960,Not provided,BuildwithMaven,BuildwithMaven
42,/home/runner/work/javassist/javassist/target/test-classes/testproxy/Target127.class,-1,392659,392657,Not provided,BuildwithMaven,BuildwithMaven
43,/home/runner/work/javassist/javassist/target/test-classes/testproxy/Target127$RealSub.class,-1,392655,392653,Not provided,BuildwithMaven,BuildwithMaven
44,/home/runner/work/javassist/javassist/target/test-classes/test2/Nested$Inner2.class,-1,392848,392846,Not provided,BuildwithMaven,BuildwithMaven
45,/home/runner/work/javassist/javassist/target/test-classes/test1/BenchProceed.class,-1,392840,392838,Not provided,BuildwithMaven,BuildwithMaven
46,/home/runner/work/javassist/javassist/target/test-classes/test1/BenchProceed2.class,-1,392836,392834,Not provided,BuildwithMaven,BuildwithMaven
47,/home/runner/work/javassist/javassist/target/test-classes/testproxy/Target189.class,-1,392832,392830,Not provided,BuildwithMaven,BuildwithMaven
48,/home/runner/work/javassist/javassist/target/test-classes/test1/BenchStaticMethod.class,-1,392804,392802,Not provided,BuildwithMaven,BuildwithMaven
49,/home/runner/work/javassist/javassist/target/test-classes/test3/Enhancer.class,-1,392788,392786,Not provided,BuildwithMaven,BuildwithMaven
50,/home/runner/work/javassist/javassist/target/test-classes/test3/Enhancer$Interceptor.class,-1,392784,392782,Not provided,BuildwithMaven,BuildwithMaven
51,/home/runner/work/javassist/javassist/target/test-classes/test3/Enhancer$1.class,-1,392780,392778,Not provided,BuildwithMaven,BuildwithMaven
52,/home/runner/work/javassist/javassist/target/test-classes/test3/EnhanceTest.class,-1,392773,392771,Not provided,BuildwithMaven,BuildwithMaven
53,/home/runner/work/javassist/javassist/target/test-classes/javassist/compiler/ParseTest.class,-1,392749,392747,Not provided,BuildwithMaven,BuildwithMaven
54,/home/runner/work/javassist/javassist/target/test-classes/Readme.txt,-1,390308,390305,Not provided,BuildwithMaven,BuildwithMaven
55,/home/runner/work/javassist/javassist/target/test-classes/test1/RenameClass2.class,-1,392533,392531,Not provided,BuildwithMaven,BuildwithMaven
56,/home/runner/work/javassist/javassist/target/test-classes/test3/NewExprTryCatch2.class,-1,392517,392515,Not provided,BuildwithMaven,BuildwithMaven
57,/home/runner/work/javassist/javassist/target/test-classes/test/javassist/bytecode/analysis/ScannerTest.class,-1,392513,392511,Not provided,BuildwithMaven,BuildwithMaven
58,/home/runner/work/javassist/javassist/target/test-classes/javassist/JvstTest4$Inner1.class,-1,393150,393148,Not provided,BuildwithMaven,BuildwithMaven
59,/home/runner/work/javassist/javassist/target/test-classes/test/javassist/bytecode/analysis/ErrorFinder.class,-1,393372,393370,Not provided,BuildwithMaven,BuildwithMaven
60,/home/runner/work/javassist/javassist/target/test-classes/javassist/bytecode/StackMapTest$T8dd.class,-1,393316,393314,Not provided,BuildwithMaven,BuildwithMaven
61,/home/runner/work/javassist/javassist/target/test-classes/javassist/bytecode/StackMapTest$I8d.class,-1,393312,393310,Not provided,BuildwithMaven,BuildwithMaven
62,/home/runner/work/javassist/javassist/target/test-classes/javassist/Bench$4.class,-1,394316,394314,Not provided,BuildwithMaven,BuildwithMaven
63,/home/runner/work/javassist/javassist/target/test-classes/scoped/jar1/ScopedAnnotationDefaultUsage.class,-1,392964,392962,Not provided,BuildwithMaven,BuildwithMaven
64,/home/runner/work/javassist/javassist/target/test-classes/test2/ReplaceClassName3.class,-1,392888,392886,Not provided,BuildwithMaven,BuildwithMaven
65,/home/runner/work/javassist/javassist/target/test-classes/test2/ReplaceClassName2.class,-1,392884,392882,Not provided,BuildwithMaven,BuildwithMaven
66,/home/runner/work/javassist/javassist/target/test-classes/test/javassist/convert/InstrumentationTarget$Itr.class,-1,392876,392874,Not provided,BuildwithMaven,BuildwithMaven
67,/home/runner/work/javassist/javassist/target/test-classes/scoped/TestAnnotation.class,-1,392968,392966,Not provided,BuildwithMaven,BuildwithMaven
68,/home/runner/work/javassist/javassist/target/test-classes/test5/InnerClassRemove$C.class,-1,393064,393062,Not provided,BuildwithMaven,BuildwithMaven
69,/home/runner/work/javassist/javassist/target/test-classes/test5/InnerClassRemove$B.class,-1,393060,393058,Not provided,BuildwithMaven,BuildwithMaven
70,/home/runner/work/javassist/javassist/target/test-classes/test5/InnerClassRemove$A.class,-1,393056,393054,Not provided,BuildwithMaven,BuildwithMaven
71,/home/runner/work/javassist/javassist/target/test-classes/test/javassist/bytecode/analysis/DomTreePrinter.class,-1,393008,393006,Not provided,BuildwithMaven,BuildwithMaven
72,/home/runner/work/javassist/javassist/target/test-classes/javassist/Bench$3.class,-1,394312,394310,Not provided,BuildwithMaven,BuildwithMaven
73,/home/runner/work/javassist/javassist/target/test-classes/test4/NestedClass$S$S2.class,-1,394412,394410,Not provided,BuildwithMaven,BuildwithMaven
74,/home/runner/work/javassist/javassist/target/test-classes/javassist/Bench$5.class,-1,394320,394318,Not provided,BuildwithMaven,BuildwithMaven
75,/home/runner/work/javassist/javassist/target/runtest/test1/SetName3.class,-1,397654,397652,Not provided,BuildwithMaven,BuildwithMaven
76,/home/runner/work/javassist/javassist/target/runtest/test1/SetName2.class,-1,397650,397648,Not provided,BuildwithMaven,BuildwithMaven
77,/home/runner/work/javassist/javassist/target/runtest/test1/Freeze.class,-1,397601,397599,Not provided,BuildwithMaven,BuildwithMaven
78,/home/runner/work/javassist/javassist/target/runtest/test1/NewInterface2.class,-1,397552,397550,Not provided,BuildwithMaven,BuildwithMaven
79,/home/runner/work/javassist/javassist/target/runtest/test1/NewInterface.class,-1,397548,397546,Not provided,BuildwithMaven,BuildwithMaven
80,/home/runner/work/javassist/javassist/target/runtest/test2/NullArgTest.class,-1,398140,398138,Not provided,BuildwithMaven,BuildwithMaven
81,/home/runner/work/javassist/javassist/target/runtest/test2/NewOp.class,-1,398136,398134,Not provided,BuildwithMaven,BuildwithMaven
82,/home/runner/work/javassist/javassist/target/runtest/test2/MethodCall.class,-1,398032,398030,Not provided,BuildwithMaven,BuildwithMaven
83,/home/runner/work/javassist/javassist/target/runtest/test2/Inner.class,-1,397951,397949,Not provided,BuildwithMaven,BuildwithMaven
84,/home/runner/work/javassist/javassist/target/runtest/test2/Inherit.class,-1,397941,397939,Not provided,BuildwithMaven,BuildwithMaven
85,/home/runner/work/javassist/javassist/target/test-classes/test1/Point.class,-1,395410,395408,Not provided,BuildwithMaven,BuildwithMaven
86,/home/runner/work/javassist/javassist/target/test-classes/javassist/HotswapTest$Foo.class,-1,395394,395392,Not provided,BuildwithMaven,BuildwithMaven
87,/home/runner/work/javassist/javassist/target/test-classes/test2/StaticArraysMem.class,-1,395374,395372,Not provided,BuildwithMaven,BuildwithMaven
88,/home/runner/work/javassist/javassist/target/test-classes/scoped/jar1/ScopedAnnotationUsage.class,-1,395430,395428,Not provided,BuildwithMaven,BuildwithMaven
89,/home/runner/work/javassist/javassist/target/test-classes/javassist/compiler/LexTest.class,-1,395434,395432,Not provided,BuildwithMaven,BuildwithMaven
90,/home/runner/work/javassist/javassist/target/runtest/test1/MySerializableClass.class,-1,397032,397030,Not provided,BuildwithMaven,BuildwithMaven
91,/home/runner/work/javassist/javassist/target/runtest/test5/NestHost4$InnerClass1$InnerClass5.class,-1,450318,450316,Not provided,BuildwithMaven,BuildwithMaven
92,/home/runner/work/javassist/javassist/target/runtest/test5/NestHost4$InnerClass1.class,-1,450308,450306,Not provided,BuildwithMaven,BuildwithMaven
93,/home/runner/work/javassist/javassist/target/runtest/test1/LocalVars2.class,-1,450818,450816,Not provided,BuildwithMaven,BuildwithMaven
94,/home/runner/work/javassist/javassist/target/runtest/javassist/bytecode/StackMapTest$C6.class,-1,451152,451150,Not provided,BuildwithMaven,BuildwithMaven
95,/home/runner/work/javassist/javassist/target/runtest/test5/InnerModifier.class,-1,450798,450796,Not provided,BuildwithMaven,BuildwithMaven
96,/home/runner/work/javassist/javassist/target/runtest/test5/InnerModifier$Static.class,-1,450794,450792,Not provided,BuildwithMaven,BuildwithMaven
97,/home/runner/work/javassist/javassist/target/runtest/test5/InnerModifier$NonStatic.class,-1,450787,450785,Not provided,BuildwithMaven,BuildwithMaven
98,/home/runner/work/javassist/javassist/target/runtest/test3/PublicInner$Inner.class,-1,398434,398432,Not provided,BuildwithMaven,BuildwithMaven
99,/home/runner/work/javassist/javassist/target/runtest/test3/PublicInner.class,-1,398430,398428,Not provided,BuildwithMaven,BuildwithMaven
100,/home/runner/work/javassist/javassist/target/runtest/test2/SuperInterface3.class,-1,398265,398263,Not provided,BuildwithMaven,BuildwithMaven
101,/home/runner/work/javassist/javassist/target/runtest/test4/TestDeadcode.class,-1,399166,399164,Not provided,BuildwithMaven,BuildwithMaven
102,/home/runner/work/javassist/javassist/target/runtest/test4/WrittenFile2sub.class,-1,399124,399122,Not provided,BuildwithMaven,BuildwithMaven
103,/home/runner/work/javassist/javassist/target/runtest/test4/AnnoLoad.class,-1,399063,399061,Not provided,BuildwithMaven,BuildwithMaven
104,/home/runner/work/javassist/javassist/target/runtest/test4/AnnoLoadAnno.class,-1,399056,399054,Not provided,BuildwithMaven,BuildwithMaven
105,/home/runner/work/javassist/javassist/target/runtest/test3/StaticFinalField.class,-1,398770,398768,Not provided,BuildwithMaven,BuildwithMaven
106,/home/runner/work/javassist/javassist/target/test-classes/javassist/Bench$6.class,-1,394324,394322,Not provided,BuildwithMaven,BuildwithMaven
107,/home/runner/work/javassist/javassist/target/test-classes/javassist/ConcurrentClassDefinitionTest$Worker.class,-1,394722,394720,Not provided,BuildwithMaven,BuildwithMaven
108,/home/runner/work/javassist/javassist/target/test-classes/Jassist150.class,-1,394698,394696,Not provided,BuildwithMaven,BuildwithMaven
109,/home/runner/work/javassist/javassist/target/test-classes/Jassist150$1.class,-1,394694,394692,Not provided,BuildwithMaven,BuildwithMaven
110,/home/runner/work/javassist/javassist/target/test-classes/test4/Signature$Foo.class,-1,394658,394656,Not provided,BuildwithMaven,BuildwithMaven
111,/home/runner/work/javassist/javassist/target/test-classes/Test.class,-1,394654,394652,Not provided,BuildwithMaven,BuildwithMaven
112,/home/runner/work/javassist/javassist/target/test-classes/InvalidStackMapFrame.class,-1,394650,394648,Not provided,BuildwithMaven,BuildwithMaven
113,/home/runner/work/javassist/javassist/target/test-classes/javassist/ConcurrentClassDefinitionTest.class,-1,394726,394724,Not provided,BuildwithMaven,BuildwithMaven
114,/home/runner/work/javassist/javassist/target/test-classes/test/javassist/proxy/ProxySimpleTest$Default4.class,-1,394814,394812,Not provided,BuildwithMaven,BuildwithMaven
115,/home/runner/work/javassist/javassist/target/test-classes/test5/InnerModifier2.class,-1,394376,394374,Not provided,BuildwithMaven,BuildwithMaven
116,/home/runner/work/javassist/javassist/target/test-classes/test4/NestedClass$S.class,-1,394416,394414,Not provided,BuildwithMaven,BuildwithMaven
117,/home/runner/work/javassist/javassist/target/test-classes/test4/NestedClass$N.class,-1,394408,394406,Not provided,BuildwithMaven,BuildwithMaven
118,/home/runner/work/javassist/javassist/target/test-classes/test5/NestHost2$Bar.class,-1,394396,394394,Not provided,BuildwithMaven,BuildwithMaven
119,/home/runner/work/javassist/javassist/target/test-classes/test2/Inner2$Child.class,-1,394384,394382,Not provided,BuildwithMaven,BuildwithMaven
120,/home/runner/work/javassist/javassist/target/test-classes/javassist/Bench.class,-1,394332,394330,Not provided,BuildwithMaven,BuildwithMaven
121,/home/runner/work/javassist/javassist/target/test-classes/javassist/Bench$7.class,-1,394328,394326,Not provided,BuildwithMaven,BuildwithMaven
122,/home/runner/work/javassist/javassist/target/test-classes/test3/PublicInner2$PS.class,-1,394610,394608,Not provided,BuildwithMaven,BuildwithMaven
123,/home/runner/work/javassist/javassist/target/test-classes/test3/NestedClass$1Local.class,-1,394507,394505,Not provided,BuildwithMaven,BuildwithMaven
124,/home/runner/work/javassist/javassist/target/test-classes/test3/NestedClass$1.class,-1,394503,394501,Not provided,BuildwithMaven,BuildwithMaven
125,/home/runner/work/javassist/javassist/target/test-classes/test3/NestedClass$StaticNested.class,-1,394499,394497,Not provided,BuildwithMaven,BuildwithMaven
126,/home/runner/work/javassist/javassist/target/test-classes/test3/NestedClass$Inner.class,-1,394495,394493,Not provided,BuildwithMaven,BuildwithMaven
127,/home/runner/work/javassist/javassist/target/test-classes/test4/JIRA220intf.class,-1,394436,394434,Not provided,BuildwithMaven,BuildwithMaven
128,/home/runner/work/javassist/javassist/target/test-classes/scoped/ScopedRepositoryTestCase.class,-1,394467,394465,Not provided,BuildwithMaven,BuildwithMaven
129,/home/runner/work/javassist/javassist/target/test-classes/test4/JIRA181$ICondition.class,-1,395186,395184,Not provided,BuildwithMaven,BuildwithMaven
130,/home/runner/work/javassist/javassist/target/test-classes/scoped/jar1/TestClass1.class,-1,395166,395164,Not provided,BuildwithMaven,BuildwithMaven
131,/home/runner/work/javassist/javassist/target/test-classes/testproxy/sub/TargetSuper.class,-1,395134,395132,Not provided,BuildwithMaven,BuildwithMaven
132,/home/runner/work/javassist/javassist/target/test-classes/javassist/bytecode/CodeAnalyzerTest.class,-1,395114,395112,Not provided,BuildwithMaven,BuildwithMaven
133,/home/runner/work/javassist/javassist/target/test-classes/test4/GetAllRefAnnoC4.class,-1,395098,395096,Not provided,BuildwithMaven,BuildwithMaven
134,/home/runner/work/javassist/javassist/target/test-classes/test4/GetAllRefAnnoC3.class,-1,395094,395092,Not provided,BuildwithMaven,BuildwithMaven
135,/home/runner/work/javassist/javassist/target/test-classes/test4/GetAllRefAnnoC2.class,-1,395090,395088,Not provided,BuildwithMaven,BuildwithMaven
136,/home/runner/work/javassist/javassist/target/test-classes/test4/JIRA181$B.class,-1,395190,395188,Not provided,BuildwithMaven,BuildwithMaven
137,/home/runner/work/javassist/javassist/target/test-classes/javassist/tools/reflect/Person.class,-1,395204,395202,Not provided,BuildwithMaven,BuildwithMaven
138,/home/runner/work/javassist/javassist/target/test-classes/test5/NestHost$Bar.class,-1,395298,395296,Not provided,BuildwithMaven,BuildwithMaven
139,/home/runner/work/javassist/javassist/target/test-classes/test4/ImportPac.class,-1,395224,395222,Not provided,BuildwithMaven,BuildwithMaven
140,/home/runner/work/javassist/javassist/target/test-classes/javassist/tools/reflect/ClassMetaobjectTest.class,-1,395220,395218,Not provided,BuildwithMaven,BuildwithMaven
141,/home/runner/work/javassist/javassist/target/test-classes/test4/GetAllRefAnnoC.class,-1,395086,395084,Not provided,BuildwithMaven,BuildwithMaven
142,/home/runner/work/javassist/javassist/target/test-classes/test4/GetAllRefAnno.class,-1,395082,395080,Not provided,BuildwithMaven,BuildwithMaven
143,/home/runner/work/javassist/javassist/target/test-classes/test4/GetAllRefEnum.class,-1,395078,395076,Not provided,BuildwithMaven,BuildwithMaven
144,/home/runner/work/javassist/javassist/target/test-classes/test5/RemoveAnno2.class,-1,394946,394944,Not provided,BuildwithMaven,BuildwithMaven
145,/home/runner/work/javassist/javassist/target/test-classes/test5/RemoveAnno1.class,-1,394942,394940,Not provided,BuildwithMaven,BuildwithMaven
146,/home/runner/work/javassist/javassist/target/test-classes/test3/PackName2.class,-1,394930,394928,Not provided,BuildwithMaven,BuildwithMaven
147,/home/runner/work/javassist/javassist/target/test-classes/test5/JIRA242.class,-1,394922,394920,Not provided,BuildwithMaven,BuildwithMaven
148,/home/runner/work/javassist/javassist/target/test-classes/annotation/Tag.class,-1,395054,395052,Not provided,BuildwithMaven,BuildwithMaven
149,/home/runner/work/javassist/javassist/target/test-classes/annotation/EnumTest.class,-1,395050,395048,Not provided,BuildwithMaven,BuildwithMaven
150,/home/runner/work/javassist/javassist/target/test-classes/annotation/Id.class,-1,395046,395044,Not provided,BuildwithMaven,BuildwithMaven
151,/home/runner/work/javassist/javassist/target/runtest/javassist/bytecode/StackMapTest$T8d.class,-1,451447,451445,Not provided,BuildwithMaven,BuildwithMaven
152,/home/runner/work/javassist/javassist/target/runtest/javassist/bytecode/Gap0Example.class,-1,451486,451484,Not provided,BuildwithMaven,BuildwithMaven
153,/home/runner/work/javassist/javassist/sample/vector/VectorAssistant.java,-1,1429,1427,Not provided,uses-checkout,uses-checkout
154,/home/runner/work/javassist/javassist/sample/vector/Test.j,-1,1425,1423,Not provided,uses-checkout,uses-checkout
155,/home/runner/work/javassist/javassist/sample/vector/Sample2.java,-1,1421,1419,Not provided,uses-checkout,uses-checkout
156,/home/runner/work/javassist/javassist/target/runtest/testproxy/Target_$$_jvst655_11.class,-1,451822,451820,Not provided,BuildwithMaven,BuildwithMaven
157,/home/runner/work/javassist/javassist/sample/rmi/webdemo.html,-1,1412,1410,Not provided,uses-checkout,uses-checkout
158,/home/runner/work/javassist/javassist/sample/rmi/start.html,-1,1408,1406,Not provided,uses-checkout,uses-checkout
159,/home/runner/work/javassist/javassist/sample/rmi/inside.gif,-1,1404,1402,Not provided,uses-checkout,uses-checkout
160,/home/runner/work/javassist/javassist/.github/workflows/maven.yml,-1,1193,1191,Not provided,uses-checkout,uses-checkout
161,/home/runner/work/javassist/javassist/target/runtest/proxy/test/javassist/proxy/ProxySimpleTest$Default3_$$_jvst655_273d.class,-1,452201,452199,Not provided,BuildwithMaven,BuildwithMaven
162,/home/runner/work/javassist/javassist/.gitignore,-1,1201,1199,Not provided,uses-checkout,uses-checkout
163,/home/runner/work/javassist/javassist/Changes.md,-1,1205,1203,Not provided,uses-checkout,uses-checkout
164,/home/runner/work/javassist/javassist/sample/rmi/Counter.java,-1,1400,1398,Not provided,uses-checkout,uses-checkout
165,/home/runner/work/javassist/javassist/sample/evolve/WebPage.java,-1,1331,1329,Not provided,uses-checkout,uses-checkout
166,/home/runner/work/javassist/javassist/sample/rmi/CountApplet.java,-1,1396,1394,Not provided,uses-checkout,uses-checkout
167,/home/runner/work/javassist/javassist/sample/reflect/VerboseMetaobj.java,-1,1388,1386,Not provided,uses-checkout,uses-checkout
168,/home/runner/work/javassist/javassist/sample/reflect/Person.java,-1,1384,1382,Not provided,uses-checkout,uses-checkout
169,/home/runner/work/javassist/javassist/target/runtest/proxy/test/javassist/proxy/ProxySimpleTest$PubProxy_$$_jvst655_2734.class,-1,452071,452069,Not provided,BuildwithMaven,BuildwithMaven
170,/home/runner/work/javassist/javassist/sample/preproc/package.html,-1,1374,1372,Not provided,uses-checkout,uses-checkout
171,/home/runner/work/javassist/javassist/sample/preproc/Compiler.java,-1,1370,1368,Not provided,uses-checkout,uses-checkout
172,/home/runner/work/javassist/javassist/target/runtest/proxy/test/javassist/proxy/ProxySimpleTest$Default2_$$_jvst655_273b.class,-1,452179,452177,Not provided,BuildwithMaven,BuildwithMaven
173,/home/runner/work/javassist/javassist/sample/hotswap/Test.java,-1,1356,1354,Not provided,uses-checkout,uses-checkout
174,/home/runner/work/javassist/javassist/sample/evolve/update.html,-1,1348,1346,Not provided,uses-checkout,uses-checkout
175,/home/runner/work/javassist/javassist/sample/evolve/start.html,-1,1344,1340,Not provided,uses-checkout,uses-checkout
176,/home/runner/work/javassist/javassist/sample/evolve/demo.html,-1,1335,1333,Not provided,uses-checkout,uses-checkout
177,/home/runner/work/javassist/javassist/sample/evolve/VersionManager.java,-1,1327,1325,Not provided,uses-checkout,uses-checkout
178,/home/runner/work/javassist/javassist/Examples.md,-1,1209,1207,Not provided,uses-checkout,uses-checkout
179,/home/runner/work/javassist/javassist/sample/evolve/Sample.java,-1,1323,1321,Not provided,uses-checkout,uses-checkout
180,/home/runner/work/javassist/javassist/sample/evolve/Evolution.java,-1,1319,1317,Not provided,uses-checkout,uses-checkout
181,/home/runner/work/javassist/javassist/sample/evolve/DemoServer.java,-1,1315,1313,Not provided,uses-checkout,uses-checkout
182,/home/runner/work/javassist/javassist/sample/evolve/DemoLoader.java,-1,1311,1309,Not provided,uses-checkout,uses-checkout
183,/home/runner/work/javassist/javassist/sample/evolve/CannotUpdateException.java,-1,1307,1305,Not provided,uses-checkout,uses-checkout
184,/home/runner/work/javassist/javassist/sample/duplicate/Viewer.java,-1,1297,1295,Not provided,uses-checkout,uses-checkout
185,/home/runner/work/javassist/javassist/sample/duplicate/Main.java,-1,1293,1291,Not provided,uses-checkout,uses-checkout
186,/home/runner/work/javassist/javassist/sample/duplicate/DuplicatedObject.java,-1,1289,1287,Not provided,uses-checkout,uses-checkout
187,/home/runner/work/javassist/javassist/build.xml,-1,1222,1220,Not provided,uses-checkout,uses-checkout
188,/home/runner/work/javassist/javassist/README.md,-1,1218,1216,Not provided,uses-checkout,uses-checkout
189,/home/runner/work/javassist/javassist/src/test/javassist/bytecode/Gap0Example.class,-1,2224,2222,Not provided,uses-checkout,uses-checkout
190,/home/runner/work/javassist/javassist/target/runtest/javassist/bytecode/Gap0Example2.class,-1,451493,451491,Not provided,BuildwithMaven,BuildwithMaven
191,/home/runner/work/javassist/javassist/target/runtest/reflected/javassist/tools/reflect/SuperClass.class,-1,451552,451550,Not provided,BuildwithMaven,BuildwithMaven
192,/home/runner/work/javassist/javassist/target/runtest/testproxy/BridgeMethod_$$_jvst655_7.class,-1,451667,451665,Not provided,BuildwithMaven,BuildwithMaven
193,/home/runner/work/javassist/javassist/src/test/Readme.txt,-1,2124,2122,Not provided,uses-checkout,uses-checkout
194,/home/runner/work/javassist/javassist/tutorial/tutorial3.html,-1,3432,3430,Not provided,uses-checkout,uses-checkout
195,/home/runner/work/javassist/javassist/target/runtest/proxy/javassist/util/proxy/test_javassist_proxy_ProxySimpleTest$PubProxy2_$$_jvst655_273c.class,-1,452191,-1,Not provided,BuildwithMaven,Not provided
196,/home/runner/work/javassist/javassist/target/runtest/proxy/test/javassist/proxy/ProxySimpleTest$Foo_$$_jvst655_2733.class,-1,452061,-1,Not provided,BuildwithMaven,Not provided
197,/home/runner/work/javassist/javassist/sample/evolve/CannotCreateException.java,-1,1303,-1,Not provided,uses-checkout,Not provided
198,/home/runner/work/javassist/javassist/sample/preproc/Assistant.java,-1,1366,-1,Not provided,uses-checkout,Not provided
199,/home/runner/work/javassist/javassist/sample/reflect/Main.java,-1,1380,-1,Not provided,uses-checkout,Not provided
