,file_name,last_access_index,last_modify_index,creation_index,last_access_step,last_modify_step,creation_step
0,/home/runner/work/javassist/javassist/target/javassist-3.29.2-GA.jar,-1,976843,958653,Not provided,BuildwithMaven,BuildwithMaven
1,/home/runner/work/javassist/javassist/target/javassist-3.29.2-GA-sources.jar,-1,982570,978107,Not provided,BuildwithMaven,BuildwithMaven
2,/home/runner/work/javassist/javassist/target/classes/META-INF/MANIFEST.MF,403688,977945,354648,BuildwithMaven,BuildwithMaven,BuildwithMaven
3,/home/runner/work/javassist/javassist/target/runtest/test1/AnnoTest.class,-1,401716,401635,Not provided,BuildwithMaven,BuildwithMaven
4,/home/runner/work/javassist/javassist/target/runtest/TooManyConstPoolItems.class,-1,401269,401223,Not provided,BuildwithMaven,BuildwithMaven
5,/home/runner/work/javassist/javassist/target/runtest/test-hibernate.class,-1,401922,401880,Not provided,BuildwithMaven,BuildwithMaven
6,/home/runner/work/javassist/javassist/target/surefire-reports/TEST-javassist.JvstTest.xml,-1,403038,403031,Not provided,BuildwithMaven,BuildwithMaven
7,/home/runner/work/javassist/javassist/target/runtest/test3/JIRA63.class,-1,364407,364398,Not provided,BuildwithMaven,BuildwithMaven
8,/home/runner/work/javassist/javassist/target/maven-status/maven-compiler-plugin/testCompile/default-testCompile/createdFiles.lst,-1,361078,361074,Not provided,BuildwithMaven,BuildwithMaven
9,/home/runner/work/javassist/javassist/target/maven-status/maven-compiler-plugin/testCompile/default-testCompile/inputFiles.lst,-1,361084,361080,Not provided,BuildwithMaven,BuildwithMaven
10,/home/runner/work/javassist/javassist/target/maven-status/maven-compiler-plugin/compile/default-compile/inputFiles.lst,-1,6739,6735,Not provided,BuildwithMaven,BuildwithMaven
11,/home/runner/work/javassist/javassist/target/maven-status/maven-compiler-plugin/compile/default-compile/createdFiles.lst,-1,6733,6729,Not provided,BuildwithMaven,BuildwithMaven
12,/home/runner/work/javassist/javassist/License.html,-1,1104,1101,Not provided,uses-checkout,uses-checkout
13,/home/runner/work/javassist/javassist/target/test-classes/javassist/bytecode/StackMapTest$T8dd.class,-1,358750,358748,Not provided,BuildwithMaven,BuildwithMaven
14,/home/runner/work/javassist/javassist/target/test-classes/javassist/bytecode/StackMapTest$I8d.class,-1,358746,358744,Not provided,BuildwithMaven,BuildwithMaven
15,/home/runner/work/javassist/javassist/target/test-classes/scoped/jar1/ScopedTestAnnotation.class,-1,359030,359028,Not provided,BuildwithMaven,BuildwithMaven
16,/home/runner/work/javassist/javassist/target/test-classes/test3/InnerClass.class,-1,359026,359024,Not provided,BuildwithMaven,BuildwithMaven
17,/home/runner/work/javassist/javassist/target/test-classes/test/javassist/bytecode/analysis/ErrorFinder.class,-1,358810,358808,Not provided,BuildwithMaven,BuildwithMaven
18,/home/runner/work/javassist/javassist/target/test-classes/test1/GetThrow2.class,-1,358906,358904,Not provided,BuildwithMaven,BuildwithMaven
19,/home/runner/work/javassist/javassist/target/test-classes/test1/GetThrow1.class,-1,358902,358900,Not provided,BuildwithMaven,BuildwithMaven
20,/home/runner/work/javassist/javassist/target/test-classes/test/javassist/bytecode/analysis/AnalyzerTest$Dummy$A3.class,-1,358882,358880,Not provided,BuildwithMaven,BuildwithMaven
21,/home/runner/work/javassist/javassist/target/test-classes/test/javassist/bytecode/analysis/AnalyzerTest$Dummy$A2.class,-1,358878,358876,Not provided,BuildwithMaven,BuildwithMaven
22,/home/runner/work/javassist/javassist/target/test-classes/test3/NewClass2.class,-1,358854,358852,Not provided,BuildwithMaven,BuildwithMaven
23,/home/runner/work/javassist/javassist/target/test-classes/VisibleTop2.class,-1,358946,358944,Not provided,BuildwithMaven,BuildwithMaven
24,/home/runner/work/javassist/javassist/target/test-classes/scoped/UnscopedAnnotationUsage.class,-1,359488,359486,Not provided,BuildwithMaven,BuildwithMaven
25,/home/runner/work/javassist/javassist/target/test-classes/scoped/jar1/FullyScopedAnnotationDefaultUsage.class,-1,359484,359482,Not provided,BuildwithMaven,BuildwithMaven
26,/home/runner/work/javassist/javassist/target/test-classes/test4/GetAllRefInnerTest$2.class,-1,359396,359394,Not provided,BuildwithMaven,BuildwithMaven
27,/home/runner/work/javassist/javassist/target/test-classes/javassist/ClassPoolBench.class,-1,359528,359526,Not provided,BuildwithMaven,BuildwithMaven
28,/home/runner/work/javassist/javassist/target/test-classes/test4/GetAllRefInnerTest$1.class,-1,359392,359390,Not provided,BuildwithMaven,BuildwithMaven
29,/home/runner/work/javassist/javassist/target/test-classes/test1/BenchProceedNew.class,-1,359215,359213,Not provided,BuildwithMaven,BuildwithMaven
30,/home/runner/work/javassist/javassist/target/test-classes/scoped/UnscopedAnnotationDefaultUsage.class,-1,359243,359241,Not provided,BuildwithMaven,BuildwithMaven
31,/home/runner/work/javassist/javassist/target/test-classes/javassist/compiler/CodeTest.class,-1,359219,359217,Not provided,BuildwithMaven,BuildwithMaven
32,/home/runner/work/javassist/javassist/target/test-classes/test1/BenchProceedNew3.class,-1,359211,359209,Not provided,BuildwithMaven,BuildwithMaven
33,/home/runner/work/javassist/javassist/target/test-classes/test4/GetAllRefInnerTest2.class,-1,359388,359386,Not provided,BuildwithMaven,BuildwithMaven
34,/home/runner/work/javassist/javassist/target/test-classes/test1/BenchProceedNew2.class,-1,359207,359205,Not provided,BuildwithMaven,BuildwithMaven
35,/home/runner/work/javassist/javassist/target/test-classes/test3/Visible2.class,-1,359175,359173,Not provided,BuildwithMaven,BuildwithMaven
36,/home/runner/work/javassist/javassist/target/test-classes/test4/GetAllRefInnerTest2$1.class,-1,359384,359382,Not provided,BuildwithMaven,BuildwithMaven
37,/home/runner/work/javassist/javassist/target/test-classes/test5/JIRA246.class,-1,359326,359324,Not provided,BuildwithMaven,BuildwithMaven
38,/home/runner/work/javassist/javassist/target/runtest/test5/InnerModifier$NonStatic.class,-1,401601,401599,Not provided,BuildwithMaven,BuildwithMaven
39,/home/runner/work/javassist/javassist/target/test-classes/test3/NewExprTryCatch2.class,-1,357973,357971,Not provided,BuildwithMaven,BuildwithMaven
40,/home/runner/work/javassist/javassist/target/runtest/test5/InnerModifier$Static.class,-1,401608,401606,Not provided,BuildwithMaven,BuildwithMaven
41,/home/runner/work/javassist/javassist/target/runtest/test5/InnerModifier.class,-1,401612,401610,Not provided,BuildwithMaven,BuildwithMaven
42,/home/runner/work/javassist/javassist/target/test-classes/testproxy/Target127.class,-1,358117,358115,Not provided,BuildwithMaven,BuildwithMaven
43,/home/runner/work/javassist/javassist/target/test-classes/testproxy/Target127$RealSub.class,-1,358113,358111,Not provided,BuildwithMaven,BuildwithMaven
44,/home/runner/work/javassist/javassist/target/runtest/test1/LocalVars2.class,-1,401631,401629,Not provided,BuildwithMaven,BuildwithMaven
45,/home/runner/work/javassist/javassist/target/test-classes/Readme.txt,-1,355831,355828,Not provided,BuildwithMaven,BuildwithMaven
46,/home/runner/work/javassist/javassist/target/test-classes/test5/InnerClassRemove$C.class,-1,358502,358500,Not provided,BuildwithMaven,BuildwithMaven
47,/home/runner/work/javassist/javassist/target/test-classes/test5/InnerClassRemove$B.class,-1,358498,358496,Not provided,BuildwithMaven,BuildwithMaven
48,/home/runner/work/javassist/javassist/target/test-classes/test5/InnerClassRemove$A.class,-1,358494,358492,Not provided,BuildwithMaven,BuildwithMaven
49,/home/runner/work/javassist/javassist/target/test-classes/test/javassist/bytecode/analysis/DomTreePrinter.class,-1,358446,358444,Not provided,BuildwithMaven,BuildwithMaven
50,/home/runner/work/javassist/javassist/target/test-classes/javassist/JvstTest4$Inner1.class,-1,358588,358586,Not provided,BuildwithMaven,BuildwithMaven
51,/home/runner/work/javassist/javassist/target/test-classes/scoped/TestAnnotation.class,-1,358406,358404,Not provided,BuildwithMaven,BuildwithMaven
52,/home/runner/work/javassist/javassist/target/test-classes/scoped/jar1/ScopedAnnotationDefaultUsage.class,-1,358402,358400,Not provided,BuildwithMaven,BuildwithMaven
53,/home/runner/work/javassist/javassist/target/test-classes/test1/BenchProceed.class,-1,358250,358248,Not provided,BuildwithMaven,BuildwithMaven
54,/home/runner/work/javassist/javassist/target/test-classes/test1/BenchProceed2.class,-1,358246,358244,Not provided,BuildwithMaven,BuildwithMaven
55,/home/runner/work/javassist/javassist/target/test-classes/test1/BenchStaticMethod.class,-1,358242,358240,Not provided,BuildwithMaven,BuildwithMaven
56,/home/runner/work/javassist/javassist/target/test-classes/test3/Enhancer.class,-1,358226,358224,Not provided,BuildwithMaven,BuildwithMaven
57,/home/runner/work/javassist/javassist/target/test-classes/test3/Enhancer$Interceptor.class,-1,358222,358220,Not provided,BuildwithMaven,BuildwithMaven
58,/home/runner/work/javassist/javassist/target/test-classes/test3/Enhancer$1.class,-1,358218,358216,Not provided,BuildwithMaven,BuildwithMaven
59,/home/runner/work/javassist/javassist/target/test-classes/test3/EnhanceTest.class,-1,358208,358206,Not provided,BuildwithMaven,BuildwithMaven
60,/home/runner/work/javassist/javassist/target/test-classes/testproxy/Target189.class,-1,358278,358276,Not provided,BuildwithMaven,BuildwithMaven
61,/home/runner/work/javassist/javassist/target/test-classes/test2/Nested$Inner2.class,-1,358286,358284,Not provided,BuildwithMaven,BuildwithMaven
62,/home/runner/work/javassist/javassist/target/test-classes/test2/ReplaceClassName3.class,-1,358326,358324,Not provided,BuildwithMaven,BuildwithMaven
63,/home/runner/work/javassist/javassist/target/test-classes/test2/ReplaceClassName2.class,-1,358322,358320,Not provided,BuildwithMaven,BuildwithMaven
64,/home/runner/work/javassist/javassist/target/test-classes/test/javassist/convert/InstrumentationTarget$Itr.class,-1,358314,358312,Not provided,BuildwithMaven,BuildwithMaven
65,/home/runner/work/javassist/javassist/target/test-classes/javassist/Bench$4.class,-1,359754,359752,Not provided,BuildwithMaven,BuildwithMaven
66,/home/runner/work/javassist/javassist/target/runtest/test1/MySerializableClass.class,-1,362586,362584,Not provided,BuildwithMaven,BuildwithMaven
67,/home/runner/work/javassist/javassist/target/runtest/test1/SetName3.class,-1,363249,363247,Not provided,BuildwithMaven,BuildwithMaven
68,/home/runner/work/javassist/javassist/target/runtest/test1/SetName2.class,-1,363245,363243,Not provided,BuildwithMaven,BuildwithMaven
69,/home/runner/work/javassist/javassist/target/runtest/test1/Freeze.class,-1,363197,363195,Not provided,BuildwithMaven,BuildwithMaven
70,/home/runner/work/javassist/javassist/target/runtest/test1/NewInterface2.class,-1,363146,363144,Not provided,BuildwithMaven,BuildwithMaven
71,/home/runner/work/javassist/javassist/target/runtest/test1/NewInterface.class,-1,363142,363140,Not provided,BuildwithMaven,BuildwithMaven
72,/home/runner/work/javassist/javassist/target/test-classes/test5/NestHost$Bar.class,-1,360736,360734,Not provided,BuildwithMaven,BuildwithMaven
73,/home/runner/work/javassist/javassist/target/test-classes/test4/ImportPac.class,-1,360662,360660,Not provided,BuildwithMaven,BuildwithMaven
74,/home/runner/work/javassist/javassist/target/test-classes/javassist/tools/reflect/ClassMetaobjectTest.class,-1,360658,360656,Not provided,BuildwithMaven,BuildwithMaven
75,/home/runner/work/javassist/javassist/target/test-classes/javassist/compiler/LexTest.class,-1,360872,360870,Not provided,BuildwithMaven,BuildwithMaven
76,/home/runner/work/javassist/javassist/target/test-classes/scoped/jar1/ScopedAnnotationUsage.class,-1,360868,360866,Not provided,BuildwithMaven,BuildwithMaven
77,/home/runner/work/javassist/javassist/target/test-classes/test1/Point.class,-1,360848,360846,Not provided,BuildwithMaven,BuildwithMaven
78,/home/runner/work/javassist/javassist/target/test-classes/javassist/HotswapTest$Foo.class,-1,360832,360830,Not provided,BuildwithMaven,BuildwithMaven
79,/home/runner/work/javassist/javassist/target/test-classes/test2/StaticArraysMem.class,-1,360812,360810,Not provided,BuildwithMaven,BuildwithMaven
80,/home/runner/work/javassist/javassist/target/runtest/test4/TestDeadcode.class,-1,364779,364777,Not provided,BuildwithMaven,BuildwithMaven
81,/home/runner/work/javassist/javassist/target/runtest/test4/WrittenFile2sub.class,-1,364714,364712,Not provided,BuildwithMaven,BuildwithMaven
82,/home/runner/work/javassist/javassist/target/runtest/test4/AnnoLoad.class,-1,364641,364639,Not provided,BuildwithMaven,BuildwithMaven
83,/home/runner/work/javassist/javassist/target/runtest/test4/AnnoLoadAnno.class,-1,364634,364632,Not provided,BuildwithMaven,BuildwithMaven
84,/home/runner/work/javassist/javassist/target/runtest/test5/NestHost4$InnerClass1$InnerClass5.class,-1,401137,401135,Not provided,BuildwithMaven,BuildwithMaven
85,/home/runner/work/javassist/javassist/target/runtest/test5/NestHost4$InnerClass1.class,-1,401127,401125,Not provided,BuildwithMaven,BuildwithMaven
86,/home/runner/work/javassist/javassist/target/runtest/test3/StaticFinalField.class,-1,364337,364335,Not provided,BuildwithMaven,BuildwithMaven
87,/home/runner/work/javassist/javassist/target/runtest/test2/MethodCall.class,-1,363614,363612,Not provided,BuildwithMaven,BuildwithMaven
88,/home/runner/work/javassist/javassist/target/runtest/test2/NullArgTest.class,-1,363721,363719,Not provided,BuildwithMaven,BuildwithMaven
89,/home/runner/work/javassist/javassist/target/runtest/test2/NewOp.class,-1,363717,363715,Not provided,BuildwithMaven,BuildwithMaven
90,/home/runner/work/javassist/javassist/target/runtest/test2/Inner.class,-1,363536,363534,Not provided,BuildwithMaven,BuildwithMaven
91,/home/runner/work/javassist/javassist/target/runtest/test2/Inherit.class,-1,363526,363524,Not provided,BuildwithMaven,BuildwithMaven
92,/home/runner/work/javassist/javassist/target/runtest/test3/PublicInner$Inner.class,-1,364013,364011,Not provided,BuildwithMaven,BuildwithMaven
93,/home/runner/work/javassist/javassist/target/runtest/test3/Clazz67.class,-1,364208,364206,Not provided,BuildwithMaven,BuildwithMaven
94,/home/runner/work/javassist/javassist/target/runtest/test3/PublicInner.class,-1,364009,364007,Not provided,BuildwithMaven,BuildwithMaven
95,/home/runner/work/javassist/javassist/target/runtest/test2/SuperInterface3.class,-1,363846,363844,Not provided,BuildwithMaven,BuildwithMaven
96,/home/runner/work/javassist/javassist/target/test-classes/javassist/tools/reflect/Person.class,-1,360642,360640,Not provided,BuildwithMaven,BuildwithMaven
97,/home/runner/work/javassist/javassist/target/test-classes/test3/PublicInner2$PS.class,-1,360048,360046,Not provided,BuildwithMaven,BuildwithMaven
98,/home/runner/work/javassist/javassist/target/test-classes/test3/NestedClass$1Local.class,-1,359945,359943,Not provided,BuildwithMaven,BuildwithMaven
99,/home/runner/work/javassist/javassist/target/test-classes/test3/NestedClass$1.class,-1,359941,359939,Not provided,BuildwithMaven,BuildwithMaven
100,/home/runner/work/javassist/javassist/target/test-classes/test3/NestedClass$StaticNested.class,-1,359937,359935,Not provided,BuildwithMaven,BuildwithMaven
101,/home/runner/work/javassist/javassist/target/test-classes/test3/NestedClass$Inner.class,-1,359933,359931,Not provided,BuildwithMaven,BuildwithMaven
102,/home/runner/work/javassist/javassist/target/test-classes/scoped/ScopedRepositoryTestCase.class,-1,359897,359895,Not provided,BuildwithMaven,BuildwithMaven
103,/home/runner/work/javassist/javassist/target/test-classes/javassist/ConcurrentClassDefinitionTest.class,-1,360164,360162,Not provided,BuildwithMaven,BuildwithMaven
104,/home/runner/work/javassist/javassist/target/test-classes/javassist/ConcurrentClassDefinitionTest$Worker.class,-1,360160,360158,Not provided,BuildwithMaven,BuildwithMaven
105,/home/runner/work/javassist/javassist/target/test-classes/Jassist150.class,-1,360148,360146,Not provided,BuildwithMaven,BuildwithMaven
106,/home/runner/work/javassist/javassist/target/test-classes/Jassist150$1.class,-1,360144,360142,Not provided,BuildwithMaven,BuildwithMaven
107,/home/runner/work/javassist/javassist/target/test-classes/Test.class,-1,360100,360098,Not provided,BuildwithMaven,BuildwithMaven
108,/home/runner/work/javassist/javassist/target/test-classes/InvalidStackMapFrame.class,-1,360096,360094,Not provided,BuildwithMaven,BuildwithMaven
109,/home/runner/work/javassist/javassist/target/test-classes/test4/Signature$Foo.class,-1,360088,360086,Not provided,BuildwithMaven,BuildwithMaven
110,/home/runner/work/javassist/javassist/target/test-classes/test4/JIRA220intf.class,-1,359874,359872,Not provided,BuildwithMaven,BuildwithMaven
111,/home/runner/work/javassist/javassist/target/test-classes/javassist/Bench$2.class,-1,359746,359744,Not provided,BuildwithMaven,BuildwithMaven
112,/home/runner/work/javassist/javassist/target/test-classes/javassist/Bench$1.class,-1,359742,359740,Not provided,BuildwithMaven,BuildwithMaven
113,/home/runner/work/javassist/javassist/target/test-classes/scoped/jar1/FullyScopedAnnotationUsage.class,-1,359734,359732,Not provided,BuildwithMaven,BuildwithMaven
114,/home/runner/work/javassist/javassist/target/test-classes/test1/StaticField.class,-1,359726,359724,Not provided,BuildwithMaven,BuildwithMaven
115,/home/runner/work/javassist/javassist/target/test-classes/javassist/Bench$3.class,-1,359750,359748,Not provided,BuildwithMaven,BuildwithMaven
116,/home/runner/work/javassist/javassist/target/test-classes/javassist/Bench$5.class,-1,359758,359756,Not provided,BuildwithMaven,BuildwithMaven
117,/home/runner/work/javassist/javassist/target/test-classes/test4/NestedClass$S.class,-1,359850,359848,Not provided,BuildwithMaven,BuildwithMaven
118,/home/runner/work/javassist/javassist/target/test-classes/test4/NestedClass$S$S2.class,-1,359846,359844,Not provided,BuildwithMaven,BuildwithMaven
119,/home/runner/work/javassist/javassist/target/test-classes/test4/NestedClass$N.class,-1,359842,359840,Not provided,BuildwithMaven,BuildwithMaven
120,/home/runner/work/javassist/javassist/target/test-classes/test5/NestHost2$Bar.class,-1,359834,359832,Not provided,BuildwithMaven,BuildwithMaven
121,/home/runner/work/javassist/javassist/target/test-classes/test2/Inner2$Child.class,-1,359822,359820,Not provided,BuildwithMaven,BuildwithMaven
122,/home/runner/work/javassist/javassist/target/test-classes/test5/InnerModifier2.class,-1,359810,359808,Not provided,BuildwithMaven,BuildwithMaven
123,/home/runner/work/javassist/javassist/target/test-classes/javassist/Bench$6.class,-1,359762,359760,Not provided,BuildwithMaven,BuildwithMaven
124,/home/runner/work/javassist/javassist/target/test-classes/javassist/Bench.class,-1,359770,359768,Not provided,BuildwithMaven,BuildwithMaven
125,/home/runner/work/javassist/javassist/target/test-classes/javassist/Bench$7.class,-1,359766,359764,Not provided,BuildwithMaven,BuildwithMaven
126,/home/runner/work/javassist/javassist/target/test-classes/test4/GetAllRefEnum.class,-1,360516,360514,Not provided,BuildwithMaven,BuildwithMaven
127,/home/runner/work/javassist/javassist/target/test-classes/annotation/Tag.class,-1,360492,360490,Not provided,BuildwithMaven,BuildwithMaven
128,/home/runner/work/javassist/javassist/target/test-classes/annotation/EnumTest.class,-1,360488,360486,Not provided,BuildwithMaven,BuildwithMaven
129,/home/runner/work/javassist/javassist/target/test-classes/annotation/Id.class,-1,360484,360482,Not provided,BuildwithMaven,BuildwithMaven
130,/home/runner/work/javassist/javassist/target/test-classes/test4/GetAllRefAnnoC.class,-1,360524,360522,Not provided,BuildwithMaven,BuildwithMaven
131,/home/runner/work/javassist/javassist/target/test-classes/test4/GetAllRefAnno.class,-1,360520,360518,Not provided,BuildwithMaven,BuildwithMaven
132,/home/runner/work/javassist/javassist/target/test-classes/test4/GetAllRefAnnoC2.class,-1,360528,360526,Not provided,BuildwithMaven,BuildwithMaven
133,/home/runner/work/javassist/javassist/target/test-classes/test4/JIRA181$B.class,-1,360620,360618,Not provided,BuildwithMaven,BuildwithMaven
134,/home/runner/work/javassist/javassist/target/test-classes/test4/JIRA181$ICondition.class,-1,360616,360614,Not provided,BuildwithMaven,BuildwithMaven
135,/home/runner/work/javassist/javassist/target/test-classes/scoped/jar1/TestClass1.class,-1,360604,360602,Not provided,BuildwithMaven,BuildwithMaven
136,/home/runner/work/javassist/javassist/target/test-classes/test4/GetAllRefAnnoC3.class,-1,360532,360530,Not provided,BuildwithMaven,BuildwithMaven
137,/home/runner/work/javassist/javassist/target/test-classes/testproxy/sub/TargetSuper.class,-1,360572,360570,Not provided,BuildwithMaven,BuildwithMaven
138,/home/runner/work/javassist/javassist/target/test-classes/javassist/bytecode/CodeAnalyzerTest.class,-1,360552,360550,Not provided,BuildwithMaven,BuildwithMaven
139,/home/runner/work/javassist/javassist/target/test-classes/test4/GetAllRefAnnoC4.class,-1,360536,360534,Not provided,BuildwithMaven,BuildwithMaven
140,/home/runner/work/javassist/javassist/target/test-classes/test/javassist/proxy/ProxySimpleTest$Default4.class,-1,360252,360250,Not provided,BuildwithMaven,BuildwithMaven
141,/home/runner/work/javassist/javassist/target/test-classes/test5/RemoveAnno2.class,-1,360384,360382,Not provided,BuildwithMaven,BuildwithMaven
142,/home/runner/work/javassist/javassist/target/test-classes/test5/RemoveAnno1.class,-1,360380,360378,Not provided,BuildwithMaven,BuildwithMaven
143,/home/runner/work/javassist/javassist/target/test-classes/test3/PackName2.class,-1,360368,360366,Not provided,BuildwithMaven,BuildwithMaven
144,/home/runner/work/javassist/javassist/target/test-classes/test5/JIRA242.class,-1,360360,360358,Not provided,BuildwithMaven,BuildwithMaven
145,/home/runner/work/javassist/javassist/target/runtest/javassist/bytecode/StackMapTest$C6.class,-1,401878,401876,Not provided,BuildwithMaven,BuildwithMaven
146,/home/runner/work/javassist/javassist/src/test/Readme.txt,-1,2276,2274,Not provided,uses-checkout,uses-checkout
147,/home/runner/work/javassist/javassist/src/test/javassist/bytecode/Gap0Example.class,-1,2363,2361,Not provided,uses-checkout,uses-checkout
148,/home/runner/work/javassist/javassist/sample/rmi/webdemo.html,-1,1294,1292,Not provided,uses-checkout,uses-checkout
149,/home/runner/work/javassist/javassist/target/runtest/testproxy/Target_$$_jvst655_11.class,-1,402439,402437,Not provided,BuildwithMaven,BuildwithMaven
150,/home/runner/work/javassist/javassist/sample/vector/VectorAssistant.java,-1,1308,1306,Not provided,uses-checkout,uses-checkout
151,/home/runner/work/javassist/javassist/sample/vector/Test.j,-1,1304,1302,Not provided,uses-checkout,uses-checkout
152,/home/runner/work/javassist/javassist/target/runtest/proxy/test/javassist/proxy/ProxySimpleTest$Foo_$$_jvst655_2733.class,-1,402702,402700,Not provided,BuildwithMaven,BuildwithMaven
153,/home/runner/work/javassist/javassist/sample/rmi/start.html,-1,1290,1288,Not provided,uses-checkout,uses-checkout
154,/home/runner/work/javassist/javassist/sample/rmi/inside.gif,-1,1286,1284,Not provided,uses-checkout,uses-checkout
155,/home/runner/work/javassist/javassist/Changes.md,-1,1095,1093,Not provided,uses-checkout,uses-checkout
156,/home/runner/work/javassist/javassist/.gitignore,-1,1091,1089,Not provided,uses-checkout,uses-checkout
157,/home/runner/work/javassist/javassist/.github/workflows/maven.yml,-1,1083,1081,Not provided,uses-checkout,uses-checkout
158,/home/runner/work/javassist/javassist/Examples.md,-1,1099,1097,Not provided,uses-checkout,uses-checkout
159,/home/runner/work/javassist/javassist/README.md,-1,1108,1106,Not provided,uses-checkout,uses-checkout
160,/home/runner/work/javassist/javassist/build.xml,-1,1112,1110,Not provided,uses-checkout,uses-checkout
161,/home/runner/work/javassist/javassist/target/runtest/proxy/test/javassist/proxy/ProxySimpleTest$Default3_$$_jvst655_273d.class,-1,402888,402886,Not provided,BuildwithMaven,BuildwithMaven
162,/home/runner/work/javassist/javassist/sample/rmi/Counter.java,-1,1282,1280,Not provided,uses-checkout,uses-checkout
163,/home/runner/work/javassist/javassist/sample/rmi/CountApplet.java,-1,1278,1276,Not provided,uses-checkout,uses-checkout
164,/home/runner/work/javassist/javassist/target/runtest/proxy/test/javassist/proxy/ProxySimpleTest$PubProxy_$$_jvst655_2734.class,-1,402714,402712,Not provided,BuildwithMaven,BuildwithMaven
165,/home/runner/work/javassist/javassist/sample/reflect/VerboseMetaobj.java,-1,1268,1266,Not provided,uses-checkout,uses-checkout
166,/home/runner/work/javassist/javassist/sample/reflect/Person.java,-1,1264,1262,Not provided,uses-checkout,uses-checkout
167,/home/runner/work/javassist/javassist/target/runtest/proxy/test/javassist/proxy/ProxySimpleTest$Default2_$$_jvst655_273b.class,-1,402853,402851,Not provided,BuildwithMaven,BuildwithMaven
168,/home/runner/work/javassist/javassist/sample/preproc/package.html,-1,1254,1252,Not provided,uses-checkout,uses-checkout
169,/home/runner/work/javassist/javassist/sample/preproc/Compiler.java,-1,1250,1248,Not provided,uses-checkout,uses-checkout
170,/home/runner/work/javassist/javassist/sample/preproc/Assistant.java,-1,1246,1244,Not provided,uses-checkout,uses-checkout
171,/home/runner/work/javassist/javassist/target/runtest/proxy/javassist/util/proxy/test_javassist_proxy_ProxySimpleTest$PubProxy2_$$_jvst655_273c.class,-1,402877,402875,Not provided,BuildwithMaven,BuildwithMaven
172,/home/runner/work/javassist/javassist/sample/hotswap/Test.java,-1,1232,1230,Not provided,uses-checkout,uses-checkout
173,/home/runner/work/javassist/javassist/sample/evolve/update.html,-1,1222,1220,Not provided,uses-checkout,uses-checkout
174,/home/runner/work/javassist/javassist/sample/evolve/start.html,-1,1218,1216,Not provided,uses-checkout,uses-checkout
175,/home/runner/work/javassist/javassist/sample/evolve/demo.html,-1,1210,1208,Not provided,uses-checkout,uses-checkout
176,/home/runner/work/javassist/javassist/sample/evolve/WebPage.java,-1,1206,1204,Not provided,uses-checkout,uses-checkout
177,/home/runner/work/javassist/javassist/sample/evolve/VersionManager.java,-1,1202,1200,Not provided,uses-checkout,uses-checkout
178,/home/runner/work/javassist/javassist/sample/evolve/Sample.java,-1,1198,1196,Not provided,uses-checkout,uses-checkout
179,/home/runner/work/javassist/javassist/sample/evolve/Evolution.java,-1,1194,1192,Not provided,uses-checkout,uses-checkout
180,/home/runner/work/javassist/javassist/sample/evolve/DemoServer.java,-1,1190,1188,Not provided,uses-checkout,uses-checkout
181,/home/runner/work/javassist/javassist/sample/evolve/DemoLoader.java,-1,1186,1184,Not provided,uses-checkout,uses-checkout
182,/home/runner/work/javassist/javassist/sample/evolve/CannotUpdateException.java,-1,1182,1180,Not provided,uses-checkout,uses-checkout
183,/home/runner/work/javassist/javassist/sample/duplicate/Viewer.java,-1,1173,1171,Not provided,uses-checkout,uses-checkout
184,/home/runner/work/javassist/javassist/sample/duplicate/Main.java,-1,1169,1167,Not provided,uses-checkout,uses-checkout
185,/home/runner/work/javassist/javassist/target/runtest/javassist/bytecode/StackMapTest$T8d.class,-1,402117,402115,Not provided,BuildwithMaven,BuildwithMaven
186,/home/runner/work/javassist/javassist/target/runtest/javassist/bytecode/Gap0Example2.class,-1,402163,402161,Not provided,BuildwithMaven,BuildwithMaven
187,/home/runner/work/javassist/javassist/target/runtest/reflected/javassist/tools/reflect/SuperClass.class,-1,402206,402204,Not provided,BuildwithMaven,BuildwithMaven
188,/home/runner/work/javassist/javassist/target/runtest/javassist/bytecode/Gap0Example.class,-1,402156,402154,Not provided,BuildwithMaven,BuildwithMaven
189,/home/runner/work/javassist/javassist/tutorial/tutorial3.html,-1,3511,3509,Not provided,uses-checkout,uses-checkout
190,/home/runner/work/javassist/javassist/tutorial/tutorial2.html,-1,3507,3505,Not provided,uses-checkout,uses-checkout
191,/home/runner/work/javassist/javassist/tutorial/tutorial.html,-1,3503,3501,Not provided,uses-checkout,uses-checkout
192,/home/runner/work/javassist/javassist/target/runtest/testproxy/BridgeMethod_$$_jvst655_7.class,-1,402308,-1,Not provided,BuildwithMaven,Not provided
193,/home/runner/work/javassist/javassist/target/surefire-reports/javassist.JvstTest.txt,-1,403029,-1,Not provided,BuildwithMaven,Not provided
194,/home/runner/work/javassist/javassist/sample/vector/Sample2.java,-1,1300,-1,Not provided,uses-checkout,Not provided
195,/home/runner/work/javassist/javassist/sample/rmi/AlertDialog.java,-1,1274,-1,Not provided,uses-checkout,Not provided
196,/home/runner/work/javassist/javassist/sample/reflect/Main.java,-1,1260,-1,Not provided,uses-checkout,Not provided
197,/home/runner/work/javassist/javassist/sample/hotswap/logging/HelloWorld.java,-1,1238,-1,Not provided,uses-checkout,Not provided
198,/home/runner/work/javassist/javassist/sample/hotswap/HelloWorld.java,-1,1228,-1,Not provided,uses-checkout,Not provided
199,/home/runner/work/javassist/javassist/target/test-classes/test1/RenameClass2.class,-1,358003,-1,Not provided,BuildwithMaven,Not provided
200,/home/runner/work/javassist/javassist/target/test-classes/test/javassist/bytecode/analysis/ScannerTest.class,-1,357969,-1,Not provided,BuildwithMaven,Not provided
