,file_name,last_access_index,last_modify_index,creation_index,last_access_step,last_modify_step,creation_step
0,/home/runner/work/javassist/javassist/target/javassist-3.29.2-GA.jar,-1,1026836,1012969,Not provided,BuildwithMaven,BuildwithMaven
1,/home/runner/work/javassist/javassist/target/javassist-3.29.2-GA-sources.jar,-1,1031360,1027004,Not provided,BuildwithMaven,BuildwithMaven
2,/home/runner/work/javassist/javassist/target/classes/META-INF/MANIFEST.MF,440997,1026842,395270,BuildwithMaven,BuildwithMaven,BuildwithMaven
3,/home/runner/work/javassist/javassist/target/runtest/test1/AnnoTest.class,-1,439011,438943,Not provided,BuildwithMaven,BuildwithMaven
4,/home/runner/work/javassist/javassist/target/runtest/test-hibernate.class,-1,439222,439172,Not provided,BuildwithMaven,BuildwithMaven
5,/home/runner/work/javassist/javassist/target/runtest/TooManyConstPoolItems.class,-1,438577,438531,Not provided,BuildwithMaven,BuildwithMaven
6,/home/runner/work/javassist/javassist/target/surefire-reports/TEST-javassist.JvstTest.xml,-1,440347,440340,Not provided,BuildwithMaven,BuildwithMaven
7,/home/runner/work/javassist/javassist/target/runtest/test3/Clazz67.class,-1,405253,405249,Not provided,BuildwithMaven,BuildwithMaven
8,/home/runner/work/javassist/javassist/target/maven-status/maven-compiler-plugin/compile/default-compile/inputFiles.lst,-1,6925,6921,Not provided,BuildwithMaven,BuildwithMaven
9,/home/runner/work/javassist/javassist/tutorial/tutorial.html,-1,3672,3668,Not provided,uses-checkout,uses-checkout
10,/home/runner/work/javassist/javassist/tutorial/tutorial2.html,-1,3678,3674,Not provided,uses-checkout,uses-checkout
11,/home/runner/work/javassist/javassist/target/maven-status/maven-compiler-plugin/testCompile/default-testCompile/inputFiles.lst,-1,401922,401918,Not provided,BuildwithMaven,BuildwithMaven
12,/home/runner/work/javassist/javassist/target/maven-status/maven-compiler-plugin/testCompile/default-testCompile/createdFiles.lst,-1,401916,401912,Not provided,BuildwithMaven,BuildwithMaven
13,/home/runner/work/javassist/javassist/target/runtest/test3/JIRA63.class,-1,405455,405446,Not provided,BuildwithMaven,BuildwithMaven
14,/home/runner/work/javassist/javassist/target/maven-status/maven-compiler-plugin/compile/default-compile/createdFiles.lst,-1,6919,6915,Not provided,BuildwithMaven,BuildwithMaven
15,/home/runner/work/javassist/javassist/License.html,-1,1123,1120,Not provided,uses-checkout,uses-checkout
16,/home/runner/work/javassist/javassist/target/test-classes/VisibleTop2.class,-1,399792,399790,Not provided,BuildwithMaven,BuildwithMaven
17,/home/runner/work/javassist/javassist/target/test-classes/scoped/jar1/ScopedTestAnnotation.class,-1,399876,399874,Not provided,BuildwithMaven,BuildwithMaven
18,/home/runner/work/javassist/javassist/target/test-classes/test3/InnerClass.class,-1,399872,399870,Not provided,BuildwithMaven,BuildwithMaven
19,/home/runner/work/javassist/javassist/target/test-classes/javassist/bytecode/StackMapTest$T8dd.class,-1,399598,399596,Not provided,BuildwithMaven,BuildwithMaven
20,/home/runner/work/javassist/javassist/target/test-classes/javassist/bytecode/StackMapTest$I8d.class,-1,399594,399592,Not provided,BuildwithMaven,BuildwithMaven
21,/home/runner/work/javassist/javassist/target/test-classes/test1/GetThrow2.class,-1,399752,399750,Not provided,BuildwithMaven,BuildwithMaven
22,/home/runner/work/javassist/javassist/target/test-classes/test1/GetThrow1.class,-1,399748,399746,Not provided,BuildwithMaven,BuildwithMaven
23,/home/runner/work/javassist/javassist/target/test-classes/test/javassist/bytecode/analysis/AnalyzerTest$Dummy$A3.class,-1,399728,399726,Not provided,BuildwithMaven,BuildwithMaven
24,/home/runner/work/javassist/javassist/target/test-classes/test/javassist/bytecode/analysis/AnalyzerTest$Dummy$A2.class,-1,399724,399722,Not provided,BuildwithMaven,BuildwithMaven
25,/home/runner/work/javassist/javassist/target/test-classes/test3/NewClass2.class,-1,399700,399698,Not provided,BuildwithMaven,BuildwithMaven
26,/home/runner/work/javassist/javassist/target/test-classes/test/javassist/bytecode/analysis/ErrorFinder.class,-1,399658,399656,Not provided,BuildwithMaven,BuildwithMaven
27,/home/runner/work/javassist/javassist/target/test-classes/test4/GetAllRefInnerTest$2.class,-1,400242,400240,Not provided,BuildwithMaven,BuildwithMaven
28,/home/runner/work/javassist/javassist/target/test-classes/test4/GetAllRefInnerTest$1.class,-1,400238,400236,Not provided,BuildwithMaven,BuildwithMaven
29,/home/runner/work/javassist/javassist/target/test-classes/test4/GetAllRefInnerTest2.class,-1,400234,400232,Not provided,BuildwithMaven,BuildwithMaven
30,/home/runner/work/javassist/javassist/target/test-classes/test4/GetAllRefInnerTest2$1.class,-1,400230,400228,Not provided,BuildwithMaven,BuildwithMaven
31,/home/runner/work/javassist/javassist/target/test-classes/javassist/ClassPoolBench.class,-1,400372,400370,Not provided,BuildwithMaven,BuildwithMaven
32,/home/runner/work/javassist/javassist/target/test-classes/scoped/UnscopedAnnotationUsage.class,-1,400332,400330,Not provided,BuildwithMaven,BuildwithMaven
33,/home/runner/work/javassist/javassist/target/test-classes/scoped/jar1/FullyScopedAnnotationDefaultUsage.class,-1,400328,400326,Not provided,BuildwithMaven,BuildwithMaven
34,/home/runner/work/javassist/javassist/target/test-classes/test1/BenchProceedNew2.class,-1,400053,400051,Not provided,BuildwithMaven,BuildwithMaven
35,/home/runner/work/javassist/javassist/target/test-classes/test3/Visible2.class,-1,400021,400019,Not provided,BuildwithMaven,BuildwithMaven
36,/home/runner/work/javassist/javassist/target/test-classes/test1/BenchProceedNew.class,-1,400061,400059,Not provided,BuildwithMaven,BuildwithMaven
37,/home/runner/work/javassist/javassist/target/test-classes/test1/BenchProceedNew3.class,-1,400057,400055,Not provided,BuildwithMaven,BuildwithMaven
38,/home/runner/work/javassist/javassist/target/test-classes/javassist/compiler/CodeTest.class,-1,400065,400063,Not provided,BuildwithMaven,BuildwithMaven
39,/home/runner/work/javassist/javassist/target/test-classes/test5/JIRA246.class,-1,400172,400170,Not provided,BuildwithMaven,BuildwithMaven
40,/home/runner/work/javassist/javassist/target/test-classes/scoped/UnscopedAnnotationDefaultUsage.class,-1,400089,400087,Not provided,BuildwithMaven,BuildwithMaven
41,/home/runner/work/javassist/javassist/target/test-classes/Readme.txt,-1,396604,396601,Not provided,BuildwithMaven,BuildwithMaven
42,/home/runner/work/javassist/javassist/target/test-classes/test1/RenameClass2.class,-1,398837,398835,Not provided,BuildwithMaven,BuildwithMaven
43,/home/runner/work/javassist/javassist/target/test-classes/test3/NewExprTryCatch2.class,-1,398805,398803,Not provided,BuildwithMaven,BuildwithMaven
44,/home/runner/work/javassist/javassist/target/test-classes/test/javassist/bytecode/analysis/ScannerTest.class,-1,398801,398799,Not provided,BuildwithMaven,BuildwithMaven
45,/home/runner/work/javassist/javassist/target/test-classes/test/javassist/bytecode/analysis/DomTreePrinter.class,-1,399296,399294,Not provided,BuildwithMaven,BuildwithMaven
46,/home/runner/work/javassist/javassist/target/test-classes/scoped/TestAnnotation.class,-1,399256,399254,Not provided,BuildwithMaven,BuildwithMaven
47,/home/runner/work/javassist/javassist/target/test-classes/scoped/jar1/ScopedAnnotationDefaultUsage.class,-1,399252,399250,Not provided,BuildwithMaven,BuildwithMaven
48,/home/runner/work/javassist/javassist/target/test-classes/javassist/JvstTest4$Inner1.class,-1,399438,399436,Not provided,BuildwithMaven,BuildwithMaven
49,/home/runner/work/javassist/javassist/target/test-classes/test5/InnerClassRemove$C.class,-1,399352,399350,Not provided,BuildwithMaven,BuildwithMaven
50,/home/runner/work/javassist/javassist/target/test-classes/test5/InnerClassRemove$B.class,-1,399348,399346,Not provided,BuildwithMaven,BuildwithMaven
51,/home/runner/work/javassist/javassist/target/test-classes/test5/InnerClassRemove$A.class,-1,399344,399342,Not provided,BuildwithMaven,BuildwithMaven
52,/home/runner/work/javassist/javassist/target/test-classes/test3/Enhancer.class,-1,399076,399074,Not provided,BuildwithMaven,BuildwithMaven
53,/home/runner/work/javassist/javassist/target/test-classes/test3/Enhancer$1.class,-1,399068,399066,Not provided,BuildwithMaven,BuildwithMaven
54,/home/runner/work/javassist/javassist/target/test-classes/test3/EnhanceTest.class,-1,399061,399059,Not provided,BuildwithMaven,BuildwithMaven
55,/home/runner/work/javassist/javassist/target/test-classes/javassist/compiler/ParseTest.class,-1,399037,399035,Not provided,BuildwithMaven,BuildwithMaven
56,/home/runner/work/javassist/javassist/target/test-classes/testproxy/Target127.class,-1,398963,398961,Not provided,BuildwithMaven,BuildwithMaven
57,/home/runner/work/javassist/javassist/target/test-classes/testproxy/Target127$RealSub.class,-1,398959,398957,Not provided,BuildwithMaven,BuildwithMaven
58,/home/runner/work/javassist/javassist/target/test-classes/test3/Enhancer$Interceptor.class,-1,399072,399070,Not provided,BuildwithMaven,BuildwithMaven
59,/home/runner/work/javassist/javassist/target/test-classes/test2/ReplaceClassName3.class,-1,399176,399174,Not provided,BuildwithMaven,BuildwithMaven
60,/home/runner/work/javassist/javassist/target/test-classes/test2/ReplaceClassName2.class,-1,399172,399170,Not provided,BuildwithMaven,BuildwithMaven
61,/home/runner/work/javassist/javassist/target/test-classes/test/javassist/convert/InstrumentationTarget$Itr.class,-1,399164,399162,Not provided,BuildwithMaven,BuildwithMaven
62,/home/runner/work/javassist/javassist/target/test-classes/test2/Nested$Inner2.class,-1,399136,399134,Not provided,BuildwithMaven,BuildwithMaven
63,/home/runner/work/javassist/javassist/target/test-classes/testproxy/Target189.class,-1,399128,399126,Not provided,BuildwithMaven,BuildwithMaven
64,/home/runner/work/javassist/javassist/target/test-classes/test1/BenchProceed.class,-1,399100,399098,Not provided,BuildwithMaven,BuildwithMaven
65,/home/runner/work/javassist/javassist/target/test-classes/test1/BenchProceed2.class,-1,399096,399094,Not provided,BuildwithMaven,BuildwithMaven
66,/home/runner/work/javassist/javassist/target/test-classes/test1/BenchStaticMethod.class,-1,399092,399090,Not provided,BuildwithMaven,BuildwithMaven
67,/home/runner/work/javassist/javassist/target/runtest/test1/MySerializableClass.class,-1,403577,403575,Not provided,BuildwithMaven,BuildwithMaven
68,/home/runner/work/javassist/javassist/target/test-classes/javassist/compiler/LexTest.class,-1,401710,401708,Not provided,BuildwithMaven,BuildwithMaven
69,/home/runner/work/javassist/javassist/target/test-classes/scoped/jar1/ScopedAnnotationUsage.class,-1,401706,401704,Not provided,BuildwithMaven,BuildwithMaven
70,/home/runner/work/javassist/javassist/target/runtest/test1/SetName3.class,-1,404248,404246,Not provided,BuildwithMaven,BuildwithMaven
71,/home/runner/work/javassist/javassist/target/runtest/test1/SetName2.class,-1,404244,404242,Not provided,BuildwithMaven,BuildwithMaven
72,/home/runner/work/javassist/javassist/target/runtest/test1/Freeze.class,-1,404195,404193,Not provided,BuildwithMaven,BuildwithMaven
73,/home/runner/work/javassist/javassist/target/runtest/test1/NewInterface2.class,-1,404146,404144,Not provided,BuildwithMaven,BuildwithMaven
74,/home/runner/work/javassist/javassist/target/runtest/test1/NewInterface.class,-1,404142,404140,Not provided,BuildwithMaven,BuildwithMaven
75,/home/runner/work/javassist/javassist/target/test-classes/test5/NestHost$Bar.class,-1,401574,401572,Not provided,BuildwithMaven,BuildwithMaven
76,/home/runner/work/javassist/javassist/target/test-classes/test4/ImportPac.class,-1,401500,401498,Not provided,BuildwithMaven,BuildwithMaven
77,/home/runner/work/javassist/javassist/target/test-classes/javassist/tools/reflect/ClassMetaobjectTest.class,-1,401496,401494,Not provided,BuildwithMaven,BuildwithMaven
78,/home/runner/work/javassist/javassist/target/test-classes/javassist/tools/reflect/Person.class,-1,401480,401478,Not provided,BuildwithMaven,BuildwithMaven
79,/home/runner/work/javassist/javassist/target/test-classes/test1/Point.class,-1,401686,401684,Not provided,BuildwithMaven,BuildwithMaven
80,/home/runner/work/javassist/javassist/target/test-classes/javassist/HotswapTest$Foo.class,-1,401670,401668,Not provided,BuildwithMaven,BuildwithMaven
81,/home/runner/work/javassist/javassist/target/test-classes/test2/StaticArraysMem.class,-1,401650,401648,Not provided,BuildwithMaven,BuildwithMaven
82,/home/runner/work/javassist/javassist/target/runtest/test4/TestDeadcode.class,-1,405779,405777,Not provided,BuildwithMaven,BuildwithMaven
83,/home/runner/work/javassist/javassist/target/runtest/test4/WrittenFile2sub.class,-1,405726,405724,Not provided,BuildwithMaven,BuildwithMaven
84,/home/runner/work/javassist/javassist/target/runtest/test4/AnnoLoad.class,-1,405666,405664,Not provided,BuildwithMaven,BuildwithMaven
85,/home/runner/work/javassist/javassist/target/runtest/test4/AnnoLoadAnno.class,-1,405659,405657,Not provided,BuildwithMaven,BuildwithMaven
86,/home/runner/work/javassist/javassist/target/runtest/test3/StaticFinalField.class,-1,405382,405380,Not provided,BuildwithMaven,BuildwithMaven
87,/home/runner/work/javassist/javassist/target/runtest/test5/NestHost4$InnerClass1$InnerClass5.class,-1,438445,438443,Not provided,BuildwithMaven,BuildwithMaven
88,/home/runner/work/javassist/javassist/target/runtest/test2/NullArgTest.class,-1,404734,404732,Not provided,BuildwithMaven,BuildwithMaven
89,/home/runner/work/javassist/javassist/target/runtest/test2/NewOp.class,-1,404730,404728,Not provided,BuildwithMaven,BuildwithMaven
90,/home/runner/work/javassist/javassist/target/runtest/test2/MethodCall.class,-1,404626,404624,Not provided,BuildwithMaven,BuildwithMaven
91,/home/runner/work/javassist/javassist/target/runtest/test2/Inner.class,-1,404545,404543,Not provided,BuildwithMaven,BuildwithMaven
92,/home/runner/work/javassist/javassist/target/runtest/test2/Inherit.class,-1,404535,404533,Not provided,BuildwithMaven,BuildwithMaven
93,/home/runner/work/javassist/javassist/target/runtest/test3/PublicInner$Inner.class,-1,405034,405032,Not provided,BuildwithMaven,BuildwithMaven
94,/home/runner/work/javassist/javassist/target/runtest/test3/PublicInner.class,-1,405030,405028,Not provided,BuildwithMaven,BuildwithMaven
95,/home/runner/work/javassist/javassist/target/runtest/test2/SuperInterface3.class,-1,404859,404857,Not provided,BuildwithMaven,BuildwithMaven
96,/home/runner/work/javassist/javassist/target/test-classes/test4/JIRA181$B.class,-1,401458,401456,Not provided,BuildwithMaven,BuildwithMaven
97,/home/runner/work/javassist/javassist/target/test-classes/test4/JIRA181$ICondition.class,-1,401454,401452,Not provided,BuildwithMaven,BuildwithMaven
98,/home/runner/work/javassist/javassist/target/test-classes/test3/NestedClass$1.class,-1,400783,400781,Not provided,BuildwithMaven,BuildwithMaven
99,/home/runner/work/javassist/javassist/target/test-classes/test3/NestedClass$StaticNested.class,-1,400779,400777,Not provided,BuildwithMaven,BuildwithMaven
100,/home/runner/work/javassist/javassist/target/test-classes/test3/NestedClass$Inner.class,-1,400775,400773,Not provided,BuildwithMaven,BuildwithMaven
101,/home/runner/work/javassist/javassist/target/test-classes/scoped/ScopedRepositoryTestCase.class,-1,400739,400737,Not provided,BuildwithMaven,BuildwithMaven
102,/home/runner/work/javassist/javassist/target/test-classes/test4/JIRA220intf.class,-1,400716,400714,Not provided,BuildwithMaven,BuildwithMaven
103,/home/runner/work/javassist/javassist/target/test-classes/test4/NestedClass$S.class,-1,400692,400690,Not provided,BuildwithMaven,BuildwithMaven
104,/home/runner/work/javassist/javassist/target/test-classes/test4/NestedClass$S$S2.class,-1,400688,400686,Not provided,BuildwithMaven,BuildwithMaven
105,/home/runner/work/javassist/javassist/target/test-classes/test4/NestedClass$N.class,-1,400684,400682,Not provided,BuildwithMaven,BuildwithMaven
106,/home/runner/work/javassist/javassist/target/test-classes/test3/NestedClass$1Local.class,-1,400787,400785,Not provided,BuildwithMaven,BuildwithMaven
107,/home/runner/work/javassist/javassist/target/test-classes/Test.class,-1,400942,400940,Not provided,BuildwithMaven,BuildwithMaven
108,/home/runner/work/javassist/javassist/target/test-classes/InvalidStackMapFrame.class,-1,400938,400936,Not provided,BuildwithMaven,BuildwithMaven
109,/home/runner/work/javassist/javassist/target/test-classes/test4/Signature$Foo.class,-1,400930,400928,Not provided,BuildwithMaven,BuildwithMaven
110,/home/runner/work/javassist/javassist/target/test-classes/test3/PublicInner2$PS.class,-1,400890,400888,Not provided,BuildwithMaven,BuildwithMaven
111,/home/runner/work/javassist/javassist/target/test-classes/test5/NestHost2$Bar.class,-1,400676,400674,Not provided,BuildwithMaven,BuildwithMaven
112,/home/runner/work/javassist/javassist/target/test-classes/test2/Inner2$Child.class,-1,400664,400662,Not provided,BuildwithMaven,BuildwithMaven
113,/home/runner/work/javassist/javassist/target/test-classes/test5/InnerModifier2.class,-1,400652,400650,Not provided,BuildwithMaven,BuildwithMaven
114,/home/runner/work/javassist/javassist/target/test-classes/test1/StaticField.class,-1,400568,400566,Not provided,BuildwithMaven,BuildwithMaven
115,/home/runner/work/javassist/javassist/target/test-classes/javassist/Bench.class,-1,400612,400610,Not provided,BuildwithMaven,BuildwithMaven
116,/home/runner/work/javassist/javassist/target/test-classes/javassist/Bench$7.class,-1,400608,400606,Not provided,BuildwithMaven,BuildwithMaven
117,/home/runner/work/javassist/javassist/target/test-classes/javassist/Bench$6.class,-1,400604,400602,Not provided,BuildwithMaven,BuildwithMaven
118,/home/runner/work/javassist/javassist/target/test-classes/javassist/Bench$5.class,-1,400600,400598,Not provided,BuildwithMaven,BuildwithMaven
119,/home/runner/work/javassist/javassist/target/test-classes/javassist/Bench$4.class,-1,400596,400594,Not provided,BuildwithMaven,BuildwithMaven
120,/home/runner/work/javassist/javassist/target/test-classes/javassist/Bench$3.class,-1,400592,400590,Not provided,BuildwithMaven,BuildwithMaven
121,/home/runner/work/javassist/javassist/target/test-classes/javassist/Bench$2.class,-1,400588,400586,Not provided,BuildwithMaven,BuildwithMaven
122,/home/runner/work/javassist/javassist/target/test-classes/javassist/Bench$1.class,-1,400584,400582,Not provided,BuildwithMaven,BuildwithMaven
123,/home/runner/work/javassist/javassist/target/test-classes/scoped/jar1/FullyScopedAnnotationUsage.class,-1,400576,400574,Not provided,BuildwithMaven,BuildwithMaven
124,/home/runner/work/javassist/javassist/target/test-classes/Jassist150$1.class,-1,400986,400984,Not provided,BuildwithMaven,BuildwithMaven
125,/home/runner/work/javassist/javassist/target/test-classes/annotation/Tag.class,-1,401332,401330,Not provided,BuildwithMaven,BuildwithMaven
126,/home/runner/work/javassist/javassist/target/test-classes/annotation/EnumTest.class,-1,401328,401326,Not provided,BuildwithMaven,BuildwithMaven
127,/home/runner/work/javassist/javassist/target/test-classes/test5/RemoveAnno2.class,-1,401226,401224,Not provided,BuildwithMaven,BuildwithMaven
128,/home/runner/work/javassist/javassist/target/test-classes/test5/RemoveAnno1.class,-1,401222,401220,Not provided,BuildwithMaven,BuildwithMaven
129,/home/runner/work/javassist/javassist/target/test-classes/scoped/jar1/TestClass1.class,-1,401442,401440,Not provided,BuildwithMaven,BuildwithMaven
130,/home/runner/work/javassist/javassist/target/test-classes/javassist/bytecode/CodeAnalyzerTest.class,-1,401392,401390,Not provided,BuildwithMaven,BuildwithMaven
131,/home/runner/work/javassist/javassist/target/test-classes/test4/GetAllRefAnnoC4.class,-1,401376,401374,Not provided,BuildwithMaven,BuildwithMaven
132,/home/runner/work/javassist/javassist/target/test-classes/test4/GetAllRefAnnoC3.class,-1,401372,401370,Not provided,BuildwithMaven,BuildwithMaven
133,/home/runner/work/javassist/javassist/target/test-classes/test4/GetAllRefAnnoC2.class,-1,401368,401366,Not provided,BuildwithMaven,BuildwithMaven
134,/home/runner/work/javassist/javassist/target/test-classes/test4/GetAllRefAnnoC.class,-1,401364,401362,Not provided,BuildwithMaven,BuildwithMaven
135,/home/runner/work/javassist/javassist/target/test-classes/test4/GetAllRefAnno.class,-1,401360,401358,Not provided,BuildwithMaven,BuildwithMaven
136,/home/runner/work/javassist/javassist/target/test-classes/test4/GetAllRefEnum.class,-1,401356,401354,Not provided,BuildwithMaven,BuildwithMaven
137,/home/runner/work/javassist/javassist/target/test-classes/test3/PackName2.class,-1,401210,401208,Not provided,BuildwithMaven,BuildwithMaven
138,/home/runner/work/javassist/javassist/target/test-classes/Jassist150.class,-1,400990,400988,Not provided,BuildwithMaven,BuildwithMaven
139,/home/runner/work/javassist/javassist/target/test-classes/javassist/ConcurrentClassDefinitionTest.class,-1,401006,401004,Not provided,BuildwithMaven,BuildwithMaven
140,/home/runner/work/javassist/javassist/target/test-classes/javassist/ConcurrentClassDefinitionTest$Worker.class,-1,401002,401000,Not provided,BuildwithMaven,BuildwithMaven
141,/home/runner/work/javassist/javassist/target/test-classes/test/javassist/proxy/ProxySimpleTest$Default4.class,-1,401094,401092,Not provided,BuildwithMaven,BuildwithMaven
142,/home/runner/work/javassist/javassist/target/test-classes/test5/JIRA242.class,-1,401202,401200,Not provided,BuildwithMaven,BuildwithMaven
143,/home/runner/work/javassist/javassist/target/runtest/javassist/bytecode/StackMapTest$C6.class,-1,439170,439168,Not provided,BuildwithMaven,BuildwithMaven
144,/home/runner/work/javassist/javassist/src/test/javassist/bytecode/Gap0Example.class,-1,2472,2470,Not provided,uses-checkout,uses-checkout
145,/home/runner/work/javassist/javassist/src/test/Readme.txt,-1,2379,2377,Not provided,uses-checkout,uses-checkout
146,/home/runner/work/javassist/javassist/target/runtest/javassist/bytecode/Gap0Example2.class,-1,439463,439461,Not provided,BuildwithMaven,BuildwithMaven
147,/home/runner/work/javassist/javassist/target/runtest/reflected/javassist/tools/reflect/SuperClass.class,-1,439506,439504,Not provided,BuildwithMaven,BuildwithMaven
148,/home/runner/work/javassist/javassist/sample/vector/VectorAssistant.java,-1,1346,1344,Not provided,uses-checkout,uses-checkout
149,/home/runner/work/javassist/javassist/sample/vector/Test.j,-1,1342,1340,Not provided,uses-checkout,uses-checkout
150,/home/runner/work/javassist/javassist/sample/rmi/webdemo.html,-1,1329,1327,Not provided,uses-checkout,uses-checkout
151,/home/runner/work/javassist/javassist/sample/vector/Sample2.java,-1,1338,1336,Not provided,uses-checkout,uses-checkout
152,/home/runner/work/javassist/javassist/sample/rmi/start.html,-1,1325,1323,Not provided,uses-checkout,uses-checkout
153,/home/runner/work/javassist/javassist/README.md,-1,1127,1125,Not provided,uses-checkout,uses-checkout
154,/home/runner/work/javassist/javassist/Changes.md,-1,1114,1112,Not provided,uses-checkout,uses-checkout
155,/home/runner/work/javassist/javassist/.gitignore,-1,1110,1108,Not provided,uses-checkout,uses-checkout
156,/home/runner/work/javassist/javassist/.github/workflows/maven.yml,-1,1102,1100,Not provided,uses-checkout,uses-checkout
157,/home/runner/work/javassist/javassist/target/runtest/proxy/test/javassist/proxy/ProxySimpleTest$Default3_$$_jvst655_273d.class,-1,440197,440195,Not provided,BuildwithMaven,BuildwithMaven
158,/home/runner/work/javassist/javassist/Examples.md,-1,1118,1116,Not provided,uses-checkout,uses-checkout
159,/home/runner/work/javassist/javassist/build.xml,-1,1131,1129,Not provided,uses-checkout,uses-checkout
160,/home/runner/work/javassist/javassist/sample/rmi/inside.gif,-1,1321,1319,Not provided,uses-checkout,uses-checkout
161,/home/runner/work/javassist/javassist/sample/rmi/Counter.java,-1,1317,1315,Not provided,uses-checkout,uses-checkout
162,/home/runner/work/javassist/javassist/sample/rmi/CountApplet.java,-1,1313,1311,Not provided,uses-checkout,uses-checkout
163,/home/runner/work/javassist/javassist/sample/reflect/VerboseMetaobj.java,-1,1303,1301,Not provided,uses-checkout,uses-checkout
164,/home/runner/work/javassist/javassist/sample/reflect/Person.java,-1,1299,1297,Not provided,uses-checkout,uses-checkout
165,/home/runner/work/javassist/javassist/sample/preproc/package.html,-1,1289,1287,Not provided,uses-checkout,uses-checkout
166,/home/runner/work/javassist/javassist/sample/preproc/Compiler.java,-1,1285,1283,Not provided,uses-checkout,uses-checkout
167,/home/runner/work/javassist/javassist/target/runtest/testproxy/Target_$$_jvst655_11.class,-1,439733,439731,Not provided,BuildwithMaven,BuildwithMaven
168,/home/runner/work/javassist/javassist/sample/hotswap/Test.java,-1,1270,1268,Not provided,uses-checkout,uses-checkout
169,/home/runner/work/javassist/javassist/sample/evolve/update.html,-1,1262,1260,Not provided,uses-checkout,uses-checkout
170,/home/runner/work/javassist/javassist/sample/evolve/start.html,-1,1258,1256,Not provided,uses-checkout,uses-checkout
171,/home/runner/work/javassist/javassist/target/runtest/proxy/test/javassist/proxy/ProxySimpleTest$Foo_$$_jvst655_2733.class,-1,440011,440009,Not provided,BuildwithMaven,BuildwithMaven
172,/home/runner/work/javassist/javassist/sample/evolve/demo.html,-1,1248,1246,Not provided,uses-checkout,uses-checkout
173,/home/runner/work/javassist/javassist/sample/evolve/WebPage.java,-1,1244,1242,Not provided,uses-checkout,uses-checkout
174,/home/runner/work/javassist/javassist/sample/evolve/VersionManager.java,-1,1240,1238,Not provided,uses-checkout,uses-checkout
175,/home/runner/work/javassist/javassist/sample/evolve/Sample.java,-1,1236,1234,Not provided,uses-checkout,uses-checkout
176,/home/runner/work/javassist/javassist/sample/evolve/Evolution.java,-1,1232,1230,Not provided,uses-checkout,uses-checkout
177,/home/runner/work/javassist/javassist/sample/evolve/DemoServer.java,-1,1228,1226,Not provided,uses-checkout,uses-checkout
178,/home/runner/work/javassist/javassist/sample/evolve/DemoLoader.java,-1,1224,1222,Not provided,uses-checkout,uses-checkout
179,/home/runner/work/javassist/javassist/sample/evolve/CannotUpdateException.java,-1,1220,1218,Not provided,uses-checkout,uses-checkout
180,/home/runner/work/javassist/javassist/target/runtest/proxy/test/javassist/proxy/ProxySimpleTest$PubProxy_$$_jvst655_2734.class,-1,440023,440021,Not provided,BuildwithMaven,BuildwithMaven
181,/home/runner/work/javassist/javassist/sample/duplicate/Viewer.java,-1,1210,1208,Not provided,uses-checkout,uses-checkout
182,/home/runner/work/javassist/javassist/sample/duplicate/Main.java,-1,1206,1204,Not provided,uses-checkout,uses-checkout
183,/home/runner/work/javassist/javassist/sample/duplicate/DuplicatedObject.java,-1,1202,1200,Not provided,uses-checkout,uses-checkout
184,/home/runner/work/javassist/javassist/target/runtest/proxy/test/javassist/proxy/ProxySimpleTest$Default2_$$_jvst655_273b.class,-1,440162,440160,Not provided,BuildwithMaven,BuildwithMaven
185,/home/runner/work/javassist/javassist/target/runtest/proxy/javassist/util/proxy/test_javassist_proxy_ProxySimpleTest$PubProxy2_$$_jvst655_273c.class,-1,440186,440184,Not provided,BuildwithMaven,BuildwithMaven
186,/home/runner/work/javassist/javassist/target/runtest/javassist/bytecode/Gap0Example.class,-1,439456,439454,Not provided,BuildwithMaven,BuildwithMaven
187,/home/runner/work/javassist/javassist/target/runtest/javassist/bytecode/StackMapTest$T8d.class,-1,439417,439415,Not provided,BuildwithMaven,BuildwithMaven
188,/home/runner/work/javassist/javassist/target/runtest/test5/InnerModifier$Static.class,-1,438916,438914,Not provided,BuildwithMaven,BuildwithMaven
189,/home/runner/work/javassist/javassist/target/runtest/test5/InnerModifier$NonStatic.class,-1,438909,438907,Not provided,BuildwithMaven,BuildwithMaven
190,/home/runner/work/javassist/javassist/target/runtest/test5/InnerModifier.class,-1,438920,438918,Not provided,BuildwithMaven,BuildwithMaven
191,/home/runner/work/javassist/javassist/target/runtest/test1/LocalVars2.class,-1,438939,438937,Not provided,BuildwithMaven,BuildwithMaven
192,/home/runner/work/javassist/javassist/tutorial/tutorial3.html,-1,3682,3680,Not provided,uses-checkout,uses-checkout
193,/home/runner/work/javassist/javassist/target/surefire-reports/javassist.JvstTest.txt,-1,440338,-1,Not provided,BuildwithMaven,Not provided
194,/home/runner/work/javassist/javassist/target/runtest/testproxy/BridgeMethod_$$_jvst655_7.class,-1,439610,-1,Not provided,BuildwithMaven,Not provided
195,/home/runner/work/javassist/javassist/target/test-classes/testproxy/sub/TargetSuper.class,-1,401410,-1,Not provided,BuildwithMaven,Not provided
196,/home/runner/work/javassist/javassist/sample/rmi/AlertDialog.java,-1,1309,-1,Not provided,uses-checkout,Not provided
197,/home/runner/work/javassist/javassist/sample/reflect/Main.java,-1,1295,-1,Not provided,uses-checkout,Not provided
198,/home/runner/work/javassist/javassist/sample/preproc/Assistant.java,-1,1281,-1,Not provided,uses-checkout,Not provided
199,/home/runner/work/javassist/javassist/sample/evolve/sample/evolve/WebPage.java,-1,1254,-1,Not provided,uses-checkout,Not provided
200,/home/runner/work/javassist/javassist/sample/evolve/CannotCreateException.java,-1,1216,-1,Not provided,uses-checkout,Not provided
201,/home/runner/work/javassist/javassist/sample/duplicate/Ball.java,-1,1198,-1,Not provided,uses-checkout,Not provided
202,/home/runner/work/javassist/javassist/sample/Test.java,-1,1192,-1,Not provided,uses-checkout,Not provided
203,/home/runner/work/javassist/javassist/target/test-classes/annotation/Id.class,-1,401324,-1,Not provided,BuildwithMaven,Not provided
