,file_name,last_access_index,last_modify_index,creation_index,last_access_step,last_modify_step,creation_step
0,/home/runner/work/javassist/javassist/target/javassist-3.29.2-GA.jar,-1,1003306,979826,Not provided,BuildwithMaven,BuildwithMaven
1,/home/runner/work/javassist/javassist/target/javassist-3.29.2-GA-sources.jar,-1,1011049,1004529,Not provided,BuildwithMaven,BuildwithMaven
2,/home/runner/work/javassist/javassist/target/classes/META-INF/MANIFEST.MF,454469,1004499,393373,BuildwithMaven,BuildwithMaven,BuildwithMaven
3,/home/runner/work/javassist/javassist/target/runtest/test1/AnnoTest.class,-1,452674,452539,Not provided,BuildwithMaven,BuildwithMaven
4,/home/runner/work/javassist/javassist/target/runtest/test-hibernate.class,-1,452969,452871,Not provided,BuildwithMaven,BuildwithMaven
5,/home/runner/work/javassist/javassist/target/runtest/TooManyConstPoolItems.class,-1,452174,452128,Not provided,BuildwithMaven,BuildwithMaven
6,/home/runner/work/javassist/javassist/target/surefire-reports/TEST-javassist.JvstTest.xml,-1,454083,-1,Not provided,BuildwithMaven,Not provided
7,/home/runner/work/javassist/javassist/tutorial/tutorial.html,-1,2712,2708,Not provided,uses-checkout,uses-checkout
8,/home/runner/work/javassist/javassist/target/runtest/test3/Clazz67.class,-1,402865,402861,Not provided,BuildwithMaven,BuildwithMaven
9,/home/runner/work/javassist/javassist/tutorial/tutorial2.html,-1,2718,2714,Not provided,uses-checkout,uses-checkout
10,/home/runner/work/javassist/javassist/target/runtest/test3/JIRA63.class,-1,403063,403054,Not provided,BuildwithMaven,BuildwithMaven
11,/home/runner/work/javassist/javassist/target/maven-status/maven-compiler-plugin/testCompile/default-testCompile/inputFiles.lst,-1,399858,399854,Not provided,BuildwithMaven,BuildwithMaven
12,/home/runner/work/javassist/javassist/target/maven-status/maven-compiler-plugin/compile/default-compile/inputFiles.lst,-1,4880,4876,Not provided,BuildwithMaven,BuildwithMaven
13,/home/runner/work/javassist/javassist/target/maven-status/maven-compiler-plugin/compile/default-compile/createdFiles.lst,-1,4874,4870,Not provided,BuildwithMaven,BuildwithMaven
14,/home/runner/work/javassist/javassist/target/maven-status/maven-compiler-plugin/testCompile/default-testCompile/createdFiles.lst,-1,399852,399848,Not provided,BuildwithMaven,BuildwithMaven
15,/home/runner/work/javassist/javassist/License.html,-1,1188,1185,Not provided,uses-checkout,uses-checkout
16,/home/runner/work/javassist/javassist/target/test-classes/test4/GetAllRefInnerTest$2.class,-1,398170,398168,Not provided,BuildwithMaven,BuildwithMaven
17,/home/runner/work/javassist/javassist/target/test-classes/test4/GetAllRefInnerTest$1.class,-1,398166,398164,Not provided,BuildwithMaven,BuildwithMaven
18,/home/runner/work/javassist/javassist/target/test-classes/test5/JIRA246.class,-1,398100,398098,Not provided,BuildwithMaven,BuildwithMaven
19,/home/runner/work/javassist/javassist/target/test-classes/test4/GetAllRefInnerTest2$1.class,-1,398158,398156,Not provided,BuildwithMaven,BuildwithMaven
20,/home/runner/work/javassist/javassist/target/test-classes/test4/GetAllRefInnerTest2.class,-1,398162,398160,Not provided,BuildwithMaven,BuildwithMaven
21,/home/runner/work/javassist/javassist/target/test-classes/test1/BenchProceedNew3.class,-1,397981,397979,Not provided,BuildwithMaven,BuildwithMaven
22,/home/runner/work/javassist/javassist/target/test-classes/scoped/UnscopedAnnotationDefaultUsage.class,-1,398017,398015,Not provided,BuildwithMaven,BuildwithMaven
23,/home/runner/work/javassist/javassist/target/test-classes/javassist/compiler/CodeTest.class,-1,397993,397991,Not provided,BuildwithMaven,BuildwithMaven
24,/home/runner/work/javassist/javassist/target/test-classes/test1/BenchProceedNew.class,-1,397985,397983,Not provided,BuildwithMaven,BuildwithMaven
25,/home/runner/work/javassist/javassist/target/test-classes/test1/BenchProceedNew2.class,-1,397977,397975,Not provided,BuildwithMaven,BuildwithMaven
26,/home/runner/work/javassist/javassist/target/test-classes/test3/Visible2.class,-1,397949,397947,Not provided,BuildwithMaven,BuildwithMaven
27,/home/runner/work/javassist/javassist/target/test-classes/javassist/Bench$4.class,-1,398528,398526,Not provided,BuildwithMaven,BuildwithMaven
28,/home/runner/work/javassist/javassist/target/test-classes/javassist/Bench$3.class,-1,398524,398522,Not provided,BuildwithMaven,BuildwithMaven
29,/home/runner/work/javassist/javassist/target/test-classes/javassist/Bench$2.class,-1,398520,398518,Not provided,BuildwithMaven,BuildwithMaven
30,/home/runner/work/javassist/javassist/target/test-classes/javassist/Bench$1.class,-1,398516,398514,Not provided,BuildwithMaven,BuildwithMaven
31,/home/runner/work/javassist/javassist/target/test-classes/scoped/jar1/FullyScopedAnnotationUsage.class,-1,398508,398506,Not provided,BuildwithMaven,BuildwithMaven
32,/home/runner/work/javassist/javassist/target/test-classes/test1/StaticField.class,-1,398500,398498,Not provided,BuildwithMaven,BuildwithMaven
33,/home/runner/work/javassist/javassist/target/test-classes/javassist/Bench$5.class,-1,398532,398530,Not provided,BuildwithMaven,BuildwithMaven
34,/home/runner/work/javassist/javassist/target/test-classes/javassist/Bench$6.class,-1,398536,398534,Not provided,BuildwithMaven,BuildwithMaven
35,/home/runner/work/javassist/javassist/target/test-classes/javassist/Bench$7.class,-1,398540,398538,Not provided,BuildwithMaven,BuildwithMaven
36,/home/runner/work/javassist/javassist/target/test-classes/test4/NestedClass$S.class,-1,398628,398626,Not provided,BuildwithMaven,BuildwithMaven
37,/home/runner/work/javassist/javassist/target/test-classes/test4/NestedClass$S$S2.class,-1,398624,398622,Not provided,BuildwithMaven,BuildwithMaven
38,/home/runner/work/javassist/javassist/target/test-classes/test4/NestedClass$N.class,-1,398620,398618,Not provided,BuildwithMaven,BuildwithMaven
39,/home/runner/work/javassist/javassist/target/test-classes/test5/NestHost2$Bar.class,-1,398608,398606,Not provided,BuildwithMaven,BuildwithMaven
40,/home/runner/work/javassist/javassist/target/test-classes/test2/Inner2$Child.class,-1,398596,398594,Not provided,BuildwithMaven,BuildwithMaven
41,/home/runner/work/javassist/javassist/target/test-classes/javassist/Bench.class,-1,398544,398542,Not provided,BuildwithMaven,BuildwithMaven
42,/home/runner/work/javassist/javassist/target/test-classes/test5/InnerModifier2.class,-1,398584,398582,Not provided,BuildwithMaven,BuildwithMaven
43,/home/runner/work/javassist/javassist/target/test-classes/scoped/jar1/ScopedTestAnnotation.class,-1,397804,397802,Not provided,BuildwithMaven,BuildwithMaven
44,/home/runner/work/javassist/javassist/target/test-classes/javassist/ClassPoolBench.class,-1,398302,398300,Not provided,BuildwithMaven,BuildwithMaven
45,/home/runner/work/javassist/javassist/target/test-classes/scoped/jar1/FullyScopedAnnotationDefaultUsage.class,-1,398262,398260,Not provided,BuildwithMaven,BuildwithMaven
46,/home/runner/work/javassist/javassist/target/test-classes/scoped/UnscopedAnnotationUsage.class,-1,398258,398256,Not provided,BuildwithMaven,BuildwithMaven
47,/home/runner/work/javassist/javassist/target/test-classes/test3/InnerClass.class,-1,397800,397798,Not provided,BuildwithMaven,BuildwithMaven
48,/home/runner/work/javassist/javassist/target/test-classes/scoped/TestAnnotation.class,-1,397180,397178,Not provided,BuildwithMaven,BuildwithMaven
49,/home/runner/work/javassist/javassist/target/test-classes/scoped/jar1/ScopedAnnotationDefaultUsage.class,-1,397176,397174,Not provided,BuildwithMaven,BuildwithMaven
50,/home/runner/work/javassist/javassist/target/test-classes/test2/ReplaceClassName3.class,-1,397100,397098,Not provided,BuildwithMaven,BuildwithMaven
51,/home/runner/work/javassist/javassist/target/test-classes/test2/ReplaceClassName2.class,-1,397096,397094,Not provided,BuildwithMaven,BuildwithMaven
52,/home/runner/work/javassist/javassist/target/test-classes/test/javassist/convert/InstrumentationTarget$Itr.class,-1,397088,397086,Not provided,BuildwithMaven,BuildwithMaven
53,/home/runner/work/javassist/javassist/target/test-classes/test5/InnerClassRemove$C.class,-1,397276,397274,Not provided,BuildwithMaven,BuildwithMaven
54,/home/runner/work/javassist/javassist/target/test-classes/test5/InnerClassRemove$B.class,-1,397272,397270,Not provided,BuildwithMaven,BuildwithMaven
55,/home/runner/work/javassist/javassist/target/test-classes/test5/InnerClassRemove$A.class,-1,397268,397266,Not provided,BuildwithMaven,BuildwithMaven
56,/home/runner/work/javassist/javassist/target/test-classes/test/javassist/bytecode/analysis/DomTreePrinter.class,-1,397220,397218,Not provided,BuildwithMaven,BuildwithMaven
57,/home/runner/work/javassist/javassist/target/test-classes/javassist/compiler/ParseTest.class,-1,396961,396959,Not provided,BuildwithMaven,BuildwithMaven
58,/home/runner/work/javassist/javassist/target/test-classes/testproxy/Target127.class,-1,396887,396885,Not provided,BuildwithMaven,BuildwithMaven
59,/home/runner/work/javassist/javassist/target/test-classes/testproxy/Target127$RealSub.class,-1,396883,396881,Not provided,BuildwithMaven,BuildwithMaven
60,/home/runner/work/javassist/javassist/target/test-classes/test2/Nested$Inner2.class,-1,397060,397058,Not provided,BuildwithMaven,BuildwithMaven
61,/home/runner/work/javassist/javassist/target/test-classes/testproxy/Target189.class,-1,397052,397050,Not provided,BuildwithMaven,BuildwithMaven
62,/home/runner/work/javassist/javassist/target/test-classes/test1/BenchProceed.class,-1,397024,397022,Not provided,BuildwithMaven,BuildwithMaven
63,/home/runner/work/javassist/javassist/target/test-classes/test1/BenchProceed2.class,-1,397020,397018,Not provided,BuildwithMaven,BuildwithMaven
64,/home/runner/work/javassist/javassist/target/test-classes/test1/BenchStaticMethod.class,-1,397016,397014,Not provided,BuildwithMaven,BuildwithMaven
65,/home/runner/work/javassist/javassist/target/test-classes/test3/Enhancer.class,-1,397000,396998,Not provided,BuildwithMaven,BuildwithMaven
66,/home/runner/work/javassist/javassist/target/test-classes/test3/Enhancer$Interceptor.class,-1,396996,396994,Not provided,BuildwithMaven,BuildwithMaven
67,/home/runner/work/javassist/javassist/target/test-classes/test3/Enhancer$1.class,-1,396992,396990,Not provided,BuildwithMaven,BuildwithMaven
68,/home/runner/work/javassist/javassist/target/test-classes/test3/EnhanceTest.class,-1,396985,396983,Not provided,BuildwithMaven,BuildwithMaven
69,/home/runner/work/javassist/javassist/target/test-classes/test3/NewClass2.class,-1,397628,397626,Not provided,BuildwithMaven,BuildwithMaven
70,/home/runner/work/javassist/javassist/target/test-classes/test/javassist/bytecode/analysis/AnalyzerTest$Dummy$A3.class,-1,397648,397646,Not provided,BuildwithMaven,BuildwithMaven
71,/home/runner/work/javassist/javassist/target/test-classes/test/javassist/bytecode/analysis/AnalyzerTest$Dummy$A2.class,-1,397644,397642,Not provided,BuildwithMaven,BuildwithMaven
72,/home/runner/work/javassist/javassist/target/test-classes/test/javassist/bytecode/analysis/ErrorFinder.class,-1,397584,397582,Not provided,BuildwithMaven,BuildwithMaven
73,/home/runner/work/javassist/javassist/target/test-classes/test1/GetThrow1.class,-1,397676,397674,Not provided,BuildwithMaven,BuildwithMaven
74,/home/runner/work/javassist/javassist/target/test-classes/test1/GetThrow2.class,-1,397680,397678,Not provided,BuildwithMaven,BuildwithMaven
75,/home/runner/work/javassist/javassist/target/test-classes/VisibleTop2.class,-1,397720,397718,Not provided,BuildwithMaven,BuildwithMaven
76,/home/runner/work/javassist/javassist/target/test-classes/javassist/JvstTest4$Inner1.class,-1,397358,397356,Not provided,BuildwithMaven,BuildwithMaven
77,/home/runner/work/javassist/javassist/target/test-classes/javassist/bytecode/StackMapTest$T8dd.class,-1,397520,397518,Not provided,BuildwithMaven,BuildwithMaven
78,/home/runner/work/javassist/javassist/target/test-classes/javassist/bytecode/StackMapTest$I8d.class,-1,397516,397514,Not provided,BuildwithMaven,BuildwithMaven
79,/home/runner/work/javassist/javassist/target/test-classes/test3/NestedClass$1Local.class,-1,398719,398717,Not provided,BuildwithMaven,BuildwithMaven
80,/home/runner/work/javassist/javassist/target/runtest/test1/SetName3.class,-1,401900,401898,Not provided,BuildwithMaven,BuildwithMaven
81,/home/runner/work/javassist/javassist/target/runtest/test1/SetName2.class,-1,401896,401894,Not provided,BuildwithMaven,BuildwithMaven
82,/home/runner/work/javassist/javassist/target/runtest/test1/Freeze.class,-1,401847,401845,Not provided,BuildwithMaven,BuildwithMaven
83,/home/runner/work/javassist/javassist/target/runtest/test1/NewInterface2.class,-1,401800,401798,Not provided,BuildwithMaven,BuildwithMaven
84,/home/runner/work/javassist/javassist/target/runtest/test1/NewInterface.class,-1,401796,401794,Not provided,BuildwithMaven,BuildwithMaven
85,/home/runner/work/javassist/javassist/target/runtest/test2/NullArgTest.class,-1,402378,402376,Not provided,BuildwithMaven,BuildwithMaven
86,/home/runner/work/javassist/javassist/target/runtest/test2/NewOp.class,-1,402374,402372,Not provided,BuildwithMaven,BuildwithMaven
87,/home/runner/work/javassist/javassist/target/runtest/test2/MethodCall.class,-1,402271,402269,Not provided,BuildwithMaven,BuildwithMaven
88,/home/runner/work/javassist/javassist/target/runtest/test2/Inner.class,-1,402194,402192,Not provided,BuildwithMaven,BuildwithMaven
89,/home/runner/work/javassist/javassist/target/runtest/test2/Inherit.class,-1,402184,402182,Not provided,BuildwithMaven,BuildwithMaven
90,/home/runner/work/javassist/javassist/target/test-classes/javassist/compiler/LexTest.class,-1,399646,399644,Not provided,BuildwithMaven,BuildwithMaven
91,/home/runner/work/javassist/javassist/target/test-classes/scoped/jar1/ScopedAnnotationUsage.class,-1,399642,399640,Not provided,BuildwithMaven,BuildwithMaven
92,/home/runner/work/javassist/javassist/target/test-classes/test1/Point.class,-1,399622,399620,Not provided,BuildwithMaven,BuildwithMaven
93,/home/runner/work/javassist/javassist/target/test-classes/javassist/HotswapTest$Foo.class,-1,399606,399604,Not provided,BuildwithMaven,BuildwithMaven
94,/home/runner/work/javassist/javassist/target/test-classes/test2/StaticArraysMem.class,-1,399598,399596,Not provided,BuildwithMaven,BuildwithMaven
95,/home/runner/work/javassist/javassist/target/runtest/test1/MySerializableClass.class,-1,401283,401281,Not provided,BuildwithMaven,BuildwithMaven
96,/home/runner/work/javassist/javassist/target/runtest/test5/NestHost4$InnerClass1$InnerClass5.class,-1,452042,452040,Not provided,BuildwithMaven,BuildwithMaven
97,/home/runner/work/javassist/javassist/target/runtest/test1/LocalVars2.class,-1,452535,452533,Not provided,BuildwithMaven,BuildwithMaven
98,/home/runner/work/javassist/javassist/target/runtest/test5/InnerModifier.class,-1,452516,452514,Not provided,BuildwithMaven,BuildwithMaven
99,/home/runner/work/javassist/javassist/target/runtest/test5/InnerModifier$Static.class,-1,452512,452510,Not provided,BuildwithMaven,BuildwithMaven
100,/home/runner/work/javassist/javassist/target/runtest/test5/InnerModifier$NonStatic.class,-1,452505,452503,Not provided,BuildwithMaven,BuildwithMaven
101,/home/runner/work/javassist/javassist/target/runtest/test3/PublicInner$Inner.class,-1,402670,402668,Not provided,BuildwithMaven,BuildwithMaven
102,/home/runner/work/javassist/javassist/target/runtest/test3/PublicInner.class,-1,402666,402664,Not provided,BuildwithMaven,BuildwithMaven
103,/home/runner/work/javassist/javassist/target/runtest/test2/SuperInterface3.class,-1,402503,402501,Not provided,BuildwithMaven,BuildwithMaven
104,/home/runner/work/javassist/javassist/target/runtest/test4/TestDeadcode.class,-1,403436,403434,Not provided,BuildwithMaven,BuildwithMaven
105,/home/runner/work/javassist/javassist/target/runtest/test4/WrittenFile2sub.class,-1,403371,403369,Not provided,BuildwithMaven,BuildwithMaven
106,/home/runner/work/javassist/javassist/target/runtest/test4/AnnoLoad.class,-1,403298,403296,Not provided,BuildwithMaven,BuildwithMaven
107,/home/runner/work/javassist/javassist/target/runtest/test4/AnnoLoadAnno.class,-1,403291,403289,Not provided,BuildwithMaven,BuildwithMaven
108,/home/runner/work/javassist/javassist/target/runtest/test3/StaticFinalField.class,-1,402993,402991,Not provided,BuildwithMaven,BuildwithMaven
109,/home/runner/work/javassist/javassist/target/test-classes/test4/JIRA220intf.class,-1,398648,398646,Not provided,BuildwithMaven,BuildwithMaven
110,/home/runner/work/javassist/javassist/target/test-classes/test/javassist/proxy/ProxySimpleTest$Default4.class,-1,399026,399024,Not provided,BuildwithMaven,BuildwithMaven
111,/home/runner/work/javassist/javassist/target/test-classes/javassist/ConcurrentClassDefinitionTest.class,-1,398938,398936,Not provided,BuildwithMaven,BuildwithMaven
112,/home/runner/work/javassist/javassist/target/test-classes/javassist/ConcurrentClassDefinitionTest$Worker.class,-1,398934,398932,Not provided,BuildwithMaven,BuildwithMaven
113,/home/runner/work/javassist/javassist/target/test-classes/Jassist150.class,-1,398922,398920,Not provided,BuildwithMaven,BuildwithMaven
114,/home/runner/work/javassist/javassist/target/test-classes/test3/NestedClass$1.class,-1,398715,398713,Not provided,BuildwithMaven,BuildwithMaven
115,/home/runner/work/javassist/javassist/target/test-classes/test3/NestedClass$StaticNested.class,-1,398711,398709,Not provided,BuildwithMaven,BuildwithMaven
116,/home/runner/work/javassist/javassist/target/test-classes/test3/NestedClass$Inner.class,-1,398707,398705,Not provided,BuildwithMaven,BuildwithMaven
117,/home/runner/work/javassist/javassist/target/test-classes/Jassist150$1.class,-1,398918,398916,Not provided,BuildwithMaven,BuildwithMaven
118,/home/runner/work/javassist/javassist/target/test-classes/scoped/ScopedRepositoryTestCase.class,-1,398671,398669,Not provided,BuildwithMaven,BuildwithMaven
119,/home/runner/work/javassist/javassist/target/test-classes/test3/PublicInner2$PS.class,-1,398822,398820,Not provided,BuildwithMaven,BuildwithMaven
120,/home/runner/work/javassist/javassist/target/test-classes/Test.class,-1,398874,398872,Not provided,BuildwithMaven,BuildwithMaven
121,/home/runner/work/javassist/javassist/target/test-classes/InvalidStackMapFrame.class,-1,398870,398868,Not provided,BuildwithMaven,BuildwithMaven
122,/home/runner/work/javassist/javassist/target/test-classes/test4/Signature$Foo.class,-1,398862,398860,Not provided,BuildwithMaven,BuildwithMaven
123,/home/runner/work/javassist/javassist/target/test-classes/test5/JIRA242.class,-1,399134,399132,Not provided,BuildwithMaven,BuildwithMaven
124,/home/runner/work/javassist/javassist/target/test-classes/javassist/tools/reflect/Person.class,-1,399416,399414,Not provided,BuildwithMaven,BuildwithMaven
125,/home/runner/work/javassist/javassist/target/test-classes/test4/ImportPac.class,-1,399436,399434,Not provided,BuildwithMaven,BuildwithMaven
126,/home/runner/work/javassist/javassist/target/test-classes/javassist/tools/reflect/ClassMetaobjectTest.class,-1,399432,399430,Not provided,BuildwithMaven,BuildwithMaven
127,/home/runner/work/javassist/javassist/target/test-classes/test4/JIRA181$B.class,-1,399402,399400,Not provided,BuildwithMaven,BuildwithMaven
128,/home/runner/work/javassist/javassist/target/test-classes/test4/JIRA181$ICondition.class,-1,399398,399396,Not provided,BuildwithMaven,BuildwithMaven
129,/home/runner/work/javassist/javassist/target/test-classes/scoped/jar1/TestClass1.class,-1,399378,399376,Not provided,BuildwithMaven,BuildwithMaven
130,/home/runner/work/javassist/javassist/target/test-classes/test5/NestHost$Bar.class,-1,399510,399508,Not provided,BuildwithMaven,BuildwithMaven
131,/home/runner/work/javassist/javassist/target/test-classes/test3/PackName2.class,-1,399138,399136,Not provided,BuildwithMaven,BuildwithMaven
132,/home/runner/work/javassist/javassist/target/test-classes/test5/RemoveAnno2.class,-1,399158,399156,Not provided,BuildwithMaven,BuildwithMaven
133,/home/runner/work/javassist/javassist/target/test-classes/test5/RemoveAnno1.class,-1,399154,399152,Not provided,BuildwithMaven,BuildwithMaven
134,/home/runner/work/javassist/javassist/target/test-classes/annotation/Id.class,-1,399258,399256,Not provided,BuildwithMaven,BuildwithMaven
135,/home/runner/work/javassist/javassist/target/test-classes/testproxy/sub/TargetSuper.class,-1,399346,399344,Not provided,BuildwithMaven,BuildwithMaven
136,/home/runner/work/javassist/javassist/target/test-classes/javassist/bytecode/CodeAnalyzerTest.class,-1,399326,399324,Not provided,BuildwithMaven,BuildwithMaven
137,/home/runner/work/javassist/javassist/target/test-classes/test4/GetAllRefAnnoC4.class,-1,399310,399308,Not provided,BuildwithMaven,BuildwithMaven
138,/home/runner/work/javassist/javassist/target/test-classes/test4/GetAllRefAnnoC3.class,-1,399306,399304,Not provided,BuildwithMaven,BuildwithMaven
139,/home/runner/work/javassist/javassist/target/test-classes/test4/GetAllRefAnnoC2.class,-1,399302,399300,Not provided,BuildwithMaven,BuildwithMaven
140,/home/runner/work/javassist/javassist/target/test-classes/test4/GetAllRefAnnoC.class,-1,399298,399296,Not provided,BuildwithMaven,BuildwithMaven
141,/home/runner/work/javassist/javassist/target/test-classes/test4/GetAllRefAnno.class,-1,399294,399292,Not provided,BuildwithMaven,BuildwithMaven
142,/home/runner/work/javassist/javassist/target/test-classes/test4/GetAllRefEnum.class,-1,399290,399288,Not provided,BuildwithMaven,BuildwithMaven
143,/home/runner/work/javassist/javassist/target/test-classes/annotation/Tag.class,-1,399266,399264,Not provided,BuildwithMaven,BuildwithMaven
144,/home/runner/work/javassist/javassist/target/test-classes/annotation/EnumTest.class,-1,399262,399260,Not provided,BuildwithMaven,BuildwithMaven
145,/home/runner/work/javassist/javassist/tutorial/tutorial3.html,-1,2722,2720,Not provided,uses-checkout,uses-checkout
146,/home/runner/work/javassist/javassist/target/runtest/reflected/javassist/tools/reflect/SuperClass.class,-1,453269,453267,Not provided,BuildwithMaven,BuildwithMaven
147,/home/runner/work/javassist/javassist/target/runtest/testproxy/BridgeMethod_$$_jvst655_7.class,-1,453384,453382,Not provided,BuildwithMaven,BuildwithMaven
148,/home/runner/work/javassist/javassist/src/test/javassist/bytecode/Gap0Example.class,-1,1515,1513,Not provided,uses-checkout,uses-checkout
149,/home/runner/work/javassist/javassist/src/test/Readme.txt,-1,1423,1421,Not provided,uses-checkout,uses-checkout
150,/home/runner/work/javassist/javassist/sample/vector/VectorAssistant.java,-1,1409,1407,Not provided,uses-checkout,uses-checkout
151,/home/runner/work/javassist/javassist/sample/vector/Test.j,-1,1405,1403,Not provided,uses-checkout,uses-checkout
152,/home/runner/work/javassist/javassist/sample/vector/Sample2.java,-1,1401,1399,Not provided,uses-checkout,uses-checkout
153,/home/runner/work/javassist/javassist/sample/rmi/webdemo.html,-1,1392,1390,Not provided,uses-checkout,uses-checkout
154,/home/runner/work/javassist/javassist/sample/rmi/start.html,-1,1388,1386,Not provided,uses-checkout,uses-checkout
155,/home/runner/work/javassist/javassist/sample/rmi/inside.gif,-1,1384,1382,Not provided,uses-checkout,uses-checkout
156,/home/runner/work/javassist/javassist/sample/rmi/Counter.java,-1,1380,1378,Not provided,uses-checkout,uses-checkout
157,/home/runner/work/javassist/javassist/sample/rmi/CountApplet.java,-1,1376,1374,Not provided,uses-checkout,uses-checkout
158,/home/runner/work/javassist/javassist/sample/reflect/VerboseMetaobj.java,-1,1366,1364,Not provided,uses-checkout,uses-checkout
159,/home/runner/work/javassist/javassist/target/runtest/javassist/bytecode/StackMapTest$T8d.class,-1,453164,453162,Not provided,BuildwithMaven,BuildwithMaven
160,/home/runner/work/javassist/javassist/target/runtest/javassist/bytecode/Gap0Example.class,-1,453203,453201,Not provided,BuildwithMaven,BuildwithMaven
161,/home/runner/work/javassist/javassist/target/runtest/javassist/bytecode/Gap0Example2.class,-1,453210,453208,Not provided,BuildwithMaven,BuildwithMaven
162,/home/runner/work/javassist/javassist/target/runtest/testproxy/Target_$$_jvst655_11.class,-1,453539,453537,Not provided,BuildwithMaven,BuildwithMaven
163,/home/runner/work/javassist/javassist/sample/reflect/Person.java,-1,1362,1360,Not provided,uses-checkout,uses-checkout
164,/home/runner/work/javassist/javassist/target/runtest/proxy/test/javassist/proxy/ProxySimpleTest$Default3_$$_jvst655_273d.class,-1,453944,453942,Not provided,BuildwithMaven,BuildwithMaven
165,/home/runner/work/javassist/javassist/.github/workflows/maven.yml,-1,1167,1165,Not provided,uses-checkout,uses-checkout
166,/home/runner/work/javassist/javassist/sample/preproc/package.html,-1,1352,1350,Not provided,uses-checkout,uses-checkout
167,/home/runner/work/javassist/javassist/sample/evolve/Evolution.java,-1,1295,1293,Not provided,uses-checkout,uses-checkout
168,/home/runner/work/javassist/javassist/sample/preproc/Compiler.java,-1,1348,1346,Not provided,uses-checkout,uses-checkout
169,/home/runner/work/javassist/javassist/target/runtest/proxy/test/javassist/proxy/ProxySimpleTest$PubProxy_$$_jvst655_2734.class,-1,453810,453808,Not provided,BuildwithMaven,BuildwithMaven
170,/home/runner/work/javassist/javassist/sample/hotswap/Test.java,-1,1334,1332,Not provided,uses-checkout,uses-checkout
171,/home/runner/work/javassist/javassist/sample/evolve/update.html,-1,1325,1323,Not provided,uses-checkout,uses-checkout
172,/home/runner/work/javassist/javassist/sample/evolve/start.html,-1,1321,1319,Not provided,uses-checkout,uses-checkout
173,/home/runner/work/javassist/javassist/target/runtest/proxy/test/javassist/proxy/ProxySimpleTest$Default2_$$_jvst655_273b.class,-1,453920,453918,Not provided,BuildwithMaven,BuildwithMaven
174,/home/runner/work/javassist/javassist/sample/evolve/demo.html,-1,1311,1309,Not provided,uses-checkout,uses-checkout
175,/home/runner/work/javassist/javassist/sample/evolve/WebPage.java,-1,1307,1305,Not provided,uses-checkout,uses-checkout
176,/home/runner/work/javassist/javassist/sample/evolve/VersionManager.java,-1,1303,1301,Not provided,uses-checkout,uses-checkout
177,/home/runner/work/javassist/javassist/sample/evolve/Sample.java,-1,1299,1297,Not provided,uses-checkout,uses-checkout
178,/home/runner/work/javassist/javassist/sample/evolve/DemoServer.java,-1,1291,1289,Not provided,uses-checkout,uses-checkout
179,/home/runner/work/javassist/javassist/.gitignore,-1,1175,1173,Not provided,uses-checkout,uses-checkout
180,/home/runner/work/javassist/javassist/sample/evolve/DemoLoader.java,-1,1287,1285,Not provided,uses-checkout,uses-checkout
181,/home/runner/work/javassist/javassist/sample/evolve/CannotUpdateException.java,-1,1283,1281,Not provided,uses-checkout,uses-checkout
182,/home/runner/work/javassist/javassist/sample/duplicate/Viewer.java,-1,1274,1272,Not provided,uses-checkout,uses-checkout
183,/home/runner/work/javassist/javassist/sample/duplicate/Main.java,-1,1270,1268,Not provided,uses-checkout,uses-checkout
184,/home/runner/work/javassist/javassist/sample/duplicate/DuplicatedObject.java,-1,1266,1264,Not provided,uses-checkout,uses-checkout
185,/home/runner/work/javassist/javassist/build.xml,-1,1196,1194,Not provided,uses-checkout,uses-checkout
186,/home/runner/work/javassist/javassist/README.md,-1,1192,1190,Not provided,uses-checkout,uses-checkout
187,/home/runner/work/javassist/javassist/Examples.md,-1,1183,1181,Not provided,uses-checkout,uses-checkout
188,/home/runner/work/javassist/javassist/Changes.md,-1,1179,1177,Not provided,uses-checkout,uses-checkout
189,/home/runner/work/javassist/javassist/target/runtest/javassist/bytecode/StackMapTest$C6.class,-1,452869,452867,Not provided,BuildwithMaven,BuildwithMaven
190,/home/runner/work/javassist/javassist/target/test-classes/Readme.txt,-1,394526,394523,Not provided,BuildwithMaven,BuildwithMaven
191,/home/runner/work/javassist/javassist/target/test-classes/test1/RenameClass2.class,-1,396745,396743,Not provided,BuildwithMaven,BuildwithMaven
192,/home/runner/work/javassist/javassist/target/test-classes/test3/NewExprTryCatch2.class,-1,396729,396727,Not provided,BuildwithMaven,BuildwithMaven
193,/home/runner/work/javassist/javassist/target/test-classes/test/javassist/bytecode/analysis/ScannerTest.class,-1,396725,396723,Not provided,BuildwithMaven,BuildwithMaven
194,/home/runner/work/javassist/javassist/target/runtest/proxy/javassist/util/proxy/test_javassist_proxy_ProxySimpleTest$PubProxy2_$$_jvst655_273c.class,-1,453934,-1,Not provided,BuildwithMaven,Not provided
195,/home/runner/work/javassist/javassist/target/runtest/proxy/test/javassist/proxy/ProxySimpleTest$Foo_$$_jvst655_2733.class,-1,453800,-1,Not provided,BuildwithMaven,Not provided
196,/home/runner/work/javassist/javassist/sample/Test.java,-1,1258,-1,Not provided,uses-checkout,Not provided
197,/home/runner/work/javassist/javassist/sample/evolve/sample/evolve/WebPage.java,-1,1317,-1,Not provided,uses-checkout,Not provided
198,/home/runner/work/javassist/javassist/sample/preproc/Assistant.java,-1,1344,-1,Not provided,uses-checkout,Not provided
199,/home/runner/work/javassist/javassist/sample/reflect/Main.java,-1,1358,-1,Not provided,uses-checkout,Not provided
200,/home/runner/work/javassist/javassist/sample/rmi/AlertDialog.java,-1,1372,-1,Not provided,uses-checkout,Not provided
