,file_name
189,/home/runner/work/javassist/javassist/sample/vector/Sample.java
190,/home/runner/work/javassist/javassist/sample/rmi/AlertDialog.java
191,/home/runner/work/javassist/javassist/sample/reflect/Main.java
192,/home/runner/work/javassist/javassist/sample/preproc/Assistant.java
193,/home/runner/work/javassist/javassist/sample/hotswap/HelloWorld.java
194,/home/runner/work/javassist/javassist/sample/evolve/CannotCreateException.java
195,/home/runner/work/javassist/javassist/sample/duplicate/DuplicatedObject.java
196,/home/runner/work/javassist/javassist/sample/Test.java
197,/home/runner/work/javassist/javassist/.github/workflows/maven.yml
