,file_name
184,/home/runner/work/javassist/javassist/sample/vector/Sample.java
185,/home/runner/work/javassist/javassist/sample/rmi/AlertDialog.java
186,/home/runner/work/javassist/javassist/sample/reflect/Main.java
187,/home/runner/work/javassist/javassist/sample/preproc/Assistant.java
188,/home/runner/work/javassist/javassist/sample/hotswap/HelloWorld.java
189,/home/runner/work/javassist/javassist/sample/evolve/update.html
190,/home/runner/work/javassist/javassist/sample/duplicate/Ball.java
191,/home/runner/work/javassist/javassist/sample/Test.java
194,/home/runner/work/javassist/javassist/tutorial/brown.css
