,file_name
13,/home/runner/work/javassist/javassist/License.html
139,/home/runner/work/javassist/javassist/sample/vector/VectorAssistant.java
140,/home/runner/work/javassist/javassist/sample/vector/Test.j
141,/home/runner/work/javassist/javassist/sample/vector/Sample2.java
143,/home/runner/work/javassist/javassist/sample/rmi/webdemo.html
144,/home/runner/work/javassist/javassist/sample/rmi/start.html
145,/home/runner/work/javassist/javassist/sample/rmi/inside.gif
146,/home/runner/work/javassist/javassist/sample/rmi/Counter.java
147,/home/runner/work/javassist/javassist/sample/rmi/CountApplet.java
149,/home/runner/work/javassist/javassist/sample/reflect/VerboseMetaobj.java
150,/home/runner/work/javassist/javassist/sample/reflect/Person.java
151,/home/runner/work/javassist/javassist/sample/preproc/package.html
152,/home/runner/work/javassist/javassist/sample/preproc/Compiler.java
154,/home/runner/work/javassist/javassist/sample/hotswap/Test.java
156,/home/runner/work/javassist/javassist/.github/workflows/maven.yml
157,/home/runner/work/javassist/javassist/sample/evolve/CannotUpdateException.java
158,/home/runner/work/javassist/javassist/sample/evolve/update.html
159,/home/runner/work/javassist/javassist/sample/evolve/start.html
160,/home/runner/work/javassist/javassist/sample/evolve/demo.html
161,/home/runner/work/javassist/javassist/sample/evolve/WebPage.java
162,/home/runner/work/javassist/javassist/sample/evolve/VersionManager.java
163,/home/runner/work/javassist/javassist/sample/evolve/Sample.java
164,/home/runner/work/javassist/javassist/sample/evolve/Evolution.java
165,/home/runner/work/javassist/javassist/sample/evolve/DemoServer.java
166,/home/runner/work/javassist/javassist/sample/evolve/DemoLoader.java
168,/home/runner/work/javassist/javassist/.gitignore
169,/home/runner/work/javassist/javassist/sample/duplicate/Viewer.java
170,/home/runner/work/javassist/javassist/sample/duplicate/Main.java
171,/home/runner/work/javassist/javassist/sample/duplicate/DuplicatedObject.java
173,/home/runner/work/javassist/javassist/build.xml
174,/home/runner/work/javassist/javassist/README.md
175,/home/runner/work/javassist/javassist/Examples.md
176,/home/runner/work/javassist/javassist/Changes.md
