,file_name
7,/home/runner/work/javassist/javassist/tutorial/tutorial.html
8,/home/runner/work/javassist/javassist/tutorial/tutorial2.html
14,/home/runner/work/javassist/javassist/License.html
144,/home/runner/work/javassist/javassist/src/test/javassist/bytecode/Gap0Example.class
146,/home/runner/work/javassist/javassist/src/test/Readme.txt
148,/home/runner/work/javassist/javassist/sample/vector/VectorAssistant.java
149,/home/runner/work/javassist/javassist/sample/vector/Test.j
150,/home/runner/work/javassist/javassist/sample/vector/Sample2.java
151,/home/runner/work/javassist/javassist/sample/rmi/webdemo.html
152,/home/runner/work/javassist/javassist/sample/rmi/inside.gif
154,/home/runner/work/javassist/javassist/sample/rmi/start.html
155,/home/runner/work/javassist/javassist/sample/rmi/Counter.java
156,/home/runner/work/javassist/javassist/Changes.md
157,/home/runner/work/javassist/javassist/.github/workflows/maven.yml
160,/home/runner/work/javassist/javassist/.gitignore
161,/home/runner/work/javassist/javassist/Examples.md
162,/home/runner/work/javassist/javassist/sample/rmi/CountApplet.java
163,/home/runner/work/javassist/javassist/README.md
165,/home/runner/work/javassist/javassist/sample/reflect/VerboseMetaobj.java
166,/home/runner/work/javassist/javassist/sample/reflect/Person.java
167,/home/runner/work/javassist/javassist/sample/preproc/package.html
168,/home/runner/work/javassist/javassist/sample/preproc/Compiler.java
170,/home/runner/work/javassist/javassist/sample/hotswap/Test.java
171,/home/runner/work/javassist/javassist/sample/evolve/update.html
172,/home/runner/work/javassist/javassist/sample/evolve/start.html
173,/home/runner/work/javassist/javassist/sample/evolve/demo.html
174,/home/runner/work/javassist/javassist/sample/evolve/WebPage.java
175,/home/runner/work/javassist/javassist/sample/evolve/VersionManager.java
176,/home/runner/work/javassist/javassist/sample/evolve/Sample.java
177,/home/runner/work/javassist/javassist/sample/evolve/Evolution.java
178,/home/runner/work/javassist/javassist/sample/evolve/DemoServer.java
179,/home/runner/work/javassist/javassist/sample/evolve/DemoLoader.java
180,/home/runner/work/javassist/javassist/sample/evolve/CannotUpdateException.java
182,/home/runner/work/javassist/javassist/sample/duplicate/Viewer.java
183,/home/runner/work/javassist/javassist/sample/duplicate/Main.java
184,/home/runner/work/javassist/javassist/sample/duplicate/DuplicatedObject.java
187,/home/runner/work/javassist/javassist/build.xml
193,/home/runner/work/javassist/javassist/tutorial/tutorial3.html
