,file_name
141,/home/runner/work/javassist/javassist/src/test/javassist/bytecode/Gap0Example.class
142,/home/runner/work/javassist/javassist/src/test/Readme.txt
145,/home/runner/work/javassist/javassist/Examples.md
146,/home/runner/work/javassist/javassist/Changes.md
147,/home/runner/work/javassist/javassist/.gitignore
149,/home/runner/work/javassist/javassist/License.html
150,/home/runner/work/javassist/javassist/README.md
151,/home/runner/work/javassist/javassist/build.xml
152,/home/runner/work/javassist/javassist/sample/rmi/start.html
153,/home/runner/work/javassist/javassist/sample/vector/VectorAssistant.java
154,/home/runner/work/javassist/javassist/sample/vector/Test.j
155,/home/runner/work/javassist/javassist/sample/vector/Sample2.java
157,/home/runner/work/javassist/javassist/sample/rmi/webdemo.html
158,/home/runner/work/javassist/javassist/sample/rmi/inside.gif
159,/home/runner/work/javassist/javassist/sample/rmi/Counter.java
160,/home/runner/work/javassist/javassist/sample/rmi/CountApplet.java
161,/home/runner/work/javassist/javassist/sample/reflect/VerboseMetaobj.java
162,/home/runner/work/javassist/javassist/sample/reflect/Person.java
164,/home/runner/work/javassist/javassist/sample/preproc/package.html
165,/home/runner/work/javassist/javassist/sample/preproc/Compiler.java
167,/home/runner/work/javassist/javassist/sample/hotswap/Test.java
168,/home/runner/work/javassist/javassist/sample/evolve/update.html
