,file_name
9,/home/runner/work/javassist/javassist/tutorial/tutorial2.html
10,/home/runner/work/javassist/javassist/tutorial/tutorial.html
15,/home/runner/work/javassist/javassist/License.html
146,/home/runner/work/javassist/javassist/tutorial/tutorial3.html
149,/home/runner/work/javassist/javassist/src/test/Readme.txt
150,/home/runner/work/javassist/javassist/sample/vector/VectorAssistant.java
151,/home/runner/work/javassist/javassist/sample/vector/Test.j
152,/home/runner/work/javassist/javassist/sample/vector/Sample2.java
153,/home/runner/work/javassist/javassist/sample/rmi/webdemo.html
154,/home/runner/work/javassist/javassist/sample/rmi/start.html
155,/home/runner/work/javassist/javassist/sample/rmi/inside.gif
156,/home/runner/work/javassist/javassist/sample/rmi/Counter.java
157,/home/runner/work/javassist/javassist/sample/rmi/CountApplet.java
158,/home/runner/work/javassist/javassist/src/test/javassist/bytecode/Gap0Example.class
159,/home/runner/work/javassist/javassist/sample/reflect/VerboseMetaobj.java
164,/home/runner/work/javassist/javassist/sample/reflect/Person.java
166,/home/runner/work/javassist/javassist/.github/workflows/maven.yml
167,/home/runner/work/javassist/javassist/sample/preproc/package.html
168,/home/runner/work/javassist/javassist/sample/evolve/DemoServer.java
169,/home/runner/work/javassist/javassist/sample/preproc/Compiler.java
171,/home/runner/work/javassist/javassist/sample/hotswap/Test.java
172,/home/runner/work/javassist/javassist/sample/evolve/update.html
173,/home/runner/work/javassist/javassist/sample/evolve/start.html
174,/home/runner/work/javassist/javassist/sample/evolve/demo.html
175,/home/runner/work/javassist/javassist/sample/evolve/WebPage.java
176,/home/runner/work/javassist/javassist/sample/evolve/VersionManager.java
177,/home/runner/work/javassist/javassist/sample/evolve/Sample.java
178,/home/runner/work/javassist/javassist/sample/evolve/Evolution.java
179,/home/runner/work/javassist/javassist/sample/evolve/DemoLoader.java
180,/home/runner/work/javassist/javassist/.gitignore
181,/home/runner/work/javassist/javassist/sample/evolve/CannotUpdateException.java
182,/home/runner/work/javassist/javassist/sample/duplicate/Viewer.java
183,/home/runner/work/javassist/javassist/sample/duplicate/Main.java
184,/home/runner/work/javassist/javassist/sample/duplicate/DuplicatedObject.java
186,/home/runner/work/javassist/javassist/build.xml
187,/home/runner/work/javassist/javassist/README.md
188,/home/runner/work/javassist/javassist/Examples.md
189,/home/runner/work/javassist/javassist/Changes.md
