,file_name
13,/home/runner/work/javassist/javassist/License.html
14,/home/runner/work/javassist/javassist/Changes.md
140,/home/runner/work/javassist/javassist/src/test/Readme.txt
142,/home/runner/work/javassist/javassist/src/test/javassist/bytecode/Gap0Example.class
144,/home/runner/work/javassist/javassist/sample/vector/VectorAssistant.java
145,/home/runner/work/javassist/javassist/sample/vector/Test.j
146,/home/runner/work/javassist/javassist/sample/vector/Sample2.java
147,/home/runner/work/javassist/javassist/sample/rmi/webdemo.html
148,/home/runner/work/javassist/javassist/sample/rmi/start.html
149,/home/runner/work/javassist/javassist/sample/rmi/inside.gif
150,/home/runner/work/javassist/javassist/sample/rmi/Counter.java
151,/home/runner/work/javassist/javassist/sample/rmi/CountApplet.java
152,/home/runner/work/javassist/javassist/sample/reflect/VerboseMetaobj.java
155,/home/runner/work/javassist/javassist/sample/reflect/Person.java
156,/home/runner/work/javassist/javassist/sample/preproc/package.html
157,/home/runner/work/javassist/javassist/.github/workflows/maven.yml
159,/home/runner/work/javassist/javassist/sample/preproc/Compiler.java
160,/home/runner/work/javassist/javassist/.gitignore
162,/home/runner/work/javassist/javassist/sample/hotswap/Test.java
163,/home/runner/work/javassist/javassist/sample/evolve/update.html
164,/home/runner/work/javassist/javassist/sample/evolve/start.html
165,/home/runner/work/javassist/javassist/sample/evolve/demo.html
166,/home/runner/work/javassist/javassist/sample/evolve/WebPage.java
167,/home/runner/work/javassist/javassist/sample/evolve/VersionManager.java
168,/home/runner/work/javassist/javassist/sample/evolve/Sample.java
169,/home/runner/work/javassist/javassist/sample/evolve/Evolution.java
170,/home/runner/work/javassist/javassist/sample/evolve/DemoServer.java
171,/home/runner/work/javassist/javassist/sample/evolve/DemoLoader.java
172,/home/runner/work/javassist/javassist/sample/evolve/CannotUpdateException.java
174,/home/runner/work/javassist/javassist/sample/duplicate/Viewer.java
175,/home/runner/work/javassist/javassist/sample/duplicate/Main.java
176,/home/runner/work/javassist/javassist/sample/duplicate/DuplicatedObject.java
178,/home/runner/work/javassist/javassist/build.xml
179,/home/runner/work/javassist/javassist/README.md
180,/home/runner/work/javassist/javassist/Examples.md
