,file_name
7,/home/runner/work/javassist/javassist/tutorial/tutorial2.html
14,/home/runner/work/javassist/javassist/tutorial/tutorial.html
15,/home/runner/work/javassist/javassist/License.html
140,/home/runner/work/javassist/javassist/tutorial/tutorial3.html
142,/home/runner/work/javassist/javassist/src/test/javassist/bytecode/Gap0Example.class
144,/home/runner/work/javassist/javassist/src/test/Readme.txt
146,/home/runner/work/javassist/javassist/sample/vector/VectorAssistant.java
150,/home/runner/work/javassist/javassist/sample/vector/Test.j
151,/home/runner/work/javassist/javassist/sample/vector/Sample2.java
152,/home/runner/work/javassist/javassist/sample/rmi/webdemo.html
154,/home/runner/work/javassist/javassist/sample/rmi/start.html
155,/home/runner/work/javassist/javassist/.github/workflows/maven.yml
156,/home/runner/work/javassist/javassist/.gitignore
157,/home/runner/work/javassist/javassist/Changes.md
158,/home/runner/work/javassist/javassist/sample/rmi/inside.gif
159,/home/runner/work/javassist/javassist/sample/rmi/Counter.java
160,/home/runner/work/javassist/javassist/sample/reflect/VerboseMetaobj.java
161,/home/runner/work/javassist/javassist/sample/reflect/Person.java
162,/home/runner/work/javassist/javassist/sample/preproc/package.html
163,/home/runner/work/javassist/javassist/sample/preproc/Compiler.java
164,/home/runner/work/javassist/javassist/sample/hotswap/Test.java
165,/home/runner/work/javassist/javassist/sample/evolve/update.html
166,/home/runner/work/javassist/javassist/sample/evolve/start.html
167,/home/runner/work/javassist/javassist/sample/evolve/demo.html
168,/home/runner/work/javassist/javassist/sample/evolve/WebPage.java
169,/home/runner/work/javassist/javassist/sample/evolve/VersionManager.java
170,/home/runner/work/javassist/javassist/sample/evolve/Sample.java
171,/home/runner/work/javassist/javassist/sample/evolve/Evolution.java
172,/home/runner/work/javassist/javassist/sample/evolve/DemoServer.java
173,/home/runner/work/javassist/javassist/sample/evolve/DemoLoader.java
174,/home/runner/work/javassist/javassist/sample/evolve/CannotUpdateException.java
175,/home/runner/work/javassist/javassist/build.xml
176,/home/runner/work/javassist/javassist/README.md
177,/home/runner/work/javassist/javassist/Examples.md
