,file_name
7,/home/runner/work/javassist/javassist/tutorial/tutorial.html
11,/home/runner/work/javassist/javassist/tutorial/tutorial2.html
14,/home/runner/work/javassist/javassist/License.html
82,/home/runner/work/javassist/javassist/sample/reflect/Person.java
83,/home/runner/work/javassist/javassist/.github/workflows/maven.yml
85,/home/runner/work/javassist/javassist/build.xml
86,/home/runner/work/javassist/javassist/README.md
87,/home/runner/work/javassist/javassist/Examples.md
88,/home/runner/work/javassist/javassist/Changes.md
89,/home/runner/work/javassist/javassist/sample/rmi/CountApplet.java
90,/home/runner/work/javassist/javassist/sample/reflect/VerboseMetaobj.java
91,/home/runner/work/javassist/javassist/sample/preproc/package.html
92,/home/runner/work/javassist/javassist/sample/preproc/Compiler.java
93,/home/runner/work/javassist/javassist/sample/hotswap/Test.java
94,/home/runner/work/javassist/javassist/sample/vector/Sample2.java
95,/home/runner/work/javassist/javassist/sample/rmi/webdemo.html
96,/home/runner/work/javassist/javassist/sample/rmi/start.html
97,/home/runner/work/javassist/javassist/sample/rmi/inside.gif
98,/home/runner/work/javassist/javassist/sample/rmi/Counter.java
99,/home/runner/work/javassist/javassist/sample/evolve/WebPage.java
100,/home/runner/work/javassist/javassist/sample/evolve/VersionManager.java
101,/home/runner/work/javassist/javassist/sample/evolve/Sample.java
102,/home/runner/work/javassist/javassist/sample/evolve/Evolution.java
103,/home/runner/work/javassist/javassist/sample/evolve/DemoServer.java
159,/home/runner/work/javassist/javassist/src/test/javassist/bytecode/Gap0Example.class
160,/home/runner/work/javassist/javassist/src/test/Readme.txt
163,/home/runner/work/javassist/javassist/sample/evolve/CannotUpdateException.java
164,/home/runner/work/javassist/javassist/sample/duplicate/Viewer.java
165,/home/runner/work/javassist/javassist/sample/duplicate/Main.java
166,/home/runner/work/javassist/javassist/sample/evolve/update.html
167,/home/runner/work/javassist/javassist/sample/evolve/start.html
168,/home/runner/work/javassist/javassist/sample/evolve/DemoLoader.java
169,/home/runner/work/javassist/javassist/sample/duplicate/DuplicatedObject.java
170,/home/runner/work/javassist/javassist/sample/vector/VectorAssistant.java
171,/home/runner/work/javassist/javassist/sample/vector/Test.j
172,/home/runner/work/javassist/javassist/.gitignore
178,/home/runner/work/javassist/javassist/sample/evolve/demo.html
188,/home/runner/work/javassist/javassist/tutorial/tutorial3.html
