,file_name
9,/home/runner/work/javassist/javassist/tutorial/tutorial2.html
13,/home/runner/work/javassist/javassist/tutorial/tutorial.html
14,/home/runner/work/javassist/javassist/License.html
142,/home/runner/work/javassist/javassist/src/test/javassist/bytecode/Gap0Example.class
144,/home/runner/work/javassist/javassist/src/test/Readme.txt
146,/home/runner/work/javassist/javassist/README.md
147,/home/runner/work/javassist/javassist/Changes.md
148,/home/runner/work/javassist/javassist/.gitignore
149,/home/runner/work/javassist/javassist/.github/workflows/maven.yml
150,/home/runner/work/javassist/javassist/Examples.md
151,/home/runner/work/javassist/javassist/build.xml
153,/home/runner/work/javassist/javassist/sample/vector/VectorAssistant.java
154,/home/runner/work/javassist/javassist/sample/vector/Test.j
155,/home/runner/work/javassist/javassist/sample/vector/Sample2.java
157,/home/runner/work/javassist/javassist/sample/rmi/webdemo.html
158,/home/runner/work/javassist/javassist/sample/rmi/start.html
159,/home/runner/work/javassist/javassist/sample/rmi/inside.gif
160,/home/runner/work/javassist/javassist/sample/rmi/Counter.java
161,/home/runner/work/javassist/javassist/sample/rmi/CountApplet.java
162,/home/runner/work/javassist/javassist/sample/reflect/VerboseMetaobj.java
163,/home/runner/work/javassist/javassist/sample/reflect/Person.java
164,/home/runner/work/javassist/javassist/sample/preproc/package.html
165,/home/runner/work/javassist/javassist/sample/preproc/Compiler.java
167,/home/runner/work/javassist/javassist/sample/hotswap/Test.java
170,/home/runner/work/javassist/javassist/sample/duplicate/Viewer.java
171,/home/runner/work/javassist/javassist/sample/duplicate/Main.java
172,/home/runner/work/javassist/javassist/sample/duplicate/DuplicatedObject.java
177,/home/runner/work/javassist/javassist/tutorial/tutorial3.html
184,/home/runner/work/javassist/javassist/sample/vector/Sample.java
185,/home/runner/work/javassist/javassist/sample/rmi/AlertDialog.java
186,/home/runner/work/javassist/javassist/sample/reflect/Main.java
187,/home/runner/work/javassist/javassist/sample/preproc/Assistant.java
188,/home/runner/work/javassist/javassist/sample/hotswap/HelloWorld.java
189,/home/runner/work/javassist/javassist/sample/evolve/update.html
190,/home/runner/work/javassist/javassist/sample/duplicate/Ball.java
191,/home/runner/work/javassist/javassist/sample/Test.java
194,/home/runner/work/javassist/javassist/tutorial/brown.css
