,file_name
7,/home/runner/work/javassist/javassist/tutorial/tutorial2.html
13,/home/runner/work/javassist/javassist/tutorial/tutorial.html
15,/home/runner/work/javassist/javassist/License.html
142,/home/runner/work/javassist/javassist/tutorial/tutorial3.html
144,/home/runner/work/javassist/javassist/src/test/Readme.txt
145,/home/runner/work/javassist/javassist/src/test/javassist/bytecode/Gap0Example.class
146,/home/runner/work/javassist/javassist/sample/vector/VectorAssistant.java
147,/home/runner/work/javassist/javassist/sample/vector/Test.j
148,/home/runner/work/javassist/javassist/sample/vector/Sample2.java
149,/home/runner/work/javassist/javassist/sample/rmi/webdemo.html
150,/home/runner/work/javassist/javassist/sample/rmi/start.html
151,/home/runner/work/javassist/javassist/sample/rmi/inside.gif
152,/home/runner/work/javassist/javassist/sample/rmi/Counter.java
153,/home/runner/work/javassist/javassist/sample/rmi/CountApplet.java
155,/home/runner/work/javassist/javassist/sample/reflect/VerboseMetaobj.java
159,/home/runner/work/javassist/javassist/sample/reflect/Person.java
161,/home/runner/work/javassist/javassist/sample/preproc/package.html
163,/home/runner/work/javassist/javassist/sample/preproc/Compiler.java
164,/home/runner/work/javassist/javassist/.github/workflows/maven.yml
165,/home/runner/work/javassist/javassist/.gitignore
166,/home/runner/work/javassist/javassist/Changes.md
168,/home/runner/work/javassist/javassist/sample/hotswap/Test.java
169,/home/runner/work/javassist/javassist/sample/evolve/update.html
170,/home/runner/work/javassist/javassist/sample/evolve/start.html
171,/home/runner/work/javassist/javassist/sample/evolve/demo.html
172,/home/runner/work/javassist/javassist/sample/evolve/WebPage.java
173,/home/runner/work/javassist/javassist/sample/evolve/VersionManager.java
174,/home/runner/work/javassist/javassist/sample/evolve/Sample.java
175,/home/runner/work/javassist/javassist/sample/evolve/Evolution.java
176,/home/runner/work/javassist/javassist/sample/evolve/DemoServer.java
177,/home/runner/work/javassist/javassist/sample/evolve/DemoLoader.java
178,/home/runner/work/javassist/javassist/sample/evolve/CannotUpdateException.java
180,/home/runner/work/javassist/javassist/sample/duplicate/Viewer.java
181,/home/runner/work/javassist/javassist/sample/duplicate/Main.java
182,/home/runner/work/javassist/javassist/sample/duplicate/DuplicatedObject.java
184,/home/runner/work/javassist/javassist/build.xml
185,/home/runner/work/javassist/javassist/README.md
186,/home/runner/work/javassist/javassist/Examples.md
193,/home/runner/work/javassist/javassist/sample/rmi/AlertDialog.java
194,/home/runner/work/javassist/javassist/sample/reflect/Main.java
195,/home/runner/work/javassist/javassist/sample/preproc/Assistant.java
196,/home/runner/work/javassist/javassist/sample/evolve/CannotCreateException.java
197,/home/runner/work/javassist/javassist/sample/Test.java
