,file_name
9,/home/runner/work/javassist/javassist/tutorial/tutorial2.html
10,/home/runner/work/javassist/javassist/tutorial/tutorial.html
15,/home/runner/work/javassist/javassist/License.html
138,/home/runner/work/javassist/javassist/src/test/javassist/bytecode/Gap0Example.class
140,/home/runner/work/javassist/javassist/src/test/Readme.txt
141,/home/runner/work/javassist/javassist/sample/rmi/start.html
143,/home/runner/work/javassist/javassist/sample/vector/VectorAssistant.java
144,/home/runner/work/javassist/javassist/sample/vector/Test.j
145,/home/runner/work/javassist/javassist/sample/vector/Sample2.java
147,/home/runner/work/javassist/javassist/sample/rmi/webdemo.html
148,/home/runner/work/javassist/javassist/sample/rmi/inside.gif
149,/home/runner/work/javassist/javassist/sample/rmi/Counter.java
150,/home/runner/work/javassist/javassist/Changes.md
151,/home/runner/work/javassist/javassist/.gitignore
153,/home/runner/work/javassist/javassist/Examples.md
154,/home/runner/work/javassist/javassist/README.md
155,/home/runner/work/javassist/javassist/build.xml
156,/home/runner/work/javassist/javassist/sample/evolve/demo.html
157,/home/runner/work/javassist/javassist/sample/rmi/CountApplet.java
159,/home/runner/work/javassist/javassist/sample/reflect/VerboseMetaobj.java
160,/home/runner/work/javassist/javassist/sample/reflect/Person.java
162,/home/runner/work/javassist/javassist/sample/preproc/package.html
163,/home/runner/work/javassist/javassist/sample/preproc/Compiler.java
165,/home/runner/work/javassist/javassist/sample/hotswap/Test.java
166,/home/runner/work/javassist/javassist/sample/evolve/update.html
167,/home/runner/work/javassist/javassist/sample/evolve/start.html
168,/home/runner/work/javassist/javassist/sample/evolve/WebPage.java
169,/home/runner/work/javassist/javassist/sample/evolve/VersionManager.java
170,/home/runner/work/javassist/javassist/sample/evolve/Sample.java
171,/home/runner/work/javassist/javassist/sample/evolve/Evolution.java
172,/home/runner/work/javassist/javassist/sample/evolve/DemoServer.java
173,/home/runner/work/javassist/javassist/sample/evolve/DemoLoader.java
174,/home/runner/work/javassist/javassist/sample/evolve/CannotUpdateException.java
176,/home/runner/work/javassist/javassist/sample/duplicate/Viewer.java
177,/home/runner/work/javassist/javassist/sample/duplicate/Main.java
184,/home/runner/work/javassist/javassist/tutorial/tutorial3.html
189,/home/runner/work/javassist/javassist/sample/vector/Sample.java
190,/home/runner/work/javassist/javassist/sample/rmi/AlertDialog.java
191,/home/runner/work/javassist/javassist/sample/reflect/Main.java
192,/home/runner/work/javassist/javassist/sample/preproc/Assistant.java
193,/home/runner/work/javassist/javassist/sample/hotswap/HelloWorld.java
194,/home/runner/work/javassist/javassist/sample/evolve/CannotCreateException.java
195,/home/runner/work/javassist/javassist/sample/duplicate/DuplicatedObject.java
196,/home/runner/work/javassist/javassist/sample/Test.java
197,/home/runner/work/javassist/javassist/.github/workflows/maven.yml
