,file_name
69,/home/runner/work/neo4j-apoc-procedures/neo4j-apoc-procedures/docs/asciidoc/modules/ROOT/examples/generated-documentation/documentation.csv
72,/home/runner/work/neo4j-apoc-procedures/neo4j-apoc-procedures/docs/asciidoc/modules/ROOT/partials/generated-documentation/documentation.adoc
141,/home/runner/work/neo4j-apoc-procedures/neo4j-apoc-procedures/docs/asciidoc/modules/ROOT/partials/generated-documentation/nav.adoc
300,/home/runner/work/neo4j-apoc-procedures/neo4j-apoc-procedures/docs/asciidoc/modules/ROOT/pages/overview/apoc.convert/apoc.convert.getJsonPropertyMap.adoc
305,/home/runner/work/neo4j-apoc-procedures/neo4j-apoc-procedures/docs/asciidoc/modules/ROOT/pages/overview/apoc.convert/apoc.convert.fromJsonMap.adoc
306,/home/runner/work/neo4j-apoc-procedures/neo4j-apoc-procedures/docs/asciidoc/modules/ROOT/pages/overview/apoc.convert/apoc.convert.getJsonProperty.adoc
307,/home/runner/work/neo4j-apoc-procedures/neo4j-apoc-procedures/docs/asciidoc/modules/ROOT/examples/generated-documentation/apoc.ttl.config.adoc
309,/home/runner/work/neo4j-apoc-procedures/neo4j-apoc-procedures/docs/asciidoc/modules/ROOT/pages/overview/apoc.algo/apoc.algo.aStarConfig.adoc
312,/home/runner/work/neo4j-apoc-procedures/neo4j-apoc-procedures/docs/asciidoc/modules/ROOT/pages/overview/apoc.algo/index.adoc
313,/home/runner/work/neo4j-apoc-procedures/neo4j-apoc-procedures/docs/asciidoc/modules/ROOT/pages/overview/apoc.any/index.adoc
329,/home/runner/work/neo4j-apoc-procedures/neo4j-apoc-procedures/docs/asciidoc/modules/ROOT/examples/generated-documentation/apoc.schema-lite.csv
330,/home/runner/work/neo4j-apoc-procedures/neo4j-apoc-procedures/docs/asciidoc/modules/ROOT/examples/generated-documentation/apoc.schema.node.constraintExists.adoc
331,/home/runner/work/neo4j-apoc-procedures/neo4j-apoc-procedures/docs/asciidoc/modules/ROOT/examples/generated-documentation/apoc.schema.node.indexExists.adoc
332,/home/runner/work/neo4j-apoc-procedures/neo4j-apoc-procedures/docs/asciidoc/modules/ROOT/examples/generated-documentation/apoc.schema.relationship-lite.csv
333,/home/runner/work/neo4j-apoc-procedures/neo4j-apoc-procedures/docs/asciidoc/modules/ROOT/examples/generated-documentation/apoc.schema.relationship.constraintExists.adoc
334,/home/runner/work/neo4j-apoc-procedures/neo4j-apoc-procedures/docs/asciidoc/modules/ROOT/examples/generated-documentation/apoc.schema.relationship.csv
335,/home/runner/work/neo4j-apoc-procedures/neo4j-apoc-procedures/docs/asciidoc/modules/ROOT/examples/generated-documentation/apoc.schema.relationships-lite.csv
336,/home/runner/work/neo4j-apoc-procedures/neo4j-apoc-procedures/docs/asciidoc/modules/ROOT/examples/generated-documentation/apoc.trigger-lite.csv
337,/home/runner/work/neo4j-apoc-procedures/neo4j-apoc-procedures/docs/asciidoc/modules/ROOT/examples/generated-documentation/apoc.trigger.add.adoc
338,/home/runner/work/neo4j-apoc-procedures/neo4j-apoc-procedures/docs/asciidoc/modules/ROOT/examples/generated-documentation/apoc.trigger.csv
339,/home/runner/work/neo4j-apoc-procedures/neo4j-apoc-procedures/docs/asciidoc/modules/ROOT/pages/overview/apoc.systemdb/apoc.systemdb.export.metadata.adoc
340,/home/runner/work/neo4j-apoc-procedures/neo4j-apoc-procedures/docs/asciidoc/modules/ROOT/pages/overview/apoc.util/apoc.util.sha256.adoc
341,/home/runner/work/neo4j-apoc-procedures/neo4j-apoc-procedures/docs/asciidoc/modules/ROOT/pages/overview/apoc.trigger/index.adoc
342,/home/runner/work/neo4j-apoc-procedures/neo4j-apoc-procedures/docs/asciidoc/modules/ROOT/pages/overview/apoc.schema/apoc.schema.relationships.adoc
369,/home/runner/work/neo4j-apoc-procedures/neo4j-apoc-procedures/docs/asciidoc/modules/ROOT/pages/overview/apoc.export/apoc.export.cypherAll.adoc
370,/home/runner/work/neo4j-apoc-procedures/neo4j-apoc-procedures/docs/asciidoc/modules/ROOT/pages/overview/apoc.export/apoc.export.csv.data.adoc
371,/home/runner/work/neo4j-apoc-procedures/neo4j-apoc-procedures/docs/asciidoc/modules/ROOT/pages/overview/apoc.export/apoc.export.csv.graph.adoc
372,/home/runner/work/neo4j-apoc-procedures/neo4j-apoc-procedures/docs/asciidoc/modules/ROOT/pages/overview/apoc.export/apoc.export.csv.query.adoc
373,/home/runner/work/neo4j-apoc-procedures/neo4j-apoc-procedures/docs/asciidoc/modules/ROOT/pages/overview/apoc.export/apoc.export.cypher.all.adoc
374,/home/runner/work/neo4j-apoc-procedures/neo4j-apoc-procedures/docs/asciidoc/modules/ROOT/pages/overview/apoc.export/apoc.export.cypher.data.adoc
375,/home/runner/work/neo4j-apoc-procedures/neo4j-apoc-procedures/docs/asciidoc/modules/ROOT/pages/overview/apoc.export/apoc.export.cypher.graph.adoc
376,/home/runner/work/neo4j-apoc-procedures/neo4j-apoc-procedures/docs/asciidoc/modules/ROOT/pages/overview/apoc.export/apoc.export.cypher.query.adoc
377,/home/runner/work/neo4j-apoc-procedures/neo4j-apoc-procedures/docs/asciidoc/modules/ROOT/pages/overview/apoc.export/apoc.export.cypher.schema.adoc
378,/home/runner/work/neo4j-apoc-procedures/neo4j-apoc-procedures/docs/asciidoc/modules/ROOT/pages/overview/apoc.export/apoc.export.cypherData.adoc
379,/home/runner/work/neo4j-apoc-procedures/neo4j-apoc-procedures/docs/asciidoc/modules/ROOT/pages/overview/apoc.export/apoc.export.cypherGraph.adoc
380,/home/runner/work/neo4j-apoc-procedures/neo4j-apoc-procedures/docs/asciidoc/modules/ROOT/pages/overview/apoc.export/apoc.export.cypherQuery.adoc
381,/home/runner/work/neo4j-apoc-procedures/neo4j-apoc-procedures/docs/asciidoc/modules/ROOT/pages/overview/apoc.export/apoc.export.graphml.all.adoc
382,/home/runner/work/neo4j-apoc-procedures/neo4j-apoc-procedures/docs/asciidoc/modules/ROOT/pages/overview/apoc.export/apoc.export.graphml.data.adoc
383,/home/runner/work/neo4j-apoc-procedures/neo4j-apoc-procedures/docs/asciidoc/modules/ROOT/pages/overview/apoc.export/apoc.export.graphml.graph.adoc
384,/home/runner/work/neo4j-apoc-procedures/neo4j-apoc-procedures/docs/asciidoc/modules/ROOT/pages/overview/apoc.export/apoc.export.graphml.query.adoc
385,/home/runner/work/neo4j-apoc-procedures/neo4j-apoc-procedures/docs/asciidoc/modules/ROOT/pages/overview/apoc.export/apoc.export.json.all.adoc
386,/home/runner/work/neo4j-apoc-procedures/neo4j-apoc-procedures/docs/asciidoc/modules/ROOT/pages/overview/apoc.export/apoc.export.json.data.adoc
387,/home/runner/work/neo4j-apoc-procedures/neo4j-apoc-procedures/docs/asciidoc/modules/ROOT/pages/overview/apoc.export/apoc.export.json.graph.adoc
388,/home/runner/work/neo4j-apoc-procedures/neo4j-apoc-procedures/docs/asciidoc/modules/ROOT/pages/overview/apoc.export/apoc.export.json.query.adoc
389,/home/runner/work/neo4j-apoc-procedures/neo4j-apoc-procedures/docs/asciidoc/modules/ROOT/pages/overview/apoc.export/apoc.export.xls.all.adoc
390,/home/runner/work/neo4j-apoc-procedures/neo4j-apoc-procedures/docs/asciidoc/modules/ROOT/pages/overview/apoc.import/apoc.import.graphml.adoc
391,/home/runner/work/neo4j-apoc-procedures/neo4j-apoc-procedures/docs/asciidoc/modules/ROOT/pages/overview/apoc.import/apoc.import.json.adoc
392,/home/runner/work/neo4j-apoc-procedures/neo4j-apoc-procedures/docs/asciidoc/modules/ROOT/pages/overview/apoc.export/apoc.export.xls.data.adoc
393,/home/runner/work/neo4j-apoc-procedures/neo4j-apoc-procedures/docs/asciidoc/modules/ROOT/pages/overview/apoc.graph/apoc.graph.validateDocument.adoc
394,/home/runner/work/neo4j-apoc-procedures/neo4j-apoc-procedures/docs/asciidoc/modules/ROOT/pages/overview/apoc.export/apoc.export.xls.graph.adoc
395,/home/runner/work/neo4j-apoc-procedures/neo4j-apoc-procedures/docs/asciidoc/modules/ROOT/pages/overview/apoc.export/apoc.export.xls.query.adoc
396,/home/runner/work/neo4j-apoc-procedures/neo4j-apoc-procedures/docs/asciidoc/modules/ROOT/pages/overview/apoc.export/index.adoc
397,/home/runner/work/neo4j-apoc-procedures/neo4j-apoc-procedures/docs/asciidoc/modules/ROOT/pages/overview/apoc.graph/apoc.graph.fromDocument.adoc
398,/home/runner/work/neo4j-apoc-procedures/neo4j-apoc-procedures/docs/asciidoc/modules/ROOT/pages/overview/apoc.graph/apoc.graph.fromPath.adoc
399,/home/runner/work/neo4j-apoc-procedures/neo4j-apoc-procedures/docs/asciidoc/modules/ROOT/pages/overview/apoc.graph/apoc.graph.fromPaths.adoc
400,/home/runner/work/neo4j-apoc-procedures/neo4j-apoc-procedures/docs/asciidoc/modules/ROOT/pages/overview/apoc.create/apoc.create.clonePathToVirtual.adoc
401,/home/runner/work/neo4j-apoc-procedures/neo4j-apoc-procedures/docs/asciidoc/modules/ROOT/pages/overview/apoc.create/apoc.create.clonePathsToVirtual.adoc
402,/home/runner/work/neo4j-apoc-procedures/neo4j-apoc-procedures/docs/asciidoc/modules/ROOT/pages/overview/apoc.create/index.adoc
403,/home/runner/work/neo4j-apoc-procedures/neo4j-apoc-procedures/docs/asciidoc/modules/ROOT/pages/overview/apoc.cypher/apoc.cypher.mapParallel.adoc
404,/home/runner/work/neo4j-apoc-procedures/neo4j-apoc-procedures/docs/asciidoc/modules/ROOT/pages/overview/apoc.cypher/apoc.cypher.mapParallel2.adoc
405,/home/runner/work/neo4j-apoc-procedures/neo4j-apoc-procedures/docs/asciidoc/modules/ROOT/pages/overview/apoc.cypher/apoc.cypher.parallel.adoc
406,/home/runner/work/neo4j-apoc-procedures/neo4j-apoc-procedures/docs/asciidoc/modules/ROOT/pages/overview/apoc.cypher/apoc.cypher.parallel2.adoc
407,/home/runner/work/neo4j-apoc-procedures/neo4j-apoc-procedures/docs/asciidoc/modules/ROOT/pages/overview/apoc.nodes/apoc.nodes.group.adoc
408,/home/runner/work/neo4j-apoc-procedures/neo4j-apoc-procedures/docs/asciidoc/modules/ROOT/pages/overview/apoc.math/apoc.math.coth.adoc
409,/home/runner/work/neo4j-apoc-procedures/neo4j-apoc-procedures/docs/asciidoc/modules/ROOT/pages/overview/apoc.load/index.adoc
410,/home/runner/work/neo4j-apoc-procedures/neo4j-apoc-procedures/docs/asciidoc/modules/ROOT/pages/overview/apoc.math/apoc.math.csch.adoc
411,/home/runner/work/neo4j-apoc-procedures/neo4j-apoc-procedures/docs/asciidoc/modules/ROOT/pages/overview/apoc.math/apoc.math.round.adoc
412,/home/runner/work/neo4j-apoc-procedures/neo4j-apoc-procedures/docs/asciidoc/modules/ROOT/pages/overview/apoc.math/apoc.math.sech.adoc
413,/home/runner/work/neo4j-apoc-procedures/neo4j-apoc-procedures/docs/asciidoc/modules/ROOT/pages/overview/apoc.math/apoc.math.sigmoid.adoc
414,/home/runner/work/neo4j-apoc-procedures/neo4j-apoc-procedures/docs/asciidoc/modules/ROOT/pages/overview/apoc.math/apoc.math.sigmoidPrime.adoc
415,/home/runner/work/neo4j-apoc-procedures/neo4j-apoc-procedures/docs/asciidoc/modules/ROOT/pages/overview/apoc.math/apoc.math.sinh.adoc
416,/home/runner/work/neo4j-apoc-procedures/neo4j-apoc-procedures/docs/asciidoc/modules/ROOT/pages/overview/apoc.math/apoc.math.tanh.adoc
417,/home/runner/work/neo4j-apoc-procedures/neo4j-apoc-procedures/docs/asciidoc/modules/ROOT/pages/overview/apoc.math/index.adoc
419,/home/runner/work/neo4j-apoc-procedures/neo4j-apoc-procedures/docs/asciidoc/modules/ROOT/examples/generated-documentation/apoc.dv.catalog.remove.adoc
420,/home/runner/work/neo4j-apoc-procedures/neo4j-apoc-procedures/docs/asciidoc/modules/ROOT/examples/generated-documentation/apoc.dv.query.adoc
421,/home/runner/work/neo4j-apoc-procedures/neo4j-apoc-procedures/docs/asciidoc/modules/ROOT/examples/generated-documentation/apoc.dv.queryAndLink.adoc
422,/home/runner/work/neo4j-apoc-procedures/neo4j-apoc-procedures/docs/asciidoc/modules/ROOT/examples/generated-documentation/apoc.dv.catalog.list.adoc
423,/home/runner/work/neo4j-apoc-procedures/neo4j-apoc-procedures/docs/asciidoc/modules/ROOT/examples/generated-documentation/apoc.dv.catalog.add.adoc
424,/home/runner/work/neo4j-apoc-procedures/neo4j-apoc-procedures/docs/asciidoc/modules/ROOT/examples/generated-documentation/apoc.create.uuidBase64.adoc
425,/home/runner/work/neo4j-apoc-procedures/neo4j-apoc-procedures/docs/asciidoc/modules/ROOT/examples/generated-documentation/apoc.create.uuidBase64ToHex.adoc
426,/home/runner/work/neo4j-apoc-procedures/neo4j-apoc-procedures/docs/asciidoc/modules/ROOT/examples/generated-documentation/apoc.create.uuidHexToBase64.adoc
427,/home/runner/work/neo4j-apoc-procedures/neo4j-apoc-procedures/docs/asciidoc/modules/ROOT/examples/generated-documentation/apoc.cypher.runManyReadOnly.adoc
428,/home/runner/work/neo4j-apoc-procedures/neo4j-apoc-procedures/docs/asciidoc/modules/ROOT/examples/generated-documentation/apoc.cypher.csv
429,/home/runner/work/neo4j-apoc-procedures/neo4j-apoc-procedures/docs/asciidoc/modules/ROOT/examples/generated-documentation/apoc.cypher.parallel.adoc
430,/home/runner/work/neo4j-apoc-procedures/neo4j-apoc-procedures/docs/asciidoc/modules/ROOT/examples/generated-documentation/apoc.cypher.parallel2.adoc
431,/home/runner/work/neo4j-apoc-procedures/neo4j-apoc-procedures/docs/asciidoc/modules/ROOT/examples/generated-documentation/apoc.graph.fromPath.adoc
432,/home/runner/work/neo4j-apoc-procedures/neo4j-apoc-procedures/docs/asciidoc/modules/ROOT/examples/generated-documentation/apoc.gephi-lite.csv
433,/home/runner/work/neo4j-apoc-procedures/neo4j-apoc-procedures/docs/asciidoc/modules/ROOT/examples/generated-documentation/apoc.gephi.add-lite.csv
434,/home/runner/work/neo4j-apoc-procedures/neo4j-apoc-procedures/docs/asciidoc/modules/ROOT/examples/generated-documentation/apoc.graph.csv
435,/home/runner/work/neo4j-apoc-procedures/neo4j-apoc-procedures/docs/asciidoc/modules/ROOT/examples/generated-documentation/apoc.load-lite.csv
436,/home/runner/work/neo4j-apoc-procedures/neo4j-apoc-procedures/docs/asciidoc/modules/ROOT/examples/generated-documentation/apoc.load.csv
437,/home/runner/work/neo4j-apoc-procedures/neo4j-apoc-procedures/docs/asciidoc/modules/ROOT/examples/generated-documentation/apoc.load.csv.adoc
438,/home/runner/work/neo4j-apoc-procedures/neo4j-apoc-procedures/docs/asciidoc/modules/ROOT/examples/generated-documentation/apoc.load.csvParams.adoc
439,/home/runner/work/neo4j-apoc-procedures/neo4j-apoc-procedures/docs/asciidoc/modules/ROOT/examples/generated-documentation/apoc.import-lite.csv
440,/home/runner/work/neo4j-apoc-procedures/neo4j-apoc-procedures/docs/asciidoc/modules/ROOT/examples/generated-documentation/apoc.import.csv
441,/home/runner/work/neo4j-apoc-procedures/neo4j-apoc-procedures/docs/asciidoc/modules/ROOT/examples/generated-documentation/apoc.import.csv-lite.csv
442,/home/runner/work/neo4j-apoc-procedures/neo4j-apoc-procedures/docs/asciidoc/modules/ROOT/examples/generated-documentation/apoc.import.graphml-lite.csv
443,/home/runner/work/neo4j-apoc-procedures/neo4j-apoc-procedures/docs/asciidoc/modules/ROOT/examples/generated-documentation/apoc.import.graphml.adoc
444,/home/runner/work/neo4j-apoc-procedures/neo4j-apoc-procedures/docs/asciidoc/modules/ROOT/examples/generated-documentation/apoc.import.json-lite.csv
445,/home/runner/work/neo4j-apoc-procedures/neo4j-apoc-procedures/docs/asciidoc/modules/ROOT/examples/generated-documentation/apoc.import.json.adoc
446,/home/runner/work/neo4j-apoc-procedures/neo4j-apoc-procedures/docs/asciidoc/modules/ROOT/examples/generated-documentation/apoc.json.csv
447,/home/runner/work/neo4j-apoc-procedures/neo4j-apoc-procedures/docs/asciidoc/modules/ROOT/examples/generated-documentation/apoc.json.path.adoc
448,/home/runner/work/neo4j-apoc-procedures/neo4j-apoc-procedures/docs/asciidoc/modules/ROOT/examples/generated-documentation/apoc.export.cypher.query-lite.csv
449,/home/runner/work/neo4j-apoc-procedures/neo4j-apoc-procedures/docs/asciidoc/modules/ROOT/examples/generated-documentation/apoc.export.cypher.all-lite.csv
450,/home/runner/work/neo4j-apoc-procedures/neo4j-apoc-procedures/docs/asciidoc/modules/ROOT/examples/generated-documentation/apoc.export.cypher.data-lite.csv
451,/home/runner/work/neo4j-apoc-procedures/neo4j-apoc-procedures/docs/asciidoc/modules/ROOT/examples/generated-documentation/apoc.export.cypher.graph-lite.csv
452,/home/runner/work/neo4j-apoc-procedures/neo4j-apoc-procedures/docs/asciidoc/modules/ROOT/examples/generated-documentation/apoc.export.cypherQuery-lite.csv
453,/home/runner/work/neo4j-apoc-procedures/neo4j-apoc-procedures/docs/asciidoc/modules/ROOT/examples/generated-documentation/apoc.export.cypher.schema-lite.csv
454,/home/runner/work/neo4j-apoc-procedures/neo4j-apoc-procedures/docs/asciidoc/modules/ROOT/examples/generated-documentation/apoc.export.cypherAll-lite.csv
455,/home/runner/work/neo4j-apoc-procedures/neo4j-apoc-procedures/docs/asciidoc/modules/ROOT/examples/generated-documentation/apoc.export.cypherData-lite.csv
456,/home/runner/work/neo4j-apoc-procedures/neo4j-apoc-procedures/docs/asciidoc/modules/ROOT/examples/generated-documentation/apoc.export.cypherGraph-lite.csv
457,/home/runner/work/neo4j-apoc-procedures/neo4j-apoc-procedures/docs/asciidoc/modules/ROOT/examples/generated-documentation/apoc.export.cypher-lite.csv
458,/home/runner/work/neo4j-apoc-procedures/neo4j-apoc-procedures/docs/asciidoc/modules/ROOT/examples/generated-documentation/apoc.export.csv.query-lite.csv
459,/home/runner/work/neo4j-apoc-procedures/neo4j-apoc-procedures/docs/asciidoc/modules/ROOT/examples/generated-documentation/apoc.example-lite.csv
460,/home/runner/work/neo4j-apoc-procedures/neo4j-apoc-procedures/docs/asciidoc/modules/ROOT/examples/generated-documentation/apoc.example.movies-lite.csv
461,/home/runner/work/neo4j-apoc-procedures/neo4j-apoc-procedures/docs/asciidoc/modules/ROOT/examples/generated-documentation/apoc.export-lite.csv
462,/home/runner/work/neo4j-apoc-procedures/neo4j-apoc-procedures/docs/asciidoc/modules/ROOT/examples/generated-documentation/apoc.export.csv-lite.csv
463,/home/runner/work/neo4j-apoc-procedures/neo4j-apoc-procedures/docs/asciidoc/modules/ROOT/examples/generated-documentation/apoc.export.csv.all-lite.csv
464,/home/runner/work/neo4j-apoc-procedures/neo4j-apoc-procedures/docs/asciidoc/modules/ROOT/examples/generated-documentation/apoc.export.csv.data-lite.csv
465,/home/runner/work/neo4j-apoc-procedures/neo4j-apoc-procedures/docs/asciidoc/modules/ROOT/examples/generated-documentation/apoc.export.csv.graph-lite.csv
466,/home/runner/work/neo4j-apoc-procedures/neo4j-apoc-procedures/docs/asciidoc/modules/ROOT/examples/generated-documentation/apoc.export.xls-lite.csv
467,/home/runner/work/neo4j-apoc-procedures/neo4j-apoc-procedures/docs/asciidoc/modules/ROOT/examples/generated-documentation/apoc.export.xls.all-lite.csv
468,/home/runner/work/neo4j-apoc-procedures/neo4j-apoc-procedures/docs/asciidoc/modules/ROOT/examples/generated-documentation/apoc.export.xls.data-lite.csv
469,/home/runner/work/neo4j-apoc-procedures/neo4j-apoc-procedures/docs/asciidoc/modules/ROOT/examples/generated-documentation/apoc.export.xls.graph-lite.csv
470,/home/runner/work/neo4j-apoc-procedures/neo4j-apoc-procedures/docs/asciidoc/modules/ROOT/examples/generated-documentation/apoc.export.xls.query-lite.csv
471,/home/runner/work/neo4j-apoc-procedures/neo4j-apoc-procedures/docs/asciidoc/modules/ROOT/examples/generated-documentation/apoc.export.graphml-lite.csv
472,/home/runner/work/neo4j-apoc-procedures/neo4j-apoc-procedures/docs/asciidoc/modules/ROOT/examples/generated-documentation/apoc.export.json.query-lite.csv
473,/home/runner/work/neo4j-apoc-procedures/neo4j-apoc-procedures/docs/asciidoc/modules/ROOT/examples/generated-documentation/apoc.export.json.graph-lite.csv
474,/home/runner/work/neo4j-apoc-procedures/neo4j-apoc-procedures/docs/asciidoc/modules/ROOT/examples/generated-documentation/apoc.export.graphml.all-lite.csv
475,/home/runner/work/neo4j-apoc-procedures/neo4j-apoc-procedures/docs/asciidoc/modules/ROOT/examples/generated-documentation/apoc.export.graphml.data-lite.csv
476,/home/runner/work/neo4j-apoc-procedures/neo4j-apoc-procedures/docs/asciidoc/modules/ROOT/examples/generated-documentation/apoc.export.graphml.graph-lite.csv
477,/home/runner/work/neo4j-apoc-procedures/neo4j-apoc-procedures/docs/asciidoc/modules/ROOT/examples/generated-documentation/apoc.export.graphml.query-lite.csv
478,/home/runner/work/neo4j-apoc-procedures/neo4j-apoc-procedures/docs/asciidoc/modules/ROOT/examples/generated-documentation/apoc.export.json-lite.csv
479,/home/runner/work/neo4j-apoc-procedures/neo4j-apoc-procedures/docs/asciidoc/modules/ROOT/examples/generated-documentation/apoc.export.json.all-lite.csv
480,/home/runner/work/neo4j-apoc-procedures/neo4j-apoc-procedures/docs/asciidoc/modules/ROOT/examples/generated-documentation/apoc.export.json.data-lite.csv
490,/home/runner/work/neo4j-apoc-procedures/neo4j-apoc-procedures/docs/asciidoc/modules/ROOT/examples/generated-documentation/apoc.any-lite.csv
491,/home/runner/work/neo4j-apoc-procedures/neo4j-apoc-procedures/docs/asciidoc/modules/ROOT/examples/generated-documentation/apoc.any.csv
492,/home/runner/work/neo4j-apoc-procedures/neo4j-apoc-procedures/docs/asciidoc/modules/ROOT/examples/generated-documentation/apoc.algo.csv
493,/home/runner/work/neo4j-apoc-procedures/neo4j-apoc-procedures/docs/asciidoc/modules/ROOT/examples/generated-documentation/apoc.algo-lite.csv
494,/home/runner/work/neo4j-apoc-procedures/neo4j-apoc-procedures/docs/asciidoc/modules/ROOT/examples/generated-documentation/apoc.algo.aStarConfig.adoc
495,/home/runner/work/neo4j-apoc-procedures/neo4j-apoc-procedures/docs/asciidoc/modules/ROOT/examples/generated-documentation/apoc.couchbase.append.adoc
496,/home/runner/work/neo4j-apoc-procedures/neo4j-apoc-procedures/docs/asciidoc/modules/ROOT/examples/generated-documentation/apoc.couchbase.prepend.adoc
497,/home/runner/work/neo4j-apoc-procedures/neo4j-apoc-procedures/docs/asciidoc/modules/ROOT/examples/generated-documentation/apoc.create.csv
498,/home/runner/work/neo4j-apoc-procedures/neo4j-apoc-procedures/docs/asciidoc/modules/ROOT/examples/generated-documentation/apoc.create-lite.csv
499,/home/runner/work/neo4j-apoc-procedures/neo4j-apoc-procedures/docs/asciidoc/modules/ROOT/examples/generated-documentation/apoc.create.clonePathToVirtual.adoc
500,/home/runner/work/neo4j-apoc-procedures/neo4j-apoc-procedures/docs/asciidoc/modules/ROOT/examples/generated-documentation/apoc.create.clonePathsToVirtual.adoc
501,/home/runner/work/neo4j-apoc-procedures/neo4j-apoc-procedures/docs/asciidoc/modules/ROOT/examples/generated-documentation/apoc.convert.toJson.adoc
502,/home/runner/work/neo4j-apoc-procedures/neo4j-apoc-procedures/docs/asciidoc/modules/ROOT/examples/generated-documentation/apoc.convert.getJsonProperty.adoc
503,/home/runner/work/neo4j-apoc-procedures/neo4j-apoc-procedures/docs/asciidoc/modules/ROOT/examples/generated-documentation/apoc.convert.getJsonPropertyMap.adoc
504,/home/runner/work/neo4j-apoc-procedures/neo4j-apoc-procedures/docs/asciidoc/modules/ROOT/examples/generated-documentation/apoc.convert.fromJsonMap.adoc
505,/home/runner/work/neo4j-apoc-procedures/neo4j-apoc-procedures/docs/asciidoc/modules/ROOT/examples/generated-documentation/apoc.convert.fromJsonList.adoc
506,/home/runner/work/neo4j-apoc-procedures/neo4j-apoc-procedures/docs/asciidoc/modules/ROOT/examples/generated-documentation/apoc.convert.csv
507,/home/runner/work/neo4j-apoc-procedures/neo4j-apoc-procedures/docs/asciidoc/modules/ROOT/examples/generated-documentation/apoc.meta-lite.csv
508,/home/runner/work/neo4j-apoc-procedures/neo4j-apoc-procedures/docs/asciidoc/modules/ROOT/examples/generated-documentation/apoc.meta.nodes.count.adoc
511,/home/runner/work/neo4j-apoc-procedures/neo4j-apoc-procedures/docs/asciidoc/modules/ROOT/examples/generated-documentation/apoc.math.csv
512,/home/runner/work/neo4j-apoc-procedures/neo4j-apoc-procedures/docs/asciidoc/modules/ROOT/examples/generated-documentation/apoc.map.unflatten.adoc
513,/home/runner/work/neo4j-apoc-procedures/neo4j-apoc-procedures/docs/asciidoc/modules/ROOT/examples/generated-documentation/apoc.merge.node.adoc
514,/home/runner/work/neo4j-apoc-procedures/neo4j-apoc-procedures/docs/asciidoc/modules/ROOT/examples/generated-documentation/apoc.merge.csv
515,/home/runner/work/neo4j-apoc-procedures/neo4j-apoc-procedures/docs/asciidoc/modules/ROOT/examples/generated-documentation/apoc.merge-lite.csv
516,/home/runner/work/neo4j-apoc-procedures/neo4j-apoc-procedures/docs/asciidoc/modules/ROOT/examples/generated-documentation/apoc.math.round.adoc
517,/home/runner/work/neo4j-apoc-procedures/neo4j-apoc-procedures/docs/asciidoc/modules/ROOT/examples/generated-documentation/apoc.meta.stats.adoc
518,/home/runner/work/neo4j-apoc-procedures/neo4j-apoc-procedures/docs/asciidoc/modules/ROOT/examples/generated-documentation/apoc.nodes.cycles.adoc
519,/home/runner/work/neo4j-apoc-procedures/neo4j-apoc-procedures/docs/asciidoc/modules/ROOT/examples/generated-documentation/apoc.load.json.adoc
520,/home/runner/work/neo4j-apoc-procedures/neo4j-apoc-procedures/docs/asciidoc/modules/ROOT/examples/generated-documentation/apoc.load.jsonParams.adoc
521,/home/runner/work/neo4j-apoc-procedures/neo4j-apoc-procedures/docs/asciidoc/modules/ROOT/examples/generated-documentation/apoc.nodes.link.adoc
643,/home/runner/work/neo4j-apoc-procedures/neo4j-apoc-procedures/docs/asciidoc/modules/ROOT/pages/overview/apoc.gephi/apoc.gephi.add.adoc
645,/home/runner/work/neo4j-apoc-procedures/neo4j-apoc-procedures/docs/asciidoc/modules/ROOT/pages/overview/apoc.math/apoc.math.cosh.adoc
647,/home/runner/work/neo4j-apoc-procedures/neo4j-apoc-procedures/docs/asciidoc/modules/ROOT/pages/overview/apoc.graph/apoc.graph.from.adoc
648,/home/runner/work/neo4j-apoc-procedures/neo4j-apoc-procedures/docs/asciidoc/modules/ROOT/pages/overview/apoc.import/apoc.import.csv.adoc
651,/home/runner/work/neo4j-apoc-procedures/neo4j-apoc-procedures/docs/asciidoc/modules/ROOT/pages/overview/apoc.convert/apoc.convert.fromJsonList.adoc
1685,/home/runner/work/neo4j-apoc-procedures/neo4j-apoc-procedures/docs/asciidoc/modules/ROOT/pages/overview/apoc.json/apoc.json.path.adoc
1715,/home/runner/work/neo4j-apoc-procedures/neo4j-apoc-procedures/docs/asciidoc/modules/ROOT/pages/overview/apoc.trigger/apoc.trigger.add.adoc
1716,/home/runner/work/neo4j-apoc-procedures/neo4j-apoc-procedures/docs/asciidoc/modules/ROOT/pages/overview/apoc.export/apoc.export.csv.all.adoc
1717,/home/runner/work/neo4j-apoc-procedures/neo4j-apoc-procedures/docs/asciidoc/modules/ROOT/pages/overview/apoc.example/apoc.example.movies.adoc
