,file_name
483,/home/runner/work/neo4j-apoc-procedures/neo4j-apoc-procedures/full/hadoop/hdfs/data/data2/current/BP-1477400395-10.1.0.239-1676316388662/current/VERSION
484,/home/runner/work/neo4j-apoc-procedures/neo4j-apoc-procedures/full/hadoop/hdfs/data/data1/current/BP-1477400395-10.1.0.239-1676316388662/current/VERSION
646,/home/runner/work/neo4j-apoc-procedures/neo4j-apoc-procedures/full/hadoop/hdfs/data/data2/current/BP-1883375944-10.1.0.239-1676316494430/current/VERSION
786,/home/runner/work/neo4j-apoc-procedures/neo4j-apoc-procedures/full/hadoop/hdfs/data/data1/current/BP-1883375944-10.1.0.239-1676316494430/current/VERSION
