,file_name
0,/home/runner/work/neo4j-apoc-procedures/neo4j-apoc-procedures/.gradle/6.1.1/javaCompile/classAnalysis.bin
1,/home/runner/work/neo4j-apoc-procedures/neo4j-apoc-procedures/.gradle/6.1.1/javaCompile/javaCompile.lock
2,/home/runner/work/neo4j-apoc-procedures/neo4j-apoc-procedures/.gradle/6.1.1/fileHashes/fileHashes.lock
3,/home/runner/work/neo4j-apoc-procedures/neo4j-apoc-procedures/.gradle/checksums/checksums.lock
4,/home/runner/work/neo4j-apoc-procedures/neo4j-apoc-procedures/.gradle/6.1.1/fileHashes/fileHashes.bin
5,/home/runner/work/neo4j-apoc-procedures/neo4j-apoc-procedures/.gradle/checksums/sha1-checksums.bin
6,/home/runner/work/neo4j-apoc-procedures/neo4j-apoc-procedures/.gradle/checksums/md5-checksums.bin
7,/home/runner/work/neo4j-apoc-procedures/neo4j-apoc-procedures/.gradle/buildOutputCleanup/buildOutputCleanup.lock
8,/home/runner/work/neo4j-apoc-procedures/neo4j-apoc-procedures/full/derbyDB/log/log1.dat
9,/home/runner/work/neo4j-apoc-procedures/neo4j-apoc-procedures/.gradle/6.1.1/executionHistory/executionHistory.lock
10,/home/runner/work/neo4j-apoc-procedures/neo4j-apoc-procedures/full/derby.log
13,/home/runner/work/neo4j-apoc-procedures/neo4j-apoc-procedures/.gradle/6.1.1/executionHistory/executionHistory.bin
14,/home/runner/work/neo4j-apoc-procedures/neo4j-apoc-procedures/full/hadoop/hdfs/name-0-2/current/fsimage_0000000000000000000.md5.tmp
15,/home/runner/work/neo4j-apoc-procedures/neo4j-apoc-procedures/full/hadoop/hdfs/name-0-1/current/fsimage_0000000000000000000.md5.tmp
16,/home/runner/work/neo4j-apoc-procedures/neo4j-apoc-procedures/full/derbyDB/db.lck
17,/home/runner/work/neo4j-apoc-procedures/neo4j-apoc-procedures/core/target/47ac8299-a9e3-43a2-80d8-4c71a64a149f/logs/debug.log
18,/home/runner/work/neo4j-apoc-procedures/neo4j-apoc-procedures/full/derbyDB/seg0/c20.dat
19,/home/runner/work/neo4j-apoc-procedures/neo4j-apoc-procedures/full/derbyDB/seg0/c90.dat
22,/home/runner/work/neo4j-apoc-procedures/neo4j-apoc-procedures/full/derbyDB/seg0/c60.dat
25,/home/runner/work/neo4j-apoc-procedures/neo4j-apoc-procedures/full/derbyDB/seg0/ca1.dat
26,/home/runner/work/neo4j-apoc-procedures/neo4j-apoc-procedures/full/derbyDB/seg0/c51.dat
27,/home/runner/work/neo4j-apoc-procedures/neo4j-apoc-procedures/full/derbyDB/seg0/c31.dat
28,/home/runner/work/neo4j-apoc-procedures/neo4j-apoc-procedures/full/derbyDB/dbex.lck
29,/home/runner/work/neo4j-apoc-procedures/neo4j-apoc-procedures/full/derbyDB/seg0/c41.dat
30,/home/runner/work/neo4j-apoc-procedures/neo4j-apoc-procedures/core/src/test/resources/csv-inputs/emptyInteger.csv
31,/home/runner/work/neo4j-apoc-procedures/neo4j-apoc-procedures/core/src/test/resources/csv-inputs/ignore-relationships.csv
32,/home/runner/work/neo4j-apoc-procedures/neo4j-apoc-procedures/core/src/test/resources/csv-inputs/persons.csv
33,/home/runner/work/neo4j-apoc-procedures/neo4j-apoc-procedures/core/src/test/resources/csv-inputs/rel-on-ids.csv
34,/home/runner/work/neo4j-apoc-procedures/neo4j-apoc-procedures/core/src/test/resources/csv-inputs/custom-ids-basic-persons.csv
35,/home/runner/work/neo4j-apoc-procedures/neo4j-apoc-procedures/core/src/test/resources/csv-inputs/ignore-nodes.csv
36,/home/runner/work/neo4j-apoc-procedures/neo4j-apoc-procedures/core/src/test/resources/csv-inputs/nodesMultiTypes.csv
37,/home/runner/work/neo4j-apoc-procedures/neo4j-apoc-procedures/core/src/test/resources/csv-inputs/typeless.csv
38,/home/runner/work/neo4j-apoc-procedures/neo4j-apoc-procedures/core/src/test/resources/csv-inputs/custom-ids-basic-unis.csv
39,/home/runner/work/neo4j-apoc-procedures/neo4j-apoc-procedures/core/src/test/resources/csv-inputs/custom-ids-idspaces-companies.csv
40,/home/runner/work/neo4j-apoc-procedures/neo4j-apoc-procedures/core/src/test/resources/csv-inputs/custom-ids-basic-companies.csv
41,/home/runner/work/neo4j-apoc-procedures/neo4j-apoc-procedures/.gradle/6.1.1/javaCompile/taskHistory.bin
42,/home/runner/work/neo4j-apoc-procedures/neo4j-apoc-procedures/core/src/test/resources/csv-inputs/custom-ids-idspaces-affiliated-with.csv
43,/home/runner/work/neo4j-apoc-procedures/neo4j-apoc-procedures/core/src/test/resources/csv-inputs/custom-ids-basic-affiliated-with.csv
44,/home/runner/work/neo4j-apoc-procedures/neo4j-apoc-procedures/core/src/test/resources/csv-inputs/label.csv
45,/home/runner/work/neo4j-apoc-procedures/neo4j-apoc-procedures/core/src/test/resources/csv-inputs/id.csv
46,/home/runner/work/neo4j-apoc-procedures/neo4j-apoc-procedures/core/src/test/resources/csv-inputs/rel-on-ids-idspaces.csv
47,/home/runner/work/neo4j-apoc-procedures/neo4j-apoc-procedures/core/src/test/resources/csv-inputs/knows.csv
48,/home/runner/work/neo4j-apoc-procedures/neo4j-apoc-procedures/core/src/test/resources/csv-inputs/emptyArray.csv
49,/home/runner/work/neo4j-apoc-procedures/neo4j-apoc-procedures/core/src/test/resources/csv-inputs/rel-type.csv
50,/home/runner/work/neo4j-apoc-procedures/neo4j-apoc-procedures/core/src/test/resources/csv-inputs/custom-ids-idspaces-persons.csv
51,/home/runner/work/neo4j-apoc-procedures/neo4j-apoc-procedures/core/src/test/resources/csv-inputs/csvPoint.csv
52,/home/runner/work/neo4j-apoc-procedures/neo4j-apoc-procedures/core/src/test/resources/csv-inputs/array.csv
53,/home/runner/work/neo4j-apoc-procedures/neo4j-apoc-procedures/core/src/test/resources/csv-inputs/id-idspaces.csv
54,/home/runner/work/neo4j-apoc-procedures/neo4j-apoc-procedures/core/src/test/resources/csv-inputs/emptyDate.csv
55,/home/runner/work/neo4j-apoc-procedures/neo4j-apoc-procedures/core/src/test/resources/csv-inputs/id-idspaces-with-dash.csv
56,/home/runner/work/neo4j-apoc-procedures/neo4j-apoc-procedures/core/src/test/resources/csv-inputs/relMultiTypes.csv
57,/home/runner/work/neo4j-apoc-procedures/neo4j-apoc-procedures/core/src/test/resources/csv-inputs/id-with-duplicates.csv
58,/home/runner/work/neo4j-apoc-procedures/neo4j-apoc-procedures/core/src/test/resources/csv-inputs/custom-ids-idspaces-unis.csv
59,/home/runner/work/neo4j-apoc-procedures/neo4j-apoc-procedures/core/src/test/resources/csv-inputs/quoted.csv
60,/home/runner/work/neo4j-apoc-procedures/neo4j-apoc-procedures/full/derbyDB/seg0/cb1.dat
61,/home/runner/work/neo4j-apoc-procedures/neo4j-apoc-procedures/full/derbyDB/seg0/c71.dat
62,/home/runner/work/neo4j-apoc-procedures/neo4j-apoc-procedures/full/derbyDB/seg0/c81.dat
63,/home/runner/work/neo4j-apoc-procedures/neo4j-apoc-procedures/full/derbyDB/log/log.ctrl
64,/home/runner/work/neo4j-apoc-procedures/neo4j-apoc-procedures/full/derbyDB/log/logmirror.ctrl
68,/home/runner/work/neo4j-apoc-procedures/neo4j-apoc-procedures/core/target/47ac8299-a9e3-43a2-80d8-4c71a64a149f/data/transactions/system/neostore.transaction.db.0
73,/home/runner/work/neo4j-apoc-procedures/neo4j-apoc-procedures/.gradle/6.1.1/javaCompile/jarAnalysis.bin
74,/home/runner/work/neo4j-apoc-procedures/neo4j-apoc-procedures/full/derbyDB/seg0/c230.dat
76,/home/runner/work/neo4j-apoc-procedures/neo4j-apoc-procedures/full/hadoop/hdfs/name-0-2/current/edits_inprogress_0000000000000000001
78,/home/runner/work/neo4j-apoc-procedures/neo4j-apoc-procedures/full/hadoop/hdfs/name-0-1/current/edits_inprogress_0000000000000000001
79,/home/runner/work/neo4j-apoc-procedures/neo4j-apoc-procedures/.gradle/6.1.1/fileContent/fileContent.lock
97,/home/runner/work/neo4j-apoc-procedures/neo4j-apoc-procedures/full/hadoop/hdfs/name-0-1/current/fsimage.ckpt_0000000000000000000
99,/home/runner/work/neo4j-apoc-procedures/neo4j-apoc-procedures/full/hadoop/hdfs/name-0-2/current/fsimage.ckpt_0000000000000000000
135,/home/runner/work/neo4j-apoc-procedures/neo4j-apoc-procedures/core/target/import/all.nodes.cypher
141,/home/runner/work/neo4j-apoc-procedures/neo4j-apoc-procedures/core/target/import/all.relationships.cypher
142,/home/runner/work/neo4j-apoc-procedures/neo4j-apoc-procedures/core/target/import/all.cleanup.cypher
144,/home/runner/work/neo4j-apoc-procedures/neo4j-apoc-procedures/full/hadoop/hdfs/name-0-2/current/seen_txid.tmp
145,/home/runner/work/neo4j-apoc-procedures/neo4j-apoc-procedures/.gradle/6.1.1/fileChanges/last-build.bin
148,/home/runner/work/neo4j-apoc-procedures/neo4j-apoc-procedures/full/hadoop/hdfs/name-0-1/current/seen_txid.tmp
152,/home/runner/work/neo4j-apoc-procedures/neo4j-apoc-procedures/full/hadoop/hdfs/data/data1/current/VERSION
165,/home/runner/work/neo4j-apoc-procedures/neo4j-apoc-procedures/full/build/kotlin/compileKotlin/caches-jvm/lookups/lookups.tab.keystream
171,/home/runner/work/neo4j-apoc-procedures/neo4j-apoc-procedures/full/build/kotlin/compileTestKotlin/caches-jvm/lookups/lookups.tab
172,/home/runner/work/neo4j-apoc-procedures/neo4j-apoc-procedures/full/build/kotlin/compileKotlin/caches-jvm/lookups/lookups.tab
174,/home/runner/work/neo4j-apoc-procedures/neo4j-apoc-procedures/full/build/kotlin/compileTestKotlin/caches-jvm/lookups/lookups.tab.keystream
181,/home/runner/work/neo4j-apoc-procedures/neo4j-apoc-procedures/core/target/import/graph.schema.cypher
182,/home/runner/work/neo4j-apoc-procedures/neo4j-apoc-procedures/core/target/import/graph.relationships.cypher
183,/home/runner/work/neo4j-apoc-procedures/neo4j-apoc-procedures/core/target/import/graph.cleanup.cypher
193,/home/runner/work/neo4j-apoc-procedures/neo4j-apoc-procedures/full/derbyDB/seg0/c1a1.dat
194,/home/runner/work/neo4j-apoc-procedures/neo4j-apoc-procedures/core/target/47ac8299-a9e3-43a2-80d8-4c71a64a149f/data/databases/system/neostore.relationshipgroupstore.db.id
195,/home/runner/work/neo4j-apoc-procedures/neo4j-apoc-procedures/core/target/47ac8299-a9e3-43a2-80d8-4c71a64a149f/data/databases/system/neostore.labeltokenstore.db.names.id
196,/home/runner/work/neo4j-apoc-procedures/neo4j-apoc-procedures/core/target/47ac8299-a9e3-43a2-80d8-4c71a64a149f/data/databases/system/neostore.labeltokenstore.db.id
197,/home/runner/work/neo4j-apoc-procedures/neo4j-apoc-procedures/core/target/47ac8299-a9e3-43a2-80d8-4c71a64a149f/data/databases/system/neostore.relationshiptypestore.db.id
198,/home/runner/work/neo4j-apoc-procedures/neo4j-apoc-procedures/core/target/47ac8299-a9e3-43a2-80d8-4c71a64a149f/data/databases/system/neostore.relationshiptypestore.db.names.id
199,/home/runner/work/neo4j-apoc-procedures/neo4j-apoc-procedures/core/target/47ac8299-a9e3-43a2-80d8-4c71a64a149f/data/databases/system/neostore.relationshipstore.db.id
200,/home/runner/work/neo4j-apoc-procedures/neo4j-apoc-procedures/core/target/47ac8299-a9e3-43a2-80d8-4c71a64a149f/data/databases/system/neostore.propertystore.db.id
201,/home/runner/work/neo4j-apoc-procedures/neo4j-apoc-procedures/core/target/47ac8299-a9e3-43a2-80d8-4c71a64a149f/data/databases/system/neostore.propertystore.db.arrays.id
202,/home/runner/work/neo4j-apoc-procedures/neo4j-apoc-procedures/core/target/47ac8299-a9e3-43a2-80d8-4c71a64a149f/data/databases/system/neostore.propertystore.db.strings.id
203,/home/runner/work/neo4j-apoc-procedures/neo4j-apoc-procedures/core/target/47ac8299-a9e3-43a2-80d8-4c71a64a149f/data/databases/system/neostore.propertystore.db.index.id
204,/home/runner/work/neo4j-apoc-procedures/neo4j-apoc-procedures/core/target/47ac8299-a9e3-43a2-80d8-4c71a64a149f/data/databases/system/neostore.propertystore.db.index.keys.id
205,/home/runner/work/neo4j-apoc-procedures/neo4j-apoc-procedures/full/derbyDB/seg0/c251.dat
206,/home/runner/work/neo4j-apoc-procedures/neo4j-apoc-procedures/core/target/47ac8299-a9e3-43a2-80d8-4c71a64a149f/data/databases/system/neostore.nodestore.db.id
207,/home/runner/work/neo4j-apoc-procedures/neo4j-apoc-procedures/core/target/47ac8299-a9e3-43a2-80d8-4c71a64a149f/data/databases/system/neostore.nodestore.db.labels.id
208,/home/runner/work/neo4j-apoc-procedures/neo4j-apoc-procedures/core/target/47ac8299-a9e3-43a2-80d8-4c71a64a149f/data/databases/neo4j/neostore.propertystore.db.index.id
210,/home/runner/work/neo4j-apoc-procedures/neo4j-apoc-procedures/full/derbyDB/seg0/ce1.dat
212,/home/runner/work/neo4j-apoc-procedures/neo4j-apoc-procedures/core/target/47ac8299-a9e3-43a2-80d8-4c71a64a149f/data/databases/neo4j/neostore.relationshiptypescanstore.db
213,/home/runner/work/neo4j-apoc-procedures/neo4j-apoc-procedures/core/target/47ac8299-a9e3-43a2-80d8-4c71a64a149f/data/databases/neo4j/neostore.labelscanstore.db
214,/home/runner/work/neo4j-apoc-procedures/neo4j-apoc-procedures/core/target/47ac8299-a9e3-43a2-80d8-4c71a64a149f/data/databases/neo4j/neostore.relationshipgroupstore.db.id
215,/home/runner/work/neo4j-apoc-procedures/neo4j-apoc-procedures/core/target/47ac8299-a9e3-43a2-80d8-4c71a64a149f/data/databases/neo4j/neostore.nodestore.db.id
216,/home/runner/work/neo4j-apoc-procedures/neo4j-apoc-procedures/core/target/47ac8299-a9e3-43a2-80d8-4c71a64a149f/data/databases/neo4j/neostore.schemastore.db.id
217,/home/runner/work/neo4j-apoc-procedures/neo4j-apoc-procedures/core/target/47ac8299-a9e3-43a2-80d8-4c71a64a149f/data/databases/neo4j/neostore.labeltokenstore.db.id
218,/home/runner/work/neo4j-apoc-procedures/neo4j-apoc-procedures/core/target/47ac8299-a9e3-43a2-80d8-4c71a64a149f/data/databases/neo4j/neostore.labeltokenstore.db.names.id
219,/home/runner/work/neo4j-apoc-procedures/neo4j-apoc-procedures/core/target/47ac8299-a9e3-43a2-80d8-4c71a64a149f/data/databases/neo4j/neostore.relationshiptypestore.db.id
220,/home/runner/work/neo4j-apoc-procedures/neo4j-apoc-procedures/core/target/47ac8299-a9e3-43a2-80d8-4c71a64a149f/data/databases/neo4j/neostore.relationshiptypestore.db.names.id
221,/home/runner/work/neo4j-apoc-procedures/neo4j-apoc-procedures/core/target/47ac8299-a9e3-43a2-80d8-4c71a64a149f/data/databases/neo4j/neostore.relationshipstore.db.id
222,/home/runner/work/neo4j-apoc-procedures/neo4j-apoc-procedures/core/target/47ac8299-a9e3-43a2-80d8-4c71a64a149f/data/databases/neo4j/neostore.propertystore.db.id
223,/home/runner/work/neo4j-apoc-procedures/neo4j-apoc-procedures/core/target/47ac8299-a9e3-43a2-80d8-4c71a64a149f/data/databases/neo4j/neostore.propertystore.db.arrays.id
224,/home/runner/work/neo4j-apoc-procedures/neo4j-apoc-procedures/core/target/47ac8299-a9e3-43a2-80d8-4c71a64a149f/data/databases/neo4j/neostore.propertystore.db.strings.id
225,/home/runner/work/neo4j-apoc-procedures/neo4j-apoc-procedures/core/target/47ac8299-a9e3-43a2-80d8-4c71a64a149f/data/databases/neo4j/neostore.propertystore.db.index.keys.id
227,/home/runner/work/neo4j-apoc-procedures/neo4j-apoc-procedures/full/derbyDB/seg0/c1b1.dat
232,/home/runner/work/neo4j-apoc-procedures/neo4j-apoc-procedures/core/target/47ac8299-a9e3-43a2-80d8-4c71a64a149f/data/databases/system/neostore.schemastore.db.id
235,/home/runner/work/neo4j-apoc-procedures/neo4j-apoc-procedures/full/derbyDB/seg0/c5f0.dat
237,/home/runner/work/neo4j-apoc-procedures/neo4j-apoc-procedures/full/derbyDB/seg0/c5d0.dat
251,/home/runner/work/neo4j-apoc-procedures/neo4j-apoc-procedures/full/derbyDB/seg0/c351.dat
252,/home/runner/work/neo4j-apoc-procedures/neo4j-apoc-procedures/full/derbyDB/seg0/c340.dat
256,/home/runner/work/neo4j-apoc-procedures/neo4j-apoc-procedures/full/derbyDB/seg0/c361.dat
257,/home/runner/work/neo4j-apoc-procedures/neo4j-apoc-procedures/full/derbyDB/seg0/c130.dat
258,/home/runner/work/neo4j-apoc-procedures/neo4j-apoc-procedures/full/derbyDB/seg0/c311.dat
259,/home/runner/work/neo4j-apoc-procedures/neo4j-apoc-procedures/full/derbyDB/seg0/c260.dat
260,/home/runner/work/neo4j-apoc-procedures/neo4j-apoc-procedures/full/derbyDB/seg0/c271.dat
261,/home/runner/work/neo4j-apoc-procedures/neo4j-apoc-procedures/full/derbyDB/seg0/c281.dat
262,/home/runner/work/neo4j-apoc-procedures/neo4j-apoc-procedures/full/derbyDB/seg0/c2a1.dat
263,/home/runner/work/neo4j-apoc-procedures/neo4j-apoc-procedures/full/derbyDB/seg0/c2b1.dat
272,/home/runner/work/neo4j-apoc-procedures/neo4j-apoc-procedures/full/derbyDB/seg0/c2f0.dat
273,/home/runner/work/neo4j-apoc-procedures/neo4j-apoc-procedures/full/derbyDB/seg0/c161.dat
274,/home/runner/work/neo4j-apoc-procedures/neo4j-apoc-procedures/full/derbyDB/seg0/c111.dat
275,/home/runner/work/neo4j-apoc-procedures/neo4j-apoc-procedures/full/derbyDB/seg0/c101.dat
276,/home/runner/work/neo4j-apoc-procedures/neo4j-apoc-procedures/full/derbyDB/seg0/c1c0.dat
277,/home/runner/work/neo4j-apoc-procedures/neo4j-apoc-procedures/full/derbyDB/seg0/c1d1.dat
278,/home/runner/work/neo4j-apoc-procedures/neo4j-apoc-procedures/full/derbyDB/seg0/c1e0.dat
279,/home/runner/work/neo4j-apoc-procedures/neo4j-apoc-procedures/full/derbyDB/seg0/c1f1.dat
280,/home/runner/work/neo4j-apoc-procedures/neo4j-apoc-procedures/full/derbyDB/seg0/c200.dat
281,/home/runner/work/neo4j-apoc-procedures/neo4j-apoc-procedures/full/derbyDB/seg0/c211.dat
282,/home/runner/work/neo4j-apoc-procedures/neo4j-apoc-procedures/full/derbyDB/seg0/c221.dat
283,/home/runner/work/neo4j-apoc-procedures/neo4j-apoc-procedures/full/derbyDB/seg0/c241.dat
284,/home/runner/work/neo4j-apoc-procedures/neo4j-apoc-procedures/full/derbyDB/seg0/c300.dat
285,/home/runner/work/neo4j-apoc-procedures/neo4j-apoc-procedures/full/derbyDB/seg0/c400.dat
286,/home/runner/work/neo4j-apoc-procedures/neo4j-apoc-procedures/full/derbyDB/seg0/c3f1.dat
287,/home/runner/work/neo4j-apoc-procedures/neo4j-apoc-procedures/full/derbyDB/seg0/c3e1.dat
288,/home/runner/work/neo4j-apoc-procedures/neo4j-apoc-procedures/full/derbyDB/seg0/c141.dat
290,/home/runner/work/neo4j-apoc-procedures/neo4j-apoc-procedures/full/derbyDB/seg0/c3d1.dat
291,/home/runner/work/neo4j-apoc-procedures/neo4j-apoc-procedures/full/derbyDB/seg0/c3c0.dat
292,/home/runner/work/neo4j-apoc-procedures/neo4j-apoc-procedures/full/derbyDB/seg0/c3b1.dat
293,/home/runner/work/neo4j-apoc-procedures/neo4j-apoc-procedures/full/derbyDB/seg0/c3a1.dat
294,/home/runner/work/neo4j-apoc-procedures/neo4j-apoc-procedures/full/derbyDB/seg0/c391.dat
295,/home/runner/work/neo4j-apoc-procedures/neo4j-apoc-procedures/full/derbyDB/seg0/c380.dat
296,/home/runner/work/neo4j-apoc-procedures/neo4j-apoc-procedures/full/derbyDB/seg0/c421.dat
297,/home/runner/work/neo4j-apoc-procedures/neo4j-apoc-procedures/full/derbyDB/seg0/c371.dat
298,/home/runner/work/neo4j-apoc-procedures/neo4j-apoc-procedures/full/derbyDB/seg0/c441.dat
299,/home/runner/work/neo4j-apoc-procedures/neo4j-apoc-procedures/full/derbyDB/seg0/c451.dat
300,/home/runner/work/neo4j-apoc-procedures/neo4j-apoc-procedures/full/derbyDB/seg0/c461.dat
301,/home/runner/work/neo4j-apoc-procedures/neo4j-apoc-procedures/full/derbyDB/seg0/c430.dat
302,/home/runner/work/neo4j-apoc-procedures/neo4j-apoc-procedures/full/derbyDB/seg0/c470.dat
303,/home/runner/work/neo4j-apoc-procedures/neo4j-apoc-procedures/full/derbyDB/seg0/c481.dat
304,/home/runner/work/neo4j-apoc-procedures/neo4j-apoc-procedures/full/derbyDB/seg0/c321.dat
369,/home/runner/work/neo4j-apoc-procedures/neo4j-apoc-procedures/full/hadoop/hdfs/data/data1/current/BP-857578281-10.1.0.180-1678922474383/scanner.cursor.tmp
370,/home/runner/work/neo4j-apoc-procedures/neo4j-apoc-procedures/full/hadoop/hdfs/data/data2/current/BP-857578281-10.1.0.180-1678922474383/scanner.cursor.tmp
371,/home/runner/work/neo4j-apoc-procedures/neo4j-apoc-procedures/docs/asciidoc/modules/ROOT/examples/generated-documentation/apoc.load.arrow-lite.csv
372,/home/runner/work/neo4j-apoc-procedures/neo4j-apoc-procedures/docs/asciidoc/modules/ROOT/examples/generated-documentation/apoc.merge.relationshipWithStats-lite.csv
373,/home/runner/work/neo4j-apoc-procedures/neo4j-apoc-procedures/docs/asciidoc/modules/ROOT/examples/generated-documentation/apoc.merge.nodeWithStats-lite.csv
379,/home/runner/work/neo4j-apoc-procedures/neo4j-apoc-procedures/core/target/47ac8299-a9e3-43a2-80d8-4c71a64a149f/data/databases/neo4j/neostore.indexstats.db
380,/home/runner/work/neo4j-apoc-procedures/neo4j-apoc-procedures/core/target/47ac8299-a9e3-43a2-80d8-4c71a64a149f/data/databases/neo4j/neostore.relationshipgroupstore.degrees.db
381,/home/runner/work/neo4j-apoc-procedures/neo4j-apoc-procedures/core/target/47ac8299-a9e3-43a2-80d8-4c71a64a149f/data/databases/neo4j/neostore.counts.db
382,/home/runner/work/neo4j-apoc-procedures/neo4j-apoc-procedures/core/target/47ac8299-a9e3-43a2-80d8-4c71a64a149f/data/databases/system/neostore.indexstats.db
383,/home/runner/work/neo4j-apoc-procedures/neo4j-apoc-procedures/core/target/47ac8299-a9e3-43a2-80d8-4c71a64a149f/data/databases/system/neostore.relationshipgroupstore.degrees.db
384,/home/runner/work/neo4j-apoc-procedures/neo4j-apoc-procedures/core/target/47ac8299-a9e3-43a2-80d8-4c71a64a149f/data/databases/system/neostore.counts.db
385,/home/runner/work/neo4j-apoc-procedures/neo4j-apoc-procedures/full/derbyDB/seg0/c411.dat
391,/home/runner/work/neo4j-apoc-procedures/neo4j-apoc-procedures/core/target/47ac8299-a9e3-43a2-80d8-4c71a64a149f/data/transactions/neo4j/neostore.transaction.db.0
468,/home/runner/work/neo4j-apoc-procedures/neo4j-apoc-procedures/full/hadoop/hdfs/name-0-1/in_use.lock
472,/home/runner/work/neo4j-apoc-procedures/neo4j-apoc-procedures/full/build/kotlin/compileKotlin/last-build.bin
479,/home/runner/work/neo4j-apoc-procedures/neo4j-apoc-procedures/full/hadoop/hdfs/name-0-2/in_use.lock
481,/home/runner/work/neo4j-apoc-procedures/neo4j-apoc-procedures/full/hadoop/hdfs/data/data1/in_use.lock
521,/home/runner/work/neo4j-apoc-procedures/neo4j-apoc-procedures/full/derbyDB/seg0/c331.dat
525,/home/runner/work/neo4j-apoc-procedures/neo4j-apoc-procedures/full/build/kotlin/compileTestKotlin/last-build.bin
534,/home/runner/work/neo4j-apoc-procedures/neo4j-apoc-procedures/full/hadoop/hdfs/data/data1/current/BP-2000744434-10.1.0.180-1678922243748/scanner.cursor.tmp
541,/home/runner/work/neo4j-apoc-procedures/neo4j-apoc-procedures/full/build/kotlin/compileTestKotlin/caches-jvm/jvm/kotlin/class-attributes.tab.keystream
542,/home/runner/work/neo4j-apoc-procedures/neo4j-apoc-procedures/full/build/kotlin/compileTestKotlin/caches-jvm/inputs/source-to-output.tab
543,/home/runner/work/neo4j-apoc-procedures/neo4j-apoc-procedures/full/build/kotlin/compileTestKotlin/caches-jvm/lookups/file-to-id.tab_i
544,/home/runner/work/neo4j-apoc-procedures/neo4j-apoc-procedures/full/build/kotlin/compileTestKotlin/caches-jvm/inputs/source-to-output.tab_i
545,/home/runner/work/neo4j-apoc-procedures/neo4j-apoc-procedures/full/build/kotlin/compileTestKotlin/caches-jvm/lookups/file-to-id.tab
548,/home/runner/work/neo4j-apoc-procedures/neo4j-apoc-procedures/full/build/kotlin/compileTestKotlin/caches-jvm/lookups/id-to-file.tab
550,/home/runner/work/neo4j-apoc-procedures/neo4j-apoc-procedures/full/build/kotlin/compileTestKotlin/caches-jvm/inputs/source-to-output.tab.keystream
551,/home/runner/work/neo4j-apoc-procedures/neo4j-apoc-procedures/full/build/kotlin/compileTestKotlin/caches-jvm/lookups/counters.tab
552,/home/runner/work/neo4j-apoc-procedures/neo4j-apoc-procedures/full/build/kotlin/compileTestKotlin/caches-jvm/jvm/kotlin/constants.tab_i
554,/home/runner/work/neo4j-apoc-procedures/neo4j-apoc-procedures/full/build/kotlin/compileTestKotlin/caches-jvm/jvm/kotlin/class-fq-name-to-source.tab_i
555,/home/runner/work/neo4j-apoc-procedures/neo4j-apoc-procedures/full/build/kotlin/compileTestKotlin/caches-jvm/jvm/kotlin/class-attributes.tab
556,/home/runner/work/neo4j-apoc-procedures/neo4j-apoc-procedures/full/build/kotlin/compileTestKotlin/caches-jvm/jvm/kotlin/class-attributes.tab_i
557,/home/runner/work/neo4j-apoc-procedures/neo4j-apoc-procedures/full/build/kotlin/compileTestKotlin/caches-jvm/jvm/kotlin/proto.tab
559,/home/runner/work/neo4j-apoc-procedures/neo4j-apoc-procedures/full/build/kotlin/compileTestKotlin/caches-jvm/jvm/kotlin/constants.tab
560,/home/runner/work/neo4j-apoc-procedures/neo4j-apoc-procedures/full/build/kotlin/compileTestKotlin/caches-jvm/jvm/kotlin/class-fq-name-to-source.tab
562,/home/runner/work/neo4j-apoc-procedures/neo4j-apoc-procedures/full/build/kotlin/compileTestKotlin/caches-jvm/jvm/kotlin/proto.tab_i
563,/home/runner/work/neo4j-apoc-procedures/neo4j-apoc-procedures/full/build/kotlin/compileTestKotlin/caches-jvm/lookups/id-to-file.tab.keystream
564,/home/runner/work/neo4j-apoc-procedures/neo4j-apoc-procedures/full/build/kotlin/compileTestKotlin/caches-jvm/jvm/kotlin/subtypes.tab
565,/home/runner/work/neo4j-apoc-procedures/neo4j-apoc-procedures/full/build/kotlin/compileTestKotlin/caches-jvm/jvm/kotlin/supertypes.tab
566,/home/runner/work/neo4j-apoc-procedures/neo4j-apoc-procedures/full/build/kotlin/compileTestKotlin/caches-jvm/jvm/kotlin/supertypes.tab_i
567,/home/runner/work/neo4j-apoc-procedures/neo4j-apoc-procedures/full/build/kotlin/compileTestKotlin/caches-jvm/jvm/kotlin/internal-name-to-source.tab_i
568,/home/runner/work/neo4j-apoc-procedures/neo4j-apoc-procedures/full/build/kotlin/compileTestKotlin/caches-jvm/jvm/kotlin/internal-name-to-source.tab
569,/home/runner/work/neo4j-apoc-procedures/neo4j-apoc-procedures/full/build/kotlin/compileTestKotlin/caches-jvm/jvm/kotlin/source-to-classes.tab
570,/home/runner/work/neo4j-apoc-procedures/neo4j-apoc-procedures/full/build/kotlin/compileTestKotlin/caches-jvm/lookups/id-to-file.tab_i
573,/home/runner/work/neo4j-apoc-procedures/neo4j-apoc-procedures/full/build/kotlin/compileTestKotlin/caches-jvm/lookups/lookups.tab_i
574,/home/runner/work/neo4j-apoc-procedures/neo4j-apoc-procedures/full/build/kotlin/compileTestKotlin/caches-jvm/lookups/file-to-id.tab.keystream
579,/home/runner/work/neo4j-apoc-procedures/neo4j-apoc-procedures/full/build/kotlin/compileTestKotlin/caches-jvm/jvm/kotlin/class-fq-name-to-source.tab.keystream
581,/home/runner/work/neo4j-apoc-procedures/neo4j-apoc-procedures/full/build/kotlin/compileTestKotlin/caches-jvm/jvm/kotlin/subtypes.tab.keystream
582,/home/runner/work/neo4j-apoc-procedures/neo4j-apoc-procedures/full/build/kotlin/compileTestKotlin/caches-jvm/jvm/kotlin/subtypes.tab_i
583,/home/runner/work/neo4j-apoc-procedures/neo4j-apoc-procedures/full/build/kotlin/compileTestKotlin/caches-jvm/jvm/kotlin/constants.tab.keystream
584,/home/runner/work/neo4j-apoc-procedures/neo4j-apoc-procedures/full/build/kotlin/compileTestKotlin/caches-jvm/jvm/kotlin/internal-name-to-source.tab.keystream
586,/home/runner/work/neo4j-apoc-procedures/neo4j-apoc-procedures/full/build/kotlin/compileTestKotlin/caches-jvm/jvm/kotlin/source-to-classes.tab_i
587,/home/runner/work/neo4j-apoc-procedures/neo4j-apoc-procedures/full/build/kotlin/compileTestKotlin/caches-jvm/jvm/kotlin/source-to-classes.tab.keystream
589,/home/runner/work/neo4j-apoc-procedures/neo4j-apoc-procedures/full/build/kotlin/compileTestKotlin/caches-jvm/jvm/kotlin/proto.tab.keystream
590,/home/runner/work/neo4j-apoc-procedures/neo4j-apoc-procedures/full/build/kotlin/compileTestKotlin/caches-jvm/jvm/kotlin/supertypes.tab.keystream
592,/home/runner/work/neo4j-apoc-procedures/neo4j-apoc-procedures/.gradle/6.1.1/fileContent/annotation-processors.bin
597,/home/runner/work/neo4j-apoc-procedures/neo4j-apoc-procedures/full/build/kotlin/compileKotlin/caches-jvm/jvm/kotlin/class-attributes.tab.keystream
603,/home/runner/work/neo4j-apoc-procedures/neo4j-apoc-procedures/full/build/kotlin/compileKotlin/caches-jvm/jvm/kotlin/subtypes.tab_i
604,/home/runner/work/neo4j-apoc-procedures/neo4j-apoc-procedures/full/build/kotlin/compileKotlin/caches-jvm/jvm/kotlin/supertypes.tab.keystream
608,/home/runner/work/neo4j-apoc-procedures/neo4j-apoc-procedures/full/build/kotlin/compileKotlin/caches-jvm/jvm/kotlin/subtypes.tab.keystream
615,/home/runner/work/neo4j-apoc-procedures/neo4j-apoc-procedures/full/build/kotlin/compileKotlin/caches-jvm/jvm/kotlin/source-to-classes.tab
616,/home/runner/work/neo4j-apoc-procedures/neo4j-apoc-procedures/full/build/kotlin/compileKotlin/caches-jvm/jvm/kotlin/internal-name-to-source.tab
617,/home/runner/work/neo4j-apoc-procedures/neo4j-apoc-procedures/full/build/kotlin/compileKotlin/caches-jvm/jvm/kotlin/internal-name-to-source.tab_i
618,/home/runner/work/neo4j-apoc-procedures/neo4j-apoc-procedures/full/build/kotlin/compileKotlin/caches-jvm/jvm/kotlin/class-fq-name-to-source.tab
619,/home/runner/work/neo4j-apoc-procedures/neo4j-apoc-procedures/full/build/kotlin/compileKotlin/caches-jvm/jvm/kotlin/class-fq-name-to-source.tab_i
620,/home/runner/work/neo4j-apoc-procedures/neo4j-apoc-procedures/full/build/kotlin/compileKotlin/caches-jvm/jvm/kotlin/class-attributes.tab
622,/home/runner/work/neo4j-apoc-procedures/neo4j-apoc-procedures/full/build/kotlin/compileKotlin/caches-jvm/jvm/kotlin/class-attributes.tab_i
623,/home/runner/work/neo4j-apoc-procedures/neo4j-apoc-procedures/full/build/kotlin/compileKotlin/caches-jvm/jvm/kotlin/proto.tab
624,/home/runner/work/neo4j-apoc-procedures/neo4j-apoc-procedures/full/build/kotlin/compileKotlin/caches-jvm/jvm/kotlin/proto.tab_i
625,/home/runner/work/neo4j-apoc-procedures/neo4j-apoc-procedures/full/build/kotlin/compileKotlin/caches-jvm/jvm/kotlin/subtypes.tab
626,/home/runner/work/neo4j-apoc-procedures/neo4j-apoc-procedures/full/build/kotlin/compileKotlin/caches-jvm/jvm/kotlin/supertypes.tab
627,/home/runner/work/neo4j-apoc-procedures/neo4j-apoc-procedures/full/build/kotlin/compileKotlin/caches-jvm/jvm/kotlin/supertypes.tab_i
628,/home/runner/work/neo4j-apoc-procedures/neo4j-apoc-procedures/full/build/kotlin/compileKotlin/caches-jvm/lookups/id-to-file.tab_i
629,/home/runner/work/neo4j-apoc-procedures/neo4j-apoc-procedures/full/build/kotlin/compileKotlin/caches-jvm/lookups/id-to-file.tab
630,/home/runner/work/neo4j-apoc-procedures/neo4j-apoc-procedures/full/build/kotlin/compileKotlin/caches-jvm/lookups/file-to-id.tab_i
632,/home/runner/work/neo4j-apoc-procedures/neo4j-apoc-procedures/full/build/kotlin/compileKotlin/caches-jvm/lookups/file-to-id.tab
633,/home/runner/work/neo4j-apoc-procedures/neo4j-apoc-procedures/full/build/kotlin/compileKotlin/caches-jvm/inputs/source-to-output.tab
634,/home/runner/work/neo4j-apoc-procedures/neo4j-apoc-procedures/full/build/kotlin/compileKotlin/caches-jvm/inputs/source-to-output.tab_i
635,/home/runner/work/neo4j-apoc-procedures/neo4j-apoc-procedures/full/build/kotlin/compileKotlin/caches-jvm/jvm/kotlin/constants.tab
646,/home/runner/work/neo4j-apoc-procedures/neo4j-apoc-procedures/full/build/kotlin/compileKotlin/caches-jvm/lookups/file-to-id.tab.keystream
648,/home/runner/work/neo4j-apoc-procedures/neo4j-apoc-procedures/full/build/kotlin/compileKotlin/caches-jvm/lookups/lookups.tab_i
651,/home/runner/work/neo4j-apoc-procedures/neo4j-apoc-procedures/full/build/kotlin/compileKotlin/caches-jvm/lookups/id-to-file.tab.keystream
652,/home/runner/work/neo4j-apoc-procedures/neo4j-apoc-procedures/full/build/kotlin/compileKotlin/caches-jvm/inputs/source-to-output.tab.keystream
653,/home/runner/work/neo4j-apoc-procedures/neo4j-apoc-procedures/full/build/kotlin/compileKotlin/caches-jvm/jvm/kotlin/constants.tab_i
654,/home/runner/work/neo4j-apoc-procedures/neo4j-apoc-procedures/full/build/kotlin/compileKotlin/caches-jvm/lookups/counters.tab
655,/home/runner/work/neo4j-apoc-procedures/neo4j-apoc-procedures/full/build/kotlin/compileKotlin/caches-jvm/jvm/kotlin/internal-name-to-source.tab.keystream
656,/home/runner/work/neo4j-apoc-procedures/neo4j-apoc-procedures/full/build/kotlin/compileKotlin/caches-jvm/jvm/kotlin/constants.tab.keystream
657,/home/runner/work/neo4j-apoc-procedures/neo4j-apoc-procedures/full/build/kotlin/compileKotlin/caches-jvm/jvm/kotlin/proto.tab.keystream
662,/home/runner/work/neo4j-apoc-procedures/neo4j-apoc-procedures/full/build/kotlin/compileKotlin/caches-jvm/jvm/kotlin/class-fq-name-to-source.tab.keystream
664,/home/runner/work/neo4j-apoc-procedures/neo4j-apoc-procedures/full/build/kotlin/compileKotlin/caches-jvm/jvm/kotlin/source-to-classes.tab_i
665,/home/runner/work/neo4j-apoc-procedures/neo4j-apoc-procedures/full/build/kotlin/compileKotlin/caches-jvm/jvm/kotlin/source-to-classes.tab.keystream
666,/home/runner/work/neo4j-apoc-procedures/neo4j-apoc-procedures/full/build/kotlin/compileTestKotlin/caches-jvm/lookups/lookups.tab_i.len
667,/home/runner/work/neo4j-apoc-procedures/neo4j-apoc-procedures/full/hadoop/hdfs/data/data1/current/BP-857578281-10.1.0.180-1678922474383/current/dfsUsed
668,/home/runner/work/neo4j-apoc-procedures/neo4j-apoc-procedures/full/build/kotlin/compileTestKotlin/caches-jvm/lookups/lookups.tab.len
669,/home/runner/work/neo4j-apoc-procedures/neo4j-apoc-procedures/full/build/kotlin/compileTestKotlin/caches-jvm/jvm/kotlin/supertypes.tab.keystream.len
670,/home/runner/work/neo4j-apoc-procedures/neo4j-apoc-procedures/full/build/kotlin/compileTestKotlin/caches-jvm/jvm/kotlin/supertypes.tab_i.len
671,/home/runner/work/neo4j-apoc-procedures/neo4j-apoc-procedures/full/build/kotlin/compileTestKotlin/caches-jvm/jvm/kotlin/supertypes.tab.len
672,/home/runner/work/neo4j-apoc-procedures/neo4j-apoc-procedures/full/build/kotlin/compileTestKotlin/caches-jvm/jvm/kotlin/class-fq-name-to-source.tab.values.at
673,/home/runner/work/neo4j-apoc-procedures/neo4j-apoc-procedures/full/build/kotlin/compileTestKotlin/caches-jvm/jvm/kotlin/class-fq-name-to-source.tab.keystream.len
674,/home/runner/work/neo4j-apoc-procedures/neo4j-apoc-procedures/full/build/kotlin/compileTestKotlin/caches-jvm/lookups/file-to-id.tab.values.at
675,/home/runner/work/neo4j-apoc-procedures/neo4j-apoc-procedures/full/build/kotlin/compileTestKotlin/caches-jvm/lookups/id-to-file.tab.len
676,/home/runner/work/neo4j-apoc-procedures/neo4j-apoc-procedures/full/build/kotlin/compileTestKotlin/caches-jvm/lookups/lookups.tab.keystream.len
677,/home/runner/work/neo4j-apoc-procedures/neo4j-apoc-procedures/full/build/kotlin/compileTestKotlin/caches-jvm/lookups/id-to-file.tab_i.len
678,/home/runner/work/neo4j-apoc-procedures/neo4j-apoc-procedures/full/build/kotlin/compileTestKotlin/caches-jvm/lookups/id-to-file.tab.keystream.len
679,/home/runner/work/neo4j-apoc-procedures/neo4j-apoc-procedures/full/build/kotlin/compileTestKotlin/caches-jvm/lookups/id-to-file.tab.values.at
680,/home/runner/work/neo4j-apoc-procedures/neo4j-apoc-procedures/full/build/kotlin/compileTestKotlin/caches-jvm/lookups/file-to-id.tab.keystream.len
681,/home/runner/work/neo4j-apoc-procedures/neo4j-apoc-procedures/full/build/kotlin/compileTestKotlin/caches-jvm/lookups/file-to-id.tab_i.len
682,/home/runner/work/neo4j-apoc-procedures/neo4j-apoc-procedures/full/build/kotlin/compileTestKotlin/caches-jvm/lookups/file-to-id.tab.len
683,/home/runner/work/neo4j-apoc-procedures/neo4j-apoc-procedures/full/build/kotlin/compileTestKotlin/caches-jvm/lookups/lookups.tab.values.at
684,/home/runner/work/neo4j-apoc-procedures/neo4j-apoc-procedures/full/build/kotlin/compileTestKotlin/caches-jvm/lookups/lookups.tab.values.s
685,/home/runner/work/neo4j-apoc-procedures/neo4j-apoc-procedures/full/build/kotlin/compileTestKotlin/caches-jvm/lookups/lookups.tab.values
686,/home/runner/work/neo4j-apoc-procedures/neo4j-apoc-procedures/full/hadoop/hdfs/data/data1/current/BP-2000744434-10.1.0.180-1678922243748/current/replicas.tmp
687,/home/runner/work/neo4j-apoc-procedures/neo4j-apoc-procedures/full/hadoop/hdfs/data/data1/current/BP-857578281-10.1.0.180-1678922474383/current/rbw/blk_1073741825
688,/home/runner/work/neo4j-apoc-procedures/neo4j-apoc-procedures/full/build/kotlin/compileTestKotlin/caches-jvm/jvm/kotlin/supertypes.tab.values.at
689,/home/runner/work/neo4j-apoc-procedures/neo4j-apoc-procedures/full/build/kotlin/compileTestKotlin/caches-jvm/jvm/kotlin/class-attributes.tab_i.len
690,/home/runner/work/neo4j-apoc-procedures/neo4j-apoc-procedures/full/hadoop/hdfs/data/data1/current/BP-857578281-10.1.0.180-1678922474383/current/rbw/blk_1073741825_1001.meta
691,/home/runner/work/neo4j-apoc-procedures/neo4j-apoc-procedures/full/build/kotlin/compileTestKotlin/caches-jvm/jvm/kotlin/class-attributes.tab.keystream.len
692,/home/runner/work/neo4j-apoc-procedures/neo4j-apoc-procedures/full/build/kotlin/compileTestKotlin/caches-jvm/jvm/kotlin/subtypes.tab.keystream.len
693,/home/runner/work/neo4j-apoc-procedures/neo4j-apoc-procedures/full/build/kotlin/compileTestKotlin/caches-jvm/jvm/kotlin/class-attributes.tab.len
694,/home/runner/work/neo4j-apoc-procedures/neo4j-apoc-procedures/full/hadoop/hdfs/data/data1/current/BP-2000744434-10.1.0.180-1678922243748/current/rbw/blk_1073741825_1001.meta
695,/home/runner/work/neo4j-apoc-procedures/neo4j-apoc-procedures/full/hadoop/hdfs/data/data1/current/BP-857578281-10.1.0.180-1678922474383/current/replicas.tmp
696,/home/runner/work/neo4j-apoc-procedures/neo4j-apoc-procedures/full/build/kotlin/compileTestKotlin/caches-jvm/jvm/kotlin/subtypes.tab_i.len
697,/home/runner/work/neo4j-apoc-procedures/neo4j-apoc-procedures/full/build/kotlin/compileTestKotlin/caches-jvm/jvm/kotlin/subtypes.tab.values.at
698,/home/runner/work/neo4j-apoc-procedures/neo4j-apoc-procedures/full/build/kotlin/compileTestKotlin/caches-jvm/jvm/kotlin/subtypes.tab.len
699,/home/runner/work/neo4j-apoc-procedures/neo4j-apoc-procedures/full/build/kotlin/compileTestKotlin/caches-jvm/inputs/source-to-output.tab_i.len
700,/home/runner/work/neo4j-apoc-procedures/neo4j-apoc-procedures/full/hadoop/hdfs/data/data2/current/BP-857578281-10.1.0.180-1678922474383/current/rbw/blk_1073741826
701,/home/runner/work/neo4j-apoc-procedures/neo4j-apoc-procedures/full/hadoop/hdfs/data/data2/current/BP-857578281-10.1.0.180-1678922474383/current/rbw/blk_1073741826_1002.meta
702,/home/runner/work/neo4j-apoc-procedures/neo4j-apoc-procedures/full/build/kotlin/compileTestKotlin/caches-jvm/jvm/kotlin/class-attributes.tab.values.at
703,/home/runner/work/neo4j-apoc-procedures/neo4j-apoc-procedures/full/build/kotlin/compileTestKotlin/caches-jvm/inputs/source-to-output.tab.len
704,/home/runner/work/neo4j-apoc-procedures/neo4j-apoc-procedures/full/build/kotlin/compileTestKotlin/caches-jvm/inputs/source-to-output.tab.keystream.len
705,/home/runner/work/neo4j-apoc-procedures/neo4j-apoc-procedures/docs/asciidoc/modules/ROOT/examples/generated-documentation/apoc.export.arrow.csv
706,/home/runner/work/neo4j-apoc-procedures/neo4j-apoc-procedures/full/hadoop/hdfs/data/data1/current/BP-2000744434-10.1.0.180-1678922243748/current/dfsUsed
707,/home/runner/work/neo4j-apoc-procedures/neo4j-apoc-procedures/full/derbyDB/log/README_DO_NOT_TOUCH_FILES.txt
708,/home/runner/work/neo4j-apoc-procedures/neo4j-apoc-procedures/full/hadoop/hdfs/data/data2/current/BP-857578281-10.1.0.180-1678922474383/current/dfsUsed
709,/home/runner/work/neo4j-apoc-procedures/neo4j-apoc-procedures/full/derbyDB/seg0/README_DO_NOT_TOUCH_FILES.txt
710,/home/runner/work/neo4j-apoc-procedures/neo4j-apoc-procedures/docs/asciidoc/modules/ROOT/examples/generated-documentation/apoc.export.arrow.stream.csv
711,/home/runner/work/neo4j-apoc-procedures/neo4j-apoc-procedures/docs/asciidoc/modules/ROOT/examples/generated-documentation/apoc.merge.nodeWithStats.csv
712,/home/runner/work/neo4j-apoc-procedures/neo4j-apoc-procedures/full/hadoop/hdfs/data/data2/current/BP-857578281-10.1.0.180-1678922474383/current/replicas.tmp
713,/home/runner/work/neo4j-apoc-procedures/neo4j-apoc-procedures/full/build/kotlin/compileTestKotlin/build-history.bin
714,/home/runner/work/neo4j-apoc-procedures/neo4j-apoc-procedures/full/build/kotlin/compileTestKotlin/caches-jvm/inputs/source-to-output.tab.values.at
715,/home/runner/work/neo4j-apoc-procedures/neo4j-apoc-procedures/docs/asciidoc/modules/ROOT/examples/generated-documentation/apoc.merge.relationshipWithStats.csv
716,/home/runner/work/neo4j-apoc-procedures/neo4j-apoc-procedures/docs/asciidoc/modules/ROOT/examples/generated-documentation/apoc.load.arrow.csv
717,/home/runner/work/neo4j-apoc-procedures/neo4j-apoc-procedures/full/build/kotlin/compileTestKotlin/caches-jvm/jvm/kotlin/class-fq-name-to-source.tab_i.len
719,/home/runner/work/neo4j-apoc-procedures/neo4j-apoc-procedures/full/hadoop/hdfs/data/data1/current/BP-2000744434-10.1.0.180-1678922243748/current/rbw/blk_1073741825
720,/home/runner/work/neo4j-apoc-procedures/neo4j-apoc-procedures/full/build/kotlin/compileTestKotlin/caches-jvm/jvm/kotlin/class-fq-name-to-source.tab.len
721,/home/runner/work/neo4j-apoc-procedures/neo4j-apoc-procedures/full/hadoop/hdfs/data/data2/in_use.lock
722,/home/runner/work/neo4j-apoc-procedures/neo4j-apoc-procedures/full/build/kotlin/compileTestKotlin/caches-jvm/jvm/kotlin/proto.tab.len
723,/home/runner/work/neo4j-apoc-procedures/neo4j-apoc-procedures/full/build/kotlin/compileTestKotlin/caches-jvm/jvm/kotlin/proto.tab_i.len
724,/home/runner/work/neo4j-apoc-procedures/neo4j-apoc-procedures/full/build/kotlin/compileTestKotlin/caches-jvm/jvm/kotlin/proto.tab.keystream.len
725,/home/runner/work/neo4j-apoc-procedures/neo4j-apoc-procedures/full/build/kotlin/compileTestKotlin/caches-jvm/jvm/kotlin/constants.tab.values.at
726,/home/runner/work/neo4j-apoc-procedures/neo4j-apoc-procedures/full/build/kotlin/compileTestKotlin/caches-jvm/jvm/kotlin/constants.tab.len
727,/home/runner/work/neo4j-apoc-procedures/neo4j-apoc-procedures/full/build/kotlin/compileTestKotlin/caches-jvm/jvm/kotlin/internal-name-to-source.tab.values.at
728,/home/runner/work/neo4j-apoc-procedures/neo4j-apoc-procedures/full/build/kotlin/compileTestKotlin/caches-jvm/jvm/kotlin/constants.tab_i.len
729,/home/runner/work/neo4j-apoc-procedures/neo4j-apoc-procedures/full/build/kotlin/compileTestKotlin/caches-jvm/jvm/kotlin/constants.tab.keystream.len
730,/home/runner/work/neo4j-apoc-procedures/neo4j-apoc-procedures/full/build/kotlin/compileTestKotlin/caches-jvm/jvm/kotlin/source-to-classes.tab.keystream.len
731,/home/runner/work/neo4j-apoc-procedures/neo4j-apoc-procedures/full/build/kotlin/compileTestKotlin/caches-jvm/jvm/kotlin/source-to-classes.tab.len
732,/home/runner/work/neo4j-apoc-procedures/neo4j-apoc-procedures/full/build/kotlin/compileTestKotlin/caches-jvm/jvm/kotlin/source-to-classes.tab_i.len
733,/home/runner/work/neo4j-apoc-procedures/neo4j-apoc-procedures/full/build/kotlin/compileTestKotlin/caches-jvm/jvm/kotlin/source-to-classes.tab.values.at
734,/home/runner/work/neo4j-apoc-procedures/neo4j-apoc-procedures/full/build/kotlin/compileTestKotlin/caches-jvm/jvm/kotlin/proto.tab.values.at
735,/home/runner/work/neo4j-apoc-procedures/neo4j-apoc-procedures/full/build/kotlin/compileTestKotlin/caches-jvm/jvm/kotlin/internal-name-to-source.tab_i.len
736,/home/runner/work/neo4j-apoc-procedures/neo4j-apoc-procedures/full/build/kotlin/compileTestKotlin/caches-jvm/jvm/kotlin/internal-name-to-source.tab.keystream.len
737,/home/runner/work/neo4j-apoc-procedures/neo4j-apoc-procedures/full/build/kotlin/compileTestKotlin/caches-jvm/jvm/kotlin/internal-name-to-source.tab.len
738,/home/runner/work/neo4j-apoc-procedures/neo4j-apoc-procedures/full/build/kotlin/compileKotlin/caches-jvm/jvm/kotlin/supertypes.tab_i.len
739,/home/runner/work/neo4j-apoc-procedures/neo4j-apoc-procedures/full/build/kotlin/compileKotlin/caches-jvm/jvm/kotlin/supertypes.tab.len
740,/home/runner/work/neo4j-apoc-procedures/neo4j-apoc-procedures/full/build/kotlin/compileKotlin/caches-jvm/jvm/kotlin/supertypes.tab.keystream.len
741,/home/runner/work/neo4j-apoc-procedures/neo4j-apoc-procedures/full/build/kotlin/compileKotlin/caches-jvm/jvm/kotlin/supertypes.tab.values.at
742,/home/runner/work/neo4j-apoc-procedures/neo4j-apoc-procedures/full/build/kotlin/compileKotlin/caches-jvm/jvm/kotlin/subtypes.tab.len
743,/home/runner/work/neo4j-apoc-procedures/neo4j-apoc-procedures/full/build/kotlin/compileKotlin/caches-jvm/jvm/kotlin/subtypes.tab_i.len
744,/home/runner/work/neo4j-apoc-procedures/neo4j-apoc-procedures/full/build/kotlin/compileKotlin/caches-jvm/jvm/kotlin/subtypes.tab.keystream.len
745,/home/runner/work/neo4j-apoc-procedures/neo4j-apoc-procedures/full/build/kotlin/compileKotlin/caches-jvm/jvm/kotlin/subtypes.tab.values.at
746,/home/runner/work/neo4j-apoc-procedures/neo4j-apoc-procedures/full/build/kotlin/compileKotlin/caches-jvm/lookups/lookups.tab.keystream.len
747,/home/runner/work/neo4j-apoc-procedures/neo4j-apoc-procedures/full/build/kotlin/compileKotlin/caches-jvm/jvm/kotlin/class-attributes.tab.values.at
748,/home/runner/work/neo4j-apoc-procedures/neo4j-apoc-procedures/full/build/kotlin/compileKotlin/caches-jvm/lookups/lookups.tab.len
749,/home/runner/work/neo4j-apoc-procedures/neo4j-apoc-procedures/full/build/kotlin/compileKotlin/caches-jvm/lookups/lookups.tab_i.len
750,/home/runner/work/neo4j-apoc-procedures/neo4j-apoc-procedures/full/build/kotlin/compileKotlin/caches-jvm/lookups/lookups.tab.values.at
751,/home/runner/work/neo4j-apoc-procedures/neo4j-apoc-procedures/full/build/kotlin/compileKotlin/caches-jvm/lookups/lookups.tab.values.s
752,/home/runner/work/neo4j-apoc-procedures/neo4j-apoc-procedures/full/build/kotlin/compileKotlin/caches-jvm/lookups/lookups.tab.values
753,/home/runner/work/neo4j-apoc-procedures/neo4j-apoc-procedures/full/build/kotlin/compileKotlin/caches-jvm/lookups/file-to-id.tab.len
754,/home/runner/work/neo4j-apoc-procedures/neo4j-apoc-procedures/full/build/kotlin/compileKotlin/caches-jvm/lookups/file-to-id.tab_i.len
755,/home/runner/work/neo4j-apoc-procedures/neo4j-apoc-procedures/full/build/kotlin/compileKotlin/caches-jvm/lookups/file-to-id.tab.keystream.len
756,/home/runner/work/neo4j-apoc-procedures/neo4j-apoc-procedures/full/build/kotlin/compileKotlin/caches-jvm/lookups/file-to-id.tab.values.at
757,/home/runner/work/neo4j-apoc-procedures/neo4j-apoc-procedures/full/build/kotlin/compileKotlin/caches-jvm/lookups/id-to-file.tab.len
758,/home/runner/work/neo4j-apoc-procedures/neo4j-apoc-procedures/full/build/kotlin/compileKotlin/caches-jvm/lookups/id-to-file.tab_i.len
759,/home/runner/work/neo4j-apoc-procedures/neo4j-apoc-procedures/full/build/kotlin/compileKotlin/caches-jvm/lookups/id-to-file.tab.keystream.len
760,/home/runner/work/neo4j-apoc-procedures/neo4j-apoc-procedures/full/build/kotlin/compileKotlin/caches-jvm/jvm/kotlin/class-attributes.tab.len
761,/home/runner/work/neo4j-apoc-procedures/neo4j-apoc-procedures/full/build/kotlin/compileKotlin/caches-jvm/jvm/kotlin/class-attributes.tab_i.len
762,/home/runner/work/neo4j-apoc-procedures/neo4j-apoc-procedures/full/build/kotlin/compileKotlin/caches-jvm/jvm/kotlin/class-attributes.tab.keystream.len
763,/home/runner/work/neo4j-apoc-procedures/neo4j-apoc-procedures/full/build/kotlin/compileKotlin/caches-jvm/jvm/kotlin/class-fq-name-to-source.tab.values.at
764,/home/runner/work/neo4j-apoc-procedures/neo4j-apoc-procedures/full/build/kotlin/compileKotlin/caches-jvm/jvm/kotlin/proto.tab_i.len
765,/home/runner/work/neo4j-apoc-procedures/neo4j-apoc-procedures/full/build/kotlin/compileKotlin/caches-jvm/jvm/kotlin/proto.tab.keystream.len
766,/home/runner/work/neo4j-apoc-procedures/neo4j-apoc-procedures/full/build/kotlin/compileKotlin/caches-jvm/jvm/kotlin/proto.tab.values.at
767,/home/runner/work/neo4j-apoc-procedures/neo4j-apoc-procedures/full/build/kotlin/compileKotlin/caches-jvm/jvm/kotlin/source-to-classes.tab.len
768,/home/runner/work/neo4j-apoc-procedures/neo4j-apoc-procedures/full/build/kotlin/compileKotlin/caches-jvm/jvm/kotlin/source-to-classes.tab_i.len
769,/home/runner/work/neo4j-apoc-procedures/neo4j-apoc-procedures/full/build/kotlin/compileKotlin/caches-jvm/jvm/kotlin/source-to-classes.tab.keystream.len
770,/home/runner/work/neo4j-apoc-procedures/neo4j-apoc-procedures/full/build/kotlin/compileKotlin/caches-jvm/jvm/kotlin/source-to-classes.tab.values.at
771,/home/runner/work/neo4j-apoc-procedures/neo4j-apoc-procedures/full/build/kotlin/compileKotlin/caches-jvm/jvm/kotlin/class-fq-name-to-source.tab.len
772,/home/runner/work/neo4j-apoc-procedures/neo4j-apoc-procedures/full/build/kotlin/compileKotlin/caches-jvm/jvm/kotlin/class-fq-name-to-source.tab_i.len
773,/home/runner/work/neo4j-apoc-procedures/neo4j-apoc-procedures/full/build/kotlin/compileKotlin/caches-jvm/jvm/kotlin/class-fq-name-to-source.tab.keystream.len
774,/home/runner/work/neo4j-apoc-procedures/neo4j-apoc-procedures/full/build/kotlin/compileKotlin/caches-jvm/jvm/kotlin/proto.tab.len
775,/home/runner/work/neo4j-apoc-procedures/neo4j-apoc-procedures/full/build/kotlin/compileKotlin/caches-jvm/jvm/kotlin/constants.tab.values.at
776,/home/runner/work/neo4j-apoc-procedures/neo4j-apoc-procedures/full/build/kotlin/compileKotlin/caches-jvm/jvm/kotlin/constants.tab.keystream.len
777,/home/runner/work/neo4j-apoc-procedures/neo4j-apoc-procedures/full/build/kotlin/compileKotlin/caches-jvm/jvm/kotlin/constants.tab_i.len
778,/home/runner/work/neo4j-apoc-procedures/neo4j-apoc-procedures/full/build/kotlin/compileKotlin/caches-jvm/jvm/kotlin/internal-name-to-source.tab.len
779,/home/runner/work/neo4j-apoc-procedures/neo4j-apoc-procedures/full/build/kotlin/compileKotlin/caches-jvm/jvm/kotlin/internal-name-to-source.tab_i.len
780,/home/runner/work/neo4j-apoc-procedures/neo4j-apoc-procedures/full/build/kotlin/compileKotlin/caches-jvm/jvm/kotlin/internal-name-to-source.tab.keystream.len
781,/home/runner/work/neo4j-apoc-procedures/neo4j-apoc-procedures/full/build/kotlin/compileKotlin/caches-jvm/jvm/kotlin/internal-name-to-source.tab.values.at
782,/home/runner/work/neo4j-apoc-procedures/neo4j-apoc-procedures/full/build/kotlin/compileKotlin/caches-jvm/jvm/kotlin/constants.tab.len
783,/home/runner/work/neo4j-apoc-procedures/neo4j-apoc-procedures/full/build/kotlin/compileKotlin/caches-jvm/lookups/id-to-file.tab.values.at
784,/home/runner/work/neo4j-apoc-procedures/neo4j-apoc-procedures/full/build/kotlin/compileKotlin/caches-jvm/inputs/source-to-output.tab.len
785,/home/runner/work/neo4j-apoc-procedures/neo4j-apoc-procedures/full/build/kotlin/compileKotlin/caches-jvm/inputs/source-to-output.tab_i.len
786,/home/runner/work/neo4j-apoc-procedures/neo4j-apoc-procedures/full/build/kotlin/compileKotlin/caches-jvm/inputs/source-to-output.tab.keystream.len
787,/home/runner/work/neo4j-apoc-procedures/neo4j-apoc-procedures/full/build/kotlin/compileKotlin/caches-jvm/inputs/source-to-output.tab.values.at
788,/home/runner/work/neo4j-apoc-procedures/neo4j-apoc-procedures/full/build/kotlin/compileKotlin/build-history.bin
789,/home/runner/work/neo4j-apoc-procedures/neo4j-apoc-procedures/full/build/kotlin/compileKotlin/dirty-sources.txt
790,/home/runner/work/neo4j-apoc-procedures/neo4j-apoc-procedures/full/derbyDB/seg0/d500.dat
791,/home/runner/work/neo4j-apoc-procedures/neo4j-apoc-procedures/full/derbyDB/seg0/d4e0.dat
792,/home/runner/work/neo4j-apoc-procedures/neo4j-apoc-procedures/full/derbyDB/seg0/d4c0.dat
793,/home/runner/work/neo4j-apoc-procedures/neo4j-apoc-procedures/full/build/kotlin/compileTestKotlin/dirty-sources.txt
794,/home/runner/work/neo4j-apoc-procedures/neo4j-apoc-procedures/full/derbyDB/seg0/d4d0.dat
795,/home/runner/work/neo4j-apoc-procedures/neo4j-apoc-procedures/full/derbyDB/seg0/d510.dat
796,/home/runner/work/neo4j-apoc-procedures/neo4j-apoc-procedures/full/derbyDB/seg0/d4b0.dat
797,/home/runner/work/neo4j-apoc-procedures/neo4j-apoc-procedures/full/derbyDB/seg0/d4f0.dat
798,/home/runner/work/neo4j-apoc-procedures/neo4j-apoc-procedures/full/derbyDB/seg0/d530.dat
799,/home/runner/work/neo4j-apoc-procedures/neo4j-apoc-procedures/full/derbyDB/seg0/d520.dat
800,/home/runner/work/neo4j-apoc-procedures/neo4j-apoc-procedures/core/target/47ac8299-a9e3-43a2-80d8-4c71a64a149f/data/server_id
801,/home/runner/work/neo4j-apoc-procedures/neo4j-apoc-procedures/core/target/47ac8299-a9e3-43a2-80d8-4c71a64a149f/data/databases/system/neostore.nodestore.db.labels
802,/home/runner/work/neo4j-apoc-procedures/neo4j-apoc-procedures/core/target/47ac8299-a9e3-43a2-80d8-4c71a64a149f/data/databases/system/neostore.propertystore.db.index.keys
803,/home/runner/work/neo4j-apoc-procedures/neo4j-apoc-procedures/core/target/47ac8299-a9e3-43a2-80d8-4c71a64a149f/data/databases/system/neostore.propertystore.db.strings
804,/home/runner/work/neo4j-apoc-procedures/neo4j-apoc-procedures/core/target/47ac8299-a9e3-43a2-80d8-4c71a64a149f/data/databases/system/neostore.propertystore.db.arrays
805,/home/runner/work/neo4j-apoc-procedures/neo4j-apoc-procedures/full/derbyDB/seg0/d4a0.dat
806,/home/runner/work/neo4j-apoc-procedures/neo4j-apoc-procedures/full/derbyDB/seg0/d490.dat
807,/home/runner/work/neo4j-apoc-procedures/neo4j-apoc-procedures/full/derbyDB/README_DO_NOT_TOUCH_FILES.txt
808,/home/runner/work/neo4j-apoc-procedures/neo4j-apoc-procedures/full/derbyDB/seg0/d5e0.dat
809,/home/runner/work/neo4j-apoc-procedures/neo4j-apoc-procedures/full/derbyDB/seg0/d5c0.dat
810,/home/runner/work/neo4j-apoc-procedures/neo4j-apoc-procedures/full/derbyDB/seg0/d5b0.dat
811,/home/runner/work/neo4j-apoc-procedures/neo4j-apoc-procedures/full/derbyDB/seg0/d590.dat
812,/home/runner/work/neo4j-apoc-procedures/neo4j-apoc-procedures/full/derbyDB/seg0/d5a0.dat
813,/home/runner/work/neo4j-apoc-procedures/neo4j-apoc-procedures/full/derbyDB/seg0/d570.dat
814,/home/runner/work/neo4j-apoc-procedures/neo4j-apoc-procedures/full/derbyDB/seg0/d560.dat
815,/home/runner/work/neo4j-apoc-procedures/neo4j-apoc-procedures/full/derbyDB/seg0/d540.dat
816,/home/runner/work/neo4j-apoc-procedures/neo4j-apoc-procedures/full/derbyDB/seg0/d550.dat
817,/home/runner/work/neo4j-apoc-procedures/neo4j-apoc-procedures/full/derbyDB/seg0/d580.dat
818,/home/runner/work/neo4j-apoc-procedures/neo4j-apoc-procedures/core/target/47ac8299-a9e3-43a2-80d8-4c71a64a149f/data/databases/system/neostore.relationshiptypestore.db.names
819,/home/runner/work/neo4j-apoc-procedures/neo4j-apoc-procedures/core/target/47ac8299-a9e3-43a2-80d8-4c71a64a149f/data/databases/neo4j/neostore.relationshipgroupstore.db
820,/home/runner/work/neo4j-apoc-procedures/neo4j-apoc-procedures/core/target/47ac8299-a9e3-43a2-80d8-4c71a64a149f/data/databases/neo4j/neostore.relationshiptypestore.db.names
821,/home/runner/work/neo4j-apoc-procedures/neo4j-apoc-procedures/core/target/47ac8299-a9e3-43a2-80d8-4c71a64a149f/data/databases/neo4j/neostore.labeltokenstore.db.names
822,/home/runner/work/neo4j-apoc-procedures/neo4j-apoc-procedures/core/target/47ac8299-a9e3-43a2-80d8-4c71a64a149f/data/databases/neo4j/neostore.schemastore.db
823,/home/runner/work/neo4j-apoc-procedures/neo4j-apoc-procedures/core/target/47ac8299-a9e3-43a2-80d8-4c71a64a149f/data/databases/neo4j/neostore
824,/home/runner/work/neo4j-apoc-procedures/neo4j-apoc-procedures/core/target/47ac8299-a9e3-43a2-80d8-4c71a64a149f/data/transactions/neo4j/checkpoint.0
825,/home/runner/work/neo4j-apoc-procedures/neo4j-apoc-procedures/core/target/47ac8299-a9e3-43a2-80d8-4c71a64a149f/data/databases/neo4j/neostore.propertystore.db.arrays
826,/home/runner/work/neo4j-apoc-procedures/neo4j-apoc-procedures/core/target/47ac8299-a9e3-43a2-80d8-4c71a64a149f/data/databases/system/neostore.labeltokenstore.db.names
827,/home/runner/work/neo4j-apoc-procedures/neo4j-apoc-procedures/core/target/47ac8299-a9e3-43a2-80d8-4c71a64a149f/data/databases/system/neostore.schemastore.db
828,/home/runner/work/neo4j-apoc-procedures/neo4j-apoc-procedures/core/target/47ac8299-a9e3-43a2-80d8-4c71a64a149f/data/databases/system/neostore.relationshipgroupstore.db
829,/home/runner/work/neo4j-apoc-procedures/neo4j-apoc-procedures/core/target/47ac8299-a9e3-43a2-80d8-4c71a64a149f/data/databases/system/neostore
830,/home/runner/work/neo4j-apoc-procedures/neo4j-apoc-procedures/core/target/47ac8299-a9e3-43a2-80d8-4c71a64a149f/data/transactions/system/checkpoint.0
831,/home/runner/work/neo4j-apoc-procedures/neo4j-apoc-procedures/core/target/47ac8299-a9e3-43a2-80d8-4c71a64a149f/data/databases/neo4j/neostore.nodestore.db.labels
832,/home/runner/work/neo4j-apoc-procedures/neo4j-apoc-procedures/core/target/47ac8299-a9e3-43a2-80d8-4c71a64a149f/data/databases/neo4j/neostore.propertystore.db.index.keys
833,/home/runner/work/neo4j-apoc-procedures/neo4j-apoc-procedures/core/target/47ac8299-a9e3-43a2-80d8-4c71a64a149f/data/databases/neo4j/neostore.propertystore.db.strings
1384,/home/runner/work/neo4j-apoc-procedures/neo4j-apoc-procedures/docs/asciidoc/modules/ROOT/examples/generated-documentation/apoc.any.isDeleted-lite.csv
1385,/home/runner/work/neo4j-apoc-procedures/neo4j-apoc-procedures/docs/asciidoc/modules/ROOT/examples/generated-documentation/apoc.create.uuidBase64-lite.csv
1386,/home/runner/work/neo4j-apoc-procedures/neo4j-apoc-procedures/docs/asciidoc/modules/ROOT/examples/generated-documentation/apoc.create.uuidBase64ToHex-lite.csv
1387,/home/runner/work/neo4j-apoc-procedures/neo4j-apoc-procedures/docs/asciidoc/modules/ROOT/examples/generated-documentation/apoc.export.arrow.all-lite.csv
1388,/home/runner/work/neo4j-apoc-procedures/neo4j-apoc-procedures/docs/asciidoc/modules/ROOT/examples/generated-documentation/apoc.create.uuidHexToBase64-lite.csv
1389,/home/runner/work/neo4j-apoc-procedures/neo4j-apoc-procedures/docs/asciidoc/modules/ROOT/examples/generated-documentation/apoc.math.cosh-lite.csv
1390,/home/runner/work/neo4j-apoc-procedures/neo4j-apoc-procedures/docs/asciidoc/modules/ROOT/examples/generated-documentation/apoc.math.coth-lite.csv
1391,/home/runner/work/neo4j-apoc-procedures/neo4j-apoc-procedures/docs/asciidoc/modules/ROOT/examples/generated-documentation/apoc.math.csch-lite.csv
1392,/home/runner/work/neo4j-apoc-procedures/neo4j-apoc-procedures/docs/asciidoc/modules/ROOT/examples/generated-documentation/apoc.systemdb.export.metadata-lite.csv
1393,/home/runner/work/neo4j-apoc-procedures/neo4j-apoc-procedures/docs/asciidoc/modules/ROOT/examples/generated-documentation/apoc.merge.relationshipWithStats.eager-lite.csv
1394,/home/runner/work/neo4j-apoc-procedures/neo4j-apoc-procedures/docs/asciidoc/modules/ROOT/examples/generated-documentation/apoc.export.arrow.graph-lite.csv
1395,/home/runner/work/neo4j-apoc-procedures/neo4j-apoc-procedures/docs/asciidoc/modules/ROOT/examples/generated-documentation/apoc.export.arrow.query-lite.csv
1396,/home/runner/work/neo4j-apoc-procedures/neo4j-apoc-procedures/docs/asciidoc/modules/ROOT/examples/generated-documentation/apoc.export.arrow.stream.all-lite.csv
1397,/home/runner/work/neo4j-apoc-procedures/neo4j-apoc-procedures/docs/asciidoc/modules/ROOT/examples/generated-documentation/apoc.export.arrow.stream.graph-lite.csv
1398,/home/runner/work/neo4j-apoc-procedures/neo4j-apoc-procedures/docs/asciidoc/modules/ROOT/examples/generated-documentation/apoc.export.arrow.stream.query-lite.csv
1399,/home/runner/work/neo4j-apoc-procedures/neo4j-apoc-procedures/docs/asciidoc/modules/ROOT/examples/generated-documentation/apoc.load.arrow.stream-lite.csv
1400,/home/runner/work/neo4j-apoc-procedures/neo4j-apoc-procedures/docs/asciidoc/modules/ROOT/examples/generated-documentation/apoc.load.htmlPlainText-lite.csv
1401,/home/runner/work/neo4j-apoc-procedures/neo4j-apoc-procedures/docs/asciidoc/modules/ROOT/examples/generated-documentation/apoc.merge.nodeWithStats.eager-lite.csv
1402,/home/runner/work/neo4j-apoc-procedures/neo4j-apoc-procedures/docs/asciidoc/modules/ROOT/pages/overview/apoc.load/apoc.load.arrow.stream.adoc
1403,/home/runner/work/neo4j-apoc-procedures/neo4j-apoc-procedures/docs/asciidoc/modules/ROOT/pages/overview/apoc.export/apoc.export.arrow.stream.graph.adoc
1404,/home/runner/work/neo4j-apoc-procedures/neo4j-apoc-procedures/docs/asciidoc/modules/ROOT/pages/overview/apoc.algo/apoc.algo.aStarWithPoint.adoc
1405,/home/runner/work/neo4j-apoc-procedures/neo4j-apoc-procedures/docs/asciidoc/modules/ROOT/pages/overview/apoc.load/apoc.load.arrow.adoc
1406,/home/runner/work/neo4j-apoc-procedures/neo4j-apoc-procedures/docs/asciidoc/modules/ROOT/pages/overview/apoc.export/apoc.export.arrow.all.adoc
1407,/home/runner/work/neo4j-apoc-procedures/neo4j-apoc-procedures/docs/asciidoc/modules/ROOT/examples/generated-documentation/apoc.math.sech-lite.csv
1408,/home/runner/work/neo4j-apoc-procedures/neo4j-apoc-procedures/docs/asciidoc/modules/ROOT/examples/generated-documentation/apoc.math.sigmoid-lite.csv
1409,/home/runner/work/neo4j-apoc-procedures/neo4j-apoc-procedures/docs/asciidoc/modules/ROOT/examples/generated-documentation/apoc.math.sigmoidPrime-lite.csv
1410,/home/runner/work/neo4j-apoc-procedures/neo4j-apoc-procedures/docs/asciidoc/modules/ROOT/examples/generated-documentation/apoc.math.sinh-lite.csv
1411,/home/runner/work/neo4j-apoc-procedures/neo4j-apoc-procedures/docs/asciidoc/modules/ROOT/examples/generated-documentation/apoc.math.tanh-lite.csv
1412,/home/runner/work/neo4j-apoc-procedures/neo4j-apoc-procedures/docs/asciidoc/modules/ROOT/examples/generated-documentation/apoc.schema.relationship.indexExists-lite.csv
1413,/home/runner/work/neo4j-apoc-procedures/neo4j-apoc-procedures/docs/asciidoc/modules/ROOT/examples/generated-documentation/apoc.trigger.toNode-lite.csv
1414,/home/runner/work/neo4j-apoc-procedures/neo4j-apoc-procedures/docs/asciidoc/modules/ROOT/examples/generated-documentation/apoc.trigger.toRelationship-lite.csv
1415,/home/runner/work/neo4j-apoc-procedures/neo4j-apoc-procedures/docs/asciidoc/modules/ROOT/examples/generated-documentation/apoc.math.sinh.adoc
1416,/home/runner/work/neo4j-apoc-procedures/neo4j-apoc-procedures/docs/asciidoc/modules/ROOT/examples/generated-documentation/apoc.trigger.toRelationship.adoc
1417,/home/runner/work/neo4j-apoc-procedures/neo4j-apoc-procedures/docs/asciidoc/modules/ROOT/examples/generated-documentation/apoc.algo.aStarWithPoint-lite.csv
1418,/home/runner/work/neo4j-apoc-procedures/neo4j-apoc-procedures/docs/asciidoc/modules/ROOT/examples/generated-documentation/apoc.math.tanh.adoc
1419,/home/runner/work/neo4j-apoc-procedures/neo4j-apoc-procedures/docs/asciidoc/modules/ROOT/examples/generated-documentation/apoc.schema.relationship.indexExists.adoc
1420,/home/runner/work/neo4j-apoc-procedures/neo4j-apoc-procedures/docs/asciidoc/modules/ROOT/examples/generated-documentation/apoc.trigger.toNode.adoc
1421,/home/runner/work/neo4j-apoc-procedures/neo4j-apoc-procedures/docs/asciidoc/modules/ROOT/pages/overview/apoc.export/apoc.export.arrow.query.adoc
1422,/home/runner/work/neo4j-apoc-procedures/neo4j-apoc-procedures/docs/asciidoc/modules/ROOT/pages/overview/apoc.export/apoc.export.arrow.stream.all.adoc
1424,/home/runner/work/neo4j-apoc-procedures/neo4j-apoc-procedures/docs/asciidoc/modules/ROOT/pages/overview/apoc.export/apoc.export.arrow.graph.adoc
1425,/home/runner/work/neo4j-apoc-procedures/neo4j-apoc-procedures/docs/asciidoc/modules/ROOT/pages/overview/apoc.export/apoc.export.arrow.stream.query.adoc
1428,/home/runner/work/neo4j-apoc-procedures/neo4j-apoc-procedures/docs/asciidoc/modules/ROOT/pages/overview/apoc.any/apoc.any.isDeleted.adoc
1429,/home/runner/work/neo4j-apoc-procedures/neo4j-apoc-procedures/docs/asciidoc/modules/ROOT/pages/overview/apoc.trigger/apoc.trigger.toNode.adoc
1430,/home/runner/work/neo4j-apoc-procedures/neo4j-apoc-procedures/docs/asciidoc/modules/ROOT/pages/overview/apoc.trigger/apoc.trigger.toRelationship.adoc
1431,/home/runner/work/neo4j-apoc-procedures/neo4j-apoc-procedures/docs/asciidoc/modules/ROOT/examples/generated-documentation/apoc.export.arrow.all.adoc
1432,/home/runner/work/neo4j-apoc-procedures/neo4j-apoc-procedures/docs/asciidoc/modules/ROOT/examples/generated-documentation/apoc.export.arrow.graph.adoc
1433,/home/runner/work/neo4j-apoc-procedures/neo4j-apoc-procedures/docs/asciidoc/modules/ROOT/examples/generated-documentation/apoc.algo.aStarWithPoint.adoc
1434,/home/runner/work/neo4j-apoc-procedures/neo4j-apoc-procedures/docs/asciidoc/modules/ROOT/examples/generated-documentation/apoc.export.arrow-lite.csv
1435,/home/runner/work/neo4j-apoc-procedures/neo4j-apoc-procedures/docs/asciidoc/modules/ROOT/examples/generated-documentation/apoc.systemdb.export-lite.csv
1436,/home/runner/work/neo4j-apoc-procedures/neo4j-apoc-procedures/docs/asciidoc/modules/ROOT/examples/generated-documentation/apoc.export.arrow.stream-lite.csv
1437,/home/runner/work/neo4j-apoc-procedures/neo4j-apoc-procedures/docs/asciidoc/modules/ROOT/examples/generated-documentation/apoc.systemdb.export.csv
1438,/home/runner/work/neo4j-apoc-procedures/neo4j-apoc-procedures/docs/asciidoc/modules/ROOT/examples/generated-documentation/apoc.export.arrow.stream.query.adoc
1439,/home/runner/work/neo4j-apoc-procedures/neo4j-apoc-procedures/docs/asciidoc/modules/ROOT/examples/generated-documentation/apoc.load.arrow.adoc
1440,/home/runner/work/neo4j-apoc-procedures/neo4j-apoc-procedures/docs/asciidoc/modules/ROOT/examples/generated-documentation/apoc.load.arrow.stream.adoc
1441,/home/runner/work/neo4j-apoc-procedures/neo4j-apoc-procedures/docs/asciidoc/modules/ROOT/examples/generated-documentation/apoc.load.htmlPlainText.adoc
1442,/home/runner/work/neo4j-apoc-procedures/neo4j-apoc-procedures/docs/asciidoc/modules/ROOT/examples/generated-documentation/apoc.merge.nodeWithStats.adoc
1443,/home/runner/work/neo4j-apoc-procedures/neo4j-apoc-procedures/docs/asciidoc/modules/ROOT/examples/generated-documentation/apoc.math.coth.adoc
1444,/home/runner/work/neo4j-apoc-procedures/neo4j-apoc-procedures/docs/asciidoc/modules/ROOT/examples/generated-documentation/apoc.math.csch.adoc
1445,/home/runner/work/neo4j-apoc-procedures/neo4j-apoc-procedures/docs/asciidoc/modules/ROOT/examples/generated-documentation/apoc.math.sech.adoc
1446,/home/runner/work/neo4j-apoc-procedures/neo4j-apoc-procedures/docs/asciidoc/modules/ROOT/examples/generated-documentation/apoc.math.sigmoid.adoc
1447,/home/runner/work/neo4j-apoc-procedures/neo4j-apoc-procedures/docs/asciidoc/modules/ROOT/examples/generated-documentation/apoc.math.sigmoidPrime.adoc
1448,/home/runner/work/neo4j-apoc-procedures/neo4j-apoc-procedures/docs/asciidoc/modules/ROOT/examples/generated-documentation/apoc.math.cosh.adoc
1449,/home/runner/work/neo4j-apoc-procedures/neo4j-apoc-procedures/docs/asciidoc/modules/ROOT/examples/generated-documentation/apoc.merge.nodeWithStats.eager.adoc
1450,/home/runner/work/neo4j-apoc-procedures/neo4j-apoc-procedures/docs/asciidoc/modules/ROOT/examples/generated-documentation/apoc.merge.relationshipWithStats.adoc
1451,/home/runner/work/neo4j-apoc-procedures/neo4j-apoc-procedures/docs/asciidoc/modules/ROOT/examples/generated-documentation/apoc.merge.relationshipWithStats.eager.adoc
1452,/home/runner/work/neo4j-apoc-procedures/neo4j-apoc-procedures/docs/asciidoc/modules/ROOT/examples/generated-documentation/apoc.systemdb.export.metadata.adoc
1453,/home/runner/work/neo4j-apoc-procedures/neo4j-apoc-procedures/docs/asciidoc/modules/ROOT/examples/generated-documentation/apoc.any.isDeleted.adoc
1454,/home/runner/work/neo4j-apoc-procedures/neo4j-apoc-procedures/docs/asciidoc/modules/ROOT/examples/generated-documentation/apoc.export.arrow.stream.graph.adoc
1455,/home/runner/work/neo4j-apoc-procedures/neo4j-apoc-procedures/docs/asciidoc/modules/ROOT/examples/generated-documentation/apoc.export.arrow.stream.all.adoc
1456,/home/runner/work/neo4j-apoc-procedures/neo4j-apoc-procedures/docs/asciidoc/modules/ROOT/examples/generated-documentation/apoc.export.arrow.query.adoc
