,file_name
0,/home/runner/work/neo4j-apoc-procedures/neo4j-apoc-procedures/.gradle/6.1.1/javaCompile/classAnalysis.bin
1,/home/runner/work/neo4j-apoc-procedures/neo4j-apoc-procedures/.gradle/6.1.1/javaCompile/javaCompile.lock
2,/home/runner/work/neo4j-apoc-procedures/neo4j-apoc-procedures/.gradle/6.1.1/fileHashes/fileHashes.lock
3,/home/runner/work/neo4j-apoc-procedures/neo4j-apoc-procedures/.gradle/checksums/checksums.lock
4,/home/runner/work/neo4j-apoc-procedures/neo4j-apoc-procedures/.gradle/6.1.1/fileHashes/fileHashes.bin
5,/home/runner/work/neo4j-apoc-procedures/neo4j-apoc-procedures/.gradle/checksums/sha1-checksums.bin
6,/home/runner/work/neo4j-apoc-procedures/neo4j-apoc-procedures/.gradle/checksums/md5-checksums.bin
7,/home/runner/work/neo4j-apoc-procedures/neo4j-apoc-procedures/.gradle/buildOutputCleanup/buildOutputCleanup.lock
8,/home/runner/work/neo4j-apoc-procedures/neo4j-apoc-procedures/full/derbyDB/log/log1.dat
9,/home/runner/work/neo4j-apoc-procedures/neo4j-apoc-procedures/.gradle/6.1.1/executionHistory/executionHistory.lock
10,/home/runner/work/neo4j-apoc-procedures/neo4j-apoc-procedures/.gradle/6.1.1/executionHistory/executionHistory.bin
11,/home/runner/work/neo4j-apoc-procedures/neo4j-apoc-procedures/full/hadoop/hdfs/name-0-1/current/fsimage_0000000000000000000.md5.tmp
12,/home/runner/work/neo4j-apoc-procedures/neo4j-apoc-procedures/full/derby.log
14,/home/runner/work/neo4j-apoc-procedures/neo4j-apoc-procedures/core/target/5600ad76-400f-4d76-86a8-c7c47571d24b/logs/debug.log
16,/home/runner/work/neo4j-apoc-procedures/neo4j-apoc-procedures/full/derbyDB/db.lck
17,/home/runner/work/neo4j-apoc-procedures/neo4j-apoc-procedures/full/derbyDB/seg0/c20.dat
18,/home/runner/work/neo4j-apoc-procedures/neo4j-apoc-procedures/full/derbyDB/seg0/c90.dat
20,/home/runner/work/neo4j-apoc-procedures/neo4j-apoc-procedures/full/hadoop/hdfs/name-0-2/current/fsimage_0000000000000000000.md5.tmp
22,/home/runner/work/neo4j-apoc-procedures/neo4j-apoc-procedures/full/derbyDB/seg0/c60.dat
24,/home/runner/work/neo4j-apoc-procedures/neo4j-apoc-procedures/full/derbyDB/seg0/ca1.dat
25,/home/runner/work/neo4j-apoc-procedures/neo4j-apoc-procedures/full/derbyDB/seg0/c51.dat
26,/home/runner/work/neo4j-apoc-procedures/neo4j-apoc-procedures/full/derbyDB/dbex.lck
27,/home/runner/work/neo4j-apoc-procedures/neo4j-apoc-procedures/full/derbyDB/seg0/c41.dat
29,/home/runner/work/neo4j-apoc-procedures/neo4j-apoc-procedures/full/derbyDB/seg0/c31.dat
30,/home/runner/work/neo4j-apoc-procedures/neo4j-apoc-procedures/core/src/test/resources/csv-inputs/id-idspaces.csv
31,/home/runner/work/neo4j-apoc-procedures/neo4j-apoc-procedures/core/src/test/resources/csv-inputs/id-with-duplicates.csv
32,/home/runner/work/neo4j-apoc-procedures/neo4j-apoc-procedures/core/src/test/resources/csv-inputs/nodesMultiTypes.csv
33,/home/runner/work/neo4j-apoc-procedures/neo4j-apoc-procedures/core/src/test/resources/csv-inputs/ignore-nodes.csv
34,/home/runner/work/neo4j-apoc-procedures/neo4j-apoc-procedures/core/src/test/resources/csv-inputs/custom-ids-idspaces-companies.csv
35,/home/runner/work/neo4j-apoc-procedures/neo4j-apoc-procedures/core/src/test/resources/csv-inputs/id-idspaces-with-dash.csv
36,/home/runner/work/neo4j-apoc-procedures/neo4j-apoc-procedures/core/src/test/resources/csv-inputs/persons.csv
37,/home/runner/work/neo4j-apoc-procedures/neo4j-apoc-procedures/core/src/test/resources/csv-inputs/ignore-relationships.csv
38,/home/runner/work/neo4j-apoc-procedures/neo4j-apoc-procedures/core/src/test/resources/csv-inputs/custom-ids-basic-unis.csv
39,/home/runner/work/neo4j-apoc-procedures/neo4j-apoc-procedures/core/src/test/resources/csv-inputs/label.csv
40,/home/runner/work/neo4j-apoc-procedures/neo4j-apoc-procedures/core/src/test/resources/csv-inputs/typeless.csv
41,/home/runner/work/neo4j-apoc-procedures/neo4j-apoc-procedures/core/src/test/resources/csv-inputs/custom-ids-idspaces-affiliated-with.csv
42,/home/runner/work/neo4j-apoc-procedures/neo4j-apoc-procedures/core/src/test/resources/csv-inputs/custom-ids-idspaces-persons.csv
43,/home/runner/work/neo4j-apoc-procedures/neo4j-apoc-procedures/core/src/test/resources/csv-inputs/relMultiTypes.csv
44,/home/runner/work/neo4j-apoc-procedures/neo4j-apoc-procedures/core/src/test/resources/csv-inputs/quoted.csv
45,/home/runner/work/neo4j-apoc-procedures/neo4j-apoc-procedures/core/src/test/resources/csv-inputs/rel-on-ids-idspaces.csv
46,/home/runner/work/neo4j-apoc-procedures/neo4j-apoc-procedures/core/src/test/resources/csv-inputs/csvPoint.csv
47,/home/runner/work/neo4j-apoc-procedures/neo4j-apoc-procedures/core/src/test/resources/csv-inputs/id.csv
48,/home/runner/work/neo4j-apoc-procedures/neo4j-apoc-procedures/core/src/test/resources/csv-inputs/knows.csv
49,/home/runner/work/neo4j-apoc-procedures/neo4j-apoc-procedures/core/src/test/resources/csv-inputs/rel-type.csv
50,/home/runner/work/neo4j-apoc-procedures/neo4j-apoc-procedures/core/src/test/resources/csv-inputs/emptyArray.csv
51,/home/runner/work/neo4j-apoc-procedures/neo4j-apoc-procedures/core/src/test/resources/csv-inputs/array.csv
52,/home/runner/work/neo4j-apoc-procedures/neo4j-apoc-procedures/core/src/test/resources/csv-inputs/emptyDate.csv
53,/home/runner/work/neo4j-apoc-procedures/neo4j-apoc-procedures/core/src/test/resources/csv-inputs/custom-ids-basic-persons.csv
54,/home/runner/work/neo4j-apoc-procedures/neo4j-apoc-procedures/core/src/test/resources/csv-inputs/custom-ids-basic-companies.csv
55,/home/runner/work/neo4j-apoc-procedures/neo4j-apoc-procedures/core/src/test/resources/csv-inputs/rel-on-ids.csv
56,/home/runner/work/neo4j-apoc-procedures/neo4j-apoc-procedures/core/src/test/resources/csv-inputs/custom-ids-idspaces-unis.csv
57,/home/runner/work/neo4j-apoc-procedures/neo4j-apoc-procedures/core/src/test/resources/csv-inputs/custom-ids-basic-affiliated-with.csv
58,/home/runner/work/neo4j-apoc-procedures/neo4j-apoc-procedures/core/src/test/resources/csv-inputs/emptyInteger.csv
59,/home/runner/work/neo4j-apoc-procedures/neo4j-apoc-procedures/full/derbyDB/seg0/c81.dat
60,/home/runner/work/neo4j-apoc-procedures/neo4j-apoc-procedures/full/derbyDB/seg0/cb1.dat
61,/home/runner/work/neo4j-apoc-procedures/neo4j-apoc-procedures/full/derbyDB/seg0/c71.dat
62,/home/runner/work/neo4j-apoc-procedures/neo4j-apoc-procedures/full/derbyDB/log/log.ctrl
63,/home/runner/work/neo4j-apoc-procedures/neo4j-apoc-procedures/.gradle/6.1.1/javaCompile/taskHistory.bin
64,/home/runner/work/neo4j-apoc-procedures/neo4j-apoc-procedures/full/derbyDB/log/logmirror.ctrl
65,/home/runner/work/neo4j-apoc-procedures/neo4j-apoc-procedures/.gradle/6.1.1/javaCompile/jarAnalysis.bin
66,/home/runner/work/neo4j-apoc-procedures/neo4j-apoc-procedures/core/target/5600ad76-400f-4d76-86a8-c7c47571d24b/data/transactions/system/neostore.transaction.db.0
68,/home/runner/work/neo4j-apoc-procedures/neo4j-apoc-procedures/full/derbyDB/seg0/c230.dat
76,/home/runner/work/neo4j-apoc-procedures/neo4j-apoc-procedures/.gradle/6.1.1/fileContent/fileContent.lock
77,/home/runner/work/neo4j-apoc-procedures/neo4j-apoc-procedures/full/hadoop/hdfs/name-0-2/current/edits_inprogress_0000000000000000001
78,/home/runner/work/neo4j-apoc-procedures/neo4j-apoc-procedures/full/hadoop/hdfs/name-0-1/current/edits_inprogress_0000000000000000001
87,/home/runner/work/neo4j-apoc-procedures/neo4j-apoc-procedures/full/hadoop/hdfs/name-0-2/current/fsimage.ckpt_0000000000000000000
88,/home/runner/work/neo4j-apoc-procedures/neo4j-apoc-procedures/full/hadoop/hdfs/name-0-1/current/fsimage.ckpt_0000000000000000000
104,/home/runner/work/neo4j-apoc-procedures/neo4j-apoc-procedures/full/hadoop/hdfs/data/data1/current/VERSION
119,/home/runner/work/neo4j-apoc-procedures/neo4j-apoc-procedures/.gradle/6.1.1/fileChanges/last-build.bin
121,/home/runner/work/neo4j-apoc-procedures/neo4j-apoc-procedures/full/hadoop/hdfs/data/data2/current/VERSION
122,/home/runner/work/neo4j-apoc-procedures/neo4j-apoc-procedures/core/target/import/all.nodes.cypher
124,/home/runner/work/neo4j-apoc-procedures/neo4j-apoc-procedures/core/target/import/all.relationships.cypher
125,/home/runner/work/neo4j-apoc-procedures/neo4j-apoc-procedures/core/target/import/all.cleanup.cypher
135,/home/runner/work/neo4j-apoc-procedures/neo4j-apoc-procedures/full/hadoop/hdfs/name-0-1/current/seen_txid.tmp
145,/home/runner/work/neo4j-apoc-procedures/neo4j-apoc-procedures/full/hadoop/hdfs/name-0-2/current/seen_txid.tmp
150,/home/runner/work/neo4j-apoc-procedures/neo4j-apoc-procedures/full/build/kotlin/compileTestKotlin/caches-jvm/lookups/lookups.tab.keystream
151,/home/runner/work/neo4j-apoc-procedures/neo4j-apoc-procedures/full/build/kotlin/compileTestKotlin/caches-jvm/lookups/lookups.tab
154,/home/runner/work/neo4j-apoc-procedures/neo4j-apoc-procedures/full/build/kotlin/compileKotlin/caches-jvm/lookups/lookups.tab
157,/home/runner/work/neo4j-apoc-procedures/neo4j-apoc-procedures/.gradle/6.1.1/fileContent/annotation-processors.bin
162,/home/runner/work/neo4j-apoc-procedures/neo4j-apoc-procedures/full/build/kotlin/compileKotlin/caches-jvm/lookups/lookups.tab.keystream
166,/home/runner/work/neo4j-apoc-procedures/neo4j-apoc-procedures/core/target/import/graph.relationships.cypher
167,/home/runner/work/neo4j-apoc-procedures/neo4j-apoc-procedures/core/target/import/graph.cleanup.cypher
168,/home/runner/work/neo4j-apoc-procedures/neo4j-apoc-procedures/core/target/import/graph.schema.cypher
181,/home/runner/work/neo4j-apoc-procedures/neo4j-apoc-procedures/core/target/5600ad76-400f-4d76-86a8-c7c47571d24b/data/databases/neo4j/neostore.relationshipgroupstore.db.id
182,/home/runner/work/neo4j-apoc-procedures/neo4j-apoc-procedures/core/target/5600ad76-400f-4d76-86a8-c7c47571d24b/data/databases/neo4j/neostore.schemastore.db.id
186,/home/runner/work/neo4j-apoc-procedures/neo4j-apoc-procedures/core/target/5600ad76-400f-4d76-86a8-c7c47571d24b/data/databases/neo4j/neostore.labelscanstore.db
187,/home/runner/work/neo4j-apoc-procedures/neo4j-apoc-procedures/core/target/5600ad76-400f-4d76-86a8-c7c47571d24b/data/databases/neo4j/neostore.relationshiptypescanstore.db
188,/home/runner/work/neo4j-apoc-procedures/neo4j-apoc-procedures/core/target/5600ad76-400f-4d76-86a8-c7c47571d24b/data/databases/neo4j/neostore.labeltokenstore.db.id
189,/home/runner/work/neo4j-apoc-procedures/neo4j-apoc-procedures/core/target/5600ad76-400f-4d76-86a8-c7c47571d24b/data/databases/neo4j/neostore.labeltokenstore.db.names.id
190,/home/runner/work/neo4j-apoc-procedures/neo4j-apoc-procedures/core/target/5600ad76-400f-4d76-86a8-c7c47571d24b/data/databases/system/neostore.schemastore.db.id
191,/home/runner/work/neo4j-apoc-procedures/neo4j-apoc-procedures/core/target/5600ad76-400f-4d76-86a8-c7c47571d24b/data/databases/neo4j/neostore.nodestore.db.labels.id
192,/home/runner/work/neo4j-apoc-procedures/neo4j-apoc-procedures/core/target/5600ad76-400f-4d76-86a8-c7c47571d24b/data/databases/neo4j/neostore.propertystore.db.index.keys.id
193,/home/runner/work/neo4j-apoc-procedures/neo4j-apoc-procedures/core/target/5600ad76-400f-4d76-86a8-c7c47571d24b/data/databases/neo4j/neostore.propertystore.db.index.id
195,/home/runner/work/neo4j-apoc-procedures/neo4j-apoc-procedures/core/target/5600ad76-400f-4d76-86a8-c7c47571d24b/data/databases/neo4j/neostore.propertystore.db.strings.id
196,/home/runner/work/neo4j-apoc-procedures/neo4j-apoc-procedures/core/target/5600ad76-400f-4d76-86a8-c7c47571d24b/data/databases/neo4j/neostore.propertystore.db.arrays.id
197,/home/runner/work/neo4j-apoc-procedures/neo4j-apoc-procedures/core/target/5600ad76-400f-4d76-86a8-c7c47571d24b/data/databases/neo4j/neostore.propertystore.db.id
198,/home/runner/work/neo4j-apoc-procedures/neo4j-apoc-procedures/core/target/5600ad76-400f-4d76-86a8-c7c47571d24b/data/databases/system/neostore.relationshipgroupstore.db.id
199,/home/runner/work/neo4j-apoc-procedures/neo4j-apoc-procedures/core/target/5600ad76-400f-4d76-86a8-c7c47571d24b/data/databases/system/neostore.labeltokenstore.db.id
200,/home/runner/work/neo4j-apoc-procedures/neo4j-apoc-procedures/core/target/5600ad76-400f-4d76-86a8-c7c47571d24b/data/databases/system/neostore.nodestore.db.labels.id
201,/home/runner/work/neo4j-apoc-procedures/neo4j-apoc-procedures/core/target/5600ad76-400f-4d76-86a8-c7c47571d24b/data/databases/system/neostore.labeltokenstore.db.names.id
202,/home/runner/work/neo4j-apoc-procedures/neo4j-apoc-procedures/core/target/5600ad76-400f-4d76-86a8-c7c47571d24b/data/databases/neo4j/neostore.relationshipstore.db.id
203,/home/runner/work/neo4j-apoc-procedures/neo4j-apoc-procedures/core/target/5600ad76-400f-4d76-86a8-c7c47571d24b/data/databases/neo4j/neostore.relationshiptypestore.db.names.id
204,/home/runner/work/neo4j-apoc-procedures/neo4j-apoc-procedures/core/target/5600ad76-400f-4d76-86a8-c7c47571d24b/data/databases/system/neostore.relationshipstore.db.id
205,/home/runner/work/neo4j-apoc-procedures/neo4j-apoc-procedures/core/target/5600ad76-400f-4d76-86a8-c7c47571d24b/data/databases/system/neostore.propertystore.db.id
206,/home/runner/work/neo4j-apoc-procedures/neo4j-apoc-procedures/core/target/5600ad76-400f-4d76-86a8-c7c47571d24b/data/databases/system/neostore.propertystore.db.arrays.id
207,/home/runner/work/neo4j-apoc-procedures/neo4j-apoc-procedures/core/target/5600ad76-400f-4d76-86a8-c7c47571d24b/data/databases/system/neostore.propertystore.db.strings.id
208,/home/runner/work/neo4j-apoc-procedures/neo4j-apoc-procedures/core/target/5600ad76-400f-4d76-86a8-c7c47571d24b/data/databases/system/neostore.propertystore.db.index.id
209,/home/runner/work/neo4j-apoc-procedures/neo4j-apoc-procedures/core/target/5600ad76-400f-4d76-86a8-c7c47571d24b/data/databases/system/neostore.propertystore.db.index.keys.id
210,/home/runner/work/neo4j-apoc-procedures/neo4j-apoc-procedures/core/target/5600ad76-400f-4d76-86a8-c7c47571d24b/data/databases/neo4j/neostore.relationshiptypestore.db.id
211,/home/runner/work/neo4j-apoc-procedures/neo4j-apoc-procedures/core/target/5600ad76-400f-4d76-86a8-c7c47571d24b/data/databases/system/neostore.nodestore.db.id
212,/home/runner/work/neo4j-apoc-procedures/neo4j-apoc-procedures/core/target/5600ad76-400f-4d76-86a8-c7c47571d24b/data/databases/neo4j/neostore.nodestore.db.id
215,/home/runner/work/neo4j-apoc-procedures/neo4j-apoc-procedures/full/derbyDB/seg0/c251.dat
216,/home/runner/work/neo4j-apoc-procedures/neo4j-apoc-procedures/full/derbyDB/seg0/c1b1.dat
219,/home/runner/work/neo4j-apoc-procedures/neo4j-apoc-procedures/full/derbyDB/seg0/ce1.dat
220,/home/runner/work/neo4j-apoc-procedures/neo4j-apoc-procedures/full/derbyDB/seg0/c1a1.dat
224,/home/runner/work/neo4j-apoc-procedures/neo4j-apoc-procedures/full/derbyDB/seg0/c5d0.dat
225,/home/runner/work/neo4j-apoc-procedures/neo4j-apoc-procedures/full/derbyDB/seg0/c5f0.dat
228,/home/runner/work/neo4j-apoc-procedures/neo4j-apoc-procedures/core/target/5600ad76-400f-4d76-86a8-c7c47571d24b/data/databases/system/neostore.relationshiptypestore.db.id
229,/home/runner/work/neo4j-apoc-procedures/neo4j-apoc-procedures/core/target/5600ad76-400f-4d76-86a8-c7c47571d24b/data/databases/system/neostore.relationshiptypestore.db.names.id
246,/home/runner/work/neo4j-apoc-procedures/neo4j-apoc-procedures/full/derbyDB/seg0/c461.dat
247,/home/runner/work/neo4j-apoc-procedures/neo4j-apoc-procedures/full/derbyDB/seg0/c281.dat
248,/home/runner/work/neo4j-apoc-procedures/neo4j-apoc-procedures/full/derbyDB/seg0/c2b1.dat
249,/home/runner/work/neo4j-apoc-procedures/neo4j-apoc-procedures/full/derbyDB/seg0/c2a1.dat
250,/home/runner/work/neo4j-apoc-procedures/neo4j-apoc-procedures/full/derbyDB/seg0/c271.dat
251,/home/runner/work/neo4j-apoc-procedures/neo4j-apoc-procedures/full/derbyDB/seg0/c1d1.dat
252,/home/runner/work/neo4j-apoc-procedures/neo4j-apoc-procedures/full/derbyDB/seg0/c260.dat
253,/home/runner/work/neo4j-apoc-procedures/neo4j-apoc-procedures/full/derbyDB/seg0/c241.dat
254,/home/runner/work/neo4j-apoc-procedures/neo4j-apoc-procedures/full/derbyDB/seg0/c221.dat
255,/home/runner/work/neo4j-apoc-procedures/neo4j-apoc-procedures/full/derbyDB/seg0/c211.dat
256,/home/runner/work/neo4j-apoc-procedures/neo4j-apoc-procedures/full/derbyDB/seg0/c200.dat
257,/home/runner/work/neo4j-apoc-procedures/neo4j-apoc-procedures/full/derbyDB/seg0/c1f1.dat
258,/home/runner/work/neo4j-apoc-procedures/neo4j-apoc-procedures/full/derbyDB/seg0/c2f0.dat
259,/home/runner/work/neo4j-apoc-procedures/neo4j-apoc-procedures/full/derbyDB/seg0/c300.dat
260,/home/runner/work/neo4j-apoc-procedures/neo4j-apoc-procedures/full/derbyDB/seg0/c311.dat
261,/home/runner/work/neo4j-apoc-procedures/neo4j-apoc-procedures/full/derbyDB/seg0/c321.dat
262,/home/runner/work/neo4j-apoc-procedures/neo4j-apoc-procedures/full/derbyDB/seg0/c331.dat
263,/home/runner/work/neo4j-apoc-procedures/neo4j-apoc-procedures/full/derbyDB/seg0/c340.dat
264,/home/runner/work/neo4j-apoc-procedures/neo4j-apoc-procedures/full/derbyDB/seg0/c351.dat
265,/home/runner/work/neo4j-apoc-procedures/neo4j-apoc-procedures/full/derbyDB/seg0/c361.dat
266,/home/runner/work/neo4j-apoc-procedures/neo4j-apoc-procedures/full/derbyDB/seg0/c371.dat
267,/home/runner/work/neo4j-apoc-procedures/neo4j-apoc-procedures/full/derbyDB/seg0/c380.dat
268,/home/runner/work/neo4j-apoc-procedures/neo4j-apoc-procedures/full/derbyDB/seg0/c391.dat
269,/home/runner/work/neo4j-apoc-procedures/neo4j-apoc-procedures/full/derbyDB/seg0/c3a1.dat
273,/home/runner/work/neo4j-apoc-procedures/neo4j-apoc-procedures/full/derbyDB/seg0/c1e0.dat
274,/home/runner/work/neo4j-apoc-procedures/neo4j-apoc-procedures/full/derbyDB/seg0/c1c0.dat
275,/home/runner/work/neo4j-apoc-procedures/neo4j-apoc-procedures/full/derbyDB/seg0/c3c0.dat
276,/home/runner/work/neo4j-apoc-procedures/neo4j-apoc-procedures/full/derbyDB/seg0/c481.dat
281,/home/runner/work/neo4j-apoc-procedures/neo4j-apoc-procedures/full/derbyDB/seg0/c101.dat
282,/home/runner/work/neo4j-apoc-procedures/neo4j-apoc-procedures/full/derbyDB/seg0/c111.dat
283,/home/runner/work/neo4j-apoc-procedures/neo4j-apoc-procedures/full/derbyDB/seg0/c130.dat
284,/home/runner/work/neo4j-apoc-procedures/neo4j-apoc-procedures/full/derbyDB/seg0/c141.dat
285,/home/runner/work/neo4j-apoc-procedures/neo4j-apoc-procedures/full/derbyDB/seg0/c161.dat
286,/home/runner/work/neo4j-apoc-procedures/neo4j-apoc-procedures/full/derbyDB/seg0/c3b1.dat
287,/home/runner/work/neo4j-apoc-procedures/neo4j-apoc-procedures/full/derbyDB/seg0/c421.dat
289,/home/runner/work/neo4j-apoc-procedures/neo4j-apoc-procedures/full/derbyDB/seg0/c451.dat
290,/home/runner/work/neo4j-apoc-procedures/neo4j-apoc-procedures/full/derbyDB/seg0/c430.dat
291,/home/runner/work/neo4j-apoc-procedures/neo4j-apoc-procedures/full/derbyDB/seg0/c3e1.dat
292,/home/runner/work/neo4j-apoc-procedures/neo4j-apoc-procedures/full/derbyDB/seg0/c3d1.dat
293,/home/runner/work/neo4j-apoc-procedures/neo4j-apoc-procedures/full/derbyDB/seg0/c3f1.dat
295,/home/runner/work/neo4j-apoc-procedures/neo4j-apoc-procedures/full/derbyDB/seg0/c400.dat
296,/home/runner/work/neo4j-apoc-procedures/neo4j-apoc-procedures/core/target/5600ad76-400f-4d76-86a8-c7c47571d24b/data/transactions/neo4j/neostore.transaction.db.0
297,/home/runner/work/neo4j-apoc-procedures/neo4j-apoc-procedures/full/derbyDB/seg0/c411.dat
298,/home/runner/work/neo4j-apoc-procedures/neo4j-apoc-procedures/full/derbyDB/seg0/c441.dat
299,/home/runner/work/neo4j-apoc-procedures/neo4j-apoc-procedures/full/derbyDB/seg0/c470.dat
317,/home/runner/work/neo4j-apoc-procedures/neo4j-apoc-procedures/full/build/kotlin/compileKotlin/last-build.bin
351,/home/runner/work/neo4j-apoc-procedures/neo4j-apoc-procedures/core/target/5600ad76-400f-4d76-86a8-c7c47571d24b/data/databases/neo4j/neostore.counts.db
352,/home/runner/work/neo4j-apoc-procedures/neo4j-apoc-procedures/core/target/5600ad76-400f-4d76-86a8-c7c47571d24b/data/databases/system/neostore.relationshipgroupstore.degrees.db
353,/home/runner/work/neo4j-apoc-procedures/neo4j-apoc-procedures/core/target/5600ad76-400f-4d76-86a8-c7c47571d24b/data/databases/system/neostore.counts.db
354,/home/runner/work/neo4j-apoc-procedures/neo4j-apoc-procedures/docs/asciidoc/modules/ROOT/examples/generated-documentation/apoc.merge.nodeWithStats-lite.csv
356,/home/runner/work/neo4j-apoc-procedures/neo4j-apoc-procedures/docs/asciidoc/modules/ROOT/examples/generated-documentation/apoc.merge.relationshipWithStats-lite.csv
357,/home/runner/work/neo4j-apoc-procedures/neo4j-apoc-procedures/docs/asciidoc/modules/ROOT/examples/generated-documentation/apoc.load.arrow-lite.csv
366,/home/runner/work/neo4j-apoc-procedures/neo4j-apoc-procedures/core/target/5600ad76-400f-4d76-86a8-c7c47571d24b/data/databases/system/neostore.indexstats.db
367,/home/runner/work/neo4j-apoc-procedures/neo4j-apoc-procedures/core/target/5600ad76-400f-4d76-86a8-c7c47571d24b/data/databases/neo4j/neostore.relationshipgroupstore.degrees.db
368,/home/runner/work/neo4j-apoc-procedures/neo4j-apoc-procedures/core/target/5600ad76-400f-4d76-86a8-c7c47571d24b/data/databases/neo4j/neostore.indexstats.db
481,/home/runner/work/neo4j-apoc-procedures/neo4j-apoc-procedures/full/hadoop/hdfs/data/data1/current/BP-1477400395-10.1.0.239-1676316388662/scanner.cursor.tmp
482,/home/runner/work/neo4j-apoc-procedures/neo4j-apoc-procedures/full/hadoop/hdfs/data/data2/current/BP-1477400395-10.1.0.239-1676316388662/scanner.cursor.tmp
485,/home/runner/work/neo4j-apoc-procedures/neo4j-apoc-procedures/full/hadoop/hdfs/data/data2/in_use.lock
486,/home/runner/work/neo4j-apoc-procedures/neo4j-apoc-procedures/full/hadoop/hdfs/data/data1/in_use.lock
487,/home/runner/work/neo4j-apoc-procedures/neo4j-apoc-procedures/full/hadoop/hdfs/name-0-2/in_use.lock
488,/home/runner/work/neo4j-apoc-procedures/neo4j-apoc-procedures/full/hadoop/hdfs/name-0-1/in_use.lock
489,/home/runner/work/neo4j-apoc-procedures/neo4j-apoc-procedures/full/build/kotlin/compileTestKotlin/last-build.bin
509,/home/runner/work/neo4j-apoc-procedures/neo4j-apoc-procedures/full/hadoop/hdfs/data/data2/current/BP-1883375944-10.1.0.239-1676316494430/scanner.cursor.tmp
510,/home/runner/work/neo4j-apoc-procedures/neo4j-apoc-procedures/full/hadoop/hdfs/data/data1/current/BP-1883375944-10.1.0.239-1676316494430/scanner.cursor.tmp
523,/home/runner/work/neo4j-apoc-procedures/neo4j-apoc-procedures/full/build/kotlin/compileKotlin/caches-jvm/jvm/kotlin/internal-name-to-source.tab_i
524,/home/runner/work/neo4j-apoc-procedures/neo4j-apoc-procedures/full/build/kotlin/compileKotlin/caches-jvm/jvm/kotlin/class-fq-name-to-source.tab
525,/home/runner/work/neo4j-apoc-procedures/neo4j-apoc-procedures/full/build/kotlin/compileTestKotlin/caches-jvm/jvm/kotlin/source-to-classes.tab_i
526,/home/runner/work/neo4j-apoc-procedures/neo4j-apoc-procedures/full/build/kotlin/compileKotlin/caches-jvm/lookups/lookups.tab_i
527,/home/runner/work/neo4j-apoc-procedures/neo4j-apoc-procedures/full/build/kotlin/compileKotlin/caches-jvm/jvm/kotlin/proto.tab.keystream
530,/home/runner/work/neo4j-apoc-procedures/neo4j-apoc-procedures/full/build/kotlin/compileTestKotlin/caches-jvm/jvm/kotlin/constants.tab.keystream
531,/home/runner/work/neo4j-apoc-procedures/neo4j-apoc-procedures/full/build/kotlin/compileKotlin/caches-jvm/jvm/kotlin/source-to-classes.tab
532,/home/runner/work/neo4j-apoc-procedures/neo4j-apoc-procedures/full/build/kotlin/compileKotlin/caches-jvm/jvm/kotlin/internal-name-to-source.tab
533,/home/runner/work/neo4j-apoc-procedures/neo4j-apoc-procedures/full/build/kotlin/compileKotlin/caches-jvm/jvm/kotlin/constants.tab
534,/home/runner/work/neo4j-apoc-procedures/neo4j-apoc-procedures/full/build/kotlin/compileKotlin/caches-jvm/jvm/kotlin/supertypes.tab
535,/home/runner/work/neo4j-apoc-procedures/neo4j-apoc-procedures/full/build/kotlin/compileKotlin/caches-jvm/jvm/kotlin/subtypes.tab
537,/home/runner/work/neo4j-apoc-procedures/neo4j-apoc-procedures/full/build/kotlin/compileKotlin/caches-jvm/jvm/kotlin/constants.tab.keystream
539,/home/runner/work/neo4j-apoc-procedures/neo4j-apoc-procedures/full/build/kotlin/compileKotlin/caches-jvm/jvm/kotlin/supertypes.tab_i
540,/home/runner/work/neo4j-apoc-procedures/neo4j-apoc-procedures/full/build/kotlin/compileKotlin/caches-jvm/jvm/kotlin/class-attributes.tab_i
541,/home/runner/work/neo4j-apoc-procedures/neo4j-apoc-procedures/full/build/kotlin/compileKotlin/caches-jvm/jvm/kotlin/class-fq-name-to-source.tab_i
542,/home/runner/work/neo4j-apoc-procedures/neo4j-apoc-procedures/full/build/kotlin/compileKotlin/caches-jvm/jvm/kotlin/class-attributes.tab
543,/home/runner/work/neo4j-apoc-procedures/neo4j-apoc-procedures/full/build/kotlin/compileKotlin/caches-jvm/lookups/file-to-id.tab.keystream
544,/home/runner/work/neo4j-apoc-procedures/neo4j-apoc-procedures/full/build/kotlin/compileTestKotlin/caches-jvm/jvm/kotlin/internal-name-to-source.tab.keystream
545,/home/runner/work/neo4j-apoc-procedures/neo4j-apoc-procedures/full/build/kotlin/compileKotlin/caches-jvm/jvm/kotlin/proto.tab
547,/home/runner/work/neo4j-apoc-procedures/neo4j-apoc-procedures/full/build/kotlin/compileKotlin/caches-jvm/jvm/kotlin/proto.tab_i
548,/home/runner/work/neo4j-apoc-procedures/neo4j-apoc-procedures/full/build/kotlin/compileKotlin/caches-jvm/jvm/kotlin/constants.tab_i
549,/home/runner/work/neo4j-apoc-procedures/neo4j-apoc-procedures/full/build/kotlin/compileKotlin/caches-jvm/inputs/source-to-output.tab_i
550,/home/runner/work/neo4j-apoc-procedures/neo4j-apoc-procedures/full/build/kotlin/compileKotlin/caches-jvm/inputs/source-to-output.tab
551,/home/runner/work/neo4j-apoc-procedures/neo4j-apoc-procedures/full/build/kotlin/compileKotlin/caches-jvm/lookups/counters.tab
552,/home/runner/work/neo4j-apoc-procedures/neo4j-apoc-procedures/full/build/kotlin/compileKotlin/caches-jvm/jvm/kotlin/subtypes.tab.keystream
553,/home/runner/work/neo4j-apoc-procedures/neo4j-apoc-procedures/full/build/kotlin/compileTestKotlin/caches-jvm/jvm/kotlin/source-to-classes.tab.keystream
554,/home/runner/work/neo4j-apoc-procedures/neo4j-apoc-procedures/full/build/kotlin/compileKotlin/caches-jvm/jvm/kotlin/subtypes.tab_i
555,/home/runner/work/neo4j-apoc-procedures/neo4j-apoc-procedures/full/build/kotlin/compileKotlin/caches-jvm/jvm/kotlin/supertypes.tab.keystream
556,/home/runner/work/neo4j-apoc-procedures/neo4j-apoc-procedures/full/build/kotlin/compileKotlin/caches-jvm/jvm/kotlin/class-attributes.tab.keystream
557,/home/runner/work/neo4j-apoc-procedures/neo4j-apoc-procedures/full/build/kotlin/compileKotlin/caches-jvm/lookups/file-to-id.tab_i
558,/home/runner/work/neo4j-apoc-procedures/neo4j-apoc-procedures/full/build/kotlin/compileKotlin/caches-jvm/lookups/id-to-file.tab
559,/home/runner/work/neo4j-apoc-procedures/neo4j-apoc-procedures/full/build/kotlin/compileKotlin/caches-jvm/jvm/kotlin/source-to-classes.tab.keystream
560,/home/runner/work/neo4j-apoc-procedures/neo4j-apoc-procedures/full/build/kotlin/compileKotlin/caches-jvm/lookups/id-to-file.tab_i
561,/home/runner/work/neo4j-apoc-procedures/neo4j-apoc-procedures/full/build/kotlin/compileTestKotlin/caches-jvm/jvm/kotlin/proto.tab.keystream
562,/home/runner/work/neo4j-apoc-procedures/neo4j-apoc-procedures/full/build/kotlin/compileKotlin/caches-jvm/lookups/file-to-id.tab
563,/home/runner/work/neo4j-apoc-procedures/neo4j-apoc-procedures/full/build/kotlin/compileKotlin/caches-jvm/jvm/kotlin/class-fq-name-to-source.tab.keystream
564,/home/runner/work/neo4j-apoc-procedures/neo4j-apoc-procedures/full/build/kotlin/compileKotlin/caches-jvm/jvm/kotlin/source-to-classes.tab_i
565,/home/runner/work/neo4j-apoc-procedures/neo4j-apoc-procedures/full/build/kotlin/compileKotlin/caches-jvm/jvm/kotlin/internal-name-to-source.tab.keystream
566,/home/runner/work/neo4j-apoc-procedures/neo4j-apoc-procedures/full/build/kotlin/compileTestKotlin/caches-jvm/lookups/file-to-id.tab
567,/home/runner/work/neo4j-apoc-procedures/neo4j-apoc-procedures/full/build/kotlin/compileTestKotlin/caches-jvm/inputs/source-to-output.tab_i
569,/home/runner/work/neo4j-apoc-procedures/neo4j-apoc-procedures/full/build/kotlin/compileTestKotlin/caches-jvm/jvm/kotlin/subtypes.tab_i
570,/home/runner/work/neo4j-apoc-procedures/neo4j-apoc-procedures/full/build/kotlin/compileTestKotlin/caches-jvm/jvm/kotlin/subtypes.tab.keystream
571,/home/runner/work/neo4j-apoc-procedures/neo4j-apoc-procedures/full/build/kotlin/compileKotlin/caches-jvm/lookups/id-to-file.tab.keystream
573,/home/runner/work/neo4j-apoc-procedures/neo4j-apoc-procedures/full/build/kotlin/compileTestKotlin/caches-jvm/inputs/source-to-output.tab
575,/home/runner/work/neo4j-apoc-procedures/neo4j-apoc-procedures/full/build/kotlin/compileTestKotlin/caches-jvm/jvm/kotlin/supertypes.tab
576,/home/runner/work/neo4j-apoc-procedures/neo4j-apoc-procedures/full/build/kotlin/compileTestKotlin/caches-jvm/jvm/kotlin/supertypes.tab_i
577,/home/runner/work/neo4j-apoc-procedures/neo4j-apoc-procedures/full/build/kotlin/compileTestKotlin/caches-jvm/jvm/kotlin/class-fq-name-to-source.tab
578,/home/runner/work/neo4j-apoc-procedures/neo4j-apoc-procedures/full/build/kotlin/compileTestKotlin/caches-jvm/jvm/kotlin/class-fq-name-to-source.tab_i
579,/home/runner/work/neo4j-apoc-procedures/neo4j-apoc-procedures/full/build/kotlin/compileTestKotlin/caches-jvm/jvm/kotlin/class-attributes.tab
588,/home/runner/work/neo4j-apoc-procedures/neo4j-apoc-procedures/full/build/kotlin/compileTestKotlin/caches-jvm/jvm/kotlin/class-attributes.tab_i
590,/home/runner/work/neo4j-apoc-procedures/neo4j-apoc-procedures/full/build/kotlin/compileTestKotlin/caches-jvm/jvm/kotlin/proto.tab
591,/home/runner/work/neo4j-apoc-procedures/neo4j-apoc-procedures/full/build/kotlin/compileTestKotlin/caches-jvm/jvm/kotlin/subtypes.tab
606,/home/runner/work/neo4j-apoc-procedures/neo4j-apoc-procedures/full/build/kotlin/compileTestKotlin/caches-jvm/jvm/kotlin/internal-name-to-source.tab_i
612,/home/runner/work/neo4j-apoc-procedures/neo4j-apoc-procedures/full/build/kotlin/compileTestKotlin/caches-jvm/lookups/file-to-id.tab.keystream
614,/home/runner/work/neo4j-apoc-procedures/neo4j-apoc-procedures/full/build/kotlin/compileTestKotlin/caches-jvm/jvm/kotlin/internal-name-to-source.tab
615,/home/runner/work/neo4j-apoc-procedures/neo4j-apoc-procedures/full/build/kotlin/compileTestKotlin/caches-jvm/lookups/lookups.tab_i
616,/home/runner/work/neo4j-apoc-procedures/neo4j-apoc-procedures/full/build/kotlin/compileTestKotlin/caches-jvm/jvm/kotlin/source-to-classes.tab
617,/home/runner/work/neo4j-apoc-procedures/neo4j-apoc-procedures/full/build/kotlin/compileTestKotlin/caches-jvm/lookups/id-to-file.tab_i
619,/home/runner/work/neo4j-apoc-procedures/neo4j-apoc-procedures/full/build/kotlin/compileTestKotlin/caches-jvm/jvm/kotlin/class-attributes.tab.keystream
620,/home/runner/work/neo4j-apoc-procedures/neo4j-apoc-procedures/full/build/kotlin/compileTestKotlin/caches-jvm/lookups/id-to-file.tab
621,/home/runner/work/neo4j-apoc-procedures/neo4j-apoc-procedures/full/build/kotlin/compileTestKotlin/caches-jvm/lookups/file-to-id.tab_i
624,/home/runner/work/neo4j-apoc-procedures/neo4j-apoc-procedures/full/build/kotlin/compileTestKotlin/caches-jvm/jvm/kotlin/proto.tab_i
628,/home/runner/work/neo4j-apoc-procedures/neo4j-apoc-procedures/full/build/kotlin/compileTestKotlin/caches-jvm/jvm/kotlin/constants.tab
631,/home/runner/work/neo4j-apoc-procedures/neo4j-apoc-procedures/full/build/kotlin/compileTestKotlin/caches-jvm/jvm/kotlin/constants.tab_i
637,/home/runner/work/neo4j-apoc-procedures/neo4j-apoc-procedures/full/build/kotlin/compileTestKotlin/caches-jvm/inputs/source-to-output.tab.keystream
639,/home/runner/work/neo4j-apoc-procedures/neo4j-apoc-procedures/full/build/kotlin/compileTestKotlin/caches-jvm/lookups/counters.tab
641,/home/runner/work/neo4j-apoc-procedures/neo4j-apoc-procedures/full/build/kotlin/compileTestKotlin/caches-jvm/lookups/id-to-file.tab.keystream
642,/home/runner/work/neo4j-apoc-procedures/neo4j-apoc-procedures/full/build/kotlin/compileTestKotlin/caches-jvm/jvm/kotlin/supertypes.tab.keystream
644,/home/runner/work/neo4j-apoc-procedures/neo4j-apoc-procedures/full/build/kotlin/compileTestKotlin/caches-jvm/jvm/kotlin/class-fq-name-to-source.tab.keystream
649,/home/runner/work/neo4j-apoc-procedures/neo4j-apoc-procedures/full/build/kotlin/compileKotlin/caches-jvm/inputs/source-to-output.tab.keystream
655,/home/runner/work/neo4j-apoc-procedures/neo4j-apoc-procedures/docs/asciidoc/modules/ROOT/examples/generated-documentation/apoc.merge.relationshipWithStats.adoc
656,/home/runner/work/neo4j-apoc-procedures/neo4j-apoc-procedures/full/build/kotlin/compileTestKotlin/caches-jvm/jvm/kotlin/constants.tab.len
657,/home/runner/work/neo4j-apoc-procedures/neo4j-apoc-procedures/docs/asciidoc/modules/ROOT/examples/generated-documentation/apoc.systemdb.export.metadata.adoc
658,/home/runner/work/neo4j-apoc-procedures/neo4j-apoc-procedures/docs/asciidoc/modules/ROOT/examples/generated-documentation/apoc.merge.relationshipWithStats.eager.adoc
659,/home/runner/work/neo4j-apoc-procedures/neo4j-apoc-procedures/full/build/kotlin/compileTestKotlin/caches-jvm/jvm/kotlin/class-fq-name-to-source.tab.values.at
660,/home/runner/work/neo4j-apoc-procedures/neo4j-apoc-procedures/full/build/kotlin/compileTestKotlin/caches-jvm/jvm/kotlin/constants.tab.keystream.len
661,/home/runner/work/neo4j-apoc-procedures/neo4j-apoc-procedures/full/build/kotlin/compileKotlin/build-history.bin
662,/home/runner/work/neo4j-apoc-procedures/neo4j-apoc-procedures/full/build/kotlin/compileTestKotlin/caches-jvm/jvm/kotlin/constants.tab_i.len
663,/home/runner/work/neo4j-apoc-procedures/neo4j-apoc-procedures/full/build/kotlin/compileTestKotlin/caches-jvm/jvm/kotlin/class-fq-name-to-source.tab.len
664,/home/runner/work/neo4j-apoc-procedures/neo4j-apoc-procedures/full/build/kotlin/compileTestKotlin/caches-jvm/jvm/kotlin/class-fq-name-to-source.tab_i.len
665,/home/runner/work/neo4j-apoc-procedures/neo4j-apoc-procedures/docs/asciidoc/modules/ROOT/examples/generated-documentation/apoc.merge.nodeWithStats.eager.adoc
666,/home/runner/work/neo4j-apoc-procedures/neo4j-apoc-procedures/docs/asciidoc/modules/ROOT/examples/generated-documentation/apoc.merge.nodeWithStats.adoc
667,/home/runner/work/neo4j-apoc-procedures/neo4j-apoc-procedures/docs/asciidoc/modules/ROOT/examples/generated-documentation/apoc.load.htmlPlainText.adoc
668,/home/runner/work/neo4j-apoc-procedures/neo4j-apoc-procedures/full/build/kotlin/compileTestKotlin/caches-jvm/jvm/kotlin/class-fq-name-to-source.tab.keystream.len
669,/home/runner/work/neo4j-apoc-procedures/neo4j-apoc-procedures/full/build/kotlin/compileTestKotlin/caches-jvm/lookups/lookups.tab_i.len
670,/home/runner/work/neo4j-apoc-procedures/neo4j-apoc-procedures/full/build/kotlin/compileTestKotlin/caches-jvm/lookups/lookups.tab.keystream.len
671,/home/runner/work/neo4j-apoc-procedures/neo4j-apoc-procedures/full/build/kotlin/compileTestKotlin/caches-jvm/jvm/kotlin/source-to-classes.tab_i.len
672,/home/runner/work/neo4j-apoc-procedures/neo4j-apoc-procedures/full/build/kotlin/compileTestKotlin/caches-jvm/lookups/lookups.tab.values.at
673,/home/runner/work/neo4j-apoc-procedures/neo4j-apoc-procedures/full/build/kotlin/compileTestKotlin/caches-jvm/jvm/kotlin/source-to-classes.tab.values.at
674,/home/runner/work/neo4j-apoc-procedures/neo4j-apoc-procedures/full/build/kotlin/compileTestKotlin/caches-jvm/lookups/lookups.tab.values.s
675,/home/runner/work/neo4j-apoc-procedures/neo4j-apoc-procedures/full/build/kotlin/compileTestKotlin/caches-jvm/lookups/lookups.tab.values
676,/home/runner/work/neo4j-apoc-procedures/neo4j-apoc-procedures/full/build/kotlin/compileTestKotlin/caches-jvm/jvm/kotlin/source-to-classes.tab.len
677,/home/runner/work/neo4j-apoc-procedures/neo4j-apoc-procedures/full/build/kotlin/compileTestKotlin/caches-jvm/lookups/file-to-id.tab.len
678,/home/runner/work/neo4j-apoc-procedures/neo4j-apoc-procedures/full/build/kotlin/compileTestKotlin/caches-jvm/lookups/id-to-file.tab_i.len
679,/home/runner/work/neo4j-apoc-procedures/neo4j-apoc-procedures/full/build/kotlin/compileTestKotlin/caches-jvm/lookups/file-to-id.tab_i.len
680,/home/runner/work/neo4j-apoc-procedures/neo4j-apoc-procedures/full/build/kotlin/compileTestKotlin/caches-jvm/lookups/file-to-id.tab.keystream.len
681,/home/runner/work/neo4j-apoc-procedures/neo4j-apoc-procedures/full/build/kotlin/compileTestKotlin/caches-jvm/jvm/kotlin/proto.tab.values.at
682,/home/runner/work/neo4j-apoc-procedures/neo4j-apoc-procedures/full/build/kotlin/compileTestKotlin/caches-jvm/jvm/kotlin/supertypes.tab.keystream.len
683,/home/runner/work/neo4j-apoc-procedures/neo4j-apoc-procedures/full/build/kotlin/compileTestKotlin/caches-jvm/lookups/file-to-id.tab.values.at
684,/home/runner/work/neo4j-apoc-procedures/neo4j-apoc-procedures/full/build/kotlin/compileTestKotlin/caches-jvm/lookups/id-to-file.tab.len
685,/home/runner/work/neo4j-apoc-procedures/neo4j-apoc-procedures/full/build/kotlin/compileTestKotlin/caches-jvm/jvm/kotlin/supertypes.tab.values.at
686,/home/runner/work/neo4j-apoc-procedures/neo4j-apoc-procedures/full/build/kotlin/compileTestKotlin/caches-jvm/lookups/lookups.tab.len
687,/home/runner/work/neo4j-apoc-procedures/neo4j-apoc-procedures/full/build/kotlin/compileTestKotlin/caches-jvm/jvm/kotlin/source-to-classes.tab.keystream.len
688,/home/runner/work/neo4j-apoc-procedures/neo4j-apoc-procedures/full/build/kotlin/compileTestKotlin/caches-jvm/jvm/kotlin/subtypes.tab.values.at
689,/home/runner/work/neo4j-apoc-procedures/neo4j-apoc-procedures/full/build/kotlin/compileTestKotlin/caches-jvm/jvm/kotlin/subtypes.tab.len
690,/home/runner/work/neo4j-apoc-procedures/neo4j-apoc-procedures/full/build/kotlin/compileTestKotlin/caches-jvm/jvm/kotlin/subtypes.tab_i.len
691,/home/runner/work/neo4j-apoc-procedures/neo4j-apoc-procedures/full/build/kotlin/compileTestKotlin/caches-jvm/jvm/kotlin/class-attributes.tab.len
692,/home/runner/work/neo4j-apoc-procedures/neo4j-apoc-procedures/full/build/kotlin/compileTestKotlin/caches-jvm/jvm/kotlin/class-attributes.tab_i.len
693,/home/runner/work/neo4j-apoc-procedures/neo4j-apoc-procedures/full/build/kotlin/compileTestKotlin/caches-jvm/jvm/kotlin/class-attributes.tab.keystream.len
694,/home/runner/work/neo4j-apoc-procedures/neo4j-apoc-procedures/full/build/kotlin/compileTestKotlin/caches-jvm/jvm/kotlin/class-attributes.tab.values.at
695,/home/runner/work/neo4j-apoc-procedures/neo4j-apoc-procedures/full/build/kotlin/compileTestKotlin/caches-jvm/jvm/kotlin/supertypes.tab_i.len
696,/home/runner/work/neo4j-apoc-procedures/neo4j-apoc-procedures/full/build/kotlin/compileTestKotlin/caches-jvm/jvm/kotlin/supertypes.tab.len
697,/home/runner/work/neo4j-apoc-procedures/neo4j-apoc-procedures/docs/asciidoc/modules/ROOT/examples/generated-documentation/apoc.math.coth.adoc
698,/home/runner/work/neo4j-apoc-procedures/neo4j-apoc-procedures/docs/asciidoc/modules/ROOT/examples/generated-documentation/apoc.math.cosh.adoc
699,/home/runner/work/neo4j-apoc-procedures/neo4j-apoc-procedures/full/build/kotlin/compileTestKotlin/caches-jvm/lookups/id-to-file.tab.keystream.len
700,/home/runner/work/neo4j-apoc-procedures/neo4j-apoc-procedures/docs/asciidoc/modules/ROOT/examples/generated-documentation/apoc.any.isDeleted.adoc
701,/home/runner/work/neo4j-apoc-procedures/neo4j-apoc-procedures/full/build/kotlin/compileTestKotlin/build-history.bin
702,/home/runner/work/neo4j-apoc-procedures/neo4j-apoc-procedures/full/build/kotlin/compileTestKotlin/caches-jvm/jvm/kotlin/proto.tab.keystream.len
703,/home/runner/work/neo4j-apoc-procedures/neo4j-apoc-procedures/full/build/kotlin/compileTestKotlin/caches-jvm/jvm/kotlin/proto.tab_i.len
704,/home/runner/work/neo4j-apoc-procedures/neo4j-apoc-procedures/full/build/kotlin/compileTestKotlin/caches-jvm/jvm/kotlin/proto.tab.len
705,/home/runner/work/neo4j-apoc-procedures/neo4j-apoc-procedures/full/build/kotlin/compileTestKotlin/caches-jvm/lookups/id-to-file.tab.values.at
706,/home/runner/work/neo4j-apoc-procedures/neo4j-apoc-procedures/full/build/kotlin/compileTestKotlin/caches-jvm/inputs/source-to-output.tab.len
707,/home/runner/work/neo4j-apoc-procedures/neo4j-apoc-procedures/full/build/kotlin/compileTestKotlin/caches-jvm/inputs/source-to-output.tab_i.len
708,/home/runner/work/neo4j-apoc-procedures/neo4j-apoc-procedures/full/build/kotlin/compileTestKotlin/caches-jvm/inputs/source-to-output.tab.keystream.len
709,/home/runner/work/neo4j-apoc-procedures/neo4j-apoc-procedures/docs/asciidoc/modules/ROOT/examples/generated-documentation/apoc.math.csch.adoc
710,/home/runner/work/neo4j-apoc-procedures/neo4j-apoc-procedures/full/build/kotlin/compileTestKotlin/caches-jvm/jvm/kotlin/constants.tab.values.at
711,/home/runner/work/neo4j-apoc-procedures/neo4j-apoc-procedures/full/build/kotlin/compileTestKotlin/caches-jvm/jvm/kotlin/subtypes.tab.keystream.len
712,/home/runner/work/neo4j-apoc-procedures/neo4j-apoc-procedures/full/build/kotlin/compileTestKotlin/caches-jvm/inputs/source-to-output.tab.values.at
713,/home/runner/work/neo4j-apoc-procedures/neo4j-apoc-procedures/full/build/kotlin/compileKotlin/caches-jvm/inputs/source-to-output.tab.values.at
714,/home/runner/work/neo4j-apoc-procedures/neo4j-apoc-procedures/docs/asciidoc/modules/ROOT/examples/generated-documentation/apoc.math.sinh.adoc
715,/home/runner/work/neo4j-apoc-procedures/neo4j-apoc-procedures/docs/asciidoc/modules/ROOT/examples/generated-documentation/apoc.math.sigmoidPrime.adoc
716,/home/runner/work/neo4j-apoc-procedures/neo4j-apoc-procedures/docs/asciidoc/modules/ROOT/examples/generated-documentation/apoc.math.sigmoid.adoc
717,/home/runner/work/neo4j-apoc-procedures/neo4j-apoc-procedures/docs/asciidoc/modules/ROOT/examples/generated-documentation/apoc.math.sech.adoc
718,/home/runner/work/neo4j-apoc-procedures/neo4j-apoc-procedures/docs/asciidoc/modules/ROOT/examples/generated-documentation/apoc.schema.relationship.indexExists.adoc
719,/home/runner/work/neo4j-apoc-procedures/neo4j-apoc-procedures/docs/asciidoc/modules/ROOT/examples/generated-documentation/apoc.math.tanh.adoc
720,/home/runner/work/neo4j-apoc-procedures/neo4j-apoc-procedures/full/build/kotlin/compileKotlin/caches-jvm/inputs/source-to-output.tab.len
721,/home/runner/work/neo4j-apoc-procedures/neo4j-apoc-procedures/full/derbyDB/seg0/README_DO_NOT_TOUCH_FILES.txt
722,/home/runner/work/neo4j-apoc-procedures/neo4j-apoc-procedures/full/derbyDB/log/README_DO_NOT_TOUCH_FILES.txt
723,/home/runner/work/neo4j-apoc-procedures/neo4j-apoc-procedures/full/hadoop/hdfs/data/data2/current/BP-1477400395-10.1.0.239-1676316388662/current/dfsUsed
724,/home/runner/work/neo4j-apoc-procedures/neo4j-apoc-procedures/full/hadoop/hdfs/data/data2/current/BP-1477400395-10.1.0.239-1676316388662/current/replicas.tmp
725,/home/runner/work/neo4j-apoc-procedures/neo4j-apoc-procedures/full/hadoop/hdfs/data/data1/current/BP-1477400395-10.1.0.239-1676316388662/current/dfsUsed
726,/home/runner/work/neo4j-apoc-procedures/neo4j-apoc-procedures/full/hadoop/hdfs/data/data1/current/BP-1477400395-10.1.0.239-1676316388662/current/replicas.tmp
727,/home/runner/work/neo4j-apoc-procedures/neo4j-apoc-procedures/full/hadoop/hdfs/data/data2/current/BP-1477400395-10.1.0.239-1676316388662/current/rbw/blk_1073741826_1002.meta
728,/home/runner/work/neo4j-apoc-procedures/neo4j-apoc-procedures/full/hadoop/hdfs/data/data2/current/BP-1477400395-10.1.0.239-1676316388662/current/rbw/blk_1073741826
729,/home/runner/work/neo4j-apoc-procedures/neo4j-apoc-procedures/full/hadoop/hdfs/data/data1/current/BP-1477400395-10.1.0.239-1676316388662/current/rbw/blk_1073741825_1001.meta
730,/home/runner/work/neo4j-apoc-procedures/neo4j-apoc-procedures/full/build/kotlin/compileKotlin/caches-jvm/inputs/source-to-output.tab_i.len
731,/home/runner/work/neo4j-apoc-procedures/neo4j-apoc-procedures/docs/asciidoc/modules/ROOT/examples/generated-documentation/apoc.export.arrow.query-lite.csv
732,/home/runner/work/neo4j-apoc-procedures/neo4j-apoc-procedures/docs/asciidoc/modules/ROOT/examples/generated-documentation/apoc.export.arrow.graph-lite.csv
733,/home/runner/work/neo4j-apoc-procedures/neo4j-apoc-procedures/docs/asciidoc/modules/ROOT/examples/generated-documentation/apoc.export.arrow.all-lite.csv
734,/home/runner/work/neo4j-apoc-procedures/neo4j-apoc-procedures/docs/asciidoc/modules/ROOT/examples/generated-documentation/apoc.trigger.toNode.adoc
735,/home/runner/work/neo4j-apoc-procedures/neo4j-apoc-procedures/docs/asciidoc/modules/ROOT/examples/generated-documentation/apoc.export.arrow.stream.query-lite.csv
736,/home/runner/work/neo4j-apoc-procedures/neo4j-apoc-procedures/docs/asciidoc/modules/ROOT/examples/generated-documentation/apoc.export.arrow.stream.graph-lite.csv
737,/home/runner/work/neo4j-apoc-procedures/neo4j-apoc-procedures/docs/asciidoc/modules/ROOT/examples/generated-documentation/apoc.export.arrow.stream.all-lite.csv
738,/home/runner/work/neo4j-apoc-procedures/neo4j-apoc-procedures/docs/asciidoc/modules/ROOT/examples/generated-documentation/apoc.trigger.toRelationship.adoc
739,/home/runner/work/neo4j-apoc-procedures/neo4j-apoc-procedures/docs/asciidoc/modules/ROOT/examples/generated-documentation/apoc.algo.aStarWithPoint-lite.csv
740,/home/runner/work/neo4j-apoc-procedures/neo4j-apoc-procedures/full/hadoop/hdfs/data/data1/current/BP-1477400395-10.1.0.239-1676316388662/current/rbw/blk_1073741825
741,/home/runner/work/neo4j-apoc-procedures/neo4j-apoc-procedures/full/build/kotlin/compileKotlin/caches-jvm/lookups/id-to-file.tab.values.at
742,/home/runner/work/neo4j-apoc-procedures/neo4j-apoc-procedures/full/build/kotlin/compileTestKotlin/caches-jvm/jvm/kotlin/internal-name-to-source.tab.len
743,/home/runner/work/neo4j-apoc-procedures/neo4j-apoc-procedures/full/derbyDB/seg0/d4d0.dat
744,/home/runner/work/neo4j-apoc-procedures/neo4j-apoc-procedures/full/build/kotlin/compileTestKotlin/caches-jvm/jvm/kotlin/internal-name-to-source.tab.values.at
745,/home/runner/work/neo4j-apoc-procedures/neo4j-apoc-procedures/full/build/kotlin/compileTestKotlin/caches-jvm/jvm/kotlin/internal-name-to-source.tab_i.len
746,/home/runner/work/neo4j-apoc-procedures/neo4j-apoc-procedures/full/build/kotlin/compileTestKotlin/caches-jvm/jvm/kotlin/internal-name-to-source.tab.keystream.len
747,/home/runner/work/neo4j-apoc-procedures/neo4j-apoc-procedures/full/build/kotlin/compileKotlin/caches-jvm/inputs/source-to-output.tab.keystream.len
748,/home/runner/work/neo4j-apoc-procedures/neo4j-apoc-procedures/full/derbyDB/seg0/d490.dat
749,/home/runner/work/neo4j-apoc-procedures/neo4j-apoc-procedures/full/derbyDB/seg0/d4a0.dat
750,/home/runner/work/neo4j-apoc-procedures/neo4j-apoc-procedures/full/derbyDB/seg0/d4b0.dat
751,/home/runner/work/neo4j-apoc-procedures/neo4j-apoc-procedures/full/derbyDB/README_DO_NOT_TOUCH_FILES.txt
752,/home/runner/work/neo4j-apoc-procedures/neo4j-apoc-procedures/full/derbyDB/seg0/d5c0.dat
753,/home/runner/work/neo4j-apoc-procedures/neo4j-apoc-procedures/full/derbyDB/seg0/d520.dat
754,/home/runner/work/neo4j-apoc-procedures/neo4j-apoc-procedures/full/derbyDB/seg0/d5e0.dat
755,/home/runner/work/neo4j-apoc-procedures/neo4j-apoc-procedures/full/derbyDB/seg0/d500.dat
756,/home/runner/work/neo4j-apoc-procedures/neo4j-apoc-procedures/full/derbyDB/seg0/d510.dat
757,/home/runner/work/neo4j-apoc-procedures/neo4j-apoc-procedures/full/derbyDB/seg0/d570.dat
758,/home/runner/work/neo4j-apoc-procedures/neo4j-apoc-procedures/full/derbyDB/seg0/d540.dat
759,/home/runner/work/neo4j-apoc-procedures/neo4j-apoc-procedures/full/derbyDB/seg0/d560.dat
760,/home/runner/work/neo4j-apoc-procedures/neo4j-apoc-procedures/full/derbyDB/seg0/d5b0.dat
761,/home/runner/work/neo4j-apoc-procedures/neo4j-apoc-procedures/full/derbyDB/seg0/d530.dat
762,/home/runner/work/neo4j-apoc-procedures/neo4j-apoc-procedures/full/derbyDB/seg0/d590.dat
763,/home/runner/work/neo4j-apoc-procedures/neo4j-apoc-procedures/full/derbyDB/seg0/d4f0.dat
764,/home/runner/work/neo4j-apoc-procedures/neo4j-apoc-procedures/full/build/kotlin/compileKotlin/caches-jvm/jvm/kotlin/source-to-classes.tab.values.at
765,/home/runner/work/neo4j-apoc-procedures/neo4j-apoc-procedures/full/build/kotlin/compileKotlin/caches-jvm/jvm/kotlin/source-to-classes.tab.keystream.len
766,/home/runner/work/neo4j-apoc-procedures/neo4j-apoc-procedures/full/build/kotlin/compileKotlin/caches-jvm/jvm/kotlin/source-to-classes.tab_i.len
767,/home/runner/work/neo4j-apoc-procedures/neo4j-apoc-procedures/full/build/kotlin/compileKotlin/caches-jvm/jvm/kotlin/source-to-classes.tab.len
768,/home/runner/work/neo4j-apoc-procedures/neo4j-apoc-procedures/full/build/kotlin/compileKotlin/caches-jvm/jvm/kotlin/proto.tab.values.at
769,/home/runner/work/neo4j-apoc-procedures/neo4j-apoc-procedures/full/build/kotlin/compileKotlin/caches-jvm/jvm/kotlin/proto.tab.keystream.len
770,/home/runner/work/neo4j-apoc-procedures/neo4j-apoc-procedures/full/build/kotlin/compileKotlin/caches-jvm/jvm/kotlin/proto.tab_i.len
771,/home/runner/work/neo4j-apoc-procedures/neo4j-apoc-procedures/full/hadoop/hdfs/data/data1/current/BP-1883375944-10.1.0.239-1676316494430/current/rbw/blk_1073741825_1001.meta
772,/home/runner/work/neo4j-apoc-procedures/neo4j-apoc-procedures/full/build/kotlin/compileKotlin/caches-jvm/jvm/kotlin/subtypes.tab.keystream.len
773,/home/runner/work/neo4j-apoc-procedures/neo4j-apoc-procedures/full/build/kotlin/compileKotlin/caches-jvm/jvm/kotlin/subtypes.tab_i.len
774,/home/runner/work/neo4j-apoc-procedures/neo4j-apoc-procedures/full/build/kotlin/compileKotlin/caches-jvm/jvm/kotlin/subtypes.tab.len
775,/home/runner/work/neo4j-apoc-procedures/neo4j-apoc-procedures/full/build/kotlin/compileKotlin/caches-jvm/jvm/kotlin/supertypes.tab.values.at
776,/home/runner/work/neo4j-apoc-procedures/neo4j-apoc-procedures/full/build/kotlin/compileKotlin/caches-jvm/jvm/kotlin/supertypes.tab.keystream.len
777,/home/runner/work/neo4j-apoc-procedures/neo4j-apoc-procedures/full/build/kotlin/compileKotlin/caches-jvm/jvm/kotlin/supertypes.tab_i.len
778,/home/runner/work/neo4j-apoc-procedures/neo4j-apoc-procedures/full/build/kotlin/compileKotlin/caches-jvm/jvm/kotlin/supertypes.tab.len
779,/home/runner/work/neo4j-apoc-procedures/neo4j-apoc-procedures/full/build/kotlin/compileKotlin/caches-jvm/jvm/kotlin/class-fq-name-to-source.tab.values.at
780,/home/runner/work/neo4j-apoc-procedures/neo4j-apoc-procedures/full/build/kotlin/compileKotlin/caches-jvm/jvm/kotlin/class-fq-name-to-source.tab.keystream.len
781,/home/runner/work/neo4j-apoc-procedures/neo4j-apoc-procedures/full/hadoop/hdfs/data/data1/current/BP-1883375944-10.1.0.239-1676316494430/current/rbw/blk_1073741825
782,/home/runner/work/neo4j-apoc-procedures/neo4j-apoc-procedures/full/build/kotlin/compileKotlin/caches-jvm/jvm/kotlin/class-fq-name-to-source.tab_i.len
783,/home/runner/work/neo4j-apoc-procedures/neo4j-apoc-procedures/full/build/kotlin/compileKotlin/caches-jvm/jvm/kotlin/class-fq-name-to-source.tab.len
784,/home/runner/work/neo4j-apoc-procedures/neo4j-apoc-procedures/full/build/kotlin/compileKotlin/caches-jvm/jvm/kotlin/proto.tab.len
785,/home/runner/work/neo4j-apoc-procedures/neo4j-apoc-procedures/full/build/kotlin/compileKotlin/caches-jvm/jvm/kotlin/constants.tab.values.at
787,/home/runner/work/neo4j-apoc-procedures/neo4j-apoc-procedures/full/hadoop/hdfs/data/data1/current/BP-1883375944-10.1.0.239-1676316494430/current/replicas.tmp
788,/home/runner/work/neo4j-apoc-procedures/neo4j-apoc-procedures/full/hadoop/hdfs/data/data1/current/BP-1883375944-10.1.0.239-1676316494430/current/dfsUsed
789,/home/runner/work/neo4j-apoc-procedures/neo4j-apoc-procedures/full/build/kotlin/compileKotlin/dirty-sources.txt
790,/home/runner/work/neo4j-apoc-procedures/neo4j-apoc-procedures/full/hadoop/hdfs/data/data2/current/BP-1883375944-10.1.0.239-1676316494430/current/dfsUsed
791,/home/runner/work/neo4j-apoc-procedures/neo4j-apoc-procedures/full/build/kotlin/compileKotlin/caches-jvm/jvm/kotlin/constants.tab.keystream.len
792,/home/runner/work/neo4j-apoc-procedures/neo4j-apoc-procedures/full/build/kotlin/compileKotlin/caches-jvm/jvm/kotlin/constants.tab_i.len
793,/home/runner/work/neo4j-apoc-procedures/neo4j-apoc-procedures/full/build/kotlin/compileKotlin/caches-jvm/jvm/kotlin/constants.tab.len
794,/home/runner/work/neo4j-apoc-procedures/neo4j-apoc-procedures/full/build/kotlin/compileKotlin/caches-jvm/jvm/kotlin/internal-name-to-source.tab.len
795,/home/runner/work/neo4j-apoc-procedures/neo4j-apoc-procedures/full/build/kotlin/compileKotlin/caches-jvm/jvm/kotlin/internal-name-to-source.tab.values.at
796,/home/runner/work/neo4j-apoc-procedures/neo4j-apoc-procedures/full/build/kotlin/compileKotlin/caches-jvm/jvm/kotlin/internal-name-to-source.tab.keystream.len
797,/home/runner/work/neo4j-apoc-procedures/neo4j-apoc-procedures/full/build/kotlin/compileKotlin/caches-jvm/jvm/kotlin/internal-name-to-source.tab_i.len
798,/home/runner/work/neo4j-apoc-procedures/neo4j-apoc-procedures/full/derbyDB/seg0/d5a0.dat
799,/home/runner/work/neo4j-apoc-procedures/neo4j-apoc-procedures/full/derbyDB/seg0/d580.dat
800,/home/runner/work/neo4j-apoc-procedures/neo4j-apoc-procedures/full/derbyDB/seg0/d550.dat
801,/home/runner/work/neo4j-apoc-procedures/neo4j-apoc-procedures/core/target/5600ad76-400f-4d76-86a8-c7c47571d24b/data/server_id
802,/home/runner/work/neo4j-apoc-procedures/neo4j-apoc-procedures/core/target/5600ad76-400f-4d76-86a8-c7c47571d24b/data/databases/system/neostore.nodestore.db.labels
803,/home/runner/work/neo4j-apoc-procedures/neo4j-apoc-procedures/docs/asciidoc/modules/ROOT/examples/generated-documentation/apoc.export.arrow.stream-lite.csv
804,/home/runner/work/neo4j-apoc-procedures/neo4j-apoc-procedures/core/target/5600ad76-400f-4d76-86a8-c7c47571d24b/data/databases/system/neostore.propertystore.db.index.keys
805,/home/runner/work/neo4j-apoc-procedures/neo4j-apoc-procedures/docs/asciidoc/modules/ROOT/examples/generated-documentation/apoc.systemdb.export.csv
806,/home/runner/work/neo4j-apoc-procedures/neo4j-apoc-procedures/core/target/5600ad76-400f-4d76-86a8-c7c47571d24b/data/databases/system/neostore.propertystore.db.strings
807,/home/runner/work/neo4j-apoc-procedures/neo4j-apoc-procedures/core/target/5600ad76-400f-4d76-86a8-c7c47571d24b/data/databases/system/neostore.propertystore.db.arrays
808,/home/runner/work/neo4j-apoc-procedures/neo4j-apoc-procedures/full/derbyDB/seg0/d4c0.dat
809,/home/runner/work/neo4j-apoc-procedures/neo4j-apoc-procedures/docs/asciidoc/modules/ROOT/examples/generated-documentation/apoc.export.arrow.csv
810,/home/runner/work/neo4j-apoc-procedures/neo4j-apoc-procedures/docs/asciidoc/modules/ROOT/examples/generated-documentation/apoc.load.arrow.csv
811,/home/runner/work/neo4j-apoc-procedures/neo4j-apoc-procedures/core/target/5600ad76-400f-4d76-86a8-c7c47571d24b/data/databases/system/neostore.relationshiptypestore.db.names
812,/home/runner/work/neo4j-apoc-procedures/neo4j-apoc-procedures/docs/asciidoc/modules/ROOT/examples/generated-documentation/apoc.merge.relationshipWithStats.csv
813,/home/runner/work/neo4j-apoc-procedures/neo4j-apoc-procedures/core/target/5600ad76-400f-4d76-86a8-c7c47571d24b/data/databases/system/neostore.labeltokenstore.db.names
814,/home/runner/work/neo4j-apoc-procedures/neo4j-apoc-procedures/core/target/5600ad76-400f-4d76-86a8-c7c47571d24b/data/databases/neo4j/neostore.propertystore.db.arrays
815,/home/runner/work/neo4j-apoc-procedures/neo4j-apoc-procedures/core/target/5600ad76-400f-4d76-86a8-c7c47571d24b/data/databases/neo4j/neostore.relationshiptypestore.db.names
816,/home/runner/work/neo4j-apoc-procedures/neo4j-apoc-procedures/core/target/5600ad76-400f-4d76-86a8-c7c47571d24b/data/databases/neo4j/neostore.labeltokenstore.db.names
817,/home/runner/work/neo4j-apoc-procedures/neo4j-apoc-procedures/core/target/5600ad76-400f-4d76-86a8-c7c47571d24b/data/databases/neo4j/neostore.schemastore.db
818,/home/runner/work/neo4j-apoc-procedures/neo4j-apoc-procedures/full/build/kotlin/compileKotlin/caches-jvm/lookups/id-to-file.tab.keystream.len
819,/home/runner/work/neo4j-apoc-procedures/neo4j-apoc-procedures/core/target/5600ad76-400f-4d76-86a8-c7c47571d24b/data/databases/neo4j/neostore.relationshipgroupstore.db
820,/home/runner/work/neo4j-apoc-procedures/neo4j-apoc-procedures/core/target/5600ad76-400f-4d76-86a8-c7c47571d24b/data/databases/neo4j/neostore
821,/home/runner/work/neo4j-apoc-procedures/neo4j-apoc-procedures/full/build/kotlin/compileTestKotlin/dirty-sources.txt
822,/home/runner/work/neo4j-apoc-procedures/neo4j-apoc-procedures/full/derbyDB/seg0/d4e0.dat
823,/home/runner/work/neo4j-apoc-procedures/neo4j-apoc-procedures/core/target/5600ad76-400f-4d76-86a8-c7c47571d24b/data/transactions/neo4j/checkpoint.0
824,/home/runner/work/neo4j-apoc-procedures/neo4j-apoc-procedures/core/target/5600ad76-400f-4d76-86a8-c7c47571d24b/data/databases/neo4j/neostore.propertystore.db.strings
825,/home/runner/work/neo4j-apoc-procedures/neo4j-apoc-procedures/docs/asciidoc/modules/ROOT/examples/generated-documentation/apoc.merge.nodeWithStats.csv
826,/home/runner/work/neo4j-apoc-procedures/neo4j-apoc-procedures/core/target/5600ad76-400f-4d76-86a8-c7c47571d24b/data/databases/system/neostore.schemastore.db
827,/home/runner/work/neo4j-apoc-procedures/neo4j-apoc-procedures/core/target/5600ad76-400f-4d76-86a8-c7c47571d24b/data/databases/system/neostore.relationshipgroupstore.db
828,/home/runner/work/neo4j-apoc-procedures/neo4j-apoc-procedures/core/target/5600ad76-400f-4d76-86a8-c7c47571d24b/data/databases/system/neostore
829,/home/runner/work/neo4j-apoc-procedures/neo4j-apoc-procedures/docs/asciidoc/modules/ROOT/examples/generated-documentation/apoc.export.arrow.stream.csv
830,/home/runner/work/neo4j-apoc-procedures/neo4j-apoc-procedures/core/target/5600ad76-400f-4d76-86a8-c7c47571d24b/data/transactions/system/checkpoint.0
831,/home/runner/work/neo4j-apoc-procedures/neo4j-apoc-procedures/core/target/5600ad76-400f-4d76-86a8-c7c47571d24b/data/databases/neo4j/neostore.nodestore.db.labels
832,/home/runner/work/neo4j-apoc-procedures/neo4j-apoc-procedures/core/target/5600ad76-400f-4d76-86a8-c7c47571d24b/data/databases/neo4j/neostore.propertystore.db.index.keys
833,/home/runner/work/neo4j-apoc-procedures/neo4j-apoc-procedures/docs/asciidoc/modules/ROOT/examples/generated-documentation/apoc.export.arrow.stream.all.adoc
834,/home/runner/work/neo4j-apoc-procedures/neo4j-apoc-procedures/docs/asciidoc/modules/ROOT/examples/generated-documentation/apoc.export.arrow.query.adoc
835,/home/runner/work/neo4j-apoc-procedures/neo4j-apoc-procedures/docs/asciidoc/modules/ROOT/examples/generated-documentation/apoc.export.arrow.graph.adoc
836,/home/runner/work/neo4j-apoc-procedures/neo4j-apoc-procedures/docs/asciidoc/modules/ROOT/examples/generated-documentation/apoc.export.arrow.all.adoc
837,/home/runner/work/neo4j-apoc-procedures/neo4j-apoc-procedures/docs/asciidoc/modules/ROOT/examples/generated-documentation/apoc.algo.aStarWithPoint.adoc
838,/home/runner/work/neo4j-apoc-procedures/neo4j-apoc-procedures/docs/asciidoc/modules/ROOT/examples/generated-documentation/apoc.systemdb.export-lite.csv
839,/home/runner/work/neo4j-apoc-procedures/neo4j-apoc-procedures/docs/asciidoc/modules/ROOT/examples/generated-documentation/apoc.export.arrow-lite.csv
840,/home/runner/work/neo4j-apoc-procedures/neo4j-apoc-procedures/docs/asciidoc/modules/ROOT/examples/generated-documentation/apoc.export.arrow.stream.graph.adoc
841,/home/runner/work/neo4j-apoc-procedures/neo4j-apoc-procedures/docs/asciidoc/modules/ROOT/examples/generated-documentation/apoc.load.arrow.stream.adoc
842,/home/runner/work/neo4j-apoc-procedures/neo4j-apoc-procedures/docs/asciidoc/modules/ROOT/examples/generated-documentation/apoc.load.arrow.adoc
843,/home/runner/work/neo4j-apoc-procedures/neo4j-apoc-procedures/docs/asciidoc/modules/ROOT/examples/generated-documentation/apoc.export.arrow.stream.query.adoc
844,/home/runner/work/neo4j-apoc-procedures/neo4j-apoc-procedures/full/build/kotlin/compileKotlin/caches-jvm/lookups/lookups.tab.values.s
845,/home/runner/work/neo4j-apoc-procedures/neo4j-apoc-procedures/full/build/kotlin/compileKotlin/caches-jvm/lookups/lookups.tab.len
846,/home/runner/work/neo4j-apoc-procedures/neo4j-apoc-procedures/full/build/kotlin/compileKotlin/caches-jvm/jvm/kotlin/class-attributes.tab.values.at
847,/home/runner/work/neo4j-apoc-procedures/neo4j-apoc-procedures/full/build/kotlin/compileKotlin/caches-jvm/jvm/kotlin/class-attributes.tab.keystream.len
848,/home/runner/work/neo4j-apoc-procedures/neo4j-apoc-procedures/full/build/kotlin/compileKotlin/caches-jvm/jvm/kotlin/class-attributes.tab_i.len
849,/home/runner/work/neo4j-apoc-procedures/neo4j-apoc-procedures/full/build/kotlin/compileKotlin/caches-jvm/jvm/kotlin/class-attributes.tab.len
850,/home/runner/work/neo4j-apoc-procedures/neo4j-apoc-procedures/full/build/kotlin/compileKotlin/caches-jvm/jvm/kotlin/subtypes.tab.values.at
851,/home/runner/work/neo4j-apoc-procedures/neo4j-apoc-procedures/full/build/kotlin/compileKotlin/caches-jvm/lookups/lookups.tab.values.at
852,/home/runner/work/neo4j-apoc-procedures/neo4j-apoc-procedures/full/build/kotlin/compileKotlin/caches-jvm/lookups/lookups.tab.keystream.len
853,/home/runner/work/neo4j-apoc-procedures/neo4j-apoc-procedures/full/build/kotlin/compileKotlin/caches-jvm/lookups/lookups.tab_i.len
854,/home/runner/work/neo4j-apoc-procedures/neo4j-apoc-procedures/full/build/kotlin/compileKotlin/caches-jvm/lookups/lookups.tab.values
855,/home/runner/work/neo4j-apoc-procedures/neo4j-apoc-procedures/full/build/kotlin/compileKotlin/caches-jvm/lookups/file-to-id.tab.keystream.len
856,/home/runner/work/neo4j-apoc-procedures/neo4j-apoc-procedures/full/build/kotlin/compileKotlin/caches-jvm/lookups/file-to-id.tab_i.len
857,/home/runner/work/neo4j-apoc-procedures/neo4j-apoc-procedures/full/build/kotlin/compileKotlin/caches-jvm/lookups/file-to-id.tab.len
858,/home/runner/work/neo4j-apoc-procedures/neo4j-apoc-procedures/full/build/kotlin/compileKotlin/caches-jvm/lookups/file-to-id.tab.values.at
859,/home/runner/work/neo4j-apoc-procedures/neo4j-apoc-procedures/full/build/kotlin/compileKotlin/caches-jvm/lookups/id-to-file.tab.len
860,/home/runner/work/neo4j-apoc-procedures/neo4j-apoc-procedures/full/build/kotlin/compileKotlin/caches-jvm/lookups/id-to-file.tab_i.len
1686,/home/runner/work/neo4j-apoc-procedures/neo4j-apoc-procedures/docs/asciidoc/modules/ROOT/pages/overview/apoc.export/apoc.export.arrow.stream.all.adoc
1687,/home/runner/work/neo4j-apoc-procedures/neo4j-apoc-procedures/docs/asciidoc/modules/ROOT/pages/overview/apoc.any/apoc.any.isDeleted.adoc
1689,/home/runner/work/neo4j-apoc-procedures/neo4j-apoc-procedures/docs/asciidoc/modules/ROOT/pages/overview/apoc.trigger/apoc.trigger.toNode.adoc
1690,/home/runner/work/neo4j-apoc-procedures/neo4j-apoc-procedures/docs/asciidoc/modules/ROOT/pages/overview/apoc.trigger/apoc.trigger.toRelationship.adoc
1691,/home/runner/work/neo4j-apoc-procedures/neo4j-apoc-procedures/docs/asciidoc/modules/ROOT/examples/generated-documentation/apoc.math.sigmoidPrime-lite.csv
1692,/home/runner/work/neo4j-apoc-procedures/neo4j-apoc-procedures/docs/asciidoc/modules/ROOT/examples/generated-documentation/apoc.math.sinh-lite.csv
1693,/home/runner/work/neo4j-apoc-procedures/neo4j-apoc-procedures/docs/asciidoc/modules/ROOT/examples/generated-documentation/apoc.math.tanh-lite.csv
1694,/home/runner/work/neo4j-apoc-procedures/neo4j-apoc-procedures/docs/asciidoc/modules/ROOT/examples/generated-documentation/apoc.schema.relationship.indexExists-lite.csv
1695,/home/runner/work/neo4j-apoc-procedures/neo4j-apoc-procedures/docs/asciidoc/modules/ROOT/examples/generated-documentation/apoc.trigger.toNode-lite.csv
1696,/home/runner/work/neo4j-apoc-procedures/neo4j-apoc-procedures/docs/asciidoc/modules/ROOT/examples/generated-documentation/apoc.math.sigmoid-lite.csv
1697,/home/runner/work/neo4j-apoc-procedures/neo4j-apoc-procedures/docs/asciidoc/modules/ROOT/examples/generated-documentation/apoc.math.sech-lite.csv
1698,/home/runner/work/neo4j-apoc-procedures/neo4j-apoc-procedures/docs/asciidoc/modules/ROOT/pages/overview/apoc.load/apoc.load.arrow.adoc
1699,/home/runner/work/neo4j-apoc-procedures/neo4j-apoc-procedures/docs/asciidoc/modules/ROOT/pages/overview/apoc.load/apoc.load.arrow.stream.adoc
1700,/home/runner/work/neo4j-apoc-procedures/neo4j-apoc-procedures/docs/asciidoc/modules/ROOT/examples/generated-documentation/apoc.trigger.toRelationship-lite.csv
1701,/home/runner/work/neo4j-apoc-procedures/neo4j-apoc-procedures/docs/asciidoc/modules/ROOT/pages/overview/apoc.export/apoc.export.arrow.all.adoc
1702,/home/runner/work/neo4j-apoc-procedures/neo4j-apoc-procedures/docs/asciidoc/modules/ROOT/examples/generated-documentation/apoc.load.arrow.stream-lite.csv
1703,/home/runner/work/neo4j-apoc-procedures/neo4j-apoc-procedures/docs/asciidoc/modules/ROOT/examples/generated-documentation/apoc.load.htmlPlainText-lite.csv
1704,/home/runner/work/neo4j-apoc-procedures/neo4j-apoc-procedures/docs/asciidoc/modules/ROOT/examples/generated-documentation/apoc.merge.nodeWithStats.eager-lite.csv
1705,/home/runner/work/neo4j-apoc-procedures/neo4j-apoc-procedures/docs/asciidoc/modules/ROOT/examples/generated-documentation/apoc.create.uuidHexToBase64-lite.csv
1706,/home/runner/work/neo4j-apoc-procedures/neo4j-apoc-procedures/docs/asciidoc/modules/ROOT/examples/generated-documentation/apoc.math.cosh-lite.csv
1707,/home/runner/work/neo4j-apoc-procedures/neo4j-apoc-procedures/docs/asciidoc/modules/ROOT/examples/generated-documentation/apoc.math.coth-lite.csv
1708,/home/runner/work/neo4j-apoc-procedures/neo4j-apoc-procedures/docs/asciidoc/modules/ROOT/examples/generated-documentation/apoc.math.csch-lite.csv
1709,/home/runner/work/neo4j-apoc-procedures/neo4j-apoc-procedures/docs/asciidoc/modules/ROOT/examples/generated-documentation/apoc.merge.relationshipWithStats.eager-lite.csv
1710,/home/runner/work/neo4j-apoc-procedures/neo4j-apoc-procedures/docs/asciidoc/modules/ROOT/examples/generated-documentation/apoc.systemdb.export.metadata-lite.csv
1711,/home/runner/work/neo4j-apoc-procedures/neo4j-apoc-procedures/docs/asciidoc/modules/ROOT/examples/generated-documentation/apoc.any.isDeleted-lite.csv
1712,/home/runner/work/neo4j-apoc-procedures/neo4j-apoc-procedures/docs/asciidoc/modules/ROOT/examples/generated-documentation/apoc.create.uuidBase64-lite.csv
1713,/home/runner/work/neo4j-apoc-procedures/neo4j-apoc-procedures/docs/asciidoc/modules/ROOT/examples/generated-documentation/apoc.create.uuidBase64ToHex-lite.csv
1714,/home/runner/work/neo4j-apoc-procedures/neo4j-apoc-procedures/docs/asciidoc/modules/ROOT/pages/overview/apoc.export/apoc.export.arrow.graph.adoc
1718,/home/runner/work/neo4j-apoc-procedures/neo4j-apoc-procedures/docs/asciidoc/modules/ROOT/pages/overview/apoc.export/apoc.export.arrow.stream.query.adoc
1719,/home/runner/work/neo4j-apoc-procedures/neo4j-apoc-procedures/docs/asciidoc/modules/ROOT/pages/overview/apoc.export/apoc.export.arrow.stream.graph.adoc
1720,/home/runner/work/neo4j-apoc-procedures/neo4j-apoc-procedures/docs/asciidoc/modules/ROOT/pages/overview/apoc.algo/apoc.algo.aStarWithPoint.adoc
1721,/home/runner/work/neo4j-apoc-procedures/neo4j-apoc-procedures/docs/asciidoc/modules/ROOT/pages/overview/apoc.export/apoc.export.arrow.query.adoc
