,file_name
17,/home/runner/work/neo4j-apoc-procedures/neo4j-apoc-procedures/core/target/b63d7f53-9a22-451c-9898-65178488e216/logs/debug.log
698,/home/runner/work/neo4j-apoc-procedures/neo4j-apoc-procedures/full/hadoop/hdfs/data/data1/current/BP-1680131552-10.1.0.57-1686781487835/current/VERSION
699,/home/runner/work/neo4j-apoc-procedures/neo4j-apoc-procedures/full/hadoop/hdfs/data/data2/current/BP-1680131552-10.1.0.57-1686781487835/current/VERSION
708,/home/runner/work/neo4j-apoc-procedures/neo4j-apoc-procedures/full/hadoop/hdfs/data/data1/current/BP-747482766-10.1.0.57-1686781522448/current/VERSION
709,/home/runner/work/neo4j-apoc-procedures/neo4j-apoc-procedures/full/hadoop/hdfs/data/data2/current/BP-747482766-10.1.0.57-1686781522448/current/VERSION
804,/home/runner/work/neo4j-apoc-procedures/neo4j-apoc-procedures/full/build/kotlin/compileKotlin/caches-jvm/jvm/kotlin/source-to-classes.tab
