,file_name
15,/home/runner/work/neo4j-apoc-procedures/neo4j-apoc-procedures/core/target/0438605f-2e49-4612-8959-4dc8bd893788/logs/debug.log
544,/home/runner/work/neo4j-apoc-procedures/neo4j-apoc-procedures/full/hadoop/hdfs/data/data2/current/BP-2020123705-10.1.0.45-1682373539393/current/VERSION
726,/home/runner/work/neo4j-apoc-procedures/neo4j-apoc-procedures/full/hadoop/hdfs/data/data1/current/BP-535148662-10.1.0.45-1682373466944/current/VERSION
728,/home/runner/work/neo4j-apoc-procedures/neo4j-apoc-procedures/full/build/kotlin/compileKotlin/caches-jvm/jvm/kotlin/source-to-classes.tab
