,file_name
0,/home/runner/work/neo4j-apoc-procedures/neo4j-apoc-procedures/.gradle/6.1.1/javaCompile/classAnalysis.bin
2,/home/runner/work/neo4j-apoc-procedures/neo4j-apoc-procedures/.gradle/6.1.1/fileHashes/fileHashes.lock
3,/home/runner/work/neo4j-apoc-procedures/neo4j-apoc-procedures/.gradle/6.1.1/fileHashes/fileHashes.bin
4,/home/runner/work/neo4j-apoc-procedures/neo4j-apoc-procedures/.gradle/checksums/checksums.lock
5,/home/runner/work/neo4j-apoc-procedures/neo4j-apoc-procedures/.gradle/checksums/sha1-checksums.bin
6,/home/runner/work/neo4j-apoc-procedures/neo4j-apoc-procedures/.gradle/checksums/md5-checksums.bin
7,/home/runner/work/neo4j-apoc-procedures/neo4j-apoc-procedures/.gradle/buildOutputCleanup/buildOutputCleanup.lock
8,/home/runner/work/neo4j-apoc-procedures/neo4j-apoc-procedures/full/derbyDB/log/log1.dat
9,/home/runner/work/neo4j-apoc-procedures/neo4j-apoc-procedures/.gradle/6.1.1/executionHistory/executionHistory.lock
12,/home/runner/work/neo4j-apoc-procedures/neo4j-apoc-procedures/.gradle/6.1.1/executionHistory/executionHistory.bin
14,/home/runner/work/neo4j-apoc-procedures/neo4j-apoc-procedures/full/derbyDB/db.lck
18,/home/runner/work/neo4j-apoc-procedures/neo4j-apoc-procedures/full/derbyDB/seg0/c20.dat
20,/home/runner/work/neo4j-apoc-procedures/neo4j-apoc-procedures/full/derbyDB/seg0/c90.dat
21,/home/runner/work/neo4j-apoc-procedures/neo4j-apoc-procedures/full/derbyDB/seg0/ca1.dat
22,/home/runner/work/neo4j-apoc-procedures/neo4j-apoc-procedures/full/derbyDB/seg0/c60.dat
23,/home/runner/work/neo4j-apoc-procedures/neo4j-apoc-procedures/full/derbyDB/seg0/c51.dat
25,/home/runner/work/neo4j-apoc-procedures/neo4j-apoc-procedures/full/derbyDB/seg0/c41.dat
26,/home/runner/work/neo4j-apoc-procedures/neo4j-apoc-procedures/full/derbyDB/seg0/c31.dat
29,/home/runner/work/neo4j-apoc-procedures/neo4j-apoc-procedures/.gradle/6.1.1/javaCompile/taskHistory.bin
30,/home/runner/work/neo4j-apoc-procedures/neo4j-apoc-procedures/core/src/test/resources/csv-inputs/nodesMultiTypes.csv
31,/home/runner/work/neo4j-apoc-procedures/neo4j-apoc-procedures/core/src/test/resources/csv-inputs/custom-ids-idspaces-companies.csv
32,/home/runner/work/neo4j-apoc-procedures/neo4j-apoc-procedures/core/src/test/resources/csv-inputs/ignore-nodes.csv
33,/home/runner/work/neo4j-apoc-procedures/neo4j-apoc-procedures/core/src/test/resources/csv-inputs/persons.csv
34,/home/runner/work/neo4j-apoc-procedures/neo4j-apoc-procedures/core/src/test/resources/csv-inputs/custom-ids-idspaces-affiliated-with.csv
35,/home/runner/work/neo4j-apoc-procedures/neo4j-apoc-procedures/core/src/test/resources/csv-inputs/rel-on-ids-idspaces.csv
36,/home/runner/work/neo4j-apoc-procedures/neo4j-apoc-procedures/core/src/test/resources/csv-inputs/emptyArray.csv
37,/home/runner/work/neo4j-apoc-procedures/neo4j-apoc-procedures/core/src/test/resources/csv-inputs/custom-ids-basic-companies.csv
38,/home/runner/work/neo4j-apoc-procedures/neo4j-apoc-procedures/core/src/test/resources/csv-inputs/rel-type.csv
39,/home/runner/work/neo4j-apoc-procedures/neo4j-apoc-procedures/core/src/test/resources/csv-inputs/ignore-relationships.csv
40,/home/runner/work/neo4j-apoc-procedures/neo4j-apoc-procedures/core/src/test/resources/csv-inputs/rel-on-ids.csv
41,/home/runner/work/neo4j-apoc-procedures/neo4j-apoc-procedures/core/src/test/resources/csv-inputs/knows.csv
42,/home/runner/work/neo4j-apoc-procedures/neo4j-apoc-procedures/core/src/test/resources/csv-inputs/emptyDate.csv
43,/home/runner/work/neo4j-apoc-procedures/neo4j-apoc-procedures/core/src/test/resources/csv-inputs/quoted.csv
44,/home/runner/work/neo4j-apoc-procedures/neo4j-apoc-procedures/core/src/test/resources/csv-inputs/csvPoint.csv
45,/home/runner/work/neo4j-apoc-procedures/neo4j-apoc-procedures/core/src/test/resources/csv-inputs/id-idspaces-with-dash.csv
46,/home/runner/work/neo4j-apoc-procedures/neo4j-apoc-procedures/core/src/test/resources/csv-inputs/array.csv
47,/home/runner/work/neo4j-apoc-procedures/neo4j-apoc-procedures/core/src/test/resources/csv-inputs/id.csv
48,/home/runner/work/neo4j-apoc-procedures/neo4j-apoc-procedures/core/src/test/resources/csv-inputs/id-idspaces.csv
49,/home/runner/work/neo4j-apoc-procedures/neo4j-apoc-procedures/core/src/test/resources/csv-inputs/custom-ids-idspaces-unis.csv
50,/home/runner/work/neo4j-apoc-procedures/neo4j-apoc-procedures/core/src/test/resources/csv-inputs/emptyInteger.csv
51,/home/runner/work/neo4j-apoc-procedures/neo4j-apoc-procedures/core/src/test/resources/csv-inputs/relMultiTypes.csv
52,/home/runner/work/neo4j-apoc-procedures/neo4j-apoc-procedures/core/src/test/resources/csv-inputs/typeless.csv
53,/home/runner/work/neo4j-apoc-procedures/neo4j-apoc-procedures/core/src/test/resources/csv-inputs/label.csv
54,/home/runner/work/neo4j-apoc-procedures/neo4j-apoc-procedures/core/src/test/resources/csv-inputs/custom-ids-basic-unis.csv
55,/home/runner/work/neo4j-apoc-procedures/neo4j-apoc-procedures/core/src/test/resources/csv-inputs/custom-ids-basic-persons.csv
56,/home/runner/work/neo4j-apoc-procedures/neo4j-apoc-procedures/core/src/test/resources/csv-inputs/id-with-duplicates.csv
57,/home/runner/work/neo4j-apoc-procedures/neo4j-apoc-procedures/core/src/test/resources/csv-inputs/custom-ids-basic-affiliated-with.csv
58,/home/runner/work/neo4j-apoc-procedures/neo4j-apoc-procedures/core/src/test/resources/csv-inputs/custom-ids-idspaces-persons.csv
59,/home/runner/work/neo4j-apoc-procedures/neo4j-apoc-procedures/full/derbyDB/seg0/c71.dat
60,/home/runner/work/neo4j-apoc-procedures/neo4j-apoc-procedures/full/derbyDB/seg0/c81.dat
61,/home/runner/work/neo4j-apoc-procedures/neo4j-apoc-procedures/full/derbyDB/seg0/cb1.dat
62,/home/runner/work/neo4j-apoc-procedures/neo4j-apoc-procedures/full/derbyDB/log/log.ctrl
65,/home/runner/work/neo4j-apoc-procedures/neo4j-apoc-procedures/core/target/0438605f-2e49-4612-8959-4dc8bd893788/data/transactions/system/neostore.transaction.db.0
75,/home/runner/work/neo4j-apoc-procedures/neo4j-apoc-procedures/.gradle/6.1.1/fileContent/fileContent.lock
87,/home/runner/work/neo4j-apoc-procedures/neo4j-apoc-procedures/.gradle/6.1.1/javaCompile/jarAnalysis.bin
126,/home/runner/work/neo4j-apoc-procedures/neo4j-apoc-procedures/full/hadoop/hdfs/data/data1/current/VERSION
142,/home/runner/work/neo4j-apoc-procedures/neo4j-apoc-procedures/core/target/import/all.nodes.cypher
143,/home/runner/work/neo4j-apoc-procedures/neo4j-apoc-procedures/core/target/import/all.relationships.cypher
144,/home/runner/work/neo4j-apoc-procedures/neo4j-apoc-procedures/core/target/import/all.cleanup.cypher
173,/home/runner/work/neo4j-apoc-procedures/neo4j-apoc-procedures/.gradle/6.1.1/fileContent/annotation-processors.bin
183,/home/runner/work/neo4j-apoc-procedures/neo4j-apoc-procedures/core/target/import/graph.cleanup.cypher
184,/home/runner/work/neo4j-apoc-procedures/neo4j-apoc-procedures/core/target/import/graph.relationships.cypher
186,/home/runner/work/neo4j-apoc-procedures/neo4j-apoc-procedures/core/target/import/graph.schema.cypher
193,/home/runner/work/neo4j-apoc-procedures/neo4j-apoc-procedures/full/derbyDB/seg0/c1b1.dat
205,/home/runner/work/neo4j-apoc-procedures/neo4j-apoc-procedures/full/derbyDB/seg0/ce1.dat
214,/home/runner/work/neo4j-apoc-procedures/neo4j-apoc-procedures/full/hadoop/hdfs/data/data2/current/VERSION
216,/home/runner/work/neo4j-apoc-procedures/neo4j-apoc-procedures/full/derbyDB/seg0/c5d0.dat
220,/home/runner/work/neo4j-apoc-procedures/neo4j-apoc-procedures/core/target/0438605f-2e49-4612-8959-4dc8bd893788/data/databases/neo4j/neostore.labelscanstore.db
221,/home/runner/work/neo4j-apoc-procedures/neo4j-apoc-procedures/core/target/0438605f-2e49-4612-8959-4dc8bd893788/data/databases/neo4j/neostore.relationshiptypescanstore.db
249,/home/runner/work/neo4j-apoc-procedures/neo4j-apoc-procedures/full/derbyDB/seg0/c230.dat
252,/home/runner/work/neo4j-apoc-procedures/neo4j-apoc-procedures/full/derbyDB/seg0/c5f0.dat
258,/home/runner/work/neo4j-apoc-procedures/neo4j-apoc-procedures/full/derbyDB/seg0/c3f1.dat
259,/home/runner/work/neo4j-apoc-procedures/neo4j-apoc-procedures/full/derbyDB/seg0/c300.dat
260,/home/runner/work/neo4j-apoc-procedures/neo4j-apoc-procedures/full/derbyDB/seg0/c3e1.dat
261,/home/runner/work/neo4j-apoc-procedures/neo4j-apoc-procedures/full/derbyDB/seg0/c451.dat
262,/home/runner/work/neo4j-apoc-procedures/neo4j-apoc-procedures/full/derbyDB/seg0/c311.dat
263,/home/runner/work/neo4j-apoc-procedures/neo4j-apoc-procedures/full/derbyDB/seg0/c321.dat
264,/home/runner/work/neo4j-apoc-procedures/neo4j-apoc-procedures/full/derbyDB/seg0/c421.dat
265,/home/runner/work/neo4j-apoc-procedures/neo4j-apoc-procedures/full/derbyDB/seg0/c441.dat
268,/home/runner/work/neo4j-apoc-procedures/neo4j-apoc-procedures/full/derbyDB/seg0/c141.dat
272,/home/runner/work/neo4j-apoc-procedures/neo4j-apoc-procedures/full/hadoop/hdfs/data/data1/current/BP-2020123705-10.1.0.45-1682373539393/current/VERSION
273,/home/runner/work/neo4j-apoc-procedures/neo4j-apoc-procedures/full/derbyDB/seg0/c461.dat
289,/home/runner/work/neo4j-apoc-procedures/neo4j-apoc-procedures/full/derbyDB/seg0/c3d1.dat
292,/home/runner/work/neo4j-apoc-procedures/neo4j-apoc-procedures/full/derbyDB/seg0/c3c0.dat
293,/home/runner/work/neo4j-apoc-procedures/neo4j-apoc-procedures/full/derbyDB/seg0/c3b1.dat
294,/home/runner/work/neo4j-apoc-procedures/neo4j-apoc-procedures/full/derbyDB/seg0/c391.dat
297,/home/runner/work/neo4j-apoc-procedures/neo4j-apoc-procedures/full/derbyDB/seg0/c380.dat
300,/home/runner/work/neo4j-apoc-procedures/neo4j-apoc-procedures/core/target/0438605f-2e49-4612-8959-4dc8bd893788/data/transactions/neo4j/neostore.transaction.db.0
302,/home/runner/work/neo4j-apoc-procedures/neo4j-apoc-procedures/full/derbyDB/seg0/c130.dat
303,/home/runner/work/neo4j-apoc-procedures/neo4j-apoc-procedures/full/derbyDB/seg0/c281.dat
304,/home/runner/work/neo4j-apoc-procedures/neo4j-apoc-procedures/full/derbyDB/seg0/c1e0.dat
305,/home/runner/work/neo4j-apoc-procedures/neo4j-apoc-procedures/full/derbyDB/seg0/c101.dat
306,/home/runner/work/neo4j-apoc-procedures/neo4j-apoc-procedures/full/derbyDB/seg0/c260.dat
307,/home/runner/work/neo4j-apoc-procedures/neo4j-apoc-procedures/full/derbyDB/seg0/c241.dat
308,/home/runner/work/neo4j-apoc-procedures/neo4j-apoc-procedures/full/derbyDB/seg0/c111.dat
309,/home/runner/work/neo4j-apoc-procedures/neo4j-apoc-procedures/full/derbyDB/seg0/c1c0.dat
310,/home/runner/work/neo4j-apoc-procedures/neo4j-apoc-procedures/full/derbyDB/seg0/c251.dat
311,/home/runner/work/neo4j-apoc-procedures/neo4j-apoc-procedures/full/derbyDB/seg0/c211.dat
312,/home/runner/work/neo4j-apoc-procedures/neo4j-apoc-procedures/full/derbyDB/seg0/c2f0.dat
313,/home/runner/work/neo4j-apoc-procedures/neo4j-apoc-procedures/full/derbyDB/seg0/c200.dat
314,/home/runner/work/neo4j-apoc-procedures/neo4j-apoc-procedures/full/derbyDB/seg0/c2a1.dat
315,/home/runner/work/neo4j-apoc-procedures/neo4j-apoc-procedures/full/derbyDB/seg0/c1f1.dat
316,/home/runner/work/neo4j-apoc-procedures/neo4j-apoc-procedures/full/derbyDB/seg0/c271.dat
317,/home/runner/work/neo4j-apoc-procedures/neo4j-apoc-procedures/full/derbyDB/seg0/c1d1.dat
318,/home/runner/work/neo4j-apoc-procedures/neo4j-apoc-procedures/full/derbyDB/seg0/c161.dat
321,/home/runner/work/neo4j-apoc-procedures/neo4j-apoc-procedures/full/derbyDB/seg0/c3a1.dat
324,/home/runner/work/neo4j-apoc-procedures/neo4j-apoc-procedures/full/derbyDB/seg0/c331.dat
325,/home/runner/work/neo4j-apoc-procedures/neo4j-apoc-procedures/full/derbyDB/seg0/c340.dat
343,/home/runner/work/neo4j-apoc-procedures/neo4j-apoc-procedures/full/derbyDB/seg0/c351.dat
349,/home/runner/work/neo4j-apoc-procedures/neo4j-apoc-procedures/full/derbyDB/seg0/c371.dat
354,/home/runner/work/neo4j-apoc-procedures/neo4j-apoc-procedures/full/derbyDB/seg0/c361.dat
384,/home/runner/work/neo4j-apoc-procedures/neo4j-apoc-procedures/full/derbyDB/seg0/c1a1.dat
461,/home/runner/work/neo4j-apoc-procedures/neo4j-apoc-procedures/full/derbyDB/seg0/c2b1.dat
466,/home/runner/work/neo4j-apoc-procedures/neo4j-apoc-procedures/full/derbyDB/seg0/c221.dat
485,/home/runner/work/neo4j-apoc-procedures/neo4j-apoc-procedures/full/derbyDB/seg0/c470.dat
488,/home/runner/work/neo4j-apoc-procedures/neo4j-apoc-procedures/full/derbyDB/seg0/c481.dat
530,/home/runner/work/neo4j-apoc-procedures/neo4j-apoc-procedures/full/derbyDB/seg0/c411.dat
543,/home/runner/work/neo4j-apoc-procedures/neo4j-apoc-procedures/full/derbyDB/seg0/c400.dat
545,/home/runner/work/neo4j-apoc-procedures/neo4j-apoc-procedures/full/derbyDB/seg0/c430.dat
556,/home/runner/work/neo4j-apoc-procedures/neo4j-apoc-procedures/full/build/kotlin/compileTestKotlin/caches-jvm/jvm/kotlin/constants.tab.keystream
565,/home/runner/work/neo4j-apoc-procedures/neo4j-apoc-procedures/full/build/kotlin/compileKotlin/caches-jvm/jvm/kotlin/internal-name-to-source.tab.keystream
567,/home/runner/work/neo4j-apoc-procedures/neo4j-apoc-procedures/full/build/kotlin/compileTestKotlin/caches-jvm/jvm/kotlin/proto.tab.keystream
577,/home/runner/work/neo4j-apoc-procedures/neo4j-apoc-procedures/full/build/kotlin/compileTestKotlin/caches-jvm/jvm/kotlin/internal-name-to-source.tab.keystream
579,/home/runner/work/neo4j-apoc-procedures/neo4j-apoc-procedures/full/build/kotlin/compileKotlin/caches-jvm/jvm/kotlin/subtypes.tab.keystream
584,/home/runner/work/neo4j-apoc-procedures/neo4j-apoc-procedures/full/build/kotlin/compileKotlin/caches-jvm/jvm/kotlin/constants.tab_i
586,/home/runner/work/neo4j-apoc-procedures/neo4j-apoc-procedures/full/build/kotlin/compileKotlin/caches-jvm/inputs/source-to-output.tab.keystream
600,/home/runner/work/neo4j-apoc-procedures/neo4j-apoc-procedures/full/build/kotlin/compileTestKotlin/caches-jvm/jvm/kotlin/class-attributes.tab
604,/home/runner/work/neo4j-apoc-procedures/neo4j-apoc-procedures/full/build/kotlin/compileKotlin/caches-jvm/jvm/kotlin/class-attributes.tab.keystream
605,/home/runner/work/neo4j-apoc-procedures/neo4j-apoc-procedures/full/build/kotlin/compileTestKotlin/caches-jvm/jvm/kotlin/class-attributes.tab_i
606,/home/runner/work/neo4j-apoc-procedures/neo4j-apoc-procedures/full/build/kotlin/compileTestKotlin/caches-jvm/jvm/kotlin/proto.tab
611,/home/runner/work/neo4j-apoc-procedures/neo4j-apoc-procedures/full/build/kotlin/compileTestKotlin/caches-jvm/jvm/kotlin/internal-name-to-source.tab_i
614,/home/runner/work/neo4j-apoc-procedures/neo4j-apoc-procedures/full/build/kotlin/compileTestKotlin/caches-jvm/jvm/kotlin/internal-name-to-source.tab
615,/home/runner/work/neo4j-apoc-procedures/neo4j-apoc-procedures/full/build/kotlin/compileTestKotlin/caches-jvm/jvm/kotlin/class-fq-name-to-source.tab.keystream
616,/home/runner/work/neo4j-apoc-procedures/neo4j-apoc-procedures/full/build/kotlin/compileTestKotlin/caches-jvm/jvm/kotlin/supertypes.tab.keystream
617,/home/runner/work/neo4j-apoc-procedures/neo4j-apoc-procedures/full/build/kotlin/compileTestKotlin/caches-jvm/jvm/kotlin/class-fq-name-to-source.tab
618,/home/runner/work/neo4j-apoc-procedures/neo4j-apoc-procedures/full/build/kotlin/compileTestKotlin/caches-jvm/jvm/kotlin/class-fq-name-to-source.tab_i
619,/home/runner/work/neo4j-apoc-procedures/neo4j-apoc-procedures/full/build/kotlin/compileTestKotlin/caches-jvm/jvm/kotlin/subtypes.tab.keystream
620,/home/runner/work/neo4j-apoc-procedures/neo4j-apoc-procedures/full/build/kotlin/compileTestKotlin/caches-jvm/jvm/kotlin/supertypes.tab_i
621,/home/runner/work/neo4j-apoc-procedures/neo4j-apoc-procedures/full/build/kotlin/compileTestKotlin/caches-jvm/jvm/kotlin/supertypes.tab
622,/home/runner/work/neo4j-apoc-procedures/neo4j-apoc-procedures/full/build/kotlin/compileTestKotlin/caches-jvm/jvm/kotlin/subtypes.tab
624,/home/runner/work/neo4j-apoc-procedures/neo4j-apoc-procedures/full/build/kotlin/compileKotlin/caches-jvm/jvm/kotlin/class-attributes.tab_i
625,/home/runner/work/neo4j-apoc-procedures/neo4j-apoc-procedures/full/build/kotlin/compileKotlin/caches-jvm/jvm/kotlin/proto.tab
626,/home/runner/work/neo4j-apoc-procedures/neo4j-apoc-procedures/full/build/kotlin/compileKotlin/caches-jvm/jvm/kotlin/proto.tab_i
627,/home/runner/work/neo4j-apoc-procedures/neo4j-apoc-procedures/full/build/kotlin/compileKotlin/caches-jvm/jvm/kotlin/subtypes.tab
628,/home/runner/work/neo4j-apoc-procedures/neo4j-apoc-procedures/full/build/kotlin/compileKotlin/caches-jvm/jvm/kotlin/supertypes.tab
629,/home/runner/work/neo4j-apoc-procedures/neo4j-apoc-procedures/full/build/kotlin/compileKotlin/caches-jvm/jvm/kotlin/supertypes.tab_i
630,/home/runner/work/neo4j-apoc-procedures/neo4j-apoc-procedures/full/build/kotlin/compileKotlin/caches-jvm/jvm/kotlin/constants.tab
631,/home/runner/work/neo4j-apoc-procedures/neo4j-apoc-procedures/full/build/kotlin/compileKotlin/caches-jvm/jvm/kotlin/class-attributes.tab
632,/home/runner/work/neo4j-apoc-procedures/neo4j-apoc-procedures/full/build/kotlin/compileKotlin/caches-jvm/jvm/kotlin/class-fq-name-to-source.tab_i
633,/home/runner/work/neo4j-apoc-procedures/neo4j-apoc-procedures/full/build/kotlin/compileTestKotlin/caches-jvm/jvm/kotlin/source-to-classes.tab
634,/home/runner/work/neo4j-apoc-procedures/neo4j-apoc-procedures/full/build/kotlin/compileTestKotlin/caches-jvm/inputs/source-to-output.tab_i
636,/home/runner/work/neo4j-apoc-procedures/neo4j-apoc-procedures/full/build/kotlin/compileTestKotlin/caches-jvm/inputs/source-to-output.tab
637,/home/runner/work/neo4j-apoc-procedures/neo4j-apoc-procedures/full/build/kotlin/compileKotlin/caches-jvm/inputs/source-to-output.tab
638,/home/runner/work/neo4j-apoc-procedures/neo4j-apoc-procedures/full/build/kotlin/compileKotlin/caches-jvm/inputs/source-to-output.tab_i
639,/home/runner/work/neo4j-apoc-procedures/neo4j-apoc-procedures/full/build/kotlin/compileKotlin/caches-jvm/jvm/kotlin/internal-name-to-source.tab
640,/home/runner/work/neo4j-apoc-procedures/neo4j-apoc-procedures/full/build/kotlin/compileKotlin/caches-jvm/jvm/kotlin/internal-name-to-source.tab_i
641,/home/runner/work/neo4j-apoc-procedures/neo4j-apoc-procedures/full/build/kotlin/compileKotlin/caches-jvm/jvm/kotlin/class-fq-name-to-source.tab
650,/home/runner/work/neo4j-apoc-procedures/neo4j-apoc-procedures/full/build/kotlin/compileTestKotlin/caches-jvm/jvm/kotlin/class-attributes.tab.keystream
651,/home/runner/work/neo4j-apoc-procedures/neo4j-apoc-procedures/full/build/kotlin/compileTestKotlin/caches-jvm/jvm/kotlin/constants.tab
652,/home/runner/work/neo4j-apoc-procedures/neo4j-apoc-procedures/full/build/kotlin/compileTestKotlin/caches-jvm/jvm/kotlin/constants.tab_i
653,/home/runner/work/neo4j-apoc-procedures/neo4j-apoc-procedures/full/build/kotlin/compileKotlin/caches-jvm/jvm/kotlin/supertypes.tab.keystream
655,/home/runner/work/neo4j-apoc-procedures/neo4j-apoc-procedures/full/build/kotlin/compileTestKotlin/caches-jvm/jvm/kotlin/source-to-classes.tab_i
656,/home/runner/work/neo4j-apoc-procedures/neo4j-apoc-procedures/full/build/kotlin/compileKotlin/caches-jvm/jvm/kotlin/class-fq-name-to-source.tab.keystream
658,/home/runner/work/neo4j-apoc-procedures/neo4j-apoc-procedures/full/build/kotlin/compileKotlin/caches-jvm/jvm/kotlin/source-to-classes.tab_i
659,/home/runner/work/neo4j-apoc-procedures/neo4j-apoc-procedures/full/build/kotlin/compileKotlin/caches-jvm/jvm/kotlin/source-to-classes.tab.keystream
661,/home/runner/work/neo4j-apoc-procedures/neo4j-apoc-procedures/full/build/kotlin/compileTestKotlin/caches-jvm/jvm/kotlin/source-to-classes.tab.keystream
663,/home/runner/work/neo4j-apoc-procedures/neo4j-apoc-procedures/full/build/kotlin/compileKotlin/caches-jvm/jvm/kotlin/proto.tab.keystream
666,/home/runner/work/neo4j-apoc-procedures/neo4j-apoc-procedures/full/build/kotlin/compileKotlin/caches-jvm/jvm/kotlin/constants.tab.keystream
667,/home/runner/work/neo4j-apoc-procedures/neo4j-apoc-procedures/full/build/kotlin/compileTestKotlin/caches-jvm/inputs/source-to-output.tab.keystream
687,/home/runner/work/neo4j-apoc-procedures/neo4j-apoc-procedures/full/build/kotlin/compileTestKotlin/caches-jvm/jvm/kotlin/proto.tab_i
688,/home/runner/work/neo4j-apoc-procedures/neo4j-apoc-procedures/full/build/kotlin/compileTestKotlin/caches-jvm/jvm/kotlin/subtypes.tab_i
693,/home/runner/work/neo4j-apoc-procedures/neo4j-apoc-procedures/full/build/kotlin/compileKotlin/caches-jvm/jvm/kotlin/subtypes.tab_i
