,file_name
0,/home/runner/work/neo4j-apoc-procedures/neo4j-apoc-procedures/.gradle/6.1.1/javaCompile/classAnalysis.bin
1,/home/runner/work/neo4j-apoc-procedures/neo4j-apoc-procedures/.gradle/6.1.1/javaCompile/javaCompile.lock
2,/home/runner/work/neo4j-apoc-procedures/neo4j-apoc-procedures/.gradle/6.1.1/fileHashes/fileHashes.lock
3,/home/runner/work/neo4j-apoc-procedures/neo4j-apoc-procedures/.gradle/6.1.1/fileHashes/fileHashes.bin
4,/home/runner/work/neo4j-apoc-procedures/neo4j-apoc-procedures/.gradle/checksums/checksums.lock
5,/home/runner/work/neo4j-apoc-procedures/neo4j-apoc-procedures/.gradle/checksums/sha1-checksums.bin
6,/home/runner/work/neo4j-apoc-procedures/neo4j-apoc-procedures/.gradle/checksums/md5-checksums.bin
7,/home/runner/work/neo4j-apoc-procedures/neo4j-apoc-procedures/.gradle/buildOutputCleanup/buildOutputCleanup.lock
8,/home/runner/work/neo4j-apoc-procedures/neo4j-apoc-procedures/full/derbyDB/log/log1.dat
9,/home/runner/work/neo4j-apoc-procedures/neo4j-apoc-procedures/.gradle/6.1.1/executionHistory/executionHistory.lock
10,/home/runner/work/neo4j-apoc-procedures/neo4j-apoc-procedures/full/derby.log
12,/home/runner/work/neo4j-apoc-procedures/neo4j-apoc-procedures/.gradle/6.1.1/executionHistory/executionHistory.bin
14,/home/runner/work/neo4j-apoc-procedures/neo4j-apoc-procedures/full/derbyDB/db.lck
15,/home/runner/work/neo4j-apoc-procedures/neo4j-apoc-procedures/core/target/0438605f-2e49-4612-8959-4dc8bd893788/logs/debug.log
18,/home/runner/work/neo4j-apoc-procedures/neo4j-apoc-procedures/full/derbyDB/seg0/c20.dat
20,/home/runner/work/neo4j-apoc-procedures/neo4j-apoc-procedures/full/derbyDB/seg0/c90.dat
21,/home/runner/work/neo4j-apoc-procedures/neo4j-apoc-procedures/full/derbyDB/seg0/ca1.dat
22,/home/runner/work/neo4j-apoc-procedures/neo4j-apoc-procedures/full/derbyDB/seg0/c60.dat
23,/home/runner/work/neo4j-apoc-procedures/neo4j-apoc-procedures/full/derbyDB/seg0/c51.dat
25,/home/runner/work/neo4j-apoc-procedures/neo4j-apoc-procedures/full/derbyDB/seg0/c41.dat
26,/home/runner/work/neo4j-apoc-procedures/neo4j-apoc-procedures/full/derbyDB/seg0/c31.dat
27,/home/runner/work/neo4j-apoc-procedures/neo4j-apoc-procedures/full/hadoop/hdfs/name-0-2/current/fsimage_0000000000000000000.md5.tmp
28,/home/runner/work/neo4j-apoc-procedures/neo4j-apoc-procedures/full/derbyDB/dbex.lck
29,/home/runner/work/neo4j-apoc-procedures/neo4j-apoc-procedures/.gradle/6.1.1/javaCompile/taskHistory.bin
30,/home/runner/work/neo4j-apoc-procedures/neo4j-apoc-procedures/core/src/test/resources/csv-inputs/nodesMultiTypes.csv
31,/home/runner/work/neo4j-apoc-procedures/neo4j-apoc-procedures/core/src/test/resources/csv-inputs/custom-ids-idspaces-companies.csv
32,/home/runner/work/neo4j-apoc-procedures/neo4j-apoc-procedures/core/src/test/resources/csv-inputs/ignore-nodes.csv
33,/home/runner/work/neo4j-apoc-procedures/neo4j-apoc-procedures/core/src/test/resources/csv-inputs/persons.csv
34,/home/runner/work/neo4j-apoc-procedures/neo4j-apoc-procedures/core/src/test/resources/csv-inputs/custom-ids-idspaces-affiliated-with.csv
35,/home/runner/work/neo4j-apoc-procedures/neo4j-apoc-procedures/core/src/test/resources/csv-inputs/rel-on-ids-idspaces.csv
36,/home/runner/work/neo4j-apoc-procedures/neo4j-apoc-procedures/core/src/test/resources/csv-inputs/emptyArray.csv
37,/home/runner/work/neo4j-apoc-procedures/neo4j-apoc-procedures/core/src/test/resources/csv-inputs/custom-ids-basic-companies.csv
38,/home/runner/work/neo4j-apoc-procedures/neo4j-apoc-procedures/core/src/test/resources/csv-inputs/rel-type.csv
39,/home/runner/work/neo4j-apoc-procedures/neo4j-apoc-procedures/core/src/test/resources/csv-inputs/ignore-relationships.csv
40,/home/runner/work/neo4j-apoc-procedures/neo4j-apoc-procedures/core/src/test/resources/csv-inputs/rel-on-ids.csv
41,/home/runner/work/neo4j-apoc-procedures/neo4j-apoc-procedures/core/src/test/resources/csv-inputs/knows.csv
42,/home/runner/work/neo4j-apoc-procedures/neo4j-apoc-procedures/core/src/test/resources/csv-inputs/emptyDate.csv
43,/home/runner/work/neo4j-apoc-procedures/neo4j-apoc-procedures/core/src/test/resources/csv-inputs/quoted.csv
44,/home/runner/work/neo4j-apoc-procedures/neo4j-apoc-procedures/core/src/test/resources/csv-inputs/csvPoint.csv
45,/home/runner/work/neo4j-apoc-procedures/neo4j-apoc-procedures/core/src/test/resources/csv-inputs/id-idspaces-with-dash.csv
46,/home/runner/work/neo4j-apoc-procedures/neo4j-apoc-procedures/core/src/test/resources/csv-inputs/array.csv
47,/home/runner/work/neo4j-apoc-procedures/neo4j-apoc-procedures/core/src/test/resources/csv-inputs/id.csv
48,/home/runner/work/neo4j-apoc-procedures/neo4j-apoc-procedures/core/src/test/resources/csv-inputs/id-idspaces.csv
49,/home/runner/work/neo4j-apoc-procedures/neo4j-apoc-procedures/core/src/test/resources/csv-inputs/custom-ids-idspaces-unis.csv
50,/home/runner/work/neo4j-apoc-procedures/neo4j-apoc-procedures/core/src/test/resources/csv-inputs/emptyInteger.csv
51,/home/runner/work/neo4j-apoc-procedures/neo4j-apoc-procedures/core/src/test/resources/csv-inputs/relMultiTypes.csv
52,/home/runner/work/neo4j-apoc-procedures/neo4j-apoc-procedures/core/src/test/resources/csv-inputs/typeless.csv
53,/home/runner/work/neo4j-apoc-procedures/neo4j-apoc-procedures/core/src/test/resources/csv-inputs/label.csv
54,/home/runner/work/neo4j-apoc-procedures/neo4j-apoc-procedures/core/src/test/resources/csv-inputs/custom-ids-basic-unis.csv
55,/home/runner/work/neo4j-apoc-procedures/neo4j-apoc-procedures/core/src/test/resources/csv-inputs/custom-ids-basic-persons.csv
56,/home/runner/work/neo4j-apoc-procedures/neo4j-apoc-procedures/core/src/test/resources/csv-inputs/id-with-duplicates.csv
57,/home/runner/work/neo4j-apoc-procedures/neo4j-apoc-procedures/core/src/test/resources/csv-inputs/custom-ids-basic-affiliated-with.csv
58,/home/runner/work/neo4j-apoc-procedures/neo4j-apoc-procedures/core/src/test/resources/csv-inputs/custom-ids-idspaces-persons.csv
59,/home/runner/work/neo4j-apoc-procedures/neo4j-apoc-procedures/full/derbyDB/seg0/c71.dat
60,/home/runner/work/neo4j-apoc-procedures/neo4j-apoc-procedures/full/derbyDB/seg0/c81.dat
61,/home/runner/work/neo4j-apoc-procedures/neo4j-apoc-procedures/full/derbyDB/seg0/cb1.dat
62,/home/runner/work/neo4j-apoc-procedures/neo4j-apoc-procedures/full/derbyDB/log/log.ctrl
63,/home/runner/work/neo4j-apoc-procedures/neo4j-apoc-procedures/full/derbyDB/log/logmirror.ctrl
65,/home/runner/work/neo4j-apoc-procedures/neo4j-apoc-procedures/core/target/0438605f-2e49-4612-8959-4dc8bd893788/data/transactions/system/neostore.transaction.db.0
68,/home/runner/work/neo4j-apoc-procedures/neo4j-apoc-procedures/docs/asciidoc/modules/ROOT/examples/generated-documentation/documentation.csv
70,/home/runner/work/neo4j-apoc-procedures/neo4j-apoc-procedures/full/hadoop/hdfs/name-0-1/current/fsimage_0000000000000000000.md5.tmp
73,/home/runner/work/neo4j-apoc-procedures/neo4j-apoc-procedures/docs/asciidoc/modules/ROOT/partials/generated-documentation/documentation.adoc
75,/home/runner/work/neo4j-apoc-procedures/neo4j-apoc-procedures/.gradle/6.1.1/fileContent/fileContent.lock
78,/home/runner/work/neo4j-apoc-procedures/neo4j-apoc-procedures/full/hadoop/hdfs/name-0-2/current/edits_inprogress_0000000000000000001
79,/home/runner/work/neo4j-apoc-procedures/neo4j-apoc-procedures/full/hadoop/hdfs/name-0-1/current/edits_inprogress_0000000000000000001
87,/home/runner/work/neo4j-apoc-procedures/neo4j-apoc-procedures/.gradle/6.1.1/javaCompile/jarAnalysis.bin
99,/home/runner/work/neo4j-apoc-procedures/neo4j-apoc-procedures/full/hadoop/hdfs/name-0-1/current/fsimage.ckpt_0000000000000000000
100,/home/runner/work/neo4j-apoc-procedures/neo4j-apoc-procedures/full/hadoop/hdfs/name-0-2/current/fsimage.ckpt_0000000000000000000
126,/home/runner/work/neo4j-apoc-procedures/neo4j-apoc-procedures/full/hadoop/hdfs/data/data1/current/VERSION
135,/home/runner/work/neo4j-apoc-procedures/neo4j-apoc-procedures/.gradle/6.1.1/fileChanges/last-build.bin
142,/home/runner/work/neo4j-apoc-procedures/neo4j-apoc-procedures/core/target/import/all.nodes.cypher
143,/home/runner/work/neo4j-apoc-procedures/neo4j-apoc-procedures/core/target/import/all.relationships.cypher
144,/home/runner/work/neo4j-apoc-procedures/neo4j-apoc-procedures/core/target/import/all.cleanup.cypher
166,/home/runner/work/neo4j-apoc-procedures/neo4j-apoc-procedures/docs/asciidoc/modules/ROOT/partials/generated-documentation/nav.adoc
172,/home/runner/work/neo4j-apoc-procedures/neo4j-apoc-procedures/full/hadoop/hdfs/name-0-1/current/seen_txid.tmp
173,/home/runner/work/neo4j-apoc-procedures/neo4j-apoc-procedures/.gradle/6.1.1/fileContent/annotation-processors.bin
178,/home/runner/work/neo4j-apoc-procedures/neo4j-apoc-procedures/full/hadoop/hdfs/name-0-2/current/seen_txid.tmp
183,/home/runner/work/neo4j-apoc-procedures/neo4j-apoc-procedures/core/target/import/graph.cleanup.cypher
184,/home/runner/work/neo4j-apoc-procedures/neo4j-apoc-procedures/core/target/import/graph.relationships.cypher
186,/home/runner/work/neo4j-apoc-procedures/neo4j-apoc-procedures/core/target/import/graph.schema.cypher
193,/home/runner/work/neo4j-apoc-procedures/neo4j-apoc-procedures/full/derbyDB/seg0/c1b1.dat
205,/home/runner/work/neo4j-apoc-procedures/neo4j-apoc-procedures/full/derbyDB/seg0/ce1.dat
210,/home/runner/work/neo4j-apoc-procedures/neo4j-apoc-procedures/core/target/0438605f-2e49-4612-8959-4dc8bd893788/data/databases/neo4j/neostore.schemastore.db.id
211,/home/runner/work/neo4j-apoc-procedures/neo4j-apoc-procedures/core/target/0438605f-2e49-4612-8959-4dc8bd893788/data/databases/system/neostore.nodestore.db.id
212,/home/runner/work/neo4j-apoc-procedures/neo4j-apoc-procedures/core/target/0438605f-2e49-4612-8959-4dc8bd893788/data/databases/system/neostore.propertystore.db.index.id
213,/home/runner/work/neo4j-apoc-procedures/neo4j-apoc-procedures/core/target/0438605f-2e49-4612-8959-4dc8bd893788/data/databases/neo4j/neostore.relationshipgroupstore.db.id
214,/home/runner/work/neo4j-apoc-procedures/neo4j-apoc-procedures/full/hadoop/hdfs/data/data2/current/VERSION
215,/home/runner/work/neo4j-apoc-procedures/neo4j-apoc-procedures/core/target/0438605f-2e49-4612-8959-4dc8bd893788/data/databases/system/neostore.propertystore.db.id
216,/home/runner/work/neo4j-apoc-procedures/neo4j-apoc-procedures/full/derbyDB/seg0/c5d0.dat
217,/home/runner/work/neo4j-apoc-procedures/neo4j-apoc-procedures/core/target/0438605f-2e49-4612-8959-4dc8bd893788/data/databases/system/neostore.propertystore.db.arrays.id
218,/home/runner/work/neo4j-apoc-procedures/neo4j-apoc-procedures/core/target/0438605f-2e49-4612-8959-4dc8bd893788/data/databases/system/neostore.propertystore.db.strings.id
219,/home/runner/work/neo4j-apoc-procedures/neo4j-apoc-procedures/core/target/0438605f-2e49-4612-8959-4dc8bd893788/data/databases/neo4j/neostore.labeltokenstore.db.names.id
220,/home/runner/work/neo4j-apoc-procedures/neo4j-apoc-procedures/core/target/0438605f-2e49-4612-8959-4dc8bd893788/data/databases/neo4j/neostore.labelscanstore.db
221,/home/runner/work/neo4j-apoc-procedures/neo4j-apoc-procedures/core/target/0438605f-2e49-4612-8959-4dc8bd893788/data/databases/neo4j/neostore.relationshiptypescanstore.db
222,/home/runner/work/neo4j-apoc-procedures/neo4j-apoc-procedures/core/target/0438605f-2e49-4612-8959-4dc8bd893788/data/databases/system/neostore.propertystore.db.index.keys.id
223,/home/runner/work/neo4j-apoc-procedures/neo4j-apoc-procedures/core/target/0438605f-2e49-4612-8959-4dc8bd893788/data/databases/neo4j/neostore.labeltokenstore.db.id
224,/home/runner/work/neo4j-apoc-procedures/neo4j-apoc-procedures/core/target/0438605f-2e49-4612-8959-4dc8bd893788/data/databases/system/neostore.relationshipstore.db.id
225,/home/runner/work/neo4j-apoc-procedures/neo4j-apoc-procedures/core/target/0438605f-2e49-4612-8959-4dc8bd893788/data/databases/neo4j/neostore.propertystore.db.id
226,/home/runner/work/neo4j-apoc-procedures/neo4j-apoc-procedures/core/target/0438605f-2e49-4612-8959-4dc8bd893788/data/databases/neo4j/neostore.nodestore.db.labels.id
227,/home/runner/work/neo4j-apoc-procedures/neo4j-apoc-procedures/core/target/0438605f-2e49-4612-8959-4dc8bd893788/data/databases/neo4j/neostore.nodestore.db.id
228,/home/runner/work/neo4j-apoc-procedures/neo4j-apoc-procedures/core/target/0438605f-2e49-4612-8959-4dc8bd893788/data/databases/system/neostore.relationshipgroupstore.db.id
229,/home/runner/work/neo4j-apoc-procedures/neo4j-apoc-procedures/core/target/0438605f-2e49-4612-8959-4dc8bd893788/data/databases/system/neostore.schemastore.db.id
230,/home/runner/work/neo4j-apoc-procedures/neo4j-apoc-procedures/core/target/0438605f-2e49-4612-8959-4dc8bd893788/data/databases/system/neostore.nodestore.db.labels.id
231,/home/runner/work/neo4j-apoc-procedures/neo4j-apoc-procedures/core/target/0438605f-2e49-4612-8959-4dc8bd893788/data/databases/neo4j/neostore.propertystore.db.index.keys.id
232,/home/runner/work/neo4j-apoc-procedures/neo4j-apoc-procedures/core/target/0438605f-2e49-4612-8959-4dc8bd893788/data/databases/system/neostore.labeltokenstore.db.id
233,/home/runner/work/neo4j-apoc-procedures/neo4j-apoc-procedures/core/target/0438605f-2e49-4612-8959-4dc8bd893788/data/databases/neo4j/neostore.propertystore.db.index.id
234,/home/runner/work/neo4j-apoc-procedures/neo4j-apoc-procedures/core/target/0438605f-2e49-4612-8959-4dc8bd893788/data/databases/system/neostore.labeltokenstore.db.names.id
235,/home/runner/work/neo4j-apoc-procedures/neo4j-apoc-procedures/core/target/0438605f-2e49-4612-8959-4dc8bd893788/data/databases/neo4j/neostore.propertystore.db.strings.id
236,/home/runner/work/neo4j-apoc-procedures/neo4j-apoc-procedures/core/target/0438605f-2e49-4612-8959-4dc8bd893788/data/databases/neo4j/neostore.propertystore.db.arrays.id
237,/home/runner/work/neo4j-apoc-procedures/neo4j-apoc-procedures/core/target/0438605f-2e49-4612-8959-4dc8bd893788/data/databases/system/neostore.relationshiptypestore.db.id
238,/home/runner/work/neo4j-apoc-procedures/neo4j-apoc-procedures/core/target/0438605f-2e49-4612-8959-4dc8bd893788/data/databases/neo4j/neostore.relationshipstore.db.id
240,/home/runner/work/neo4j-apoc-procedures/neo4j-apoc-procedures/core/target/0438605f-2e49-4612-8959-4dc8bd893788/data/databases/system/neostore.relationshiptypestore.db.names.id
241,/home/runner/work/neo4j-apoc-procedures/neo4j-apoc-procedures/core/target/0438605f-2e49-4612-8959-4dc8bd893788/data/databases/neo4j/neostore.relationshiptypestore.db.id
242,/home/runner/work/neo4j-apoc-procedures/neo4j-apoc-procedures/core/target/0438605f-2e49-4612-8959-4dc8bd893788/data/databases/neo4j/neostore.relationshiptypestore.db.names.id
249,/home/runner/work/neo4j-apoc-procedures/neo4j-apoc-procedures/full/derbyDB/seg0/c230.dat
252,/home/runner/work/neo4j-apoc-procedures/neo4j-apoc-procedures/full/derbyDB/seg0/c5f0.dat
258,/home/runner/work/neo4j-apoc-procedures/neo4j-apoc-procedures/full/derbyDB/seg0/c3f1.dat
259,/home/runner/work/neo4j-apoc-procedures/neo4j-apoc-procedures/full/derbyDB/seg0/c300.dat
260,/home/runner/work/neo4j-apoc-procedures/neo4j-apoc-procedures/full/derbyDB/seg0/c3e1.dat
261,/home/runner/work/neo4j-apoc-procedures/neo4j-apoc-procedures/full/derbyDB/seg0/c451.dat
262,/home/runner/work/neo4j-apoc-procedures/neo4j-apoc-procedures/full/derbyDB/seg0/c311.dat
263,/home/runner/work/neo4j-apoc-procedures/neo4j-apoc-procedures/full/derbyDB/seg0/c321.dat
264,/home/runner/work/neo4j-apoc-procedures/neo4j-apoc-procedures/full/derbyDB/seg0/c421.dat
265,/home/runner/work/neo4j-apoc-procedures/neo4j-apoc-procedures/full/derbyDB/seg0/c441.dat
268,/home/runner/work/neo4j-apoc-procedures/neo4j-apoc-procedures/full/derbyDB/seg0/c141.dat
272,/home/runner/work/neo4j-apoc-procedures/neo4j-apoc-procedures/full/hadoop/hdfs/data/data1/current/BP-2020123705-10.1.0.45-1682373539393/current/VERSION
273,/home/runner/work/neo4j-apoc-procedures/neo4j-apoc-procedures/full/derbyDB/seg0/c461.dat
289,/home/runner/work/neo4j-apoc-procedures/neo4j-apoc-procedures/full/derbyDB/seg0/c3d1.dat
292,/home/runner/work/neo4j-apoc-procedures/neo4j-apoc-procedures/full/derbyDB/seg0/c3c0.dat
293,/home/runner/work/neo4j-apoc-procedures/neo4j-apoc-procedures/full/derbyDB/seg0/c3b1.dat
294,/home/runner/work/neo4j-apoc-procedures/neo4j-apoc-procedures/full/derbyDB/seg0/c391.dat
297,/home/runner/work/neo4j-apoc-procedures/neo4j-apoc-procedures/full/derbyDB/seg0/c380.dat
300,/home/runner/work/neo4j-apoc-procedures/neo4j-apoc-procedures/core/target/0438605f-2e49-4612-8959-4dc8bd893788/data/transactions/neo4j/neostore.transaction.db.0
302,/home/runner/work/neo4j-apoc-procedures/neo4j-apoc-procedures/full/derbyDB/seg0/c130.dat
303,/home/runner/work/neo4j-apoc-procedures/neo4j-apoc-procedures/full/derbyDB/seg0/c281.dat
304,/home/runner/work/neo4j-apoc-procedures/neo4j-apoc-procedures/full/derbyDB/seg0/c1e0.dat
305,/home/runner/work/neo4j-apoc-procedures/neo4j-apoc-procedures/full/derbyDB/seg0/c101.dat
306,/home/runner/work/neo4j-apoc-procedures/neo4j-apoc-procedures/full/derbyDB/seg0/c260.dat
307,/home/runner/work/neo4j-apoc-procedures/neo4j-apoc-procedures/full/derbyDB/seg0/c241.dat
308,/home/runner/work/neo4j-apoc-procedures/neo4j-apoc-procedures/full/derbyDB/seg0/c111.dat
309,/home/runner/work/neo4j-apoc-procedures/neo4j-apoc-procedures/full/derbyDB/seg0/c1c0.dat
310,/home/runner/work/neo4j-apoc-procedures/neo4j-apoc-procedures/full/derbyDB/seg0/c251.dat
311,/home/runner/work/neo4j-apoc-procedures/neo4j-apoc-procedures/full/derbyDB/seg0/c211.dat
312,/home/runner/work/neo4j-apoc-procedures/neo4j-apoc-procedures/full/derbyDB/seg0/c2f0.dat
313,/home/runner/work/neo4j-apoc-procedures/neo4j-apoc-procedures/full/derbyDB/seg0/c200.dat
314,/home/runner/work/neo4j-apoc-procedures/neo4j-apoc-procedures/full/derbyDB/seg0/c2a1.dat
315,/home/runner/work/neo4j-apoc-procedures/neo4j-apoc-procedures/full/derbyDB/seg0/c1f1.dat
316,/home/runner/work/neo4j-apoc-procedures/neo4j-apoc-procedures/full/derbyDB/seg0/c271.dat
317,/home/runner/work/neo4j-apoc-procedures/neo4j-apoc-procedures/full/derbyDB/seg0/c1d1.dat
318,/home/runner/work/neo4j-apoc-procedures/neo4j-apoc-procedures/full/derbyDB/seg0/c161.dat
319,/home/runner/work/neo4j-apoc-procedures/neo4j-apoc-procedures/docs/asciidoc/modules/ROOT/examples/generated-documentation/apoc.trigger-lite.csv
320,/home/runner/work/neo4j-apoc-procedures/neo4j-apoc-procedures/docs/asciidoc/modules/ROOT/examples/generated-documentation/apoc.ttl.config.adoc
321,/home/runner/work/neo4j-apoc-procedures/neo4j-apoc-procedures/full/derbyDB/seg0/c3a1.dat
322,/home/runner/work/neo4j-apoc-procedures/neo4j-apoc-procedures/docs/asciidoc/modules/ROOT/examples/generated-documentation/apoc.trigger.add.adoc
323,/home/runner/work/neo4j-apoc-procedures/neo4j-apoc-procedures/docs/asciidoc/modules/ROOT/examples/generated-documentation/apoc.trigger.csv
324,/home/runner/work/neo4j-apoc-procedures/neo4j-apoc-procedures/full/derbyDB/seg0/c331.dat
325,/home/runner/work/neo4j-apoc-procedures/neo4j-apoc-procedures/full/derbyDB/seg0/c340.dat
338,/home/runner/work/neo4j-apoc-procedures/neo4j-apoc-procedures/docs/asciidoc/modules/ROOT/pages/overview/apoc.any/index.adoc
339,/home/runner/work/neo4j-apoc-procedures/neo4j-apoc-procedures/docs/asciidoc/modules/ROOT/pages/overview/apoc.algo/index.adoc
340,/home/runner/work/neo4j-apoc-procedures/neo4j-apoc-procedures/docs/asciidoc/modules/ROOT/pages/overview/apoc.algo/apoc.algo.aStarConfig.adoc
343,/home/runner/work/neo4j-apoc-procedures/neo4j-apoc-procedures/full/derbyDB/seg0/c351.dat
345,/home/runner/work/neo4j-apoc-procedures/neo4j-apoc-procedures/core/target/0438605f-2e49-4612-8959-4dc8bd893788/data/databases/neo4j/neostore.counts.db
347,/home/runner/work/neo4j-apoc-procedures/neo4j-apoc-procedures/core/target/0438605f-2e49-4612-8959-4dc8bd893788/data/databases/neo4j/neostore.relationshipgroupstore.degrees.db
348,/home/runner/work/neo4j-apoc-procedures/neo4j-apoc-procedures/core/target/0438605f-2e49-4612-8959-4dc8bd893788/data/databases/neo4j/neostore.indexstats.db
349,/home/runner/work/neo4j-apoc-procedures/neo4j-apoc-procedures/full/derbyDB/seg0/c371.dat
354,/home/runner/work/neo4j-apoc-procedures/neo4j-apoc-procedures/full/derbyDB/seg0/c361.dat
362,/home/runner/work/neo4j-apoc-procedures/neo4j-apoc-procedures/full/build/kotlin/compileTestKotlin/last-build.bin
363,/home/runner/work/neo4j-apoc-procedures/neo4j-apoc-procedures/core/target/0438605f-2e49-4612-8959-4dc8bd893788/data/databases/system/neostore.relationshipgroupstore.degrees.db
364,/home/runner/work/neo4j-apoc-procedures/neo4j-apoc-procedures/core/target/0438605f-2e49-4612-8959-4dc8bd893788/data/databases/system/neostore.counts.db
365,/home/runner/work/neo4j-apoc-procedures/neo4j-apoc-procedures/docs/asciidoc/modules/ROOT/examples/generated-documentation/apoc.nodes.link.adoc
366,/home/runner/work/neo4j-apoc-procedures/neo4j-apoc-procedures/docs/asciidoc/modules/ROOT/examples/generated-documentation/apoc.nodes.cycles.adoc
369,/home/runner/work/neo4j-apoc-procedures/neo4j-apoc-procedures/core/target/0438605f-2e49-4612-8959-4dc8bd893788/data/databases/system/neostore.indexstats.db
370,/home/runner/work/neo4j-apoc-procedures/neo4j-apoc-procedures/docs/asciidoc/modules/ROOT/examples/generated-documentation/apoc.schema.relationships-lite.csv
371,/home/runner/work/neo4j-apoc-procedures/neo4j-apoc-procedures/docs/asciidoc/modules/ROOT/examples/generated-documentation/apoc.schema.node.indexExists.adoc
372,/home/runner/work/neo4j-apoc-procedures/neo4j-apoc-procedures/docs/asciidoc/modules/ROOT/examples/generated-documentation/apoc.schema.relationship-lite.csv
373,/home/runner/work/neo4j-apoc-procedures/neo4j-apoc-procedures/docs/asciidoc/modules/ROOT/examples/generated-documentation/apoc.schema.relationship.constraintExists.adoc
374,/home/runner/work/neo4j-apoc-procedures/neo4j-apoc-procedures/docs/asciidoc/modules/ROOT/examples/generated-documentation/apoc.schema.relationship.csv
375,/home/runner/work/neo4j-apoc-procedures/neo4j-apoc-procedures/docs/asciidoc/modules/ROOT/examples/generated-documentation/apoc.schema.node.constraintExists.adoc
376,/home/runner/work/neo4j-apoc-procedures/neo4j-apoc-procedures/docs/asciidoc/modules/ROOT/examples/generated-documentation/apoc.schema-lite.csv
377,/home/runner/work/neo4j-apoc-procedures/neo4j-apoc-procedures/docs/asciidoc/modules/ROOT/pages/overview/apoc.nodes/apoc.nodes.group.adoc
378,/home/runner/work/neo4j-apoc-procedures/neo4j-apoc-procedures/docs/asciidoc/modules/ROOT/pages/overview/apoc.schema/apoc.schema.relationships.adoc
379,/home/runner/work/neo4j-apoc-procedures/neo4j-apoc-procedures/full/hadoop/hdfs/data/data1/current/BP-2020123705-10.1.0.45-1682373539393/scanner.cursor.tmp
380,/home/runner/work/neo4j-apoc-procedures/neo4j-apoc-procedures/full/hadoop/hdfs/data/data2/current/BP-2020123705-10.1.0.45-1682373539393/scanner.cursor.tmp
381,/home/runner/work/neo4j-apoc-procedures/neo4j-apoc-procedures/docs/asciidoc/modules/ROOT/pages/overview/apoc.util/apoc.util.sha256.adoc
384,/home/runner/work/neo4j-apoc-procedures/neo4j-apoc-procedures/full/derbyDB/seg0/c1a1.dat
386,/home/runner/work/neo4j-apoc-procedures/neo4j-apoc-procedures/docs/asciidoc/modules/ROOT/pages/overview/apoc.trigger/index.adoc
387,/home/runner/work/neo4j-apoc-procedures/neo4j-apoc-procedures/docs/asciidoc/modules/ROOT/pages/overview/apoc.systemdb/apoc.systemdb.export.metadata.adoc
388,/home/runner/work/neo4j-apoc-procedures/neo4j-apoc-procedures/docs/asciidoc/modules/ROOT/pages/overview/apoc.create/index.adoc
389,/home/runner/work/neo4j-apoc-procedures/neo4j-apoc-procedures/docs/asciidoc/modules/ROOT/pages/overview/apoc.cypher/apoc.cypher.mapParallel.adoc
390,/home/runner/work/neo4j-apoc-procedures/neo4j-apoc-procedures/docs/asciidoc/modules/ROOT/pages/overview/apoc.cypher/apoc.cypher.mapParallel2.adoc
391,/home/runner/work/neo4j-apoc-procedures/neo4j-apoc-procedures/docs/asciidoc/modules/ROOT/pages/overview/apoc.cypher/apoc.cypher.parallel.adoc
392,/home/runner/work/neo4j-apoc-procedures/neo4j-apoc-procedures/docs/asciidoc/modules/ROOT/pages/overview/apoc.cypher/apoc.cypher.parallel2.adoc
393,/home/runner/work/neo4j-apoc-procedures/neo4j-apoc-procedures/docs/asciidoc/modules/ROOT/pages/overview/apoc.create/apoc.create.clonePathToVirtual.adoc
394,/home/runner/work/neo4j-apoc-procedures/neo4j-apoc-procedures/docs/asciidoc/modules/ROOT/pages/overview/apoc.create/apoc.create.clonePathsToVirtual.adoc
395,/home/runner/work/neo4j-apoc-procedures/neo4j-apoc-procedures/docs/asciidoc/modules/ROOT/pages/overview/apoc.convert/apoc.convert.fromJsonMap.adoc
396,/home/runner/work/neo4j-apoc-procedures/neo4j-apoc-procedures/docs/asciidoc/modules/ROOT/pages/overview/apoc.convert/apoc.convert.getJsonProperty.adoc
397,/home/runner/work/neo4j-apoc-procedures/neo4j-apoc-procedures/docs/asciidoc/modules/ROOT/pages/overview/apoc.convert/apoc.convert.getJsonPropertyMap.adoc
398,/home/runner/work/neo4j-apoc-procedures/neo4j-apoc-procedures/docs/asciidoc/modules/ROOT/pages/overview/apoc.math/apoc.math.coth.adoc
399,/home/runner/work/neo4j-apoc-procedures/neo4j-apoc-procedures/docs/asciidoc/modules/ROOT/pages/overview/apoc.math/apoc.math.csch.adoc
400,/home/runner/work/neo4j-apoc-procedures/neo4j-apoc-procedures/docs/asciidoc/modules/ROOT/pages/overview/apoc.math/apoc.math.round.adoc
401,/home/runner/work/neo4j-apoc-procedures/neo4j-apoc-procedures/docs/asciidoc/modules/ROOT/pages/overview/apoc.math/apoc.math.sech.adoc
402,/home/runner/work/neo4j-apoc-procedures/neo4j-apoc-procedures/docs/asciidoc/modules/ROOT/pages/overview/apoc.math/apoc.math.sigmoid.adoc
403,/home/runner/work/neo4j-apoc-procedures/neo4j-apoc-procedures/docs/asciidoc/modules/ROOT/pages/overview/apoc.math/apoc.math.sigmoidPrime.adoc
404,/home/runner/work/neo4j-apoc-procedures/neo4j-apoc-procedures/docs/asciidoc/modules/ROOT/pages/overview/apoc.math/apoc.math.sinh.adoc
405,/home/runner/work/neo4j-apoc-procedures/neo4j-apoc-procedures/docs/asciidoc/modules/ROOT/pages/overview/apoc.math/apoc.math.tanh.adoc
406,/home/runner/work/neo4j-apoc-procedures/neo4j-apoc-procedures/docs/asciidoc/modules/ROOT/pages/overview/apoc.math/index.adoc
407,/home/runner/work/neo4j-apoc-procedures/neo4j-apoc-procedures/docs/asciidoc/modules/ROOT/pages/overview/apoc.load/index.adoc
408,/home/runner/work/neo4j-apoc-procedures/neo4j-apoc-procedures/docs/asciidoc/modules/ROOT/pages/overview/apoc.export/apoc.export.xls.data.adoc
409,/home/runner/work/neo4j-apoc-procedures/neo4j-apoc-procedures/docs/asciidoc/modules/ROOT/pages/overview/apoc.export/apoc.export.graphml.graph.adoc
410,/home/runner/work/neo4j-apoc-procedures/neo4j-apoc-procedures/docs/asciidoc/modules/ROOT/pages/overview/apoc.export/apoc.export.graphml.query.adoc
411,/home/runner/work/neo4j-apoc-procedures/neo4j-apoc-procedures/docs/asciidoc/modules/ROOT/pages/overview/apoc.export/apoc.export.json.all.adoc
412,/home/runner/work/neo4j-apoc-procedures/neo4j-apoc-procedures/docs/asciidoc/modules/ROOT/pages/overview/apoc.export/apoc.export.json.data.adoc
413,/home/runner/work/neo4j-apoc-procedures/neo4j-apoc-procedures/docs/asciidoc/modules/ROOT/pages/overview/apoc.export/apoc.export.json.graph.adoc
414,/home/runner/work/neo4j-apoc-procedures/neo4j-apoc-procedures/docs/asciidoc/modules/ROOT/pages/overview/apoc.export/apoc.export.json.query.adoc
415,/home/runner/work/neo4j-apoc-procedures/neo4j-apoc-procedures/docs/asciidoc/modules/ROOT/pages/overview/apoc.export/apoc.export.xls.all.adoc
416,/home/runner/work/neo4j-apoc-procedures/neo4j-apoc-procedures/docs/asciidoc/modules/ROOT/pages/overview/apoc.export/apoc.export.xls.graph.adoc
417,/home/runner/work/neo4j-apoc-procedures/neo4j-apoc-procedures/docs/asciidoc/modules/ROOT/pages/overview/apoc.export/apoc.export.xls.query.adoc
419,/home/runner/work/neo4j-apoc-procedures/neo4j-apoc-procedures/docs/asciidoc/modules/ROOT/pages/overview/apoc.export/index.adoc
420,/home/runner/work/neo4j-apoc-procedures/neo4j-apoc-procedures/docs/asciidoc/modules/ROOT/pages/overview/apoc.export/apoc.export.graphml.data.adoc
421,/home/runner/work/neo4j-apoc-procedures/neo4j-apoc-procedures/docs/asciidoc/modules/ROOT/pages/overview/apoc.export/apoc.export.graphml.all.adoc
422,/home/runner/work/neo4j-apoc-procedures/neo4j-apoc-procedures/docs/asciidoc/modules/ROOT/pages/overview/apoc.export/apoc.export.cypherQuery.adoc
423,/home/runner/work/neo4j-apoc-procedures/neo4j-apoc-procedures/docs/asciidoc/modules/ROOT/pages/overview/apoc.export/apoc.export.cypherGraph.adoc
424,/home/runner/work/neo4j-apoc-procedures/neo4j-apoc-procedures/docs/asciidoc/modules/ROOT/pages/overview/apoc.export/apoc.export.csv.data.adoc
425,/home/runner/work/neo4j-apoc-procedures/neo4j-apoc-procedures/docs/asciidoc/modules/ROOT/pages/overview/apoc.export/apoc.export.csv.graph.adoc
426,/home/runner/work/neo4j-apoc-procedures/neo4j-apoc-procedures/docs/asciidoc/modules/ROOT/pages/overview/apoc.export/apoc.export.csv.query.adoc
427,/home/runner/work/neo4j-apoc-procedures/neo4j-apoc-procedures/docs/asciidoc/modules/ROOT/pages/overview/apoc.export/apoc.export.cypher.all.adoc
428,/home/runner/work/neo4j-apoc-procedures/neo4j-apoc-procedures/docs/asciidoc/modules/ROOT/pages/overview/apoc.export/apoc.export.cypher.data.adoc
429,/home/runner/work/neo4j-apoc-procedures/neo4j-apoc-procedures/docs/asciidoc/modules/ROOT/pages/overview/apoc.export/apoc.export.cypher.graph.adoc
430,/home/runner/work/neo4j-apoc-procedures/neo4j-apoc-procedures/docs/asciidoc/modules/ROOT/pages/overview/apoc.export/apoc.export.cypher.query.adoc
431,/home/runner/work/neo4j-apoc-procedures/neo4j-apoc-procedures/docs/asciidoc/modules/ROOT/pages/overview/apoc.export/apoc.export.cypher.schema.adoc
432,/home/runner/work/neo4j-apoc-procedures/neo4j-apoc-procedures/docs/asciidoc/modules/ROOT/pages/overview/apoc.export/apoc.export.cypherAll.adoc
433,/home/runner/work/neo4j-apoc-procedures/neo4j-apoc-procedures/docs/asciidoc/modules/ROOT/pages/overview/apoc.export/apoc.export.cypherData.adoc
434,/home/runner/work/neo4j-apoc-procedures/neo4j-apoc-procedures/docs/asciidoc/modules/ROOT/pages/overview/apoc.graph/apoc.graph.fromDocument.adoc
435,/home/runner/work/neo4j-apoc-procedures/neo4j-apoc-procedures/docs/asciidoc/modules/ROOT/pages/overview/apoc.graph/apoc.graph.fromPath.adoc
436,/home/runner/work/neo4j-apoc-procedures/neo4j-apoc-procedures/docs/asciidoc/modules/ROOT/pages/overview/apoc.graph/apoc.graph.fromPaths.adoc
437,/home/runner/work/neo4j-apoc-procedures/neo4j-apoc-procedures/docs/asciidoc/modules/ROOT/pages/overview/apoc.graph/apoc.graph.validateDocument.adoc
438,/home/runner/work/neo4j-apoc-procedures/neo4j-apoc-procedures/docs/asciidoc/modules/ROOT/pages/overview/apoc.import/apoc.import.graphml.adoc
439,/home/runner/work/neo4j-apoc-procedures/neo4j-apoc-procedures/docs/asciidoc/modules/ROOT/pages/overview/apoc.import/apoc.import.json.adoc
441,/home/runner/work/neo4j-apoc-procedures/neo4j-apoc-procedures/docs/asciidoc/modules/ROOT/examples/generated-documentation/apoc.convert.toJson.adoc
442,/home/runner/work/neo4j-apoc-procedures/neo4j-apoc-procedures/docs/asciidoc/modules/ROOT/examples/generated-documentation/apoc.graph.csv
443,/home/runner/work/neo4j-apoc-procedures/neo4j-apoc-procedures/docs/asciidoc/modules/ROOT/examples/generated-documentation/apoc.merge.relationshipWithStats-lite.csv
444,/home/runner/work/neo4j-apoc-procedures/neo4j-apoc-procedures/docs/asciidoc/modules/ROOT/examples/generated-documentation/apoc.merge.nodeWithStats-lite.csv
445,/home/runner/work/neo4j-apoc-procedures/neo4j-apoc-procedures/docs/asciidoc/modules/ROOT/examples/generated-documentation/apoc.convert.csv
446,/home/runner/work/neo4j-apoc-procedures/neo4j-apoc-procedures/docs/asciidoc/modules/ROOT/examples/generated-documentation/apoc.convert.fromJsonList.adoc
447,/home/runner/work/neo4j-apoc-procedures/neo4j-apoc-procedures/docs/asciidoc/modules/ROOT/examples/generated-documentation/apoc.convert.fromJsonMap.adoc
448,/home/runner/work/neo4j-apoc-procedures/neo4j-apoc-procedures/docs/asciidoc/modules/ROOT/examples/generated-documentation/apoc.convert.getJsonProperty.adoc
449,/home/runner/work/neo4j-apoc-procedures/neo4j-apoc-procedures/docs/asciidoc/modules/ROOT/examples/generated-documentation/apoc.convert.getJsonPropertyMap.adoc
451,/home/runner/work/neo4j-apoc-procedures/neo4j-apoc-procedures/docs/asciidoc/modules/ROOT/examples/generated-documentation/apoc.couchbase.prepend.adoc
452,/home/runner/work/neo4j-apoc-procedures/neo4j-apoc-procedures/docs/asciidoc/modules/ROOT/examples/generated-documentation/apoc.create-lite.csv
453,/home/runner/work/neo4j-apoc-procedures/neo4j-apoc-procedures/docs/asciidoc/modules/ROOT/examples/generated-documentation/apoc.create.clonePathToVirtual.adoc
454,/home/runner/work/neo4j-apoc-procedures/neo4j-apoc-procedures/docs/asciidoc/modules/ROOT/examples/generated-documentation/apoc.create.clonePathsToVirtual.adoc
455,/home/runner/work/neo4j-apoc-procedures/neo4j-apoc-procedures/docs/asciidoc/modules/ROOT/examples/generated-documentation/apoc.create.csv
456,/home/runner/work/neo4j-apoc-procedures/neo4j-apoc-procedures/docs/asciidoc/modules/ROOT/examples/generated-documentation/apoc.couchbase.append.adoc
458,/home/runner/work/neo4j-apoc-procedures/neo4j-apoc-procedures/docs/asciidoc/modules/ROOT/examples/generated-documentation/apoc.gephi.add-lite.csv
459,/home/runner/work/neo4j-apoc-procedures/neo4j-apoc-procedures/docs/asciidoc/modules/ROOT/examples/generated-documentation/apoc.gephi-lite.csv
461,/home/runner/work/neo4j-apoc-procedures/neo4j-apoc-procedures/full/derbyDB/seg0/c2b1.dat
462,/home/runner/work/neo4j-apoc-procedures/neo4j-apoc-procedures/docs/asciidoc/modules/ROOT/examples/generated-documentation/apoc.load.csvParams.adoc
463,/home/runner/work/neo4j-apoc-procedures/neo4j-apoc-procedures/docs/asciidoc/modules/ROOT/examples/generated-documentation/apoc.load.csv.adoc
464,/home/runner/work/neo4j-apoc-procedures/neo4j-apoc-procedures/docs/asciidoc/modules/ROOT/examples/generated-documentation/apoc.load.csv
465,/home/runner/work/neo4j-apoc-procedures/neo4j-apoc-procedures/docs/asciidoc/modules/ROOT/examples/generated-documentation/apoc.load-lite.csv
466,/home/runner/work/neo4j-apoc-procedures/neo4j-apoc-procedures/full/derbyDB/seg0/c221.dat
467,/home/runner/work/neo4j-apoc-procedures/neo4j-apoc-procedures/docs/asciidoc/modules/ROOT/examples/generated-documentation/apoc.load.jsonParams.adoc
469,/home/runner/work/neo4j-apoc-procedures/neo4j-apoc-procedures/docs/asciidoc/modules/ROOT/examples/generated-documentation/apoc.load.json.adoc
471,/home/runner/work/neo4j-apoc-procedures/neo4j-apoc-procedures/docs/asciidoc/modules/ROOT/examples/generated-documentation/apoc.load.arrow-lite.csv
472,/home/runner/work/neo4j-apoc-procedures/neo4j-apoc-procedures/docs/asciidoc/modules/ROOT/examples/generated-documentation/apoc.graph.fromPath.adoc
473,/home/runner/work/neo4j-apoc-procedures/neo4j-apoc-procedures/docs/asciidoc/modules/ROOT/examples/generated-documentation/apoc.json.path.adoc
474,/home/runner/work/neo4j-apoc-procedures/neo4j-apoc-procedures/docs/asciidoc/modules/ROOT/examples/generated-documentation/apoc.json.csv
475,/home/runner/work/neo4j-apoc-procedures/neo4j-apoc-procedures/docs/asciidoc/modules/ROOT/examples/generated-documentation/apoc.import.json.adoc
476,/home/runner/work/neo4j-apoc-procedures/neo4j-apoc-procedures/docs/asciidoc/modules/ROOT/examples/generated-documentation/apoc.import.json-lite.csv
477,/home/runner/work/neo4j-apoc-procedures/neo4j-apoc-procedures/docs/asciidoc/modules/ROOT/examples/generated-documentation/apoc.import.graphml.adoc
478,/home/runner/work/neo4j-apoc-procedures/neo4j-apoc-procedures/docs/asciidoc/modules/ROOT/examples/generated-documentation/apoc.import.graphml-lite.csv
479,/home/runner/work/neo4j-apoc-procedures/neo4j-apoc-procedures/docs/asciidoc/modules/ROOT/examples/generated-documentation/apoc.import.csv-lite.csv
480,/home/runner/work/neo4j-apoc-procedures/neo4j-apoc-procedures/docs/asciidoc/modules/ROOT/examples/generated-documentation/apoc.import.csv
481,/home/runner/work/neo4j-apoc-procedures/neo4j-apoc-procedures/docs/asciidoc/modules/ROOT/examples/generated-documentation/apoc.import-lite.csv
482,/home/runner/work/neo4j-apoc-procedures/neo4j-apoc-procedures/docs/asciidoc/modules/ROOT/examples/generated-documentation/apoc.export.graphml.all-lite.csv
483,/home/runner/work/neo4j-apoc-procedures/neo4j-apoc-procedures/docs/asciidoc/modules/ROOT/examples/generated-documentation/apoc.export.graphml-lite.csv
484,/home/runner/work/neo4j-apoc-procedures/neo4j-apoc-procedures/docs/asciidoc/modules/ROOT/examples/generated-documentation/apoc.export.cypherQuery-lite.csv
485,/home/runner/work/neo4j-apoc-procedures/neo4j-apoc-procedures/full/derbyDB/seg0/c470.dat
486,/home/runner/work/neo4j-apoc-procedures/neo4j-apoc-procedures/docs/asciidoc/modules/ROOT/examples/generated-documentation/apoc.export.cypherGraph-lite.csv
487,/home/runner/work/neo4j-apoc-procedures/neo4j-apoc-procedures/docs/asciidoc/modules/ROOT/examples/generated-documentation/apoc.export.cypher.query-lite.csv
488,/home/runner/work/neo4j-apoc-procedures/neo4j-apoc-procedures/full/derbyDB/seg0/c481.dat
489,/home/runner/work/neo4j-apoc-procedures/neo4j-apoc-procedures/docs/asciidoc/modules/ROOT/examples/generated-documentation/apoc.export.cypherData-lite.csv
490,/home/runner/work/neo4j-apoc-procedures/neo4j-apoc-procedures/docs/asciidoc/modules/ROOT/examples/generated-documentation/apoc.export.cypherAll-lite.csv
491,/home/runner/work/neo4j-apoc-procedures/neo4j-apoc-procedures/docs/asciidoc/modules/ROOT/examples/generated-documentation/apoc.export.cypher.schema-lite.csv
492,/home/runner/work/neo4j-apoc-procedures/neo4j-apoc-procedures/docs/asciidoc/modules/ROOT/examples/generated-documentation/apoc.export.graphml.data-lite.csv
493,/home/runner/work/neo4j-apoc-procedures/neo4j-apoc-procedures/docs/asciidoc/modules/ROOT/examples/generated-documentation/apoc.export.json.all-lite.csv
494,/home/runner/work/neo4j-apoc-procedures/neo4j-apoc-procedures/docs/asciidoc/modules/ROOT/examples/generated-documentation/apoc.export.json-lite.csv
495,/home/runner/work/neo4j-apoc-procedures/neo4j-apoc-procedures/docs/asciidoc/modules/ROOT/examples/generated-documentation/apoc.export.graphml.query-lite.csv
496,/home/runner/work/neo4j-apoc-procedures/neo4j-apoc-procedures/docs/asciidoc/modules/ROOT/examples/generated-documentation/apoc.export.graphml.graph-lite.csv
497,/home/runner/work/neo4j-apoc-procedures/neo4j-apoc-procedures/docs/asciidoc/modules/ROOT/examples/generated-documentation/apoc.dv.catalog.add.adoc
499,/home/runner/work/neo4j-apoc-procedures/neo4j-apoc-procedures/docs/asciidoc/modules/ROOT/examples/generated-documentation/apoc.dv.queryAndLink.adoc
500,/home/runner/work/neo4j-apoc-procedures/neo4j-apoc-procedures/docs/asciidoc/modules/ROOT/examples/generated-documentation/apoc.dv.query.adoc
501,/home/runner/work/neo4j-apoc-procedures/neo4j-apoc-procedures/docs/asciidoc/modules/ROOT/examples/generated-documentation/apoc.dv.catalog.remove.adoc
502,/home/runner/work/neo4j-apoc-procedures/neo4j-apoc-procedures/docs/asciidoc/modules/ROOT/examples/generated-documentation/apoc.example-lite.csv
503,/home/runner/work/neo4j-apoc-procedures/neo4j-apoc-procedures/docs/asciidoc/modules/ROOT/examples/generated-documentation/apoc.example.movies-lite.csv
504,/home/runner/work/neo4j-apoc-procedures/neo4j-apoc-procedures/docs/asciidoc/modules/ROOT/examples/generated-documentation/apoc.export.cypher.graph-lite.csv
505,/home/runner/work/neo4j-apoc-procedures/neo4j-apoc-procedures/docs/asciidoc/modules/ROOT/examples/generated-documentation/apoc.export.cypher.data-lite.csv
506,/home/runner/work/neo4j-apoc-procedures/neo4j-apoc-procedures/docs/asciidoc/modules/ROOT/examples/generated-documentation/apoc.export.cypher.all-lite.csv
507,/home/runner/work/neo4j-apoc-procedures/neo4j-apoc-procedures/docs/asciidoc/modules/ROOT/examples/generated-documentation/apoc.export.cypher-lite.csv
508,/home/runner/work/neo4j-apoc-procedures/neo4j-apoc-procedures/docs/asciidoc/modules/ROOT/examples/generated-documentation/apoc.export.csv.query-lite.csv
509,/home/runner/work/neo4j-apoc-procedures/neo4j-apoc-procedures/docs/asciidoc/modules/ROOT/examples/generated-documentation/apoc.export.csv.graph-lite.csv
510,/home/runner/work/neo4j-apoc-procedures/neo4j-apoc-procedures/docs/asciidoc/modules/ROOT/examples/generated-documentation/apoc.export.csv.data-lite.csv
511,/home/runner/work/neo4j-apoc-procedures/neo4j-apoc-procedures/docs/asciidoc/modules/ROOT/examples/generated-documentation/apoc.export.csv.all-lite.csv
512,/home/runner/work/neo4j-apoc-procedures/neo4j-apoc-procedures/docs/asciidoc/modules/ROOT/examples/generated-documentation/apoc.export.csv-lite.csv
513,/home/runner/work/neo4j-apoc-procedures/neo4j-apoc-procedures/docs/asciidoc/modules/ROOT/examples/generated-documentation/apoc.export-lite.csv
514,/home/runner/work/neo4j-apoc-procedures/neo4j-apoc-procedures/docs/asciidoc/modules/ROOT/examples/generated-documentation/apoc.export.xls.query-lite.csv
516,/home/runner/work/neo4j-apoc-procedures/neo4j-apoc-procedures/docs/asciidoc/modules/ROOT/examples/generated-documentation/apoc.create.uuidBase64.adoc
517,/home/runner/work/neo4j-apoc-procedures/neo4j-apoc-procedures/docs/asciidoc/modules/ROOT/examples/generated-documentation/apoc.create.uuidBase64ToHex.adoc
518,/home/runner/work/neo4j-apoc-procedures/neo4j-apoc-procedures/docs/asciidoc/modules/ROOT/examples/generated-documentation/apoc.create.uuidHexToBase64.adoc
519,/home/runner/work/neo4j-apoc-procedures/neo4j-apoc-procedures/docs/asciidoc/modules/ROOT/examples/generated-documentation/apoc.export.json.data-lite.csv
520,/home/runner/work/neo4j-apoc-procedures/neo4j-apoc-procedures/docs/asciidoc/modules/ROOT/examples/generated-documentation/apoc.cypher.runManyReadOnly.adoc
521,/home/runner/work/neo4j-apoc-procedures/neo4j-apoc-procedures/docs/asciidoc/modules/ROOT/examples/generated-documentation/apoc.export.xls.all-lite.csv
522,/home/runner/work/neo4j-apoc-procedures/neo4j-apoc-procedures/docs/asciidoc/modules/ROOT/examples/generated-documentation/apoc.export.xls-lite.csv
523,/home/runner/work/neo4j-apoc-procedures/neo4j-apoc-procedures/docs/asciidoc/modules/ROOT/examples/generated-documentation/apoc.export.json.query-lite.csv
524,/home/runner/work/neo4j-apoc-procedures/neo4j-apoc-procedures/docs/asciidoc/modules/ROOT/examples/generated-documentation/apoc.export.json.graph-lite.csv
525,/home/runner/work/neo4j-apoc-procedures/neo4j-apoc-procedures/docs/asciidoc/modules/ROOT/examples/generated-documentation/apoc.export.xls.data-lite.csv
526,/home/runner/work/neo4j-apoc-procedures/neo4j-apoc-procedures/docs/asciidoc/modules/ROOT/examples/generated-documentation/apoc.cypher.csv
527,/home/runner/work/neo4j-apoc-procedures/neo4j-apoc-procedures/docs/asciidoc/modules/ROOT/examples/generated-documentation/apoc.export.xls.graph-lite.csv
528,/home/runner/work/neo4j-apoc-procedures/neo4j-apoc-procedures/docs/asciidoc/modules/ROOT/examples/generated-documentation/apoc.cypher.parallel.adoc
529,/home/runner/work/neo4j-apoc-procedures/neo4j-apoc-procedures/docs/asciidoc/modules/ROOT/examples/generated-documentation/apoc.cypher.parallel2.adoc
530,/home/runner/work/neo4j-apoc-procedures/neo4j-apoc-procedures/full/derbyDB/seg0/c411.dat
531,/home/runner/work/neo4j-apoc-procedures/neo4j-apoc-procedures/docs/asciidoc/modules/ROOT/examples/generated-documentation/apoc.algo.csv
532,/home/runner/work/neo4j-apoc-procedures/neo4j-apoc-procedures/docs/asciidoc/modules/ROOT/examples/generated-documentation/apoc.meta.nodes.count.adoc
533,/home/runner/work/neo4j-apoc-procedures/neo4j-apoc-procedures/docs/asciidoc/modules/ROOT/examples/generated-documentation/apoc.any-lite.csv
534,/home/runner/work/neo4j-apoc-procedures/neo4j-apoc-procedures/docs/asciidoc/modules/ROOT/examples/generated-documentation/apoc.any.csv
535,/home/runner/work/neo4j-apoc-procedures/neo4j-apoc-procedures/docs/asciidoc/modules/ROOT/examples/generated-documentation/apoc.meta.stats.adoc
536,/home/runner/work/neo4j-apoc-procedures/neo4j-apoc-procedures/full/hadoop/hdfs/data/data1/in_use.lock
537,/home/runner/work/neo4j-apoc-procedures/neo4j-apoc-procedures/full/hadoop/hdfs/data/data1/current/BP-535148662-10.1.0.45-1682373466944/scanner.cursor.tmp
538,/home/runner/work/neo4j-apoc-procedures/neo4j-apoc-procedures/full/hadoop/hdfs/name-0-1/in_use.lock
539,/home/runner/work/neo4j-apoc-procedures/neo4j-apoc-procedures/full/hadoop/hdfs/name-0-2/in_use.lock
540,/home/runner/work/neo4j-apoc-procedures/neo4j-apoc-procedures/docs/asciidoc/modules/ROOT/examples/generated-documentation/apoc.algo-lite.csv
542,/home/runner/work/neo4j-apoc-procedures/neo4j-apoc-procedures/docs/asciidoc/modules/ROOT/examples/generated-documentation/apoc.algo.aStarConfig.adoc
543,/home/runner/work/neo4j-apoc-procedures/neo4j-apoc-procedures/full/derbyDB/seg0/c400.dat
544,/home/runner/work/neo4j-apoc-procedures/neo4j-apoc-procedures/full/hadoop/hdfs/data/data2/current/BP-2020123705-10.1.0.45-1682373539393/current/VERSION
545,/home/runner/work/neo4j-apoc-procedures/neo4j-apoc-procedures/full/derbyDB/seg0/c430.dat
546,/home/runner/work/neo4j-apoc-procedures/neo4j-apoc-procedures/docs/asciidoc/modules/ROOT/examples/generated-documentation/apoc.dv.catalog.list.adoc
547,/home/runner/work/neo4j-apoc-procedures/neo4j-apoc-procedures/docs/asciidoc/modules/ROOT/examples/generated-documentation/apoc.meta-lite.csv
548,/home/runner/work/neo4j-apoc-procedures/neo4j-apoc-procedures/docs/asciidoc/modules/ROOT/examples/generated-documentation/apoc.merge.csv
549,/home/runner/work/neo4j-apoc-procedures/neo4j-apoc-procedures/docs/asciidoc/modules/ROOT/examples/generated-documentation/apoc.math.round.adoc
550,/home/runner/work/neo4j-apoc-procedures/neo4j-apoc-procedures/docs/asciidoc/modules/ROOT/examples/generated-documentation/apoc.merge.node.adoc
551,/home/runner/work/neo4j-apoc-procedures/neo4j-apoc-procedures/docs/asciidoc/modules/ROOT/examples/generated-documentation/apoc.merge-lite.csv
552,/home/runner/work/neo4j-apoc-procedures/neo4j-apoc-procedures/docs/asciidoc/modules/ROOT/examples/generated-documentation/apoc.map.unflatten.adoc
553,/home/runner/work/neo4j-apoc-procedures/neo4j-apoc-procedures/docs/asciidoc/modules/ROOT/examples/generated-documentation/apoc.math.csv
556,/home/runner/work/neo4j-apoc-procedures/neo4j-apoc-procedures/full/build/kotlin/compileTestKotlin/caches-jvm/jvm/kotlin/constants.tab.keystream
559,/home/runner/work/neo4j-apoc-procedures/neo4j-apoc-procedures/docs/asciidoc/modules/ROOT/pages/overview/apoc.convert/apoc.convert.fromJsonList.adoc
561,/home/runner/work/neo4j-apoc-procedures/neo4j-apoc-procedures/docs/asciidoc/modules/ROOT/pages/overview/apoc.math/apoc.math.cosh.adoc
565,/home/runner/work/neo4j-apoc-procedures/neo4j-apoc-procedures/full/build/kotlin/compileKotlin/caches-jvm/jvm/kotlin/internal-name-to-source.tab.keystream
567,/home/runner/work/neo4j-apoc-procedures/neo4j-apoc-procedures/full/build/kotlin/compileTestKotlin/caches-jvm/jvm/kotlin/proto.tab.keystream
568,/home/runner/work/neo4j-apoc-procedures/neo4j-apoc-procedures/docs/asciidoc/modules/ROOT/pages/overview/apoc.graph/apoc.graph.from.adoc
570,/home/runner/work/neo4j-apoc-procedures/neo4j-apoc-procedures/docs/asciidoc/modules/ROOT/pages/overview/apoc.gephi/apoc.gephi.add.adoc
572,/home/runner/work/neo4j-apoc-procedures/neo4j-apoc-procedures/docs/asciidoc/modules/ROOT/pages/overview/apoc.example/apoc.example.movies.adoc
576,/home/runner/work/neo4j-apoc-procedures/neo4j-apoc-procedures/docs/asciidoc/modules/ROOT/pages/overview/apoc.json/apoc.json.path.adoc
577,/home/runner/work/neo4j-apoc-procedures/neo4j-apoc-procedures/full/build/kotlin/compileTestKotlin/caches-jvm/jvm/kotlin/internal-name-to-source.tab.keystream
578,/home/runner/work/neo4j-apoc-procedures/neo4j-apoc-procedures/docs/asciidoc/modules/ROOT/pages/overview/apoc.import/apoc.import.csv.adoc
579,/home/runner/work/neo4j-apoc-procedures/neo4j-apoc-procedures/full/build/kotlin/compileKotlin/caches-jvm/jvm/kotlin/subtypes.tab.keystream
584,/home/runner/work/neo4j-apoc-procedures/neo4j-apoc-procedures/full/build/kotlin/compileKotlin/caches-jvm/jvm/kotlin/constants.tab_i
586,/home/runner/work/neo4j-apoc-procedures/neo4j-apoc-procedures/full/build/kotlin/compileKotlin/caches-jvm/inputs/source-to-output.tab.keystream
599,/home/runner/work/neo4j-apoc-procedures/neo4j-apoc-procedures/full/build/kotlin/compileKotlin/last-build.bin
600,/home/runner/work/neo4j-apoc-procedures/neo4j-apoc-procedures/full/build/kotlin/compileTestKotlin/caches-jvm/jvm/kotlin/class-attributes.tab
604,/home/runner/work/neo4j-apoc-procedures/neo4j-apoc-procedures/full/build/kotlin/compileKotlin/caches-jvm/jvm/kotlin/class-attributes.tab.keystream
605,/home/runner/work/neo4j-apoc-procedures/neo4j-apoc-procedures/full/build/kotlin/compileTestKotlin/caches-jvm/jvm/kotlin/class-attributes.tab_i
606,/home/runner/work/neo4j-apoc-procedures/neo4j-apoc-procedures/full/build/kotlin/compileTestKotlin/caches-jvm/jvm/kotlin/proto.tab
611,/home/runner/work/neo4j-apoc-procedures/neo4j-apoc-procedures/full/build/kotlin/compileTestKotlin/caches-jvm/jvm/kotlin/internal-name-to-source.tab_i
614,/home/runner/work/neo4j-apoc-procedures/neo4j-apoc-procedures/full/build/kotlin/compileTestKotlin/caches-jvm/jvm/kotlin/internal-name-to-source.tab
615,/home/runner/work/neo4j-apoc-procedures/neo4j-apoc-procedures/full/build/kotlin/compileTestKotlin/caches-jvm/jvm/kotlin/class-fq-name-to-source.tab.keystream
616,/home/runner/work/neo4j-apoc-procedures/neo4j-apoc-procedures/full/build/kotlin/compileTestKotlin/caches-jvm/jvm/kotlin/supertypes.tab.keystream
617,/home/runner/work/neo4j-apoc-procedures/neo4j-apoc-procedures/full/build/kotlin/compileTestKotlin/caches-jvm/jvm/kotlin/class-fq-name-to-source.tab
618,/home/runner/work/neo4j-apoc-procedures/neo4j-apoc-procedures/full/build/kotlin/compileTestKotlin/caches-jvm/jvm/kotlin/class-fq-name-to-source.tab_i
619,/home/runner/work/neo4j-apoc-procedures/neo4j-apoc-procedures/full/build/kotlin/compileTestKotlin/caches-jvm/jvm/kotlin/subtypes.tab.keystream
620,/home/runner/work/neo4j-apoc-procedures/neo4j-apoc-procedures/full/build/kotlin/compileTestKotlin/caches-jvm/jvm/kotlin/supertypes.tab_i
621,/home/runner/work/neo4j-apoc-procedures/neo4j-apoc-procedures/full/build/kotlin/compileTestKotlin/caches-jvm/jvm/kotlin/supertypes.tab
622,/home/runner/work/neo4j-apoc-procedures/neo4j-apoc-procedures/full/build/kotlin/compileTestKotlin/caches-jvm/jvm/kotlin/subtypes.tab
624,/home/runner/work/neo4j-apoc-procedures/neo4j-apoc-procedures/full/build/kotlin/compileKotlin/caches-jvm/jvm/kotlin/class-attributes.tab_i
625,/home/runner/work/neo4j-apoc-procedures/neo4j-apoc-procedures/full/build/kotlin/compileKotlin/caches-jvm/jvm/kotlin/proto.tab
626,/home/runner/work/neo4j-apoc-procedures/neo4j-apoc-procedures/full/build/kotlin/compileKotlin/caches-jvm/jvm/kotlin/proto.tab_i
627,/home/runner/work/neo4j-apoc-procedures/neo4j-apoc-procedures/full/build/kotlin/compileKotlin/caches-jvm/jvm/kotlin/subtypes.tab
628,/home/runner/work/neo4j-apoc-procedures/neo4j-apoc-procedures/full/build/kotlin/compileKotlin/caches-jvm/jvm/kotlin/supertypes.tab
629,/home/runner/work/neo4j-apoc-procedures/neo4j-apoc-procedures/full/build/kotlin/compileKotlin/caches-jvm/jvm/kotlin/supertypes.tab_i
630,/home/runner/work/neo4j-apoc-procedures/neo4j-apoc-procedures/full/build/kotlin/compileKotlin/caches-jvm/jvm/kotlin/constants.tab
631,/home/runner/work/neo4j-apoc-procedures/neo4j-apoc-procedures/full/build/kotlin/compileKotlin/caches-jvm/jvm/kotlin/class-attributes.tab
632,/home/runner/work/neo4j-apoc-procedures/neo4j-apoc-procedures/full/build/kotlin/compileKotlin/caches-jvm/jvm/kotlin/class-fq-name-to-source.tab_i
633,/home/runner/work/neo4j-apoc-procedures/neo4j-apoc-procedures/full/build/kotlin/compileTestKotlin/caches-jvm/jvm/kotlin/source-to-classes.tab
634,/home/runner/work/neo4j-apoc-procedures/neo4j-apoc-procedures/full/build/kotlin/compileTestKotlin/caches-jvm/inputs/source-to-output.tab_i
636,/home/runner/work/neo4j-apoc-procedures/neo4j-apoc-procedures/full/build/kotlin/compileTestKotlin/caches-jvm/inputs/source-to-output.tab
637,/home/runner/work/neo4j-apoc-procedures/neo4j-apoc-procedures/full/build/kotlin/compileKotlin/caches-jvm/inputs/source-to-output.tab
638,/home/runner/work/neo4j-apoc-procedures/neo4j-apoc-procedures/full/build/kotlin/compileKotlin/caches-jvm/inputs/source-to-output.tab_i
639,/home/runner/work/neo4j-apoc-procedures/neo4j-apoc-procedures/full/build/kotlin/compileKotlin/caches-jvm/jvm/kotlin/internal-name-to-source.tab
640,/home/runner/work/neo4j-apoc-procedures/neo4j-apoc-procedures/full/build/kotlin/compileKotlin/caches-jvm/jvm/kotlin/internal-name-to-source.tab_i
641,/home/runner/work/neo4j-apoc-procedures/neo4j-apoc-procedures/full/build/kotlin/compileKotlin/caches-jvm/jvm/kotlin/class-fq-name-to-source.tab
650,/home/runner/work/neo4j-apoc-procedures/neo4j-apoc-procedures/full/build/kotlin/compileTestKotlin/caches-jvm/jvm/kotlin/class-attributes.tab.keystream
651,/home/runner/work/neo4j-apoc-procedures/neo4j-apoc-procedures/full/build/kotlin/compileTestKotlin/caches-jvm/jvm/kotlin/constants.tab
652,/home/runner/work/neo4j-apoc-procedures/neo4j-apoc-procedures/full/build/kotlin/compileTestKotlin/caches-jvm/jvm/kotlin/constants.tab_i
653,/home/runner/work/neo4j-apoc-procedures/neo4j-apoc-procedures/full/build/kotlin/compileKotlin/caches-jvm/jvm/kotlin/supertypes.tab.keystream
655,/home/runner/work/neo4j-apoc-procedures/neo4j-apoc-procedures/full/build/kotlin/compileTestKotlin/caches-jvm/jvm/kotlin/source-to-classes.tab_i
656,/home/runner/work/neo4j-apoc-procedures/neo4j-apoc-procedures/full/build/kotlin/compileKotlin/caches-jvm/jvm/kotlin/class-fq-name-to-source.tab.keystream
658,/home/runner/work/neo4j-apoc-procedures/neo4j-apoc-procedures/full/build/kotlin/compileKotlin/caches-jvm/jvm/kotlin/source-to-classes.tab_i
659,/home/runner/work/neo4j-apoc-procedures/neo4j-apoc-procedures/full/build/kotlin/compileKotlin/caches-jvm/jvm/kotlin/source-to-classes.tab.keystream
661,/home/runner/work/neo4j-apoc-procedures/neo4j-apoc-procedures/full/build/kotlin/compileTestKotlin/caches-jvm/jvm/kotlin/source-to-classes.tab.keystream
663,/home/runner/work/neo4j-apoc-procedures/neo4j-apoc-procedures/full/build/kotlin/compileKotlin/caches-jvm/jvm/kotlin/proto.tab.keystream
666,/home/runner/work/neo4j-apoc-procedures/neo4j-apoc-procedures/full/build/kotlin/compileKotlin/caches-jvm/jvm/kotlin/constants.tab.keystream
667,/home/runner/work/neo4j-apoc-procedures/neo4j-apoc-procedures/full/build/kotlin/compileTestKotlin/caches-jvm/inputs/source-to-output.tab.keystream
687,/home/runner/work/neo4j-apoc-procedures/neo4j-apoc-procedures/full/build/kotlin/compileTestKotlin/caches-jvm/jvm/kotlin/proto.tab_i
688,/home/runner/work/neo4j-apoc-procedures/neo4j-apoc-procedures/full/build/kotlin/compileTestKotlin/caches-jvm/jvm/kotlin/subtypes.tab_i
693,/home/runner/work/neo4j-apoc-procedures/neo4j-apoc-procedures/full/build/kotlin/compileKotlin/caches-jvm/jvm/kotlin/subtypes.tab_i
696,/home/runner/work/neo4j-apoc-procedures/neo4j-apoc-procedures/full/hadoop/hdfs/data/data2/in_use.lock
697,/home/runner/work/neo4j-apoc-procedures/neo4j-apoc-procedures/full/hadoop/hdfs/data/data2/current/BP-2020123705-10.1.0.45-1682373539393/current/rbw/blk_1073741826_1002.meta
698,/home/runner/work/neo4j-apoc-procedures/neo4j-apoc-procedures/full/hadoop/hdfs/data/data2/current/BP-2020123705-10.1.0.45-1682373539393/current/replicas.tmp
699,/home/runner/work/neo4j-apoc-procedures/neo4j-apoc-procedures/docs/asciidoc/modules/ROOT/examples/generated-documentation/apoc.export.arrow.stream.csv
700,/home/runner/work/neo4j-apoc-procedures/neo4j-apoc-procedures/full/hadoop/hdfs/data/data2/current/BP-2020123705-10.1.0.45-1682373539393/current/dfsUsed
701,/home/runner/work/neo4j-apoc-procedures/neo4j-apoc-procedures/full/hadoop/hdfs/data/data1/current/BP-2020123705-10.1.0.45-1682373539393/current/dfsUsed
702,/home/runner/work/neo4j-apoc-procedures/neo4j-apoc-procedures/full/hadoop/hdfs/data/data1/current/BP-2020123705-10.1.0.45-1682373539393/current/replicas.tmp
703,/home/runner/work/neo4j-apoc-procedures/neo4j-apoc-procedures/docs/asciidoc/modules/ROOT/examples/generated-documentation/apoc.merge.nodeWithStats.csv
704,/home/runner/work/neo4j-apoc-procedures/neo4j-apoc-procedures/docs/asciidoc/modules/ROOT/examples/generated-documentation/apoc.algo.aStarWithPoint.adoc
705,/home/runner/work/neo4j-apoc-procedures/neo4j-apoc-procedures/docs/asciidoc/modules/ROOT/examples/generated-documentation/apoc.systemdb.export-lite.csv
706,/home/runner/work/neo4j-apoc-procedures/neo4j-apoc-procedures/docs/asciidoc/modules/ROOT/examples/generated-documentation/apoc.export.arrow-lite.csv
707,/home/runner/work/neo4j-apoc-procedures/neo4j-apoc-procedures/docs/asciidoc/modules/ROOT/examples/generated-documentation/apoc.export.arrow.stream.graph.adoc
708,/home/runner/work/neo4j-apoc-procedures/neo4j-apoc-procedures/docs/asciidoc/modules/ROOT/examples/generated-documentation/apoc.export.arrow.stream.all.adoc
709,/home/runner/work/neo4j-apoc-procedures/neo4j-apoc-procedures/docs/asciidoc/modules/ROOT/examples/generated-documentation/apoc.export.arrow.query.adoc
710,/home/runner/work/neo4j-apoc-procedures/neo4j-apoc-procedures/docs/asciidoc/modules/ROOT/examples/generated-documentation/apoc.export.arrow.graph.adoc
711,/home/runner/work/neo4j-apoc-procedures/neo4j-apoc-procedures/docs/asciidoc/modules/ROOT/examples/generated-documentation/apoc.export.arrow.all.adoc
712,/home/runner/work/neo4j-apoc-procedures/neo4j-apoc-procedures/docs/asciidoc/modules/ROOT/examples/generated-documentation/apoc.systemdb.export.csv
713,/home/runner/work/neo4j-apoc-procedures/neo4j-apoc-procedures/docs/asciidoc/modules/ROOT/examples/generated-documentation/apoc.export.arrow.csv
714,/home/runner/work/neo4j-apoc-procedures/neo4j-apoc-procedures/docs/asciidoc/modules/ROOT/examples/generated-documentation/apoc.load.arrow.csv
715,/home/runner/work/neo4j-apoc-procedures/neo4j-apoc-procedures/docs/asciidoc/modules/ROOT/examples/generated-documentation/apoc.merge.relationshipWithStats.csv
716,/home/runner/work/neo4j-apoc-procedures/neo4j-apoc-procedures/docs/asciidoc/modules/ROOT/examples/generated-documentation/apoc.export.arrow.stream-lite.csv
717,/home/runner/work/neo4j-apoc-procedures/neo4j-apoc-procedures/full/hadoop/hdfs/data/data1/current/BP-2020123705-10.1.0.45-1682373539393/current/rbw/blk_1073741825
718,/home/runner/work/neo4j-apoc-procedures/neo4j-apoc-procedures/full/hadoop/hdfs/data/data2/current/BP-2020123705-10.1.0.45-1682373539393/current/rbw/blk_1073741826
719,/home/runner/work/neo4j-apoc-procedures/neo4j-apoc-procedures/full/hadoop/hdfs/data/data1/current/BP-2020123705-10.1.0.45-1682373539393/current/rbw/blk_1073741825_1001.meta
720,/home/runner/work/neo4j-apoc-procedures/neo4j-apoc-procedures/full/derbyDB/seg0/README_DO_NOT_TOUCH_FILES.txt
721,/home/runner/work/neo4j-apoc-procedures/neo4j-apoc-procedures/full/derbyDB/log/README_DO_NOT_TOUCH_FILES.txt
722,/home/runner/work/neo4j-apoc-procedures/neo4j-apoc-procedures/full/hadoop/hdfs/data/data1/current/BP-535148662-10.1.0.45-1682373466944/current/dfsUsed
723,/home/runner/work/neo4j-apoc-procedures/neo4j-apoc-procedures/full/hadoop/hdfs/data/data1/current/BP-535148662-10.1.0.45-1682373466944/current/replicas.tmp
724,/home/runner/work/neo4j-apoc-procedures/neo4j-apoc-procedures/full/hadoop/hdfs/data/data1/current/BP-535148662-10.1.0.45-1682373466944/current/rbw/blk_1073741825_1001.meta
725,/home/runner/work/neo4j-apoc-procedures/neo4j-apoc-procedures/full/hadoop/hdfs/data/data1/current/BP-535148662-10.1.0.45-1682373466944/current/rbw/blk_1073741825
726,/home/runner/work/neo4j-apoc-procedures/neo4j-apoc-procedures/full/hadoop/hdfs/data/data1/current/BP-535148662-10.1.0.45-1682373466944/current/VERSION
727,/home/runner/work/neo4j-apoc-procedures/neo4j-apoc-procedures/full/build/kotlin/compileKotlin/caches-jvm/jvm/kotlin/subtypes.tab.values.at
728,/home/runner/work/neo4j-apoc-procedures/neo4j-apoc-procedures/full/build/kotlin/compileKotlin/caches-jvm/jvm/kotlin/source-to-classes.tab
729,/home/runner/work/neo4j-apoc-procedures/neo4j-apoc-procedures/full/build/kotlin/compileKotlin/build-history.bin
730,/home/runner/work/neo4j-apoc-procedures/neo4j-apoc-procedures/full/build/kotlin/compileKotlin/caches-jvm/inputs/source-to-output.tab.values.at
731,/home/runner/work/neo4j-apoc-procedures/neo4j-apoc-procedures/full/build/kotlin/compileKotlin/caches-jvm/inputs/source-to-output.tab.keystream.len
732,/home/runner/work/neo4j-apoc-procedures/neo4j-apoc-procedures/full/build/kotlin/compileKotlin/caches-jvm/inputs/source-to-output.tab_i.len
733,/home/runner/work/neo4j-apoc-procedures/neo4j-apoc-procedures/full/build/kotlin/compileKotlin/caches-jvm/inputs/source-to-output.tab.len
734,/home/runner/work/neo4j-apoc-procedures/neo4j-apoc-procedures/full/build/kotlin/compileKotlin/caches-jvm/jvm/kotlin/class-attributes.tab.values.at
735,/home/runner/work/neo4j-apoc-procedures/neo4j-apoc-procedures/full/build/kotlin/compileKotlin/caches-jvm/jvm/kotlin/class-attributes.tab.keystream.len
736,/home/runner/work/neo4j-apoc-procedures/neo4j-apoc-procedures/full/build/kotlin/compileKotlin/caches-jvm/jvm/kotlin/class-attributes.tab_i.len
737,/home/runner/work/neo4j-apoc-procedures/neo4j-apoc-procedures/full/build/kotlin/compileKotlin/dirty-sources.txt
738,/home/runner/work/neo4j-apoc-procedures/neo4j-apoc-procedures/full/build/kotlin/compileKotlin/caches-jvm/jvm/kotlin/class-attributes.tab.len
739,/home/runner/work/neo4j-apoc-procedures/neo4j-apoc-procedures/full/build/kotlin/compileKotlin/caches-jvm/jvm/kotlin/subtypes.tab.keystream.len
740,/home/runner/work/neo4j-apoc-procedures/neo4j-apoc-procedures/full/build/kotlin/compileKotlin/caches-jvm/jvm/kotlin/subtypes.tab_i.len
741,/home/runner/work/neo4j-apoc-procedures/neo4j-apoc-procedures/full/build/kotlin/compileKotlin/caches-jvm/jvm/kotlin/source-to-classes.tab.len
742,/home/runner/work/neo4j-apoc-procedures/neo4j-apoc-procedures/full/build/kotlin/compileKotlin/caches-jvm/jvm/kotlin/subtypes.tab.len
743,/home/runner/work/neo4j-apoc-procedures/neo4j-apoc-procedures/full/build/kotlin/compileKotlin/caches-jvm/jvm/kotlin/supertypes.tab.values.at
744,/home/runner/work/neo4j-apoc-procedures/neo4j-apoc-procedures/full/build/kotlin/compileKotlin/caches-jvm/jvm/kotlin/supertypes.tab.keystream.len
745,/home/runner/work/neo4j-apoc-procedures/neo4j-apoc-procedures/full/build/kotlin/compileKotlin/caches-jvm/jvm/kotlin/supertypes.tab_i.len
746,/home/runner/work/neo4j-apoc-procedures/neo4j-apoc-procedures/full/build/kotlin/compileKotlin/caches-jvm/jvm/kotlin/supertypes.tab.len
747,/home/runner/work/neo4j-apoc-procedures/neo4j-apoc-procedures/full/build/kotlin/compileKotlin/caches-jvm/jvm/kotlin/class-fq-name-to-source.tab.values.at
748,/home/runner/work/neo4j-apoc-procedures/neo4j-apoc-procedures/full/build/kotlin/compileKotlin/caches-jvm/jvm/kotlin/class-fq-name-to-source.tab.keystream.len
749,/home/runner/work/neo4j-apoc-procedures/neo4j-apoc-procedures/full/build/kotlin/compileKotlin/caches-jvm/jvm/kotlin/class-fq-name-to-source.tab_i.len
750,/home/runner/work/neo4j-apoc-procedures/neo4j-apoc-procedures/full/build/kotlin/compileKotlin/caches-jvm/jvm/kotlin/class-fq-name-to-source.tab.len
751,/home/runner/work/neo4j-apoc-procedures/neo4j-apoc-procedures/full/build/kotlin/compileKotlin/caches-jvm/jvm/kotlin/source-to-classes.tab.values.at
752,/home/runner/work/neo4j-apoc-procedures/neo4j-apoc-procedures/full/build/kotlin/compileKotlin/caches-jvm/jvm/kotlin/source-to-classes.tab.keystream.len
753,/home/runner/work/neo4j-apoc-procedures/neo4j-apoc-procedures/full/build/kotlin/compileKotlin/caches-jvm/jvm/kotlin/source-to-classes.tab_i.len
754,/home/runner/work/neo4j-apoc-procedures/neo4j-apoc-procedures/full/build/kotlin/compileKotlin/caches-jvm/jvm/kotlin/proto.tab.values.at
755,/home/runner/work/neo4j-apoc-procedures/neo4j-apoc-procedures/full/build/kotlin/compileKotlin/caches-jvm/jvm/kotlin/proto.tab.keystream.len
756,/home/runner/work/neo4j-apoc-procedures/neo4j-apoc-procedures/full/build/kotlin/compileKotlin/caches-jvm/jvm/kotlin/proto.tab_i.len
757,/home/runner/work/neo4j-apoc-procedures/neo4j-apoc-procedures/full/build/kotlin/compileKotlin/caches-jvm/jvm/kotlin/proto.tab.len
758,/home/runner/work/neo4j-apoc-procedures/neo4j-apoc-procedures/full/build/kotlin/compileKotlin/caches-jvm/jvm/kotlin/constants.tab.values.at
759,/home/runner/work/neo4j-apoc-procedures/neo4j-apoc-procedures/full/build/kotlin/compileKotlin/caches-jvm/jvm/kotlin/constants.tab.keystream.len
760,/home/runner/work/neo4j-apoc-procedures/neo4j-apoc-procedures/full/build/kotlin/compileKotlin/caches-jvm/jvm/kotlin/constants.tab_i.len
761,/home/runner/work/neo4j-apoc-procedures/neo4j-apoc-procedures/full/build/kotlin/compileKotlin/caches-jvm/jvm/kotlin/constants.tab.len
762,/home/runner/work/neo4j-apoc-procedures/neo4j-apoc-procedures/full/build/kotlin/compileKotlin/caches-jvm/jvm/kotlin/internal-name-to-source.tab.values.at
763,/home/runner/work/neo4j-apoc-procedures/neo4j-apoc-procedures/full/build/kotlin/compileKotlin/caches-jvm/jvm/kotlin/internal-name-to-source.tab.keystream.len
764,/home/runner/work/neo4j-apoc-procedures/neo4j-apoc-procedures/full/build/kotlin/compileKotlin/caches-jvm/jvm/kotlin/internal-name-to-source.tab_i.len
765,/home/runner/work/neo4j-apoc-procedures/neo4j-apoc-procedures/full/build/kotlin/compileKotlin/caches-jvm/jvm/kotlin/internal-name-to-source.tab.len
766,/home/runner/work/neo4j-apoc-procedures/neo4j-apoc-procedures/full/build/kotlin/compileTestKotlin/caches-jvm/jvm/kotlin/source-to-classes.tab.keystream.len
767,/home/runner/work/neo4j-apoc-procedures/neo4j-apoc-procedures/full/derbyDB/seg0/d490.dat
768,/home/runner/work/neo4j-apoc-procedures/neo4j-apoc-procedures/full/build/kotlin/compileTestKotlin/caches-jvm/jvm/kotlin/source-to-classes.tab.values.at
769,/home/runner/work/neo4j-apoc-procedures/neo4j-apoc-procedures/full/derbyDB/README_DO_NOT_TOUCH_FILES.txt
770,/home/runner/work/neo4j-apoc-procedures/neo4j-apoc-procedures/full/build/kotlin/compileTestKotlin/caches-jvm/jvm/kotlin/class-fq-name-to-source.tab.len
771,/home/runner/work/neo4j-apoc-procedures/neo4j-apoc-procedures/full/build/kotlin/compileTestKotlin/caches-jvm/jvm/kotlin/class-fq-name-to-source.tab_i.len
772,/home/runner/work/neo4j-apoc-procedures/neo4j-apoc-procedures/full/build/kotlin/compileTestKotlin/caches-jvm/jvm/kotlin/class-fq-name-to-source.tab.keystream.len
773,/home/runner/work/neo4j-apoc-procedures/neo4j-apoc-procedures/full/derbyDB/seg0/d4a0.dat
774,/home/runner/work/neo4j-apoc-procedures/neo4j-apoc-procedures/full/build/kotlin/compileTestKotlin/caches-jvm/jvm/kotlin/class-fq-name-to-source.tab.values.at
775,/home/runner/work/neo4j-apoc-procedures/neo4j-apoc-procedures/full/build/kotlin/compileTestKotlin/caches-jvm/jvm/kotlin/supertypes.tab.len
776,/home/runner/work/neo4j-apoc-procedures/neo4j-apoc-procedures/full/build/kotlin/compileTestKotlin/caches-jvm/jvm/kotlin/supertypes.tab_i.len
777,/home/runner/work/neo4j-apoc-procedures/neo4j-apoc-procedures/core/target/0438605f-2e49-4612-8959-4dc8bd893788/data/databases/neo4j/neostore.labeltokenstore.db.names
778,/home/runner/work/neo4j-apoc-procedures/neo4j-apoc-procedures/core/target/0438605f-2e49-4612-8959-4dc8bd893788/data/databases/neo4j/neostore.schemastore.db
779,/home/runner/work/neo4j-apoc-procedures/neo4j-apoc-procedures/core/target/0438605f-2e49-4612-8959-4dc8bd893788/data/databases/neo4j/neostore.relationshipgroupstore.db
780,/home/runner/work/neo4j-apoc-procedures/neo4j-apoc-procedures/core/target/0438605f-2e49-4612-8959-4dc8bd893788/data/databases/neo4j/neostore
781,/home/runner/work/neo4j-apoc-procedures/neo4j-apoc-procedures/core/target/0438605f-2e49-4612-8959-4dc8bd893788/data/transactions/neo4j/checkpoint.0
782,/home/runner/work/neo4j-apoc-procedures/neo4j-apoc-procedures/core/target/0438605f-2e49-4612-8959-4dc8bd893788/data/databases/neo4j/neostore.relationshiptypestore.db.names
783,/home/runner/work/neo4j-apoc-procedures/neo4j-apoc-procedures/core/target/0438605f-2e49-4612-8959-4dc8bd893788/data/databases/neo4j/neostore.propertystore.db.arrays
784,/home/runner/work/neo4j-apoc-procedures/neo4j-apoc-procedures/core/target/0438605f-2e49-4612-8959-4dc8bd893788/data/databases/neo4j/neostore.propertystore.db.strings
785,/home/runner/work/neo4j-apoc-procedures/neo4j-apoc-procedures/core/target/0438605f-2e49-4612-8959-4dc8bd893788/data/databases/system/neostore.relationshiptypestore.db.names
786,/home/runner/work/neo4j-apoc-procedures/neo4j-apoc-procedures/full/build/kotlin/compileTestKotlin/caches-jvm/jvm/kotlin/supertypes.tab.keystream.len
787,/home/runner/work/neo4j-apoc-procedures/neo4j-apoc-procedures/core/target/0438605f-2e49-4612-8959-4dc8bd893788/data/databases/system/neostore.nodestore.db.labels
788,/home/runner/work/neo4j-apoc-procedures/neo4j-apoc-procedures/full/build/kotlin/compileTestKotlin/caches-jvm/jvm/kotlin/supertypes.tab.values.at
789,/home/runner/work/neo4j-apoc-procedures/neo4j-apoc-procedures/full/build/kotlin/compileTestKotlin/caches-jvm/jvm/kotlin/subtypes.tab.len
790,/home/runner/work/neo4j-apoc-procedures/neo4j-apoc-procedures/full/build/kotlin/compileTestKotlin/caches-jvm/jvm/kotlin/subtypes.tab_i.len
791,/home/runner/work/neo4j-apoc-procedures/neo4j-apoc-procedures/core/target/0438605f-2e49-4612-8959-4dc8bd893788/data/databases/system/neostore.propertystore.db.index.keys
792,/home/runner/work/neo4j-apoc-procedures/neo4j-apoc-procedures/full/build/kotlin/compileTestKotlin/caches-jvm/jvm/kotlin/subtypes.tab.keystream.len
793,/home/runner/work/neo4j-apoc-procedures/neo4j-apoc-procedures/core/target/0438605f-2e49-4612-8959-4dc8bd893788/data/databases/system/neostore.propertystore.db.strings
794,/home/runner/work/neo4j-apoc-procedures/neo4j-apoc-procedures/core/target/0438605f-2e49-4612-8959-4dc8bd893788/data/databases/system/neostore.propertystore.db.arrays
795,/home/runner/work/neo4j-apoc-procedures/neo4j-apoc-procedures/full/build/kotlin/compileTestKotlin/caches-jvm/jvm/kotlin/subtypes.tab.values.at
796,/home/runner/work/neo4j-apoc-procedures/neo4j-apoc-procedures/full/build/kotlin/compileTestKotlin/caches-jvm/jvm/kotlin/class-attributes.tab.len
797,/home/runner/work/neo4j-apoc-procedures/neo4j-apoc-procedures/full/build/kotlin/compileTestKotlin/caches-jvm/jvm/kotlin/class-attributes.tab_i.len
798,/home/runner/work/neo4j-apoc-procedures/neo4j-apoc-procedures/full/build/kotlin/compileTestKotlin/caches-jvm/jvm/kotlin/class-attributes.tab.keystream.len
799,/home/runner/work/neo4j-apoc-procedures/neo4j-apoc-procedures/core/target/0438605f-2e49-4612-8959-4dc8bd893788/data/databases/neo4j/neostore.propertystore.db.index.keys
800,/home/runner/work/neo4j-apoc-procedures/neo4j-apoc-procedures/core/target/0438605f-2e49-4612-8959-4dc8bd893788/data/databases/system/neostore.labeltokenstore.db.names
801,/home/runner/work/neo4j-apoc-procedures/neo4j-apoc-procedures/full/build/kotlin/compileTestKotlin/caches-jvm/jvm/kotlin/class-attributes.tab.values.at
802,/home/runner/work/neo4j-apoc-procedures/neo4j-apoc-procedures/full/build/kotlin/compileTestKotlin/caches-jvm/inputs/source-to-output.tab.len
803,/home/runner/work/neo4j-apoc-procedures/neo4j-apoc-procedures/full/build/kotlin/compileTestKotlin/caches-jvm/inputs/source-to-output.tab_i.len
804,/home/runner/work/neo4j-apoc-procedures/neo4j-apoc-procedures/core/target/0438605f-2e49-4612-8959-4dc8bd893788/data/databases/system/neostore.schemastore.db
805,/home/runner/work/neo4j-apoc-procedures/neo4j-apoc-procedures/full/build/kotlin/compileTestKotlin/caches-jvm/inputs/source-to-output.tab.keystream.len
806,/home/runner/work/neo4j-apoc-procedures/neo4j-apoc-procedures/core/target/0438605f-2e49-4612-8959-4dc8bd893788/data/databases/system/neostore.relationshipgroupstore.db
807,/home/runner/work/neo4j-apoc-procedures/neo4j-apoc-procedures/core/target/0438605f-2e49-4612-8959-4dc8bd893788/data/databases/system/neostore
808,/home/runner/work/neo4j-apoc-procedures/neo4j-apoc-procedures/full/build/kotlin/compileTestKotlin/caches-jvm/inputs/source-to-output.tab.values.at
809,/home/runner/work/neo4j-apoc-procedures/neo4j-apoc-procedures/full/build/kotlin/compileTestKotlin/build-history.bin
810,/home/runner/work/neo4j-apoc-procedures/neo4j-apoc-procedures/core/target/0438605f-2e49-4612-8959-4dc8bd893788/data/transactions/system/checkpoint.0
811,/home/runner/work/neo4j-apoc-procedures/neo4j-apoc-procedures/core/target/0438605f-2e49-4612-8959-4dc8bd893788/data/databases/neo4j/neostore.nodestore.db.labels
812,/home/runner/work/neo4j-apoc-procedures/neo4j-apoc-procedures/full/derbyDB/seg0/d4b0.dat
813,/home/runner/work/neo4j-apoc-procedures/neo4j-apoc-procedures/full/build/kotlin/compileTestKotlin/caches-jvm/jvm/kotlin/source-to-classes.tab_i.len
814,/home/runner/work/neo4j-apoc-procedures/neo4j-apoc-procedures/full/derbyDB/seg0/d580.dat
815,/home/runner/work/neo4j-apoc-procedures/neo4j-apoc-procedures/full/build/kotlin/compileTestKotlin/caches-jvm/jvm/kotlin/internal-name-to-source.tab.len
816,/home/runner/work/neo4j-apoc-procedures/neo4j-apoc-procedures/full/derbyDB/seg0/d5c0.dat
817,/home/runner/work/neo4j-apoc-procedures/neo4j-apoc-procedures/full/build/kotlin/compileTestKotlin/caches-jvm/jvm/kotlin/internal-name-to-source.tab_i.len
818,/home/runner/work/neo4j-apoc-procedures/neo4j-apoc-procedures/full/derbyDB/seg0/d5b0.dat
819,/home/runner/work/neo4j-apoc-procedures/neo4j-apoc-procedures/full/build/kotlin/compileTestKotlin/caches-jvm/jvm/kotlin/internal-name-to-source.tab.keystream.len
820,/home/runner/work/neo4j-apoc-procedures/neo4j-apoc-procedures/full/derbyDB/seg0/d590.dat
821,/home/runner/work/neo4j-apoc-procedures/neo4j-apoc-procedures/full/derbyDB/seg0/d5a0.dat
822,/home/runner/work/neo4j-apoc-procedures/neo4j-apoc-procedures/full/build/kotlin/compileTestKotlin/caches-jvm/jvm/kotlin/internal-name-to-source.tab.values.at
823,/home/runner/work/neo4j-apoc-procedures/neo4j-apoc-procedures/full/derbyDB/seg0/d550.dat
824,/home/runner/work/neo4j-apoc-procedures/neo4j-apoc-procedures/full/build/kotlin/compileTestKotlin/caches-jvm/jvm/kotlin/constants.tab.len
825,/home/runner/work/neo4j-apoc-procedures/neo4j-apoc-procedures/full/derbyDB/seg0/d5e0.dat
826,/home/runner/work/neo4j-apoc-procedures/neo4j-apoc-procedures/full/derbyDB/seg0/d4d0.dat
827,/home/runner/work/neo4j-apoc-procedures/neo4j-apoc-procedures/full/derbyDB/seg0/d510.dat
828,/home/runner/work/neo4j-apoc-procedures/neo4j-apoc-procedures/full/build/kotlin/compileTestKotlin/caches-jvm/jvm/kotlin/proto.tab.keystream.len
829,/home/runner/work/neo4j-apoc-procedures/neo4j-apoc-procedures/full/derbyDB/seg0/d500.dat
830,/home/runner/work/neo4j-apoc-procedures/neo4j-apoc-procedures/full/derbyDB/seg0/d4e0.dat
831,/home/runner/work/neo4j-apoc-procedures/neo4j-apoc-procedures/full/build/kotlin/compileTestKotlin/caches-jvm/jvm/kotlin/proto.tab.values.at
832,/home/runner/work/neo4j-apoc-procedures/neo4j-apoc-procedures/full/derbyDB/seg0/d4c0.dat
833,/home/runner/work/neo4j-apoc-procedures/neo4j-apoc-procedures/full/build/kotlin/compileTestKotlin/caches-jvm/jvm/kotlin/source-to-classes.tab.len
834,/home/runner/work/neo4j-apoc-procedures/neo4j-apoc-procedures/full/build/kotlin/compileTestKotlin/caches-jvm/jvm/kotlin/proto.tab_i.len
835,/home/runner/work/neo4j-apoc-procedures/neo4j-apoc-procedures/full/build/kotlin/compileTestKotlin/caches-jvm/jvm/kotlin/constants.tab_i.len
836,/home/runner/work/neo4j-apoc-procedures/neo4j-apoc-procedures/full/derbyDB/seg0/d570.dat
837,/home/runner/work/neo4j-apoc-procedures/neo4j-apoc-procedures/full/build/kotlin/compileTestKotlin/caches-jvm/jvm/kotlin/constants.tab.keystream.len
838,/home/runner/work/neo4j-apoc-procedures/neo4j-apoc-procedures/full/derbyDB/seg0/d560.dat
839,/home/runner/work/neo4j-apoc-procedures/neo4j-apoc-procedures/full/derbyDB/seg0/d540.dat
840,/home/runner/work/neo4j-apoc-procedures/neo4j-apoc-procedures/full/derbyDB/seg0/d4f0.dat
841,/home/runner/work/neo4j-apoc-procedures/neo4j-apoc-procedures/full/build/kotlin/compileTestKotlin/caches-jvm/jvm/kotlin/constants.tab.values.at
842,/home/runner/work/neo4j-apoc-procedures/neo4j-apoc-procedures/full/derbyDB/seg0/d530.dat
843,/home/runner/work/neo4j-apoc-procedures/neo4j-apoc-procedures/full/build/kotlin/compileTestKotlin/caches-jvm/jvm/kotlin/proto.tab.len
844,/home/runner/work/neo4j-apoc-procedures/neo4j-apoc-procedures/full/derbyDB/seg0/d520.dat
845,/home/runner/work/neo4j-apoc-procedures/neo4j-apoc-procedures/full/build/kotlin/compileTestKotlin/dirty-sources.txt
847,/home/runner/work/neo4j-apoc-procedures/neo4j-apoc-procedures/docs/asciidoc/modules/ROOT/examples/generated-documentation/apoc.export.arrow.stream.query.adoc
1593,/home/runner/work/neo4j-apoc-procedures/neo4j-apoc-procedures/docs/asciidoc/modules/ROOT/pages/overview/apoc.export/apoc.export.arrow.all.adoc
1594,/home/runner/work/neo4j-apoc-procedures/neo4j-apoc-procedures/docs/asciidoc/modules/ROOT/pages/overview/apoc.load/apoc.load.arrow.stream.adoc
1595,/home/runner/work/neo4j-apoc-procedures/neo4j-apoc-procedures/docs/asciidoc/modules/ROOT/pages/overview/apoc.load/apoc.load.arrow.adoc
1596,/home/runner/work/neo4j-apoc-procedures/neo4j-apoc-procedures/docs/asciidoc/modules/ROOT/examples/generated-documentation/apoc.trigger.toRelationship-lite.csv
1597,/home/runner/work/neo4j-apoc-procedures/neo4j-apoc-procedures/docs/asciidoc/modules/ROOT/examples/generated-documentation/apoc.trigger.toNode-lite.csv
1598,/home/runner/work/neo4j-apoc-procedures/neo4j-apoc-procedures/docs/asciidoc/modules/ROOT/examples/generated-documentation/apoc.math.cosh-lite.csv
1599,/home/runner/work/neo4j-apoc-procedures/neo4j-apoc-procedures/docs/asciidoc/modules/ROOT/examples/generated-documentation/apoc.math.coth-lite.csv
1600,/home/runner/work/neo4j-apoc-procedures/neo4j-apoc-procedures/docs/asciidoc/modules/ROOT/examples/generated-documentation/apoc.math.csch-lite.csv
1601,/home/runner/work/neo4j-apoc-procedures/neo4j-apoc-procedures/docs/asciidoc/modules/ROOT/examples/generated-documentation/apoc.math.sech-lite.csv
1602,/home/runner/work/neo4j-apoc-procedures/neo4j-apoc-procedures/docs/asciidoc/modules/ROOT/examples/generated-documentation/apoc.math.sigmoid-lite.csv
1603,/home/runner/work/neo4j-apoc-procedures/neo4j-apoc-procedures/docs/asciidoc/modules/ROOT/examples/generated-documentation/apoc.math.sigmoidPrime-lite.csv
1604,/home/runner/work/neo4j-apoc-procedures/neo4j-apoc-procedures/docs/asciidoc/modules/ROOT/examples/generated-documentation/apoc.math.sinh-lite.csv
1605,/home/runner/work/neo4j-apoc-procedures/neo4j-apoc-procedures/docs/asciidoc/modules/ROOT/examples/generated-documentation/apoc.math.tanh-lite.csv
1606,/home/runner/work/neo4j-apoc-procedures/neo4j-apoc-procedures/docs/asciidoc/modules/ROOT/examples/generated-documentation/apoc.schema.relationship.indexExists-lite.csv
1607,/home/runner/work/neo4j-apoc-procedures/neo4j-apoc-procedures/docs/asciidoc/modules/ROOT/pages/overview/apoc.export/apoc.export.arrow.stream.all.adoc
1608,/home/runner/work/neo4j-apoc-procedures/neo4j-apoc-procedures/docs/asciidoc/modules/ROOT/pages/overview/apoc.export/apoc.export.arrow.stream.graph.adoc
1609,/home/runner/work/neo4j-apoc-procedures/neo4j-apoc-procedures/docs/asciidoc/modules/ROOT/pages/overview/apoc.algo/apoc.algo.aStarWithPoint.adoc
1610,/home/runner/work/neo4j-apoc-procedures/neo4j-apoc-procedures/docs/asciidoc/modules/ROOT/pages/overview/apoc.export/apoc.export.arrow.query.adoc
1611,/home/runner/work/neo4j-apoc-procedures/neo4j-apoc-procedures/docs/asciidoc/modules/ROOT/pages/overview/apoc.trigger/apoc.trigger.add.adoc
1612,/home/runner/work/neo4j-apoc-procedures/neo4j-apoc-procedures/docs/asciidoc/modules/ROOT/pages/overview/apoc.export/apoc.export.arrow.graph.adoc
1613,/home/runner/work/neo4j-apoc-procedures/neo4j-apoc-procedures/docs/asciidoc/modules/ROOT/pages/overview/apoc.export/apoc.export.arrow.stream.query.adoc
1614,/home/runner/work/neo4j-apoc-procedures/neo4j-apoc-procedures/docs/asciidoc/modules/ROOT/pages/overview/apoc.export/apoc.export.csv.all.adoc
1615,/home/runner/work/neo4j-apoc-procedures/neo4j-apoc-procedures/docs/asciidoc/modules/ROOT/examples/generated-documentation/apoc.create.uuidHexToBase64-lite.csv
1616,/home/runner/work/neo4j-apoc-procedures/neo4j-apoc-procedures/docs/asciidoc/modules/ROOT/examples/generated-documentation/apoc.load.arrow.stream-lite.csv
1617,/home/runner/work/neo4j-apoc-procedures/neo4j-apoc-procedures/docs/asciidoc/modules/ROOT/examples/generated-documentation/apoc.export.arrow.stream.graph-lite.csv
1618,/home/runner/work/neo4j-apoc-procedures/neo4j-apoc-procedures/docs/asciidoc/modules/ROOT/examples/generated-documentation/apoc.export.arrow.stream.query-lite.csv
1620,/home/runner/work/neo4j-apoc-procedures/neo4j-apoc-procedures/docs/asciidoc/modules/ROOT/examples/generated-documentation/apoc.create.uuidBase64ToHex-lite.csv
1621,/home/runner/work/neo4j-apoc-procedures/neo4j-apoc-procedures/docs/asciidoc/modules/ROOT/examples/generated-documentation/apoc.systemdb.export.metadata-lite.csv
1622,/home/runner/work/neo4j-apoc-procedures/neo4j-apoc-procedures/docs/asciidoc/modules/ROOT/examples/generated-documentation/apoc.any.isDeleted-lite.csv
1623,/home/runner/work/neo4j-apoc-procedures/neo4j-apoc-procedures/docs/asciidoc/modules/ROOT/examples/generated-documentation/apoc.create.uuidBase64-lite.csv
1624,/home/runner/work/neo4j-apoc-procedures/neo4j-apoc-procedures/docs/asciidoc/modules/ROOT/examples/generated-documentation/apoc.load.htmlPlainText-lite.csv
1625,/home/runner/work/neo4j-apoc-procedures/neo4j-apoc-procedures/docs/asciidoc/modules/ROOT/examples/generated-documentation/apoc.merge.nodeWithStats.eager-lite.csv
1626,/home/runner/work/neo4j-apoc-procedures/neo4j-apoc-procedures/docs/asciidoc/modules/ROOT/examples/generated-documentation/apoc.merge.relationshipWithStats.eager-lite.csv
1627,/home/runner/work/neo4j-apoc-procedures/neo4j-apoc-procedures/docs/asciidoc/modules/ROOT/pages/overview/apoc.trigger/apoc.trigger.toNode.adoc
1628,/home/runner/work/neo4j-apoc-procedures/neo4j-apoc-procedures/docs/asciidoc/modules/ROOT/pages/overview/apoc.trigger/apoc.trigger.toRelationship.adoc
1664,/home/runner/work/neo4j-apoc-procedures/neo4j-apoc-procedures/docs/asciidoc/modules/ROOT/pages/overview/apoc.any/apoc.any.isDeleted.adoc
1667,/home/runner/work/neo4j-apoc-procedures/neo4j-apoc-procedures/docs/asciidoc/modules/ROOT/examples/generated-documentation/apoc.merge.relationshipWithStats.eager.adoc
1668,/home/runner/work/neo4j-apoc-procedures/neo4j-apoc-procedures/docs/asciidoc/modules/ROOT/examples/generated-documentation/apoc.merge.nodeWithStats.adoc
1669,/home/runner/work/neo4j-apoc-procedures/neo4j-apoc-procedures/docs/asciidoc/modules/ROOT/examples/generated-documentation/apoc.merge.nodeWithStats.eager.adoc
1670,/home/runner/work/neo4j-apoc-procedures/neo4j-apoc-procedures/docs/asciidoc/modules/ROOT/examples/generated-documentation/apoc.merge.relationshipWithStats.adoc
1671,/home/runner/work/neo4j-apoc-procedures/neo4j-apoc-procedures/docs/asciidoc/modules/ROOT/examples/generated-documentation/apoc.load.htmlPlainText.adoc
1672,/home/runner/work/neo4j-apoc-procedures/neo4j-apoc-procedures/docs/asciidoc/modules/ROOT/examples/generated-documentation/apoc.load.arrow.adoc
1673,/home/runner/work/neo4j-apoc-procedures/neo4j-apoc-procedures/docs/asciidoc/modules/ROOT/examples/generated-documentation/apoc.load.arrow.stream.adoc
1674,/home/runner/work/neo4j-apoc-procedures/neo4j-apoc-procedures/docs/asciidoc/modules/ROOT/examples/generated-documentation/apoc.math.sech.adoc
1675,/home/runner/work/neo4j-apoc-procedures/neo4j-apoc-procedures/docs/asciidoc/modules/ROOT/examples/generated-documentation/apoc.math.csch.adoc
1676,/home/runner/work/neo4j-apoc-procedures/neo4j-apoc-procedures/docs/asciidoc/modules/ROOT/examples/generated-documentation/apoc.math.sigmoid.adoc
1677,/home/runner/work/neo4j-apoc-procedures/neo4j-apoc-procedures/docs/asciidoc/modules/ROOT/examples/generated-documentation/apoc.algo.aStarWithPoint-lite.csv
1678,/home/runner/work/neo4j-apoc-procedures/neo4j-apoc-procedures/docs/asciidoc/modules/ROOT/examples/generated-documentation/apoc.export.arrow.all-lite.csv
1679,/home/runner/work/neo4j-apoc-procedures/neo4j-apoc-procedures/docs/asciidoc/modules/ROOT/examples/generated-documentation/apoc.export.arrow.graph-lite.csv
1680,/home/runner/work/neo4j-apoc-procedures/neo4j-apoc-procedures/docs/asciidoc/modules/ROOT/examples/generated-documentation/apoc.export.arrow.query-lite.csv
1681,/home/runner/work/neo4j-apoc-procedures/neo4j-apoc-procedures/docs/asciidoc/modules/ROOT/examples/generated-documentation/apoc.export.arrow.stream.all-lite.csv
1682,/home/runner/work/neo4j-apoc-procedures/neo4j-apoc-procedures/docs/asciidoc/modules/ROOT/examples/generated-documentation/apoc.trigger.toRelationship.adoc
1683,/home/runner/work/neo4j-apoc-procedures/neo4j-apoc-procedures/docs/asciidoc/modules/ROOT/examples/generated-documentation/apoc.trigger.toNode.adoc
1684,/home/runner/work/neo4j-apoc-procedures/neo4j-apoc-procedures/docs/asciidoc/modules/ROOT/examples/generated-documentation/apoc.schema.relationship.indexExists.adoc
1685,/home/runner/work/neo4j-apoc-procedures/neo4j-apoc-procedures/docs/asciidoc/modules/ROOT/examples/generated-documentation/apoc.math.sigmoidPrime.adoc
1686,/home/runner/work/neo4j-apoc-procedures/neo4j-apoc-procedures/docs/asciidoc/modules/ROOT/examples/generated-documentation/apoc.math.sinh.adoc
1687,/home/runner/work/neo4j-apoc-procedures/neo4j-apoc-procedures/docs/asciidoc/modules/ROOT/examples/generated-documentation/apoc.math.tanh.adoc
1688,/home/runner/work/neo4j-apoc-procedures/neo4j-apoc-procedures/docs/asciidoc/modules/ROOT/examples/generated-documentation/apoc.math.coth.adoc
1689,/home/runner/work/neo4j-apoc-procedures/neo4j-apoc-procedures/docs/asciidoc/modules/ROOT/examples/generated-documentation/apoc.systemdb.export.metadata.adoc
1690,/home/runner/work/neo4j-apoc-procedures/neo4j-apoc-procedures/docs/asciidoc/modules/ROOT/examples/generated-documentation/apoc.math.cosh.adoc
1691,/home/runner/work/neo4j-apoc-procedures/neo4j-apoc-procedures/docs/asciidoc/modules/ROOT/examples/generated-documentation/apoc.any.isDeleted.adoc
2332,/home/runner/work/neo4j-apoc-procedures/neo4j-apoc-procedures/core/target/0438605f-2e49-4612-8959-4dc8bd893788/data/server_id
