,file_name
12,/home/runner/work/neo4j-apoc-procedures/neo4j-apoc-procedures/docs/images/apoc-gephi.gif
137,/home/runner/work/neo4j-apoc-procedures/neo4j-apoc-procedures/docs/asciidoc/modules/ROOT/images/all_cycles.png
348,/home/runner/work/neo4j-apoc-procedures/neo4j-apoc-procedures/extra-dependencies/redis/gradle/wrapper/gradle-wrapper.jar
349,/home/runner/work/neo4j-apoc-procedures/neo4j-apoc-procedures/extra-dependencies/xls/gradle/wrapper/gradle-wrapper.jar
350,/home/runner/work/neo4j-apoc-procedures/neo4j-apoc-procedures/extra-dependencies/nlp/gradle/wrapper/gradle-wrapper.jar
351,/home/runner/work/neo4j-apoc-procedures/neo4j-apoc-procedures/extra-dependencies/mongodb/gradle/wrapper/gradle-wrapper.jar
362,/home/runner/work/neo4j-apoc-procedures/neo4j-apoc-procedures/extra-dependencies/hadoop/gradle/wrapper/gradle-wrapper.jar
365,/home/runner/work/neo4j-apoc-procedures/neo4j-apoc-procedures/extra-dependencies/bolt/gradle/wrapper/gradle-wrapper.jar
366,/home/runner/work/neo4j-apoc-procedures/neo4j-apoc-procedures/extra-dependencies/couchbase/gradle/wrapper/gradle-wrapper.jar
367,/home/runner/work/neo4j-apoc-procedures/neo4j-apoc-procedures/extra-dependencies/email/gradle/wrapper/gradle-wrapper.jar
368,/home/runner/work/neo4j-apoc-procedures/neo4j-apoc-procedures/extra-dependencies/gradle/wrapper/gradle-wrapper.jar
374,/home/runner/work/neo4j-apoc-procedures/neo4j-apoc-procedures/hadoop/bin/hadoop.dll
388,/home/runner/work/neo4j-apoc-procedures/neo4j-apoc-procedures/docs/gradle/wrapper/gradle-wrapper.jar
1457,/home/runner/work/neo4j-apoc-procedures/neo4j-apoc-procedures/docs/asciidoc/aggregation.adoc
1458,/home/runner/work/neo4j-apoc-procedures/neo4j-apoc-procedures/.github/workflows/CI.yaml
1459,/home/runner/work/neo4j-apoc-procedures/neo4j-apoc-procedures/core/import/testCypherShellWithCompoundConstraint.cypher
