,file_name
11,/home/runner/work/neo4j-apoc-procedures/neo4j-apoc-procedures/docs/asciidoc/modules/ROOT/images/apoc-gephi.gif
19,/home/runner/work/neo4j-apoc-procedures/neo4j-apoc-procedures/hadoop/bin/libwinutils.lib
20,/home/runner/work/neo4j-apoc-procedures/neo4j-apoc-procedures/docs/images/apoc.load.json-so-result.png
22,/home/runner/work/neo4j-apoc-procedures/neo4j-apoc-procedures/docs/asciidoc/modules/ROOT/images/apoc.dv.jdbc-queryAndLink.png
23,/home/runner/work/neo4j-apoc-procedures/neo4j-apoc-procedures/docs/asciidoc/modules/ROOT/images/apoc.load.json-so-result.png
64,/home/runner/work/neo4j-apoc-procedures/neo4j-apoc-procedures/docs/images/import_yed.png
66,/home/runner/work/neo4j-apoc-procedures/neo4j-apoc-procedures/docs/asciidoc/modules/ROOT/images/import_yed.png
67,/home/runner/work/neo4j-apoc-procedures/neo4j-apoc-procedures/docs/asciidoc/modules/ROOT/images/apoc.load.json.so.png
68,/home/runner/work/neo4j-apoc-procedures/neo4j-apoc-procedures/docs/images/apoc.load.json.so.png
69,/home/runner/work/neo4j-apoc-procedures/neo4j-apoc-procedures/docs/asciidoc/modules/ROOT/examples/generated-documentation/documentation.csv
71,/home/runner/work/neo4j-apoc-procedures/neo4j-apoc-procedures/docs/asciidoc/modules/ROOT/images/apoc.model.jdbc.png
74,/home/runner/work/neo4j-apoc-procedures/neo4j-apoc-procedures/docs/images/apoc.model.jdbc.png
75,/home/runner/work/neo4j-apoc-procedures/neo4j-apoc-procedures/docs/asciidoc/modules/ROOT/images/apoc.dv.imported-graph-from-RDB.png
79,/home/runner/work/neo4j-apoc-procedures/neo4j-apoc-procedures/docs/asciidoc/modules/ROOT/images/desktop-apoc.jpg
80,/home/runner/work/neo4j-apoc-procedures/neo4j-apoc-procedures/docs/images/apoc.periodic.commit.friends.jpg
81,/home/runner/work/neo4j-apoc-procedures/neo4j-apoc-procedures/docs/asciidoc/modules/ROOT/images/apoc-load-jdbc.jpg
82,/home/runner/work/neo4j-apoc-procedures/neo4j-apoc-procedures/docs/images/desktop-apoc.jpg
83,/home/runner/work/neo4j-apoc-procedures/neo4j-apoc-procedures/docs/asciidoc/modules/ROOT/images/apoc.periodic.commit.friends.jpg
84,/home/runner/work/neo4j-apoc-procedures/neo4j-apoc-procedures/docs/images/apoc-load-jdbc.jpg
85,/home/runner/work/neo4j-apoc-procedures/neo4j-apoc-procedures/docs/asciidoc/modules/ROOT/images/apoc.graph.fromDocument_with_mappings.png
86,/home/runner/work/neo4j-apoc-procedures/neo4j-apoc-procedures/docs/asciidoc/modules/ROOT/images/apoc.meta.stats.png
88,/home/runner/work/neo4j-apoc-procedures/neo4j-apoc-procedures/docs/index.html
89,/home/runner/work/neo4j-apoc-procedures/neo4j-apoc-procedures/docs/asciidoc/modules/ROOT/images/apoc.refactor.cloneNodesWithRelationships.png
91,/home/runner/work/neo4j-apoc-procedures/neo4j-apoc-procedures/docs/asciidoc/modules/ROOT/images/apoc.monitor.png
92,/home/runner/work/neo4j-apoc-procedures/neo4j-apoc-procedures/docs/asciidoc/modules/ROOT/images/apoc.dv.csv-query-integrated.png
93,/home/runner/work/neo4j-apoc-procedures/neo4j-apoc-procedures/docs/asciidoc/modules/ROOT/images/apoc-help.jpg
94,/home/runner/work/neo4j-apoc-procedures/neo4j-apoc-procedures/docs/images/apoc.meta.stats.png
95,/home/runner/work/neo4j-apoc-procedures/neo4j-apoc-procedures/docs/asciidoc/modules/ROOT/images/apoc.graph.fromDocument_with_label_type.png
96,/home/runner/work/neo4j-apoc-procedures/neo4j-apoc-procedures/docs/asciidoc/modules/ROOT/images/apoc.graph.fromDocument_with_label_type_and_id_field.png
97,/home/runner/work/neo4j-apoc-procedures/neo4j-apoc-procedures/docs/asciidoc/modules/ROOT/images/apoc.dv.jdbc-query.png
98,/home/runner/work/neo4j-apoc-procedures/neo4j-apoc-procedures/docs/asciidoc/modules/ROOT/images/apoc.load.jdbc.cassandra.png
99,/home/runner/work/neo4j-apoc-procedures/neo4j-apoc-procedures/docs/images/apoc-help.jpg
100,/home/runner/work/neo4j-apoc-procedures/neo4j-apoc-procedures/docs/images/apoc.meta.data-graph.jpg
101,/home/runner/work/neo4j-apoc-procedures/neo4j-apoc-procedures/docs/asciidoc/modules/ROOT/images/apoc.cypher.runMany.png
102,/home/runner/work/neo4j-apoc-procedures/neo4j-apoc-procedures/docs/asciidoc/modules/ROOT/images/apoc.refactor.cloneNodesWithRelationships.dataset.png
103,/home/runner/work/neo4j-apoc-procedures/neo4j-apoc-procedures/docs/images/apoc-meta-data-northwind-filter.jpg
104,/home/runner/work/neo4j-apoc-procedures/neo4j-apoc-procedures/docs/images/apoc.monitor.png
105,/home/runner/work/neo4j-apoc-procedures/neo4j-apoc-procedures/docs/asciidoc/modules/ROOT/images/apoc-meta-data-northwind-filter.jpg
106,/home/runner/work/neo4j-apoc-procedures/neo4j-apoc-procedures/docs/images/apoc.cypher.runMany.png
107,/home/runner/work/neo4j-apoc-procedures/neo4j-apoc-procedures/docs/asciidoc/modules/ROOT/images/apoc.meta.data-graph.jpg
108,/home/runner/work/neo4j-apoc-procedures/neo4j-apoc-procedures/docs/asciidoc/modules/ROOT/images/apoc.systemdb.graph.png
109,/home/runner/work/neo4j-apoc-procedures/neo4j-apoc-procedures/docs/images/apoc.load.jdbc.cassandra.png
110,/home/runner/work/neo4j-apoc-procedures/neo4j-apoc-procedures/docs/images/apoc.nodes.group.jpg
111,/home/runner/work/neo4j-apoc-procedures/neo4j-apoc-procedures/docs/asciidoc/modules/ROOT/images/apoc.dv.csv-query.png
112,/home/runner/work/neo4j-apoc-procedures/neo4j-apoc-procedures/docs/images/apoc.systemdb.graph.png
113,/home/runner/work/neo4j-apoc-procedures/neo4j-apoc-procedures/docs/asciidoc/modules/ROOT/images/apoc.bolt.execute.createwithparams.PNG
114,/home/runner/work/neo4j-apoc-procedures/neo4j-apoc-procedures/docs/asciidoc/modules/ROOT/images/apoc.dv.csv-queryAndLink.png
115,/home/runner/work/neo4j-apoc-procedures/neo4j-apoc-procedures/docs/asciidoc/modules/ROOT/images/apoc.dv.high-level.png
116,/home/runner/work/neo4j-apoc-procedures/neo4j-apoc-procedures/docs/asciidoc/modules/ROOT/images/import_gephi.png
117,/home/runner/work/neo4j-apoc-procedures/neo4j-apoc-procedures/docs/images/apoc.refactor.mergeNodes.createDataSetSecondExample.png
119,/home/runner/work/neo4j-apoc-procedures/neo4j-apoc-procedures/docs/asciidoc/modules/ROOT/images/apoc.nodes.group.jpg
120,/home/runner/work/neo4j-apoc-procedures/neo4j-apoc-procedures/docs/asciidoc/modules/ROOT/images/apoc.create.vRelationship_func.png
121,/home/runner/work/neo4j-apoc-procedures/neo4j-apoc-procedures/docs/asciidoc/modules/ROOT/images/apoc.bolt.load.returnvirtualpath.PNG
122,/home/runner/work/neo4j-apoc-procedures/neo4j-apoc-procedures/docs/asciidoc/modules/ROOT/images/apoc.bolt.execute.createandstatistics.PNG
123,/home/runner/work/neo4j-apoc-procedures/neo4j-apoc-procedures/docs/images/apoc.mongodb.first.png
124,/home/runner/work/neo4j-apoc-procedures/neo4j-apoc-procedures/docs/asciidoc/modules/ROOT/images/apoc.refactor.cloneNodes.png
125,/home/runner/work/neo4j-apoc-procedures/neo4j-apoc-procedures/docs/asciidoc/modules/ROOT/images/apoc.mongodb.first.png
126,/home/runner/work/neo4j-apoc-procedures/neo4j-apoc-procedures/docs/images/apoc.refactor.mergeNodes.resultSecondExample.png
127,/home/runner/work/neo4j-apoc-procedures/neo4j-apoc-procedures/docs/asciidoc/modules/ROOT/images/apoc.refactor.mergeNodes.resultFirstExample.png
128,/home/runner/work/neo4j-apoc-procedures/neo4j-apoc-procedures/docs/asciidoc/modules/ROOT/images/apoc.refactor.mergeNodes.createDataSetSecondExample.png
129,/home/runner/work/neo4j-apoc-procedures/neo4j-apoc-procedures/docs/asciidoc/modules/ROOT/images/apoc.refactor.mergeNodes.createDataSetFirstExample.png
130,/home/runner/work/neo4j-apoc-procedures/neo4j-apoc-procedures/docs/images/apoc.refactor.mergeNodes.createDataSetFirstExample.png
131,/home/runner/work/neo4j-apoc-procedures/neo4j-apoc-procedures/docs/images/import_gephi.png
132,/home/runner/work/neo4j-apoc-procedures/neo4j-apoc-procedures/docs/asciidoc/modules/ROOT/images/apoc.bolt.load.relmap.PNG
133,/home/runner/work/neo4j-apoc-procedures/neo4j-apoc-procedures/docs/asciidoc/modules/ROOT/images/apoc.schema.nodes.png
134,/home/runner/work/neo4j-apoc-procedures/neo4j-apoc-procedures/docs/images/apoc.graph.validateDocument.png
135,/home/runner/work/neo4j-apoc-procedures/neo4j-apoc-procedures/docs/asciidoc/modules/ROOT/images/user-country-gender.jpg
136,/home/runner/work/neo4j-apoc-procedures/neo4j-apoc-procedures/docs/asciidoc/modules/ROOT/images/apoc.create.vRelationship_proc.png
140,/home/runner/work/neo4j-apoc-procedures/neo4j-apoc-procedures/docs/asciidoc/modules/ROOT/images/rel_types_cycles.png
141,/home/runner/work/neo4j-apoc-procedures/neo4j-apoc-procedures/docs/asciidoc/modules/ROOT/images/apoc.load.jdbc.neo4j.png
142,/home/runner/work/neo4j-apoc-procedures/neo4j-apoc-procedures/docs/images/apoc.refactor.mergeNodes.resultFirstExample.png
145,/home/runner/work/neo4j-apoc-procedures/neo4j-apoc-procedures/docs/asciidoc/modules/ROOT/images/apoc.refactor.mergeNodes.resultSecondExample.png
147,/home/runner/work/neo4j-apoc-procedures/neo4j-apoc-procedures/docs/asciidoc/modules/ROOT/images/apoc-jdbc-northwind-load.jpg
148,/home/runner/work/neo4j-apoc-procedures/neo4j-apoc-procedures/docs/asciidoc/modules/ROOT/images/apoc.bolt.execute.scalarmulti.PNG
150,/home/runner/work/neo4j-apoc-procedures/neo4j-apoc-procedures/docs/images/export-cypher-plain-editor.png
151,/home/runner/work/neo4j-apoc-procedures/neo4j-apoc-procedures/docs/images/user-country-gender.jpg
152,/home/runner/work/neo4j-apoc-procedures/neo4j-apoc-procedures/docs/asciidoc/modules/ROOT/images/export-cypher-plain-editor.png
153,/home/runner/work/neo4j-apoc-procedures/neo4j-apoc-procedures/docs/asciidoc/modules/ROOT/images/apoc.refactor.cloneNodes.dataset.png
154,/home/runner/work/neo4j-apoc-procedures/neo4j-apoc-procedures/docs/antora/package-lock.json
155,/home/runner/work/neo4j-apoc-procedures/neo4j-apoc-procedures/docs/asciidoc/modules/ROOT/images/apoc.create.virtualPath.png
156,/home/runner/work/neo4j-apoc-procedures/neo4j-apoc-procedures/docs/asciidoc/modules/ROOT/images/apoc.meta.graph.example.png
157,/home/runner/work/neo4j-apoc-procedures/neo4j-apoc-procedures/docs/images/apoc.load.htmlconfig.png
158,/home/runner/work/neo4j-apoc-procedures/neo4j-apoc-procedures/docs/asciidoc/modules/ROOT/images/apoc.graph.validateDocument.png
159,/home/runner/work/neo4j-apoc-procedures/neo4j-apoc-procedures/docs/images/apoc.schema.nodes.png
160,/home/runner/work/neo4j-apoc-procedures/neo4j-apoc-procedures/docs/asciidoc/modules/ROOT/images/apoc.meta.graph.of.png
161,/home/runner/work/neo4j-apoc-procedures/neo4j-apoc-procedures/docs/asciidoc/modules/ROOT/images/apoc-help-apoc.jpg
162,/home/runner/work/neo4j-apoc-procedures/neo4j-apoc-procedures/docs/asciidoc/modules/ROOT/images/apoc.bolt.load.virtualnode.PNG
163,/home/runner/work/neo4j-apoc-procedures/neo4j-apoc-procedures/docs/asciidoc/modules/ROOT/images/apoc.bolt.execute.nodemap.PNG
164,/home/runner/work/neo4j-apoc-procedures/neo4j-apoc-procedures/docs/asciidoc/modules/ROOT/images/apoc.load.htmlconfig.png
165,/home/runner/work/neo4j-apoc-procedures/neo4j-apoc-procedures/docs/asciidoc/modules/ROOT/images/apoc.dv.rdb-schema-diagram.png
166,/home/runner/work/neo4j-apoc-procedures/neo4j-apoc-procedures/docs/images/apoc-jdbc-northwind-load.jpg
167,/home/runner/work/neo4j-apoc-procedures/neo4j-apoc-procedures/docs/images/apoc.load.htmlall.png
168,/home/runner/work/neo4j-apoc-procedures/neo4j-apoc-procedures/docs/images/apoc-help-apoc.jpg
169,/home/runner/work/neo4j-apoc-procedures/neo4j-apoc-procedures/docs/images/apoc.trigger.pause.png
170,/home/runner/work/neo4j-apoc-procedures/neo4j-apoc-procedures/docs/images/apoc.load.htmllinks.png
171,/home/runner/work/neo4j-apoc-procedures/neo4j-apoc-procedures/docs/images/dbms.functions.jpg
172,/home/runner/work/neo4j-apoc-procedures/neo4j-apoc-procedures/docs/images/apoc.trigger.resume.png
173,/home/runner/work/neo4j-apoc-procedures/neo4j-apoc-procedures/docs/asciidoc/modules/ROOT/images/apoc.load.htmllinks.png
174,/home/runner/work/neo4j-apoc-procedures/neo4j-apoc-procedures/docs/asciidoc/modules/ROOT/images/apoc.load.htmlall.png
176,/home/runner/work/neo4j-apoc-procedures/neo4j-apoc-procedures/docs/asciidoc/modules/ROOT/images/dbms.functions.jpg
178,/home/runner/work/neo4j-apoc-procedures/neo4j-apoc-procedures/docs/asciidoc/modules/ROOT/images/apoc.trigger.pause.png
179,/home/runner/work/neo4j-apoc-procedures/neo4j-apoc-procedures/docs/asciidoc/modules/ROOT/images/apoc.es.get.png
180,/home/runner/work/neo4j-apoc-procedures/neo4j-apoc-procedures/docs/images/apoc.refactor.cloneSubgraph-tree-example-after.png
182,/home/runner/work/neo4j-apoc-procedures/neo4j-apoc-procedures/docs/asciidoc/modules/ROOT/images/apoc.generate.complete.png
184,/home/runner/work/neo4j-apoc-procedures/neo4j-apoc-procedures/docs/asciidoc/modules/ROOT/images/apoc.dbms.procedure.count.jpg
186,/home/runner/work/neo4j-apoc-procedures/neo4j-apoc-procedures/hadoop/bin/winutils.exe
187,/home/runner/work/neo4j-apoc-procedures/neo4j-apoc-procedures/docs/asciidoc/modules/ROOT/images/apoc.trigger.resume.png
188,/home/runner/work/neo4j-apoc-procedures/neo4j-apoc-procedures/docs/images/apoc.dbms.procedure.count.jpg
189,/home/runner/work/neo4j-apoc-procedures/neo4j-apoc-procedures/docs/images/azure-quickstart.png
190,/home/runner/work/neo4j-apoc-procedures/neo4j-apoc-procedures/docs/images/apoc.es.get.png
191,/home/runner/work/neo4j-apoc-procedures/neo4j-apoc-procedures/docs/asciidoc/modules/ROOT/images/grouping-country-all.jpg
192,/home/runner/work/neo4j-apoc-procedures/neo4j-apoc-procedures/docs/images/apoc.trigger.add.setAllConnectedNodes.dataset.png
193,/home/runner/work/neo4j-apoc-procedures/neo4j-apoc-procedures/docs/asciidoc/modules/ROOT/images/azure-quickstart.png
194,/home/runner/work/neo4j-apoc-procedures/neo4j-apoc-procedures/docs/images/grouping-country-all.jpg
197,/home/runner/work/neo4j-apoc-procedures/neo4j-apoc-procedures/docs/images/apoc.schema.relationships.png
199,/home/runner/work/neo4j-apoc-procedures/neo4j-apoc-procedures/docs/images/apoc.trigger.add.create-rel-new-node.png
229,/home/runner/work/neo4j-apoc-procedures/neo4j-apoc-procedures/docs/asciidoc/modules/ROOT/images/apoc.import.xml.svg
230,/home/runner/work/neo4j-apoc-procedures/neo4j-apoc-procedures/docs/asciidoc/modules/ROOT/images/apoc.meta.graph.jpg
231,/home/runner/work/neo4j-apoc-procedures/neo4j-apoc-procedures/docs/images/apoc.import.xml.svg
232,/home/runner/work/neo4j-apoc-procedures/neo4j-apoc-procedures/docs/asciidoc/modules/ROOT/images/apoc.trigger.add.create-rel-new-node.png
233,/home/runner/work/neo4j-apoc-procedures/neo4j-apoc-procedures/docs/asciidoc/modules/ROOT/images/apoc.schema.relationships.png
234,/home/runner/work/neo4j-apoc-procedures/neo4j-apoc-procedures/docs/asciidoc/modules/ROOT/images/apoc.refactor.mergeNodes.resultSecondExampleData.png
235,/home/runner/work/neo4j-apoc-procedures/neo4j-apoc-procedures/docs/images/apoc.load.xml.xpath.png
236,/home/runner/work/neo4j-apoc-procedures/neo4j-apoc-procedures/docs/asciidoc/modules/ROOT/images/apoc.refactor.cloneSubgraph-tree-example-after.png
238,/home/runner/work/neo4j-apoc-procedures/neo4j-apoc-procedures/docs/images/load.xls.jpg
239,/home/runner/work/neo4j-apoc-procedures/neo4j-apoc-procedures/docs/asciidoc/modules/ROOT/images/apoc.refactor.cloneSubgraphFromPaths-after.png
240,/home/runner/work/neo4j-apoc-procedures/neo4j-apoc-procedures/docs/asciidoc/modules/ROOT/images/apoc.refactor.cloneSubgraph-tree-example.png
241,/home/runner/work/neo4j-apoc-procedures/neo4j-apoc-procedures/docs/images/apoc.refactor.mergeNodes.resultSecondExampleData.png
242,/home/runner/work/neo4j-apoc-procedures/neo4j-apoc-procedures/docs/asciidoc/modules/ROOT/images/apoc.trigger.add.setAllConnectedNodes.dataset.png
244,/home/runner/work/neo4j-apoc-procedures/neo4j-apoc-procedures/docs/images/apoc.schema.relationship.constraintExists.png
245,/home/runner/work/neo4j-apoc-procedures/neo4j-apoc-procedures/docs/asciidoc/modules/ROOT/images/apoc.trigger.add.setLabels.png
246,/home/runner/work/neo4j-apoc-procedures/neo4j-apoc-procedures/docs/asciidoc/modules/ROOT/images/cycles_max_depth_1.png
247,/home/runner/work/neo4j-apoc-procedures/neo4j-apoc-procedures/docs/asciidoc/modules/ROOT/images/dataset_cycle.png
248,/home/runner/work/neo4j-apoc-procedures/neo4j-apoc-procedures/docs/images/apoc.trigger.add.setLabels.png
249,/home/runner/work/neo4j-apoc-procedures/neo4j-apoc-procedures/docs/asciidoc/modules/ROOT/images/apoc.generate.ba.png
250,/home/runner/work/neo4j-apoc-procedures/neo4j-apoc-procedures/docs/images/apoc.meta.graph.jpg
251,/home/runner/work/neo4j-apoc-procedures/neo4j-apoc-procedures/docs/asciidoc/modules/ROOT/images/apoc.load.xml.xpath.png
253,/home/runner/work/neo4j-apoc-procedures/neo4j-apoc-procedures/docs/asciidoc/modules/ROOT/images/apoc.create.vRelationship.png
255,/home/runner/work/neo4j-apoc-procedures/neo4j-apoc-procedures/docs/asciidoc/modules/ROOT/images/apoc.create.vRelationshipTwo.png
256,/home/runner/work/neo4j-apoc-procedures/neo4j-apoc-procedures/docs/asciidoc/modules/ROOT/images/apoc.trigger.add.setAllConnectedNodes.png
257,/home/runner/work/neo4j-apoc-procedures/neo4j-apoc-procedures/docs/asciidoc/modules/ROOT/images/apoc.schema.node.indexExists.png
258,/home/runner/work/neo4j-apoc-procedures/neo4j-apoc-procedures/docs/images/apoc.schema.node.indexExists.png
259,/home/runner/work/neo4j-apoc-procedures/neo4j-apoc-procedures/docs/images/apoc.schema.node.constraintExists.png
260,/home/runner/work/neo4j-apoc-procedures/neo4j-apoc-procedures/docs/asciidoc/modules/ROOT/images/apoc.schema.relationship.constraintExists.png
262,/home/runner/work/neo4j-apoc-procedures/neo4j-apoc-procedures/docs/asciidoc/modules/ROOT/images/apoc.schema.node.constraintExists.png
263,/home/runner/work/neo4j-apoc-procedures/neo4j-apoc-procedures/docs/images/apoc-load-json-so.svg
264,/home/runner/work/neo4j-apoc-procedures/neo4j-apoc-procedures/docs/images/apoc-manual-indexes-nodes.png
265,/home/runner/work/neo4j-apoc-procedures/neo4j-apoc-procedures/docs/images/apoc.graph.png
267,/home/runner/work/neo4j-apoc-procedures/neo4j-apoc-procedures/docs/asciidoc/modules/ROOT/images/apoc.refactor.cloneSubgraph-after.png
268,/home/runner/work/neo4j-apoc-procedures/neo4j-apoc-procedures/docs/images/apoc.trigger.add.setAllConnectedNodes.png
269,/home/runner/work/neo4j-apoc-procedures/neo4j-apoc-procedures/docs/images/apoc.load.xls_3.png
271,/home/runner/work/neo4j-apoc-procedures/neo4j-apoc-procedures/hadoop/bin/hdfs.dll
272,/home/runner/work/neo4j-apoc-procedures/neo4j-apoc-procedures/docs/images/apoc.index.nodes-with-score.jpg
273,/home/runner/work/neo4j-apoc-procedures/neo4j-apoc-procedures/docs/images/apoc.trigger.add.setLabelsResult.png
274,/home/runner/work/neo4j-apoc-procedures/neo4j-apoc-procedures/docs/asciidoc/modules/ROOT/images/load.xls.jpg
282,/home/runner/work/neo4j-apoc-procedures/neo4j-apoc-procedures/docs/asciidoc/modules/ROOT/images/apoc-manual-indexes-nodes.png
288,/home/runner/work/neo4j-apoc-procedures/neo4j-apoc-procedures/docs/asciidoc/modules/ROOT/images/apoc.index.nodes-with-score.jpg
307,/home/runner/work/neo4j-apoc-procedures/neo4j-apoc-procedures/docs/asciidoc/modules/ROOT/images/apoc-load-json-so.svg
310,/home/runner/work/neo4j-apoc-procedures/neo4j-apoc-procedures/docs/images/apoc.refactor.cloneSubgraph-tree-example.png
323,/home/runner/work/neo4j-apoc-procedures/neo4j-apoc-procedures/docs/images/apoc.load.xmlSimple.ex1.png
324,/home/runner/work/neo4j-apoc-procedures/neo4j-apoc-procedures/docs/asciidoc/modules/ROOT/examples/generated-documentation/apoc.meta.nodes.count.adoc
325,/home/runner/work/neo4j-apoc-procedures/neo4j-apoc-procedures/docs/images/apoc.load.xls_2.png
326,/home/runner/work/neo4j-apoc-procedures/neo4j-apoc-procedures/docs/images/apoc.load.xml.xpath2.png
327,/home/runner/work/neo4j-apoc-procedures/neo4j-apoc-procedures/docs/asciidoc/modules/ROOT/examples/generated-documentation/apoc.meta.stats.adoc
328,/home/runner/work/neo4j-apoc-procedures/neo4j-apoc-procedures/docs/images/apoc.create.vPattern.png
329,/home/runner/work/neo4j-apoc-procedures/neo4j-apoc-procedures/docs/images/apoc.load.xmlSimple.ex2.png
330,/home/runner/work/neo4j-apoc-procedures/neo4j-apoc-procedures/docs/asciidoc/modules/ROOT/examples/generated-documentation/apoc.meta-lite.csv
331,/home/runner/work/neo4j-apoc-procedures/neo4j-apoc-procedures/docs/images/apoc.bolt.load.returnvirtualpath.PNG
332,/home/runner/work/neo4j-apoc-procedures/neo4j-apoc-procedures/docs/asciidoc/modules/ROOT/examples/generated-documentation/apoc.nodes.link.adoc
333,/home/runner/work/neo4j-apoc-procedures/neo4j-apoc-procedures/docs/asciidoc/modules/ROOT/examples/generated-documentation/apoc.nodes.cycles.adoc
334,/home/runner/work/neo4j-apoc-procedures/neo4j-apoc-procedures/docs/images/apoc.graph.fromDocument_1.png
335,/home/runner/work/neo4j-apoc-procedures/neo4j-apoc-procedures/docs/images/apoc.import.graphml.simple.png
336,/home/runner/work/neo4j-apoc-procedures/neo4j-apoc-procedures/docs/images/apoc-manual-indexes-relationship.png
337,/home/runner/work/neo4j-apoc-procedures/neo4j-apoc-procedures/docs/images/apoc.create.vRelationshipAndvNode.png
338,/home/runner/work/neo4j-apoc-procedures/neo4j-apoc-procedures/docs/images/apoc.create.vPatternFullTwo.png
339,/home/runner/work/neo4j-apoc-procedures/neo4j-apoc-procedures/docs/images/apoc.create.vPatternLabels.png
340,/home/runner/work/neo4j-apoc-procedures/neo4j-apoc-procedures/docs/images/apoc.load.xls_1.png
341,/home/runner/work/neo4j-apoc-procedures/neo4j-apoc-procedures/docs/asciidoc/modules/ROOT/images/apoc.refactor.categorize.png
342,/home/runner/work/neo4j-apoc-procedures/neo4j-apoc-procedures/docs/asciidoc/modules/ROOT/images/apoc.refactor.cloneSubgraph-before.png
343,/home/runner/work/neo4j-apoc-procedures/neo4j-apoc-procedures/docs/asciidoc/modules/ROOT/pages/overview/apoc.export/apoc.export.cypher.all.adoc
344,/home/runner/work/neo4j-apoc-procedures/neo4j-apoc-procedures/docs/asciidoc/modules/ROOT/images/apoc.nodes.collapse_1.png
345,/home/runner/work/neo4j-apoc-procedures/neo4j-apoc-procedures/docs/asciidoc/modules/ROOT/images/apoc.nodes.collapse_2.png
346,/home/runner/work/neo4j-apoc-procedures/neo4j-apoc-procedures/docs/asciidoc/modules/ROOT/images/apoc.nodes.collapse_3.png
347,/home/runner/work/neo4j-apoc-procedures/neo4j-apoc-procedures/docs/asciidoc/modules/ROOT/pages/overview/apoc.export/apoc.export.csv.query.adoc
348,/home/runner/work/neo4j-apoc-procedures/neo4j-apoc-procedures/docs/asciidoc/modules/ROOT/pages/overview/apoc.export/apoc.export.csv.graph.adoc
349,/home/runner/work/neo4j-apoc-procedures/neo4j-apoc-procedures/docs/asciidoc/modules/ROOT/pages/overview/apoc.cypher/apoc.cypher.parallel2.adoc
350,/home/runner/work/neo4j-apoc-procedures/neo4j-apoc-procedures/docs/asciidoc/modules/ROOT/images/apoc.systemdb.graph.svg
351,/home/runner/work/neo4j-apoc-procedures/neo4j-apoc-procedures/docs/asciidoc/modules/ROOT/images/apoc.trigger.add.setLabelsResult.png
352,/home/runner/work/neo4j-apoc-procedures/neo4j-apoc-procedures/docs/asciidoc/modules/ROOT/images/azure-quickstart-2.png
353,/home/runner/work/neo4j-apoc-procedures/neo4j-apoc-procedures/docs/asciidoc/modules/ROOT/pages/overview/apoc.cypher/apoc.cypher.parallel.adoc
354,/home/runner/work/neo4j-apoc-procedures/neo4j-apoc-procedures/docs/asciidoc/modules/ROOT/pages/overview/apoc.cypher/apoc.cypher.mapParallel2.adoc
355,/home/runner/work/neo4j-apoc-procedures/neo4j-apoc-procedures/docs/asciidoc/modules/ROOT/pages/overview/apoc.cypher/apoc.cypher.mapParallel.adoc
356,/home/runner/work/neo4j-apoc-procedures/neo4j-apoc-procedures/docs/asciidoc/modules/ROOT/images/grouping-country-filter.jpg
357,/home/runner/work/neo4j-apoc-procedures/neo4j-apoc-procedures/docs/asciidoc/modules/ROOT/images/play-movies.png
358,/home/runner/work/neo4j-apoc-procedures/neo4j-apoc-procedures/docs/asciidoc/modules/ROOT/images/apoc.refactor.invert.dataset.png
359,/home/runner/work/neo4j-apoc-procedures/neo4j-apoc-procedures/docs/asciidoc/modules/ROOT/images/apoc.refactor.invert.png
360,/home/runner/work/neo4j-apoc-procedures/neo4j-apoc-procedures/docs/asciidoc/modules/ROOT/pages/overview/apoc.export/apoc.export.cypher.data.adoc
361,/home/runner/work/neo4j-apoc-procedures/neo4j-apoc-procedures/docs/asciidoc/modules/ROOT/pages/overview/apoc.export/apoc.export.cypher.graph.adoc
362,/home/runner/work/neo4j-apoc-procedures/neo4j-apoc-procedures/docs/asciidoc/modules/ROOT/pages/overview/apoc.export/apoc.export.cypher.query.adoc
363,/home/runner/work/neo4j-apoc-procedures/neo4j-apoc-procedures/docs/asciidoc/modules/ROOT/pages/overview/apoc.graph/apoc.graph.fromPath.adoc
364,/home/runner/work/neo4j-apoc-procedures/neo4j-apoc-procedures/docs/asciidoc/modules/ROOT/pages/overview/apoc.graph/apoc.graph.fromDocument.adoc
365,/home/runner/work/neo4j-apoc-procedures/neo4j-apoc-procedures/docs/asciidoc/modules/ROOT/images/apoc-manual-indexes-relationship.png
366,/home/runner/work/neo4j-apoc-procedures/neo4j-apoc-procedures/docs/asciidoc/modules/ROOT/pages/overview/apoc.graph/apoc.graph.fromPaths.adoc
367,/home/runner/work/neo4j-apoc-procedures/neo4j-apoc-procedures/docs/asciidoc/modules/ROOT/pages/overview/apoc.graph/apoc.graph.validateDocument.adoc
368,/home/runner/work/neo4j-apoc-procedures/neo4j-apoc-procedures/docs/asciidoc/modules/ROOT/pages/overview/apoc.export/apoc.export.cypher.schema.adoc
369,/home/runner/work/neo4j-apoc-procedures/neo4j-apoc-procedures/docs/asciidoc/modules/ROOT/pages/overview/apoc.export/apoc.export.graphml.query.adoc
370,/home/runner/work/neo4j-apoc-procedures/neo4j-apoc-procedures/docs/asciidoc/modules/ROOT/images/apoc.load.xls_2.png
371,/home/runner/work/neo4j-apoc-procedures/neo4j-apoc-procedures/docs/asciidoc/modules/ROOT/images/apoc.load.xls_3.png
372,/home/runner/work/neo4j-apoc-procedures/neo4j-apoc-procedures/docs/asciidoc/modules/ROOT/pages/overview/apoc.export/apoc.export.json.data.adoc
373,/home/runner/work/neo4j-apoc-procedures/neo4j-apoc-procedures/docs/asciidoc/modules/ROOT/pages/overview/apoc.export/apoc.export.json.all.adoc
374,/home/runner/work/neo4j-apoc-procedures/neo4j-apoc-procedures/docs/asciidoc/modules/ROOT/images/apoc.load.xml.xpath2.png
375,/home/runner/work/neo4j-apoc-procedures/neo4j-apoc-procedures/docs/asciidoc/modules/ROOT/images/apoc.load.xmlSimple.ex1.png
376,/home/runner/work/neo4j-apoc-procedures/neo4j-apoc-procedures/docs/asciidoc/modules/ROOT/pages/overview/apoc.export/apoc.export.graphml.graph.adoc
377,/home/runner/work/neo4j-apoc-procedures/neo4j-apoc-procedures/docs/asciidoc/modules/ROOT/pages/overview/apoc.export/apoc.export.json.graph.adoc
378,/home/runner/work/neo4j-apoc-procedures/neo4j-apoc-procedures/docs/asciidoc/modules/ROOT/pages/overview/apoc.export/apoc.export.graphml.data.adoc
379,/home/runner/work/neo4j-apoc-procedures/neo4j-apoc-procedures/docs/asciidoc/modules/ROOT/pages/overview/apoc.export/apoc.export.graphml.all.adoc
380,/home/runner/work/neo4j-apoc-procedures/neo4j-apoc-procedures/docs/asciidoc/modules/ROOT/pages/overview/apoc.export/apoc.export.cypherQuery.adoc
381,/home/runner/work/neo4j-apoc-procedures/neo4j-apoc-procedures/docs/asciidoc/modules/ROOT/pages/overview/apoc.export/apoc.export.cypherGraph.adoc
382,/home/runner/work/neo4j-apoc-procedures/neo4j-apoc-procedures/docs/asciidoc/modules/ROOT/pages/overview/apoc.export/apoc.export.cypherData.adoc
383,/home/runner/work/neo4j-apoc-procedures/neo4j-apoc-procedures/docs/asciidoc/modules/ROOT/pages/overview/apoc.export/apoc.export.cypherAll.adoc
384,/home/runner/work/neo4j-apoc-procedures/neo4j-apoc-procedures/docs/asciidoc/modules/ROOT/images/apoc.load.xls_1.png
385,/home/runner/work/neo4j-apoc-procedures/neo4j-apoc-procedures/docs/asciidoc/modules/ROOT/pages/overview/apoc.export/apoc.export.json.query.adoc
386,/home/runner/work/neo4j-apoc-procedures/neo4j-apoc-procedures/docs/asciidoc/modules/ROOT/images/apoc.graph.fromDocument_1.png
387,/home/runner/work/neo4j-apoc-procedures/neo4j-apoc-procedures/docs/asciidoc/modules/ROOT/images/apoc.create.vPatternLabels.png
388,/home/runner/work/neo4j-apoc-procedures/neo4j-apoc-procedures/docs/asciidoc/modules/ROOT/images/apoc.create.vRelationshipAndvNode.png
389,/home/runner/work/neo4j-apoc-procedures/neo4j-apoc-procedures/docs/asciidoc/modules/ROOT/images/apoc.generate.er.png
390,/home/runner/work/neo4j-apoc-procedures/neo4j-apoc-procedures/docs/asciidoc/modules/ROOT/images/apoc.generate.ws.png
391,/home/runner/work/neo4j-apoc-procedures/neo4j-apoc-procedures/docs/asciidoc/modules/ROOT/images/apoc.graph.fromDocument_with_relMapping.png
392,/home/runner/work/neo4j-apoc-procedures/neo4j-apoc-procedures/docs/asciidoc/modules/ROOT/pages/overview/apoc.export/apoc.export.xls.all.adoc
393,/home/runner/work/neo4j-apoc-procedures/neo4j-apoc-procedures/docs/asciidoc/modules/ROOT/images/apoc.graph.png
394,/home/runner/work/neo4j-apoc-procedures/neo4j-apoc-procedures/docs/asciidoc/modules/ROOT/images/apoc.import.graphml.simple.png
395,/home/runner/work/neo4j-apoc-procedures/neo4j-apoc-procedures/docs/asciidoc/modules/ROOT/pages/overview/apoc.export/index.adoc
396,/home/runner/work/neo4j-apoc-procedures/neo4j-apoc-procedures/docs/asciidoc/modules/ROOT/pages/overview/apoc.export/apoc.export.xls.query.adoc
397,/home/runner/work/neo4j-apoc-procedures/neo4j-apoc-procedures/docs/asciidoc/modules/ROOT/pages/overview/apoc.export/apoc.export.xls.graph.adoc
398,/home/runner/work/neo4j-apoc-procedures/neo4j-apoc-procedures/docs/asciidoc/modules/ROOT/pages/overview/apoc.export/apoc.export.xls.data.adoc
399,/home/runner/work/neo4j-apoc-procedures/neo4j-apoc-procedures/docs/asciidoc/modules/ROOT/pages/overview/apoc.any/index.adoc
400,/home/runner/work/neo4j-apoc-procedures/neo4j-apoc-procedures/docs/asciidoc/modules/ROOT/pages/overview/apoc.algo/index.adoc
401,/home/runner/work/neo4j-apoc-procedures/neo4j-apoc-procedures/docs/asciidoc/modules/ROOT/pages/overview/apoc.algo/apoc.algo.aStarConfig.adoc
402,/home/runner/work/neo4j-apoc-procedures/neo4j-apoc-procedures/docs/asciidoc/modules/ROOT/pages/overview/apoc.create/apoc.create.clonePathToVirtual.adoc
403,/home/runner/work/neo4j-apoc-procedures/neo4j-apoc-procedures/docs/asciidoc/modules/ROOT/pages/overview/apoc.create/apoc.create.clonePathsToVirtual.adoc
404,/home/runner/work/neo4j-apoc-procedures/neo4j-apoc-procedures/docs/asciidoc/modules/ROOT/pages/export/cypher.adoc
405,/home/runner/work/neo4j-apoc-procedures/neo4j-apoc-procedures/docs/asciidoc/modules/ROOT/pages/overview/apoc.create/index.adoc
406,/home/runner/work/neo4j-apoc-procedures/neo4j-apoc-procedures/docs/asciidoc/modules/ROOT/pages/overview/apoc.convert/apoc.convert.fromJsonMap.adoc
408,/home/runner/work/neo4j-apoc-procedures/neo4j-apoc-procedures/docs/asciidoc/modules/ROOT/pages/overview/apoc.convert/apoc.convert.getJsonPropertyMap.adoc
409,/home/runner/work/neo4j-apoc-procedures/neo4j-apoc-procedures/docs/asciidoc/modules/ROOT/pages/overview/apoc.convert/apoc.convert.getJsonProperty.adoc
410,/home/runner/work/neo4j-apoc-procedures/neo4j-apoc-procedures/docs/asciidoc/modules/ROOT/pages/graph-querying/expand-paths-config.adoc
411,/home/runner/work/neo4j-apoc-procedures/neo4j-apoc-procedures/docs/asciidoc/modules/ROOT/partials/usage/apoc.path.expandConfig.adoc
412,/home/runner/work/neo4j-apoc-procedures/neo4j-apoc-procedures/docs/asciidoc/modules/ROOT/examples/generated-documentation/apoc.schema-lite.csv
413,/home/runner/work/neo4j-apoc-procedures/neo4j-apoc-procedures/docs/asciidoc/modules/ROOT/examples/generated-documentation/apoc.schema.node.constraintExists.adoc
414,/home/runner/work/neo4j-apoc-procedures/neo4j-apoc-procedures/docs/asciidoc/modules/ROOT/examples/generated-documentation/apoc.schema.relationships-lite.csv
415,/home/runner/work/neo4j-apoc-procedures/neo4j-apoc-procedures/docs/asciidoc/modules/ROOT/examples/generated-documentation/apoc.schema.node.indexExists.adoc
416,/home/runner/work/neo4j-apoc-procedures/neo4j-apoc-procedures/docs/asciidoc/modules/ROOT/examples/generated-documentation/apoc.schema.relationship.csv
417,/home/runner/work/neo4j-apoc-procedures/neo4j-apoc-procedures/docs/asciidoc/modules/ROOT/examples/generated-documentation/apoc.schema.relationship-lite.csv
418,/home/runner/work/neo4j-apoc-procedures/neo4j-apoc-procedures/docs/asciidoc/modules/ROOT/examples/generated-documentation/apoc.schema.relationship.constraintExists.adoc
419,/home/runner/work/neo4j-apoc-procedures/neo4j-apoc-procedures/docs/asciidoc/modules/ROOT/examples/generated-documentation/apoc.ttl.config.adoc
420,/home/runner/work/neo4j-apoc-procedures/neo4j-apoc-procedures/docs/asciidoc/modules/ROOT/examples/generated-documentation/apoc.trigger-lite.csv
421,/home/runner/work/neo4j-apoc-procedures/neo4j-apoc-procedures/docs/asciidoc/modules/ROOT/examples/generated-documentation/apoc.trigger.add.adoc
422,/home/runner/work/neo4j-apoc-procedures/neo4j-apoc-procedures/docs/asciidoc/modules/ROOT/examples/generated-documentation/apoc.trigger.csv
423,/home/runner/work/neo4j-apoc-procedures/neo4j-apoc-procedures/docs/asciidoc/modules/ROOT/pages/overview/apoc.import/apoc.import.json.adoc
424,/home/runner/work/neo4j-apoc-procedures/neo4j-apoc-procedures/docs/asciidoc/modules/ROOT/pages/overview/apoc.import/apoc.import.graphml.adoc
425,/home/runner/work/neo4j-apoc-procedures/neo4j-apoc-procedures/docs/asciidoc/modules/ROOT/pages/overview/apoc.load/index.adoc
426,/home/runner/work/neo4j-apoc-procedures/neo4j-apoc-procedures/docs/asciidoc/modules/ROOT/examples/generated-documentation/apoc.convert.getJsonPropertyMap.adoc
427,/home/runner/work/neo4j-apoc-procedures/neo4j-apoc-procedures/docs/asciidoc/modules/ROOT/examples/generated-documentation/apoc.convert.fromJsonMap.adoc
428,/home/runner/work/neo4j-apoc-procedures/neo4j-apoc-procedures/docs/asciidoc/modules/ROOT/examples/generated-documentation/apoc.convert.fromJsonList.adoc
429,/home/runner/work/neo4j-apoc-procedures/neo4j-apoc-procedures/docs/asciidoc/modules/ROOT/examples/generated-documentation/apoc.convert.csv
430,/home/runner/work/neo4j-apoc-procedures/neo4j-apoc-procedures/docs/asciidoc/modules/ROOT/examples/generated-documentation/apoc.convert.toJson.adoc
431,/home/runner/work/neo4j-apoc-procedures/neo4j-apoc-procedures/docs/asciidoc/modules/ROOT/examples/generated-documentation/apoc.couchbase.append.adoc
432,/home/runner/work/neo4j-apoc-procedures/neo4j-apoc-procedures/docs/asciidoc/modules/ROOT/examples/generated-documentation/apoc.create.uuidHexToBase64.adoc
433,/home/runner/work/neo4j-apoc-procedures/neo4j-apoc-procedures/docs/asciidoc/modules/ROOT/examples/generated-documentation/apoc.create.uuidBase64ToHex.adoc
434,/home/runner/work/neo4j-apoc-procedures/neo4j-apoc-procedures/docs/asciidoc/modules/ROOT/examples/generated-documentation/apoc.create.uuidBase64.adoc
435,/home/runner/work/neo4j-apoc-procedures/neo4j-apoc-procedures/docs/asciidoc/modules/ROOT/examples/generated-documentation/apoc.cypher.parallel2.adoc
436,/home/runner/work/neo4j-apoc-procedures/neo4j-apoc-procedures/docs/asciidoc/modules/ROOT/examples/generated-documentation/apoc.cypher.parallel.adoc
437,/home/runner/work/neo4j-apoc-procedures/neo4j-apoc-procedures/docs/asciidoc/modules/ROOT/examples/generated-documentation/apoc.cypher.csv
438,/home/runner/work/neo4j-apoc-procedures/neo4j-apoc-procedures/docs/asciidoc/modules/ROOT/examples/generated-documentation/apoc.create-lite.csv
442,/home/runner/work/neo4j-apoc-procedures/neo4j-apoc-procedures/docs/asciidoc/modules/ROOT/examples/generated-documentation/apoc.create.clonePathToVirtual.adoc
443,/home/runner/work/neo4j-apoc-procedures/neo4j-apoc-procedures/docs/asciidoc/modules/ROOT/examples/generated-documentation/apoc.couchbase.prepend.adoc
444,/home/runner/work/neo4j-apoc-procedures/neo4j-apoc-procedures/docs/asciidoc/modules/ROOT/examples/generated-documentation/apoc.create.clonePathsToVirtual.adoc
445,/home/runner/work/neo4j-apoc-procedures/neo4j-apoc-procedures/docs/asciidoc/modules/ROOT/examples/generated-documentation/apoc.create.csv
458,/home/runner/work/neo4j-apoc-procedures/neo4j-apoc-procedures/docs/asciidoc/modules/ROOT/examples/generated-documentation/apoc.any.csv
459,/home/runner/work/neo4j-apoc-procedures/neo4j-apoc-procedures/docs/asciidoc/modules/ROOT/examples/generated-documentation/apoc.any-lite.csv
460,/home/runner/work/neo4j-apoc-procedures/neo4j-apoc-procedures/docs/asciidoc/modules/ROOT/examples/generated-documentation/apoc.algo.csv
461,/home/runner/work/neo4j-apoc-procedures/neo4j-apoc-procedures/docs/asciidoc/modules/ROOT/examples/generated-documentation/apoc.algo.aStarConfig.adoc
462,/home/runner/work/neo4j-apoc-procedures/neo4j-apoc-procedures/docs/asciidoc/modules/ROOT/examples/generated-documentation/apoc.algo-lite.csv
464,/home/runner/work/neo4j-apoc-procedures/neo4j-apoc-procedures/docs/asciidoc/modules/ROOT/examples/generated-documentation/apoc.convert.getJsonProperty.adoc
465,/home/runner/work/neo4j-apoc-procedures/neo4j-apoc-procedures/docs/asciidoc/modules/ROOT/examples/generated-documentation/apoc.import.csv
466,/home/runner/work/neo4j-apoc-procedures/neo4j-apoc-procedures/docs/asciidoc/modules/ROOT/examples/generated-documentation/apoc.import.json.adoc
467,/home/runner/work/neo4j-apoc-procedures/neo4j-apoc-procedures/docs/asciidoc/modules/ROOT/examples/generated-documentation/apoc.import.json-lite.csv
468,/home/runner/work/neo4j-apoc-procedures/neo4j-apoc-procedures/docs/asciidoc/modules/ROOT/examples/generated-documentation/apoc.import.graphml.adoc
469,/home/runner/work/neo4j-apoc-procedures/neo4j-apoc-procedures/docs/asciidoc/modules/ROOT/examples/generated-documentation/apoc.import.graphml-lite.csv
470,/home/runner/work/neo4j-apoc-procedures/neo4j-apoc-procedures/docs/asciidoc/modules/ROOT/examples/generated-documentation/apoc.import.csv-lite.csv
471,/home/runner/work/neo4j-apoc-procedures/neo4j-apoc-procedures/docs/asciidoc/modules/ROOT/examples/generated-documentation/apoc.import-lite.csv
472,/home/runner/work/neo4j-apoc-procedures/neo4j-apoc-procedures/docs/asciidoc/modules/ROOT/examples/generated-documentation/apoc.json.csv
473,/home/runner/work/neo4j-apoc-procedures/neo4j-apoc-procedures/docs/asciidoc/modules/ROOT/examples/generated-documentation/apoc.json.path.adoc
474,/home/runner/work/neo4j-apoc-procedures/neo4j-apoc-procedures/docs/images/apoc.refactor.cloneNodes.png
475,/home/runner/work/neo4j-apoc-procedures/neo4j-apoc-procedures/docs/asciidoc/modules/ROOT/examples/generated-documentation/apoc.load.csvParams.adoc
476,/home/runner/work/neo4j-apoc-procedures/neo4j-apoc-procedures/docs/images/apoc.refactor.cloneNodesWithRelationships.dataset.png
477,/home/runner/work/neo4j-apoc-procedures/neo4j-apoc-procedures/docs/asciidoc/modules/ROOT/examples/generated-documentation/apoc.load.csv.adoc
478,/home/runner/work/neo4j-apoc-procedures/neo4j-apoc-procedures/docs/asciidoc/modules/ROOT/examples/generated-documentation/apoc.load.csv
479,/home/runner/work/neo4j-apoc-procedures/neo4j-apoc-procedures/docs/asciidoc/modules/ROOT/examples/generated-documentation/apoc.load-lite.csv
480,/home/runner/work/neo4j-apoc-procedures/neo4j-apoc-procedures/docs/images/apoc.refactor.cloneNodesWithRelationships.png
481,/home/runner/work/neo4j-apoc-procedures/neo4j-apoc-procedures/docs/asciidoc/modules/ROOT/examples/generated-documentation/apoc.gephi.add-lite.csv
482,/home/runner/work/neo4j-apoc-procedures/neo4j-apoc-procedures/docs/asciidoc/modules/ROOT/examples/generated-documentation/apoc.gephi-lite.csv
483,/home/runner/work/neo4j-apoc-procedures/neo4j-apoc-procedures/docs/asciidoc/modules/ROOT/examples/generated-documentation/apoc.export.xls.query-lite.csv
484,/home/runner/work/neo4j-apoc-procedures/neo4j-apoc-procedures/docs/asciidoc/modules/ROOT/examples/generated-documentation/apoc.export.xls.graph-lite.csv
485,/home/runner/work/neo4j-apoc-procedures/neo4j-apoc-procedures/docs/asciidoc/modules/ROOT/examples/generated-documentation/apoc.export.xls.data-lite.csv
486,/home/runner/work/neo4j-apoc-procedures/neo4j-apoc-procedures/docs/asciidoc/modules/ROOT/examples/generated-documentation/apoc.graph.fromPath.adoc
487,/home/runner/work/neo4j-apoc-procedures/neo4j-apoc-procedures/docs/asciidoc/modules/ROOT/examples/generated-documentation/apoc.graph.csv
488,/home/runner/work/neo4j-apoc-procedures/neo4j-apoc-procedures/docs/images/apoc.refactor.categorize.png
489,/home/runner/work/neo4j-apoc-procedures/neo4j-apoc-procedures/docs/asciidoc/modules/ROOT/examples/generated-documentation/apoc.math.csv
490,/home/runner/work/neo4j-apoc-procedures/neo4j-apoc-procedures/docs/asciidoc/modules/ROOT/examples/generated-documentation/apoc.map.unflatten.adoc
491,/home/runner/work/neo4j-apoc-procedures/neo4j-apoc-procedures/docs/asciidoc/modules/ROOT/examples/generated-documentation/apoc.load.jsonParams.adoc
492,/home/runner/work/neo4j-apoc-procedures/neo4j-apoc-procedures/docs/asciidoc/modules/ROOT/examples/generated-documentation/apoc.load.json.adoc
493,/home/runner/work/neo4j-apoc-procedures/neo4j-apoc-procedures/docs/images/apoc.nodes.collapse_3.png
495,/home/runner/work/neo4j-apoc-procedures/neo4j-apoc-procedures/docs/images/apoc.nodes.collapse_1.png
496,/home/runner/work/neo4j-apoc-procedures/neo4j-apoc-procedures/docs/asciidoc/modules/ROOT/examples/generated-documentation/apoc.export.xls.all-lite.csv
497,/home/runner/work/neo4j-apoc-procedures/neo4j-apoc-procedures/docs/asciidoc/modules/ROOT/examples/generated-documentation/apoc.export.xls-lite.csv
498,/home/runner/work/neo4j-apoc-procedures/neo4j-apoc-procedures/docs/images/play-movies.png
499,/home/runner/work/neo4j-apoc-procedures/neo4j-apoc-procedures/docs/asciidoc/modules/ROOT/examples/generated-documentation/apoc.dv.queryAndLink.adoc
500,/home/runner/work/neo4j-apoc-procedures/neo4j-apoc-procedures/docs/asciidoc/modules/ROOT/examples/generated-documentation/apoc.dv.query.adoc
501,/home/runner/work/neo4j-apoc-procedures/neo4j-apoc-procedures/docs/asciidoc/modules/ROOT/examples/generated-documentation/apoc.dv.catalog.remove.adoc
502,/home/runner/work/neo4j-apoc-procedures/neo4j-apoc-procedures/docs/asciidoc/modules/ROOT/examples/generated-documentation/apoc.dv.catalog.list.adoc
503,/home/runner/work/neo4j-apoc-procedures/neo4j-apoc-procedures/docs/asciidoc/modules/ROOT/examples/generated-documentation/apoc.dv.catalog.add.adoc
504,/home/runner/work/neo4j-apoc-procedures/neo4j-apoc-procedures/docs/asciidoc/modules/ROOT/examples/generated-documentation/apoc.math.round.adoc
505,/home/runner/work/neo4j-apoc-procedures/neo4j-apoc-procedures/docs/asciidoc/modules/ROOT/examples/generated-documentation/apoc.cypher.runManyReadOnly.adoc
506,/home/runner/work/neo4j-apoc-procedures/neo4j-apoc-procedures/docs/asciidoc/modules/ROOT/examples/generated-documentation/apoc.merge.node.adoc
509,/home/runner/work/neo4j-apoc-procedures/neo4j-apoc-procedures/docs/asciidoc/modules/ROOT/examples/generated-documentation/apoc.merge-lite.csv
510,/home/runner/work/neo4j-apoc-procedures/neo4j-apoc-procedures/docs/asciidoc/modules/ROOT/examples/generated-documentation/apoc.merge.csv
511,/home/runner/work/neo4j-apoc-procedures/neo4j-apoc-procedures/docs/asciidoc/modules/ROOT/examples/generated-documentation/apoc.export.cypherAll-lite.csv
512,/home/runner/work/neo4j-apoc-procedures/neo4j-apoc-procedures/docs/asciidoc/modules/ROOT/examples/generated-documentation/apoc.export.cypherQuery-lite.csv
513,/home/runner/work/neo4j-apoc-procedures/neo4j-apoc-procedures/docs/asciidoc/modules/ROOT/examples/generated-documentation/apoc.export.cypherGraph-lite.csv
514,/home/runner/work/neo4j-apoc-procedures/neo4j-apoc-procedures/docs/images/azure-quickstart-2.png
515,/home/runner/work/neo4j-apoc-procedures/neo4j-apoc-procedures/docs/asciidoc/modules/ROOT/examples/generated-documentation/apoc.export.cypherData-lite.csv
516,/home/runner/work/neo4j-apoc-procedures/neo4j-apoc-procedures/docs/asciidoc/modules/ROOT/examples/generated-documentation/apoc.export.cypher.schema-lite.csv
517,/home/runner/work/neo4j-apoc-procedures/neo4j-apoc-procedures/docs/asciidoc/modules/ROOT/examples/generated-documentation/apoc.export.cypher.query-lite.csv
518,/home/runner/work/neo4j-apoc-procedures/neo4j-apoc-procedures/docs/asciidoc/modules/ROOT/examples/generated-documentation/apoc.export.cypher.graph-lite.csv
519,/home/runner/work/neo4j-apoc-procedures/neo4j-apoc-procedures/docs/asciidoc/modules/ROOT/examples/generated-documentation/apoc.export.cypher.data-lite.csv
520,/home/runner/work/neo4j-apoc-procedures/neo4j-apoc-procedures/docs/asciidoc/modules/ROOT/examples/generated-documentation/apoc.export.graphml-lite.csv
521,/home/runner/work/neo4j-apoc-procedures/neo4j-apoc-procedures/docs/asciidoc/modules/ROOT/examples/generated-documentation/apoc.export.graphml.all-lite.csv
522,/home/runner/work/neo4j-apoc-procedures/neo4j-apoc-procedures/docs/asciidoc/modules/ROOT/examples/generated-documentation/apoc.export.json.query-lite.csv
523,/home/runner/work/neo4j-apoc-procedures/neo4j-apoc-procedures/docs/asciidoc/modules/ROOT/examples/generated-documentation/apoc.export.json.graph-lite.csv
524,/home/runner/work/neo4j-apoc-procedures/neo4j-apoc-procedures/docs/asciidoc/modules/ROOT/examples/generated-documentation/apoc.export.json.data-lite.csv
525,/home/runner/work/neo4j-apoc-procedures/neo4j-apoc-procedures/docs/asciidoc/modules/ROOT/examples/generated-documentation/apoc.export.json.all-lite.csv
526,/home/runner/work/neo4j-apoc-procedures/neo4j-apoc-procedures/docs/asciidoc/modules/ROOT/examples/generated-documentation/apoc.export.json-lite.csv
527,/home/runner/work/neo4j-apoc-procedures/neo4j-apoc-procedures/docs/asciidoc/modules/ROOT/examples/generated-documentation/apoc.export.graphml.query-lite.csv
528,/home/runner/work/neo4j-apoc-procedures/neo4j-apoc-procedures/docs/asciidoc/modules/ROOT/examples/generated-documentation/apoc.export.graphml.graph-lite.csv
530,/home/runner/work/neo4j-apoc-procedures/neo4j-apoc-procedures/docs/asciidoc/modules/ROOT/examples/generated-documentation/apoc.export.graphml.data-lite.csv
531,/home/runner/work/neo4j-apoc-procedures/neo4j-apoc-procedures/docs/asciidoc/modules/ROOT/examples/generated-documentation/apoc.export.csv.all-lite.csv
532,/home/runner/work/neo4j-apoc-procedures/neo4j-apoc-procedures/docs/asciidoc/modules/ROOT/examples/generated-documentation/apoc.export.csv.data-lite.csv
533,/home/runner/work/neo4j-apoc-procedures/neo4j-apoc-procedures/docs/images/grouping-country-filter.jpg
534,/home/runner/work/neo4j-apoc-procedures/neo4j-apoc-procedures/docs/asciidoc/modules/ROOT/examples/generated-documentation/apoc.export.cypher-lite.csv
535,/home/runner/work/neo4j-apoc-procedures/neo4j-apoc-procedures/docs/asciidoc/modules/ROOT/examples/generated-documentation/apoc.example-lite.csv
536,/home/runner/work/neo4j-apoc-procedures/neo4j-apoc-procedures/docs/asciidoc/modules/ROOT/examples/generated-documentation/apoc.example.movies-lite.csv
537,/home/runner/work/neo4j-apoc-procedures/neo4j-apoc-procedures/docs/asciidoc/modules/ROOT/examples/generated-documentation/apoc.export.csv.query-lite.csv
538,/home/runner/work/neo4j-apoc-procedures/neo4j-apoc-procedures/docs/asciidoc/modules/ROOT/examples/generated-documentation/apoc.export.csv.graph-lite.csv
539,/home/runner/work/neo4j-apoc-procedures/neo4j-apoc-procedures/docs/asciidoc/modules/ROOT/examples/generated-documentation/apoc.export.cypher.all-lite.csv
540,/home/runner/work/neo4j-apoc-procedures/neo4j-apoc-procedures/docs/asciidoc/modules/ROOT/examples/generated-documentation/apoc.export-lite.csv
541,/home/runner/work/neo4j-apoc-procedures/neo4j-apoc-procedures/docs/asciidoc/modules/ROOT/examples/generated-documentation/apoc.export.csv-lite.csv
543,/home/runner/work/neo4j-apoc-procedures/neo4j-apoc-procedures/docs/images/apoc.nodes.collapse_2.png
544,/home/runner/work/neo4j-apoc-procedures/neo4j-apoc-procedures/docs/asciidoc/modules/ROOT/partials/usage/apoc.load.xml.adoc
547,/home/runner/work/neo4j-apoc-procedures/neo4j-apoc-procedures/docs/images/apoc.create.vPatternFull.png
555,/home/runner/work/neo4j-apoc-procedures/neo4j-apoc-procedures/docs/images/apoc.uuid.result.png
561,/home/runner/work/neo4j-apoc-procedures/neo4j-apoc-procedures/docs/asciidoc/modules/ROOT/images/apoc.load.xmlSimple.ex2.png
600,/home/runner/work/neo4j-apoc-procedures/neo4j-apoc-procedures/docs/asciidoc/modules/ROOT/images/apoc.uuid.result.png
847,/home/runner/work/neo4j-apoc-procedures/neo4j-apoc-procedures/docs/images/apoc.load.jdbc.neo4j.png
