,file_name
1,/home/runner/work/UniversalMediaServer/UniversalMediaServer/src/main/external-resources/windows/avisynth/ffms2/x64/ffms2.dll
2,/home/runner/work/UniversalMediaServer/UniversalMediaServer/src/main/external-resources/windows/avisynth/ffms2/x86/ffms2.dll
5,/home/runner/work/UniversalMediaServer/UniversalMediaServer/src/main/external-resources/windows/avisynth/x64-xp/AviSynth.dll
9,/home/runner/work/UniversalMediaServer/UniversalMediaServer/src/main/external-resources/windows/avisynth/x86/AviSynth.dll
10,/home/runner/work/UniversalMediaServer/UniversalMediaServer/src/main/external-resources/windows/avisynth/x86-xp/AviSynth.dll
31,/home/runner/work/UniversalMediaServer/UniversalMediaServer/src/main/external-resources/windows/avisynth/masktools2/x64/masktools2.dll
37,/home/runner/work/UniversalMediaServer/UniversalMediaServer/src/main/external-resources/windows/avisynth/masktools2/x86/masktools2.dll
41,/home/runner/work/UniversalMediaServer/UniversalMediaServer/src/main/external-resources/windows/avisynth/x64/system/DevIL.dll
43,/home/runner/work/UniversalMediaServer/UniversalMediaServer/src/main/external-resources/windows/avisynth/x64-xp/system/DevIL.dll
44,/home/runner/work/UniversalMediaServer/UniversalMediaServer/src/main/external-resources/windows/avisynth/x86-xp/system/DevIL.dll
45,/home/runner/work/UniversalMediaServer/UniversalMediaServer/src/main/external-resources/windows/avisynth/x86/system/DevIL.dll
49,/home/runner/work/UniversalMediaServer/UniversalMediaServer/src/main/external-resources/windows/wrapper/x86_64/wrapper.dll
50,/home/runner/work/UniversalMediaServer/UniversalMediaServer/src/main/external-resources/windows/avisynth/mvtools2/x64/DePan.dll
51,/home/runner/work/UniversalMediaServer/UniversalMediaServer/src/main/external-resources/windows/wrapper/x86/wrapper.dll
53,/home/runner/work/UniversalMediaServer/UniversalMediaServer/src/main/external-resources/windows/avisynth/mvtools2/x86/DePan.dll
63,/home/runner/work/UniversalMediaServer/UniversalMediaServer/src/main/external-resources/windows/winxp/jnidispatch.dll
81,/home/runner/work/UniversalMediaServer/UniversalMediaServer/src/main/external-resources/windows/avisynth/CropResize/CropResize Help.txt
82,/home/runner/work/UniversalMediaServer/UniversalMediaServer/src/main/external-resources/windows/avisynth/x64/plugins/ImageSeq.dll
86,/home/runner/work/UniversalMediaServer/UniversalMediaServer/src/main/external-resources/windows/avisynth/x64-xp/plugins/ConvertStacked.dll
87,/home/runner/work/UniversalMediaServer/UniversalMediaServer/src/main/external-resources/windows/avisynth/x86-xp/plugins/ConvertStacked.dll
88,/home/runner/work/UniversalMediaServer/UniversalMediaServer/src/main/external-resources/windows/avisynth/x86/plugins/ConvertStacked.dll
469,/home/runner/work/UniversalMediaServer/UniversalMediaServer/src/main/external-resources/windows/nsis/Examples/System/Resource.dll
611,/home/runner/work/UniversalMediaServer/UniversalMediaServer/src/main/assembly/assembly-linux-arm64.xml
612,/home/runner/work/UniversalMediaServer/UniversalMediaServer/src/main/external-resources/osx/Info.plist-template.xml
613,/home/runner/work/UniversalMediaServer/UniversalMediaServer/src/main/external-resources/update/README.txt
614,/home/runner/work/UniversalMediaServer/UniversalMediaServer/src/main/external-resources/windows/avisynth/x64/AviSynth.dll
615,/home/runner/work/UniversalMediaServer/UniversalMediaServer/src/main/external-resources/windows/nsis/Docs/AdvSplash/advsplash.txt
616,/home/runner/work/UniversalMediaServer/UniversalMediaServer/src/main/external-resources/windows/nsis/Docs/Banner/Readme.txt
617,/home/runner/work/UniversalMediaServer/UniversalMediaServer/src/main/external-resources/windows/nsis/Docs/BgImage/BgImage.txt
618,/home/runner/work/UniversalMediaServer/UniversalMediaServer/src/main/external-resources/windows/nsis/Docs/Dialer/Dialer.txt
619,/home/runner/work/UniversalMediaServer/UniversalMediaServer/src/main/external-resources/windows/nsis/Docs/InstallOptions/Changelog.txt
620,/home/runner/work/UniversalMediaServer/UniversalMediaServer/src/main/external-resources/windows/nsis/Docs/Math/Math.txt
621,/home/runner/work/UniversalMediaServer/UniversalMediaServer/src/main/external-resources/windows/nsis/Docs/Modern UI 2/License.txt
622,/home/runner/work/UniversalMediaServer/UniversalMediaServer/src/main/external-resources/windows/nsis/Docs/Modern UI/Changelog.txt
623,/home/runner/work/UniversalMediaServer/UniversalMediaServer/src/main/external-resources/windows/nsis/Docs/Splash/splash.txt
624,/home/runner/work/UniversalMediaServer/UniversalMediaServer/src/main/external-resources/windows/nsis/Docs/StartMenu/Readme.txt
625,/home/runner/work/UniversalMediaServer/UniversalMediaServer/src/main/external-resources/windows/nsis/Docs/StrFunc/StrFunc.txt
626,/home/runner/work/UniversalMediaServer/UniversalMediaServer/src/main/external-resources/windows/nsis/Docs/nsExec/nsExec.txt
627,/home/runner/work/UniversalMediaServer/UniversalMediaServer/src/main/external-resources/windows/nsis/Plugins/AccessControl.dll
628,/home/runner/work/UniversalMediaServer/UniversalMediaServer/src/main/external-resources/windows/wrapper/revisions.txt
