,file_name
1,/home/runner/work/UniversalMediaServer/UniversalMediaServer/src/main/external-resources/windows/avisynth/ffms2/x64/ffms2.dll
2,/home/runner/work/UniversalMediaServer/UniversalMediaServer/src/main/external-resources/windows/avisynth/ffms2/x86/ffms2.dll
4,/home/runner/work/UniversalMediaServer/UniversalMediaServer/src/main/external-resources/windows/avisynth/x64-xp/AviSynth.dll
9,/home/runner/work/UniversalMediaServer/UniversalMediaServer/src/main/external-resources/windows/avisynth/x64/AviSynth.dll
11,/home/runner/work/UniversalMediaServer/UniversalMediaServer/src/main/external-resources/windows/avisynth/x86/AviSynth.dll
12,/home/runner/work/UniversalMediaServer/UniversalMediaServer/src/main/external-resources/windows/avisynth/x86-xp/AviSynth.dll
31,/home/runner/work/UniversalMediaServer/UniversalMediaServer/src/main/external-resources/windows/avisynth/masktools2/x64/masktools2.dll
33,/home/runner/work/UniversalMediaServer/UniversalMediaServer/src/main/external-resources/windows/avisynth/masktools2/x86/masktools2.dll
36,/home/runner/work/UniversalMediaServer/UniversalMediaServer/src/main/external-resources/windows/avisynth/x64-xp/system/DevIL.dll
37,/home/runner/work/UniversalMediaServer/UniversalMediaServer/src/main/external-resources/windows/avisynth/x64/system/DevIL.dll
38,/home/runner/work/UniversalMediaServer/UniversalMediaServer/src/main/external-resources/windows/avisynth/x86/system/DevIL.dll
39,/home/runner/work/UniversalMediaServer/UniversalMediaServer/src/main/external-resources/windows/avisynth/x86-xp/system/DevIL.dll
44,/home/runner/work/UniversalMediaServer/UniversalMediaServer/src/main/external-resources/windows/wrapper/x86_64/wrapper.dll
46,/home/runner/work/UniversalMediaServer/UniversalMediaServer/src/main/external-resources/windows/wrapper/x86/wrapper.dll
49,/home/runner/work/UniversalMediaServer/UniversalMediaServer/src/main/external-resources/windows/avisynth/mvtools2/x86/DePan.dll
54,/home/runner/work/UniversalMediaServer/UniversalMediaServer/src/main/external-resources/windows/winxp/jnidispatch.dll
85,/home/runner/work/UniversalMediaServer/UniversalMediaServer/src/main/external-resources/windows/avisynth/x64/plugins/ConvertStacked.dll
86,/home/runner/work/UniversalMediaServer/UniversalMediaServer/src/main/external-resources/windows/avisynth/x64-xp/plugins/ConvertStacked.dll
87,/home/runner/work/UniversalMediaServer/UniversalMediaServer/src/main/external-resources/windows/avisynth/x86-xp/plugins/ConvertStacked.dll
88,/home/runner/work/UniversalMediaServer/UniversalMediaServer/src/main/external-resources/windows/avisynth/x86/plugins/ConvertStacked.dll
473,/home/runner/work/UniversalMediaServer/UniversalMediaServer/src/main/external-resources/windows/nsis/Examples/System/Resource.dll
612,/home/runner/work/UniversalMediaServer/UniversalMediaServer/src/main/external-resources/osx/Info.plist-template.xml
613,/home/runner/work/UniversalMediaServer/UniversalMediaServer/src/main/external-resources/update/README.txt
614,/home/runner/work/UniversalMediaServer/UniversalMediaServer/src/main/external-resources/windows/nsis/Docs/AdvSplash/advsplash.txt
615,/home/runner/work/UniversalMediaServer/UniversalMediaServer/src/main/external-resources/windows/nsis/Docs/Banner/Readme.txt
616,/home/runner/work/UniversalMediaServer/UniversalMediaServer/src/main/external-resources/windows/nsis/Docs/BgImage/BgImage.txt
617,/home/runner/work/UniversalMediaServer/UniversalMediaServer/src/main/external-resources/windows/nsis/Docs/Dialer/Dialer.txt
618,/home/runner/work/UniversalMediaServer/UniversalMediaServer/src/main/external-resources/windows/nsis/Docs/InstallOptions/Changelog.txt
619,/home/runner/work/UniversalMediaServer/UniversalMediaServer/src/main/external-resources/windows/nsis/Docs/Math/Math.txt
620,/home/runner/work/UniversalMediaServer/UniversalMediaServer/src/main/external-resources/windows/nsis/Docs/Modern UI 2/License.txt
621,/home/runner/work/UniversalMediaServer/UniversalMediaServer/src/main/external-resources/windows/nsis/Docs/Modern UI/Changelog.txt
622,/home/runner/work/UniversalMediaServer/UniversalMediaServer/src/main/external-resources/windows/nsis/Docs/Splash/splash.txt
623,/home/runner/work/UniversalMediaServer/UniversalMediaServer/src/main/external-resources/windows/nsis/Docs/StartMenu/Readme.txt
624,/home/runner/work/UniversalMediaServer/UniversalMediaServer/src/main/external-resources/windows/nsis/Docs/StrFunc/StrFunc.txt
625,/home/runner/work/UniversalMediaServer/UniversalMediaServer/src/main/external-resources/windows/nsis/Docs/nsExec/nsExec.txt
626,/home/runner/work/UniversalMediaServer/UniversalMediaServer/src/main/external-resources/windows/nsis/Plugins/AccessControl.dll
627,/home/runner/work/UniversalMediaServer/UniversalMediaServer/src/main/external-resources/windows/wrapper/revisions.txt
