,file_name
30,/home/runner/work/UniversalMediaServer/UniversalMediaServer/src/main/external-resources/windows/avisynth/mvtools2/x64/mvtools2.dll
32,/home/runner/work/UniversalMediaServer/UniversalMediaServer/src/main/external-resources/windows/avisynth/mvtools2/x86/mvtools2.dll
45,/home/runner/work/UniversalMediaServer/UniversalMediaServer/src/main/external-resources/windows/avisynth/mvtools2/x64/DePan.dll
47,/home/runner/work/UniversalMediaServer/UniversalMediaServer/src/main/external-resources/windows/avisynth/x64/plugins/DirectShowSource.dll
48,/home/runner/work/UniversalMediaServer/UniversalMediaServer/src/main/external-resources/windows/avisynth/x64-xp/plugins/DirectShowSource.dll
50,/home/runner/work/UniversalMediaServer/UniversalMediaServer/src/main/external-resources/windows/avisynth/x86-xp/plugins/DirectShowSource.dll
52,/home/runner/work/UniversalMediaServer/UniversalMediaServer/src/main/external-resources/windows/avisynth/mvtools2/x64/DePanEstimate.dll
53,/home/runner/work/UniversalMediaServer/UniversalMediaServer/src/main/external-resources/windows/avisynth/x86/plugins/DirectShowSource.dll
57,/home/runner/work/UniversalMediaServer/UniversalMediaServer/src/main/external-resources/osx/appbundler-1.0ea.jar
59,/home/runner/work/UniversalMediaServer/UniversalMediaServer/src/main/external-resources/windows/avisynth/x86/plugins/Shibatch.dll
60,/home/runner/work/UniversalMediaServer/UniversalMediaServer/src/main/external-resources/windows/avisynth/x64-xp/plugins/Shibatch.dll
61,/home/runner/work/UniversalMediaServer/UniversalMediaServer/src/main/external-resources/windows/avisynth/mvtools2/x86/DePanEstimate.dll
62,/home/runner/work/UniversalMediaServer/UniversalMediaServer/src/main/external-resources/windows/avisynth/x64/plugins/ImageSeq.dll
64,/home/runner/work/UniversalMediaServer/UniversalMediaServer/src/main/external-resources/windows/wrapper/wrapper.jar
66,/home/runner/work/UniversalMediaServer/UniversalMediaServer/src/main/external-resources/windows/avisynth/x64/plugins/Shibatch.dll
67,/home/runner/work/UniversalMediaServer/UniversalMediaServer/src/main/external-resources/windows/avisynth/x86/plugins/ImageSeq.dll
68,/home/runner/work/UniversalMediaServer/UniversalMediaServer/src/main/external-resources/windows/avisynth/x86-xp/plugins/ImageSeq.dll
70,/home/runner/work/UniversalMediaServer/UniversalMediaServer/src/main/external-resources/windows/avisynth/x64-xp/plugins/ImageSeq.dll
71,/home/runner/work/UniversalMediaServer/UniversalMediaServer/src/main/external-resources/windows/avisynth/x86-xp/plugins/Shibatch.dll
72,/home/runner/work/UniversalMediaServer/UniversalMediaServer/src/main/external-resources/windows/avisynth/x64/plugins/VDubFilter.dll
73,/home/runner/work/UniversalMediaServer/UniversalMediaServer/src/main/external-resources/windows/avisynth/x64-xp/plugins/TimeStretch.dll
74,/home/runner/work/UniversalMediaServer/UniversalMediaServer/src/main/external-resources/windows/avisynth/x64-xp/plugins/VDubFilter.dll
76,/home/runner/work/UniversalMediaServer/UniversalMediaServer/src/main/external-resources/windows/avisynth/x86-xp/plugins/VDubFilter.dll
77,/home/runner/work/UniversalMediaServer/UniversalMediaServer/src/main/external-resources/windows/avisynth/x86/plugins/VDubFilter.dll
78,/home/runner/work/UniversalMediaServer/UniversalMediaServer/src/main/external-resources/windows/avisynth/x86/plugins/TimeStretch.dll
79,/home/runner/work/UniversalMediaServer/UniversalMediaServer/src/main/external-resources/windows/avisynth/x64/plugins/TimeStretch.dll
80,/home/runner/work/UniversalMediaServer/UniversalMediaServer/src/main/external-resources/windows/avisynth/CropResize/CropResize Help.txt
81,/home/runner/work/UniversalMediaServer/UniversalMediaServer/src/main/external-resources/windows/wrapper/wrapper-community-license-1.3.txt
83,/home/runner/work/UniversalMediaServer/UniversalMediaServer/src/main/external-resources/windows/avisynth/x86-xp/plugins/TimeStretch.dll
84,/home/runner/work/UniversalMediaServer/UniversalMediaServer/src/main/external-resources/windows/nsis/Plugins/Math.dll
89,/home/runner/work/UniversalMediaServer/UniversalMediaServer/src/main/external-resources/windows/nsis/Plugins/LockedList.dll
91,/home/runner/work/UniversalMediaServer/UniversalMediaServer/Eclipse.Formatter.xml
100,/home/runner/work/UniversalMediaServer/UniversalMediaServer/src/main/external-resources/windows/nsis/Contrib/Language files/Malay.nlf
101,/home/runner/work/UniversalMediaServer/UniversalMediaServer/src/main/external-resources/windows/nsis/Contrib/Language files/Korean.nlf
102,/home/runner/work/UniversalMediaServer/UniversalMediaServer/src/main/external-resources/windows/nsis/Contrib/Language files/Korean.nsh
103,/home/runner/work/UniversalMediaServer/UniversalMediaServer/src/main/external-resources/windows/nsis/Contrib/Language files/Kurdish.nlf
104,/home/runner/work/UniversalMediaServer/UniversalMediaServer/src/main/external-resources/windows/nsis/Contrib/Language files/Kurdish.nsh
105,/home/runner/work/UniversalMediaServer/UniversalMediaServer/src/main/external-resources/windows/nsis/Contrib/Language files/Latvian.nlf
106,/home/runner/work/UniversalMediaServer/UniversalMediaServer/src/main/external-resources/windows/nsis/Contrib/Language files/Latvian.nsh
107,/home/runner/work/UniversalMediaServer/UniversalMediaServer/src/main/external-resources/windows/nsis/Contrib/Language files/Lithuanian.nlf
108,/home/runner/work/UniversalMediaServer/UniversalMediaServer/src/main/external-resources/windows/nsis/Contrib/Language files/Lithuanian.nsh
109,/home/runner/work/UniversalMediaServer/UniversalMediaServer/src/main/external-resources/windows/nsis/Contrib/Language files/Luxembourgish.nlf
110,/home/runner/work/UniversalMediaServer/UniversalMediaServer/src/main/external-resources/windows/nsis/Contrib/Language files/Luxembourgish.nsh
111,/home/runner/work/UniversalMediaServer/UniversalMediaServer/src/main/external-resources/windows/nsis/Contrib/Language files/Macedonian.nlf
112,/home/runner/work/UniversalMediaServer/UniversalMediaServer/src/main/external-resources/windows/nsis/Contrib/Language files/Macedonian.nsh
113,/home/runner/work/UniversalMediaServer/UniversalMediaServer/src/main/external-resources/windows/nsis/Contrib/Language files/Malay.nsh
114,/home/runner/work/UniversalMediaServer/UniversalMediaServer/src/main/external-resources/windows/nsis/Contrib/Language files/Japanese.nlf
115,/home/runner/work/UniversalMediaServer/UniversalMediaServer/src/main/external-resources/windows/nsis/Contrib/Language files/Mongolian.nlf
116,/home/runner/work/UniversalMediaServer/UniversalMediaServer/src/main/external-resources/windows/nsis/Contrib/Language files/Mongolian.nsh
117,/home/runner/work/UniversalMediaServer/UniversalMediaServer/src/main/external-resources/windows/nsis/Contrib/Language files/Norwegian.nlf
118,/home/runner/work/UniversalMediaServer/UniversalMediaServer/src/main/external-resources/windows/nsis/Contrib/Language files/Norwegian.nsh
119,/home/runner/work/UniversalMediaServer/UniversalMediaServer/src/main/external-resources/windows/nsis/Contrib/Language files/NorwegianNynorsk.nlf
120,/home/runner/work/UniversalMediaServer/UniversalMediaServer/src/main/external-resources/windows/nsis/Contrib/Language files/NorwegianNynorsk.nsh
121,/home/runner/work/UniversalMediaServer/UniversalMediaServer/src/main/external-resources/windows/nsis/Contrib/Language files/Polish.nlf
122,/home/runner/work/UniversalMediaServer/UniversalMediaServer/src/main/external-resources/windows/nsis/Contrib/Language files/Polish.nsh
123,/home/runner/work/UniversalMediaServer/UniversalMediaServer/src/main/external-resources/windows/nsis/Contrib/Language files/Portuguese.nlf
124,/home/runner/work/UniversalMediaServer/UniversalMediaServer/src/main/external-resources/windows/nsis/Contrib/Language files/Portuguese.nsh
125,/home/runner/work/UniversalMediaServer/UniversalMediaServer/src/main/external-resources/windows/nsis/Contrib/Language files/PortugueseBR.nlf
126,/home/runner/work/UniversalMediaServer/UniversalMediaServer/src/main/external-resources/windows/nsis/Contrib/Language files/PortugueseBR.nsh
127,/home/runner/work/UniversalMediaServer/UniversalMediaServer/src/main/external-resources/windows/nsis/Contrib/Language files/Japanese.nsh
128,/home/runner/work/UniversalMediaServer/UniversalMediaServer/src/main/external-resources/windows/nsis/Contrib/Language files/Italian.nsh
129,/home/runner/work/UniversalMediaServer/UniversalMediaServer/src/main/external-resources/windows/nsis/Contrib/Language files/Romanian.nsh
130,/home/runner/work/UniversalMediaServer/UniversalMediaServer/src/main/external-resources/windows/nsis/Contrib/Language files/German.nlf
131,/home/runner/work/UniversalMediaServer/UniversalMediaServer/src/main/external-resources/windows/nsis/Contrib/Language files/Esperanto.nlf
132,/home/runner/work/UniversalMediaServer/UniversalMediaServer/src/main/external-resources/windows/nsis/Contrib/Language files/Esperanto.nsh
133,/home/runner/work/UniversalMediaServer/UniversalMediaServer/src/main/external-resources/windows/nsis/Contrib/Language files/Estonian.nlf
134,/home/runner/work/UniversalMediaServer/UniversalMediaServer/src/main/external-resources/windows/nsis/Contrib/Language files/Estonian.nsh
135,/home/runner/work/UniversalMediaServer/UniversalMediaServer/src/main/external-resources/windows/nsis/Contrib/Language files/Farsi.nlf
136,/home/runner/work/UniversalMediaServer/UniversalMediaServer/src/main/external-resources/windows/nsis/Contrib/Language files/Farsi.nsh
137,/home/runner/work/UniversalMediaServer/UniversalMediaServer/src/main/external-resources/windows/nsis/Contrib/Language files/Finnish.nlf
138,/home/runner/work/UniversalMediaServer/UniversalMediaServer/src/main/external-resources/windows/nsis/Contrib/Language files/Finnish.nsh
139,/home/runner/work/UniversalMediaServer/UniversalMediaServer/src/main/external-resources/windows/nsis/Contrib/Language files/French.nlf
140,/home/runner/work/UniversalMediaServer/UniversalMediaServer/src/main/external-resources/windows/nsis/Contrib/Language files/French.nsh
141,/home/runner/work/UniversalMediaServer/UniversalMediaServer/src/main/external-resources/windows/nsis/Contrib/Language files/Galician.nlf
142,/home/runner/work/UniversalMediaServer/UniversalMediaServer/src/main/external-resources/windows/nsis/Contrib/Language files/Galician.nsh
143,/home/runner/work/UniversalMediaServer/UniversalMediaServer/src/main/external-resources/windows/nsis/Contrib/Language files/German.nsh
144,/home/runner/work/UniversalMediaServer/UniversalMediaServer/src/main/external-resources/windows/nsis/Contrib/Language files/Italian.nlf
145,/home/runner/work/UniversalMediaServer/UniversalMediaServer/src/main/external-resources/windows/nsis/Contrib/Language files/Greek.nlf
146,/home/runner/work/UniversalMediaServer/UniversalMediaServer/src/main/external-resources/windows/nsis/Contrib/Language files/Greek.nsh
147,/home/runner/work/UniversalMediaServer/UniversalMediaServer/src/main/external-resources/windows/nsis/Contrib/Language files/Hebrew.nlf
148,/home/runner/work/UniversalMediaServer/UniversalMediaServer/src/main/external-resources/windows/nsis/Contrib/Language files/Hebrew.nsh
149,/home/runner/work/UniversalMediaServer/UniversalMediaServer/src/main/external-resources/windows/nsis/Contrib/Language files/Hungarian.nlf
150,/home/runner/work/UniversalMediaServer/UniversalMediaServer/src/main/external-resources/windows/nsis/Contrib/Language files/Hungarian.nsh
151,/home/runner/work/UniversalMediaServer/UniversalMediaServer/src/main/external-resources/windows/nsis/Contrib/Language files/Icelandic.nlf
152,/home/runner/work/UniversalMediaServer/UniversalMediaServer/src/main/external-resources/windows/nsis/Contrib/Language files/Icelandic.nsh
153,/home/runner/work/UniversalMediaServer/UniversalMediaServer/src/main/external-resources/windows/nsis/Contrib/Language files/Indonesian.nlf
154,/home/runner/work/UniversalMediaServer/UniversalMediaServer/src/main/external-resources/windows/nsis/Contrib/Language files/Indonesian.nsh
155,/home/runner/work/UniversalMediaServer/UniversalMediaServer/src/main/external-resources/windows/nsis/Contrib/Language files/Irish.nlf
156,/home/runner/work/UniversalMediaServer/UniversalMediaServer/src/main/external-resources/windows/nsis/Contrib/Language files/Irish.nsh
157,/home/runner/work/UniversalMediaServer/UniversalMediaServer/src/main/external-resources/windows/nsis/Contrib/Language files/Romanian.nlf
158,/home/runner/work/UniversalMediaServer/UniversalMediaServer/src/main/external-resources/windows/nsis/Contrib/Language files/Russian.nlf
159,/home/runner/work/UniversalMediaServer/UniversalMediaServer/src/main/external-resources/windows/nsis/Contrib/Language files/English.nlf
160,/home/runner/work/UniversalMediaServer/UniversalMediaServer/src/main/external-resources/windows/nsis/Contrib/Modern UI/ioSpecial.ini
161,/home/runner/work/UniversalMediaServer/UniversalMediaServer/src/main/external-resources/windows/nsis/Contrib/Modern UI 2/Localization.nsh
162,/home/runner/work/UniversalMediaServer/UniversalMediaServer/src/main/external-resources/windows/nsis/Contrib/Modern UI 2/MUI2.nsh
163,/home/runner/work/UniversalMediaServer/UniversalMediaServer/src/main/external-resources/windows/nsis/Contrib/Modern UI 2/Pages.nsh
164,/home/runner/work/UniversalMediaServer/UniversalMediaServer/src/main/external-resources/windows/nsis/Contrib/Modern UI 2/Pages/Components.nsh
165,/home/runner/work/UniversalMediaServer/UniversalMediaServer/src/main/external-resources/windows/nsis/Contrib/Modern UI 2/Pages/Directory.nsh
166,/home/runner/work/UniversalMediaServer/UniversalMediaServer/src/main/external-resources/windows/nsis/Contrib/Modern UI 2/Pages/Finish.nsh
167,/home/runner/work/UniversalMediaServer/UniversalMediaServer/src/main/external-resources/windows/nsis/Contrib/Modern UI 2/Pages/InstallFiles.nsh
168,/home/runner/work/UniversalMediaServer/UniversalMediaServer/src/main/external-resources/windows/nsis/Contrib/Modern UI 2/Pages/License.nsh
169,/home/runner/work/UniversalMediaServer/UniversalMediaServer/src/main/external-resources/windows/nsis/Contrib/Modern UI 2/Pages/StartMenu.nsh
170,/home/runner/work/UniversalMediaServer/UniversalMediaServer/src/main/external-resources/windows/nsis/Contrib/Modern UI 2/Pages/UninstallConfirm.nsh
171,/home/runner/work/UniversalMediaServer/UniversalMediaServer/src/main/external-resources/windows/nsis/Contrib/Modern UI 2/Pages/Welcome.nsh
172,/home/runner/work/UniversalMediaServer/UniversalMediaServer/src/main/external-resources/windows/nsis/Contrib/Modern UI/System.nsh
173,/home/runner/work/UniversalMediaServer/UniversalMediaServer/src/main/external-resources/windows/nsis/Contrib/UIs/default.exe
174,/home/runner/work/UniversalMediaServer/UniversalMediaServer/src/main/external-resources/windows/nsis/Contrib/Modern UI 2/Deprecated.nsh
175,/home/runner/work/UniversalMediaServer/UniversalMediaServer/src/main/external-resources/windows/nsis/Contrib/UIs/modern.exe
176,/home/runner/work/UniversalMediaServer/UniversalMediaServer/src/main/external-resources/windows/nsis/Contrib/UIs/modern_headerbmp.exe
177,/home/runner/work/UniversalMediaServer/UniversalMediaServer/src/main/external-resources/windows/nsis/Contrib/UIs/modern_headerbmpr.exe
178,/home/runner/work/UniversalMediaServer/UniversalMediaServer/src/main/external-resources/windows/nsis/Contrib/UIs/modern_nodesc.exe
179,/home/runner/work/UniversalMediaServer/UniversalMediaServer/src/main/external-resources/windows/nsis/Contrib/UIs/modern_smalldesc.exe
180,/home/runner/work/UniversalMediaServer/UniversalMediaServer/src/main/external-resources/windows/nsis/Contrib/UIs/sdbarker_tiny.exe
181,/home/runner/work/UniversalMediaServer/UniversalMediaServer/src/main/external-resources/windows/nsis/Contrib/zip2exe/Base.nsh
182,/home/runner/work/UniversalMediaServer/UniversalMediaServer/src/main/external-resources/windows/nsis/Contrib/zip2exe/Classic.nsh
183,/home/runner/work/UniversalMediaServer/UniversalMediaServer/src/main/external-resources/windows/nsis/Contrib/zip2exe/Modern.nsh
187,/home/runner/work/UniversalMediaServer/UniversalMediaServer/src/main/external-resources/windows/nsis/Contrib/Modern UI 2/Interface.nsh
188,/home/runner/work/UniversalMediaServer/UniversalMediaServer/src/main/external-resources/windows/nsis/Contrib/Language files/Welsh.nsh
189,/home/runner/work/UniversalMediaServer/UniversalMediaServer/src/main/external-resources/windows/nsis/Contrib/Language files/Russian.nsh
190,/home/runner/work/UniversalMediaServer/UniversalMediaServer/src/main/external-resources/windows/nsis/Contrib/Language files/SpanishInternational.nlf
191,/home/runner/work/UniversalMediaServer/UniversalMediaServer/src/main/external-resources/windows/nsis/Contrib/Language files/Serbian.nlf
192,/home/runner/work/UniversalMediaServer/UniversalMediaServer/src/main/external-resources/windows/nsis/Contrib/Language files/Serbian.nsh
193,/home/runner/work/UniversalMediaServer/UniversalMediaServer/src/main/external-resources/windows/nsis/Contrib/Language files/SerbianLatin.nlf
194,/home/runner/work/UniversalMediaServer/UniversalMediaServer/src/main/external-resources/windows/nsis/Contrib/Language files/SerbianLatin.nsh
195,/home/runner/work/UniversalMediaServer/UniversalMediaServer/src/main/external-resources/windows/nsis/Contrib/Language files/SimpChinese.nlf
196,/home/runner/work/UniversalMediaServer/UniversalMediaServer/src/main/external-resources/windows/nsis/Contrib/Language files/SimpChinese.nsh
197,/home/runner/work/UniversalMediaServer/UniversalMediaServer/src/main/external-resources/windows/nsis/Contrib/Language files/Slovak.nlf
198,/home/runner/work/UniversalMediaServer/UniversalMediaServer/src/main/external-resources/windows/nsis/Contrib/Language files/Slovak.nsh
199,/home/runner/work/UniversalMediaServer/UniversalMediaServer/src/main/external-resources/windows/nsis/Contrib/Language files/Slovenian.nlf
200,/home/runner/work/UniversalMediaServer/UniversalMediaServer/src/main/external-resources/windows/nsis/Contrib/Language files/Slovenian.nsh
201,/home/runner/work/UniversalMediaServer/UniversalMediaServer/src/main/external-resources/windows/nsis/Contrib/Language files/Spanish.nlf
202,/home/runner/work/UniversalMediaServer/UniversalMediaServer/src/main/external-resources/windows/nsis/Contrib/Language files/Spanish.nsh
203,/home/runner/work/UniversalMediaServer/UniversalMediaServer/src/main/external-resources/windows/nsis/Contrib/Language files/SpanishInternational.nsh
204,/home/runner/work/UniversalMediaServer/UniversalMediaServer/src/main/external-resources/windows/nsis/Contrib/Language files/Welsh.nlf
205,/home/runner/work/UniversalMediaServer/UniversalMediaServer/src/main/external-resources/windows/nsis/Contrib/Language files/Swedish.nlf
206,/home/runner/work/UniversalMediaServer/UniversalMediaServer/src/main/external-resources/windows/nsis/Contrib/Language files/Swedish.nsh
207,/home/runner/work/UniversalMediaServer/UniversalMediaServer/src/main/external-resources/windows/nsis/Contrib/Language files/Thai.nlf
208,/home/runner/work/UniversalMediaServer/UniversalMediaServer/src/main/external-resources/windows/nsis/Contrib/Language files/Thai.nsh
209,/home/runner/work/UniversalMediaServer/UniversalMediaServer/src/main/external-resources/windows/nsis/Contrib/Language files/TradChinese.nlf
210,/home/runner/work/UniversalMediaServer/UniversalMediaServer/src/main/external-resources/windows/nsis/Contrib/Language files/TradChinese.nsh
211,/home/runner/work/UniversalMediaServer/UniversalMediaServer/src/main/external-resources/windows/nsis/Contrib/Language files/Turkish.nlf
212,/home/runner/work/UniversalMediaServer/UniversalMediaServer/src/main/external-resources/windows/nsis/Contrib/Language files/Turkish.nsh
213,/home/runner/work/UniversalMediaServer/UniversalMediaServer/src/main/external-resources/windows/nsis/Contrib/Language files/Ukrainian.nlf
214,/home/runner/work/UniversalMediaServer/UniversalMediaServer/src/main/external-resources/windows/nsis/Contrib/Language files/Ukrainian.nsh
215,/home/runner/work/UniversalMediaServer/UniversalMediaServer/src/main/external-resources/windows/nsis/Contrib/Language files/Uzbek.nlf
216,/home/runner/work/UniversalMediaServer/UniversalMediaServer/src/main/external-resources/windows/nsis/Contrib/Language files/Uzbek.nsh
217,/home/runner/work/UniversalMediaServer/UniversalMediaServer/src/main/external-resources/windows/nsis/Contrib/Language files/English.nsh
218,/home/runner/work/UniversalMediaServer/UniversalMediaServer/src/main/external-resources/windows/nsis/Contrib/Language files/Dutch.nsh
220,/home/runner/work/UniversalMediaServer/UniversalMediaServer/src/main/external-resources/windows/nsis/Contrib/Graphics/Header/nsis.bmp
221,/home/runner/work/UniversalMediaServer/UniversalMediaServer/src/main/external-resources/windows/nsis/Contrib/Graphics/Checks/classic-cross.bmp
222,/home/runner/work/UniversalMediaServer/UniversalMediaServer/src/main/external-resources/windows/nsis/Contrib/Graphics/Checks/classic.bmp
223,/home/runner/work/UniversalMediaServer/UniversalMediaServer/src/main/external-resources/windows/nsis/Contrib/Graphics/Checks/colorful.bmp
224,/home/runner/work/UniversalMediaServer/UniversalMediaServer/src/main/external-resources/windows/nsis/Contrib/Graphics/Checks/grey-cross.bmp
225,/home/runner/work/UniversalMediaServer/UniversalMediaServer/src/main/external-resources/windows/nsis/Contrib/Graphics/Checks/grey.bmp
226,/home/runner/work/UniversalMediaServer/UniversalMediaServer/src/main/external-resources/windows/nsis/Contrib/Graphics/Checks/modern.bmp
227,/home/runner/work/UniversalMediaServer/UniversalMediaServer/src/main/external-resources/windows/nsis/Contrib/Graphics/Checks/red-round.bmp
228,/home/runner/work/UniversalMediaServer/UniversalMediaServer/src/main/external-resources/windows/nsis/Contrib/Graphics/Checks/red.bmp
229,/home/runner/work/UniversalMediaServer/UniversalMediaServer/src/main/external-resources/windows/nsis/Contrib/Graphics/Checks/simple-round.bmp
230,/home/runner/work/UniversalMediaServer/UniversalMediaServer/src/main/external-resources/windows/nsis/Contrib/Graphics/Checks/simple-round2.bmp
231,/home/runner/work/UniversalMediaServer/UniversalMediaServer/src/main/external-resources/windows/nsis/Contrib/Graphics/Checks/simple.bmp
232,/home/runner/work/UniversalMediaServer/UniversalMediaServer/src/main/external-resources/windows/nsis/Contrib/Graphics/Header/nsis-r.bmp
233,/home/runner/work/UniversalMediaServer/UniversalMediaServer/src/main/external-resources/windows/nsis/Contrib/Graphics/Header/orange-nsis.bmp
234,/home/runner/work/UniversalMediaServer/UniversalMediaServer/src/main/external-resources/windows/nsis/COPYING
235,/home/runner/work/UniversalMediaServer/UniversalMediaServer/src/main/external-resources/windows/nsis/Contrib/Graphics/Header/orange-r-nsis.bmp
236,/home/runner/work/UniversalMediaServer/UniversalMediaServer/src/main/external-resources/windows/nsis/Contrib/Graphics/Header/orange-r.bmp
237,/home/runner/work/UniversalMediaServer/UniversalMediaServer/src/main/external-resources/windows/nsis/Contrib/Graphics/Header/orange-uninstall-nsis.bmp
238,/home/runner/work/UniversalMediaServer/UniversalMediaServer/src/main/external-resources/windows/nsis/Contrib/Graphics/Header/orange-uninstall-r-nsis.bmp
239,/home/runner/work/UniversalMediaServer/UniversalMediaServer/src/main/external-resources/windows/nsis/Contrib/Graphics/Header/orange-uninstall-r.bmp
240,/home/runner/work/UniversalMediaServer/UniversalMediaServer/src/main/external-resources/windows/nsis/Contrib/Graphics/Header/orange-uninstall.bmp
241,/home/runner/work/UniversalMediaServer/UniversalMediaServer/src/main/external-resources/windows/nsis/Contrib/Graphics/Header/orange.bmp
242,/home/runner/work/UniversalMediaServer/UniversalMediaServer/src/main/external-resources/windows/nsis/Contrib/Graphics/Header/win.bmp
243,/home/runner/work/UniversalMediaServer/UniversalMediaServer/src/main/external-resources/windows/nsis/Contrib/Graphics/Icons/arrow-install.ico
244,/home/runner/work/UniversalMediaServer/UniversalMediaServer/src/main/external-resources/windows/nsis/Contrib/Graphics/Icons/arrow-uninstall.ico
245,/home/runner/work/UniversalMediaServer/UniversalMediaServer/src/main/external-resources/windows/nsis/Contrib/Graphics/Icons/arrow2-install.ico
246,/home/runner/work/UniversalMediaServer/UniversalMediaServer/src/main/external-resources/windows/nsis/Contrib/Graphics/Icons/arrow2-uninstall.ico
247,/home/runner/work/UniversalMediaServer/UniversalMediaServer/src/main/external-resources/windows/nsis/Contrib/Graphics/Checks/big.bmp
248,/home/runner/work/UniversalMediaServer/UniversalMediaServer/src/main/external-resources/windows/nsis/Bin/zip2exe.exe
249,/home/runner/work/UniversalMediaServer/UniversalMediaServer/src/main/external-resources/windows/nsis/Contrib/Graphics/Icons/box-uninstall.ico
250,/home/runner/work/UniversalMediaServer/UniversalMediaServer/src/main/external-resources/windows/avisynth/CropResize/CropResize.avsi
251,/home/runner/work/UniversalMediaServer/UniversalMediaServer/src/main/external-resources/windows/avisynth/convert2dto3d.avsi
252,/home/runner/work/UniversalMediaServer/UniversalMediaServer/src/main/external-resources/windows/nsis/Bin/RegTool.bin
253,/home/runner/work/UniversalMediaServer/UniversalMediaServer/src/main/external-resources/windows/avisynth/ffms2/FFMS2.avsi
254,/home/runner/work/UniversalMediaServer/UniversalMediaServer/src/main/external-resources/windows/avisynth/ffms2/x64/ffms2.lib
255,/home/runner/work/UniversalMediaServer/UniversalMediaServer/src/main/external-resources/windows/avisynth/ffms2/x64/ffmsindex.exe
256,/home/runner/work/UniversalMediaServer/UniversalMediaServer/src/main/external-resources/windows/avisynth/ffms2/x86/ffms2.lib
257,/home/runner/work/UniversalMediaServer/UniversalMediaServer/src/main/external-resources/windows/avisynth/ffms2/x86/ffmsindex.exe
258,/home/runner/work/UniversalMediaServer/UniversalMediaServer/src/main/external-resources/windows/ctrlsender/ctrlsender.exe
259,/home/runner/work/UniversalMediaServer/UniversalMediaServer/src/main/external-resources/windows/nsis-scripts/extra.nsh
260,/home/runner/work/UniversalMediaServer/UniversalMediaServer/src/main/external-resources/windows/nsis-scripts/pms.nsi
261,/home/runner/work/UniversalMediaServer/UniversalMediaServer/src/main/external-resources/windows/nsis-scripts/setup.nsi
262,/home/runner/work/UniversalMediaServer/UniversalMediaServer/src/main/external-resources/windows/nsis/Bin/GenPat.exe
263,/home/runner/work/UniversalMediaServer/UniversalMediaServer/src/main/external-resources/windows/nsis/Bin/LibraryLocal.exe
264,/home/runner/work/UniversalMediaServer/UniversalMediaServer/src/main/external-resources/windows/nsis/Bin/MakeLangId.exe
265,/home/runner/work/UniversalMediaServer/UniversalMediaServer/src/main/external-resources/windows/nsis/Contrib/Graphics/Icons/box-install.ico
266,/home/runner/work/UniversalMediaServer/UniversalMediaServer/src/main/external-resources/windows/nsis/Contrib/Graphics/Icons/classic-install.ico
267,/home/runner/work/UniversalMediaServer/UniversalMediaServer/src/main/external-resources/windows/nsis/Contrib/Language files/Dutch.nlf
268,/home/runner/work/UniversalMediaServer/UniversalMediaServer/src/main/external-resources/windows/nsis/Contrib/Language files/Bosnian.nlf
269,/home/runner/work/UniversalMediaServer/UniversalMediaServer/src/main/external-resources/windows/nsis/Contrib/Graphics/Wizard/win.bmp
270,/home/runner/work/UniversalMediaServer/UniversalMediaServer/src/main/external-resources/windows/nsis/Contrib/Graphics/Wizard/win.png
271,/home/runner/work/UniversalMediaServer/UniversalMediaServer/src/main/external-resources/windows/nsis/Contrib/Language files/Afrikaans.nlf
272,/home/runner/work/UniversalMediaServer/UniversalMediaServer/src/main/external-resources/windows/nsis/Contrib/Language files/Afrikaans.nsh
273,/home/runner/work/UniversalMediaServer/UniversalMediaServer/src/main/external-resources/windows/nsis/Contrib/Language files/Albanian.nlf
274,/home/runner/work/UniversalMediaServer/UniversalMediaServer/src/main/external-resources/windows/nsis/Contrib/Language files/Albanian.nsh
275,/home/runner/work/UniversalMediaServer/UniversalMediaServer/src/main/external-resources/windows/nsis/Contrib/Language files/Arabic.nlf
276,/home/runner/work/UniversalMediaServer/UniversalMediaServer/src/main/external-resources/windows/nsis/Contrib/Language files/Arabic.nsh
277,/home/runner/work/UniversalMediaServer/UniversalMediaServer/src/main/external-resources/windows/nsis/Contrib/Language files/Basque.nlf
278,/home/runner/work/UniversalMediaServer/UniversalMediaServer/src/main/external-resources/windows/nsis/Contrib/Language files/Basque.nsh
279,/home/runner/work/UniversalMediaServer/UniversalMediaServer/src/main/external-resources/windows/nsis/Contrib/Language files/Belarusian.nlf
280,/home/runner/work/UniversalMediaServer/UniversalMediaServer/src/main/external-resources/windows/nsis/Contrib/Language files/Belarusian.nsh
281,/home/runner/work/UniversalMediaServer/UniversalMediaServer/src/main/external-resources/windows/nsis/Contrib/Language files/Bosnian.nsh
282,/home/runner/work/UniversalMediaServer/UniversalMediaServer/src/main/external-resources/windows/nsis/Contrib/Graphics/Wizard/orange-uninstall.bmp
283,/home/runner/work/UniversalMediaServer/UniversalMediaServer/src/main/external-resources/windows/nsis/Contrib/Language files/Breton.nlf
284,/home/runner/work/UniversalMediaServer/UniversalMediaServer/src/main/external-resources/windows/nsis/Contrib/Language files/Breton.nsh
285,/home/runner/work/UniversalMediaServer/UniversalMediaServer/src/main/external-resources/windows/nsis/Contrib/Language files/Bulgarian.nlf
286,/home/runner/work/UniversalMediaServer/UniversalMediaServer/src/main/external-resources/windows/nsis/Contrib/Language files/Bulgarian.nsh
287,/home/runner/work/UniversalMediaServer/UniversalMediaServer/src/main/external-resources/windows/nsis/Contrib/Language files/Catalan.nlf
288,/home/runner/work/UniversalMediaServer/UniversalMediaServer/src/main/external-resources/windows/nsis/Contrib/Language files/Catalan.nsh
289,/home/runner/work/UniversalMediaServer/UniversalMediaServer/src/main/external-resources/windows/nsis/Contrib/Language files/Croatian.nlf
290,/home/runner/work/UniversalMediaServer/UniversalMediaServer/src/main/external-resources/windows/nsis/Contrib/Language files/Croatian.nsh
291,/home/runner/work/UniversalMediaServer/UniversalMediaServer/src/main/external-resources/windows/nsis/Contrib/Language files/Czech.nlf
292,/home/runner/work/UniversalMediaServer/UniversalMediaServer/src/main/external-resources/windows/nsis/Contrib/Language files/Czech.nsh
293,/home/runner/work/UniversalMediaServer/UniversalMediaServer/src/main/external-resources/windows/nsis/Contrib/Language files/Danish.nlf
294,/home/runner/work/UniversalMediaServer/UniversalMediaServer/src/main/external-resources/windows/nsis/Contrib/Language files/Danish.nsh
295,/home/runner/work/UniversalMediaServer/UniversalMediaServer/src/main/external-resources/windows/nsis/Contrib/Graphics/Wizard/orange.bmp
296,/home/runner/work/UniversalMediaServer/UniversalMediaServer/src/main/external-resources/windows/nsis/Contrib/Graphics/Wizard/orange-uninstall-nsis.bmp
297,/home/runner/work/UniversalMediaServer/UniversalMediaServer/src/main/external-resources/windows/nsis/Contrib/Graphics/Icons/classic-uninstall.ico
298,/home/runner/work/UniversalMediaServer/UniversalMediaServer/src/main/external-resources/windows/nsis/Contrib/Graphics/Icons/nsis1-install.ico
299,/home/runner/work/UniversalMediaServer/UniversalMediaServer/src/main/external-resources/windows/nsis/Contrib/Graphics/Icons/llama-blue.ico
300,/home/runner/work/UniversalMediaServer/UniversalMediaServer/src/main/external-resources/windows/nsis/Contrib/Graphics/Icons/llama-grey.ico
301,/home/runner/work/UniversalMediaServer/UniversalMediaServer/src/main/external-resources/windows/nsis/Contrib/Graphics/Icons/modern-install-blue-full.ico
302,/home/runner/work/UniversalMediaServer/UniversalMediaServer/src/main/external-resources/windows/nsis/Contrib/Graphics/Icons/modern-install-blue.ico
303,/home/runner/work/UniversalMediaServer/UniversalMediaServer/src/main/external-resources/windows/nsis/Contrib/Graphics/Icons/modern-install-colorful.ico
304,/home/runner/work/UniversalMediaServer/UniversalMediaServer/src/main/external-resources/windows/nsis/Contrib/Graphics/Icons/modern-install-full.ico
305,/home/runner/work/UniversalMediaServer/UniversalMediaServer/src/main/external-resources/windows/nsis/Contrib/Graphics/Icons/modern-install.ico
306,/home/runner/work/UniversalMediaServer/UniversalMediaServer/src/main/external-resources/windows/nsis/Contrib/Graphics/Icons/modern-uninstall-blue-full.ico
307,/home/runner/work/UniversalMediaServer/UniversalMediaServer/src/main/external-resources/windows/nsis/Contrib/Graphics/Icons/modern-uninstall-blue.ico
308,/home/runner/work/UniversalMediaServer/UniversalMediaServer/src/main/external-resources/windows/nsis/Contrib/Graphics/Icons/modern-uninstall-colorful.ico
309,/home/runner/work/UniversalMediaServer/UniversalMediaServer/src/main/external-resources/windows/nsis/Contrib/Graphics/Icons/modern-uninstall-full.ico
310,/home/runner/work/UniversalMediaServer/UniversalMediaServer/src/main/external-resources/windows/nsis/Contrib/Graphics/Icons/modern-uninstall.ico
311,/home/runner/work/UniversalMediaServer/UniversalMediaServer/src/main/external-resources/windows/nsis/Contrib/Graphics/Icons/nsis1-uninstall.ico
312,/home/runner/work/UniversalMediaServer/UniversalMediaServer/src/main/external-resources/windows/nsis/Contrib/Graphics/Wizard/orange-nsis.bmp
313,/home/runner/work/UniversalMediaServer/UniversalMediaServer/src/main/external-resources/windows/nsis/Contrib/Graphics/Icons/orange-install-nsis.ico
314,/home/runner/work/UniversalMediaServer/UniversalMediaServer/src/main/external-resources/windows/nsis/Contrib/Graphics/Icons/orange-install.ico
315,/home/runner/work/UniversalMediaServer/UniversalMediaServer/src/main/external-resources/windows/nsis/Contrib/Graphics/Icons/orange-uninstall-nsis.ico
316,/home/runner/work/UniversalMediaServer/UniversalMediaServer/src/main/external-resources/windows/nsis/Contrib/Graphics/Icons/orange-uninstall.ico
317,/home/runner/work/UniversalMediaServer/UniversalMediaServer/src/main/external-resources/windows/nsis/Contrib/Graphics/Icons/pixel-install.ico
318,/home/runner/work/UniversalMediaServer/UniversalMediaServer/src/main/external-resources/windows/nsis/Contrib/Graphics/Icons/pixel-uninstall.ico
319,/home/runner/work/UniversalMediaServer/UniversalMediaServer/src/main/external-resources/windows/nsis/Contrib/Graphics/Icons/win-install.ico
320,/home/runner/work/UniversalMediaServer/UniversalMediaServer/src/main/external-resources/windows/nsis/Contrib/Graphics/Icons/win-uninstall.ico
321,/home/runner/work/UniversalMediaServer/UniversalMediaServer/src/main/external-resources/windows/nsis/Contrib/Graphics/Wizard/arrow.bmp
322,/home/runner/work/UniversalMediaServer/UniversalMediaServer/src/main/external-resources/windows/nsis/Contrib/Graphics/Wizard/llama.bmp
323,/home/runner/work/UniversalMediaServer/UniversalMediaServer/src/main/external-resources/windows/nsis/Contrib/Graphics/Wizard/nsis.bmp
324,/home/runner/work/UniversalMediaServer/UniversalMediaServer/src/main/external-resources/windows/nsis/Contrib/Graphics/Wizard/nullsoft.bmp
326,/home/runner/work/UniversalMediaServer/UniversalMediaServer/src/main/external-resources/windows/nsis/Docs/InstallOptions/Readme.html
327,/home/runner/work/UniversalMediaServer/UniversalMediaServer/src/main/external-resources/windows/wrapper/x86/wrapper.exe
328,/home/runner/work/UniversalMediaServer/UniversalMediaServer/src/main/external-resources/windows/nsis/Stubs/bzip2
329,/home/runner/work/UniversalMediaServer/UniversalMediaServer/src/main/external-resources/windows/nsis/Stubs/bzip2_solid
330,/home/runner/work/UniversalMediaServer/UniversalMediaServer/src/main/external-resources/windows/nsis/Stubs/lzma
331,/home/runner/work/UniversalMediaServer/UniversalMediaServer/src/main/external-resources/windows/nsis/Stubs/lzma_solid
332,/home/runner/work/UniversalMediaServer/UniversalMediaServer/src/main/external-resources/windows/nsis/Stubs/uninst
333,/home/runner/work/UniversalMediaServer/UniversalMediaServer/src/main/external-resources/windows/nsis/Stubs/zlib
334,/home/runner/work/UniversalMediaServer/UniversalMediaServer/src/main/external-resources/windows/nsis/Stubs/zlib_solid
335,/home/runner/work/UniversalMediaServer/UniversalMediaServer/src/main/external-resources/windows/nsis/makensis.exe
336,/home/runner/work/UniversalMediaServer/UniversalMediaServer/src/main/external-resources/windows/nsis/makensisw.exe
337,/home/runner/work/UniversalMediaServer/UniversalMediaServer/src/main/external-resources/windows/nsis/nsisconf.nsh
339,/home/runner/work/UniversalMediaServer/UniversalMediaServer/src/main/external-resources/windows/wrapper/wrapper.conf
340,/home/runner/work/UniversalMediaServer/UniversalMediaServer/src/main/external-resources/windows/wrapper/x86_64/wrapper.exe
341,/home/runner/work/UniversalMediaServer/UniversalMediaServer/src/main/external-resources/windows/nsis/Plugins/nsSCM.dll
344,/home/runner/work/UniversalMediaServer/UniversalMediaServer/src/main/external-resources/windows/nsis/Plugins/services.dll
345,/home/runner/work/UniversalMediaServer/UniversalMediaServer/src/main/external-resources/windows/nsis/Plugins/nsExec.dll
346,/home/runner/work/UniversalMediaServer/UniversalMediaServer/src/main/external-resources/windows/nsis/Plugins/Banner.dll
347,/home/runner/work/UniversalMediaServer/UniversalMediaServer/src/main/external-resources/windows/nsis/Include/WinMessages.nsh
348,/home/runner/work/UniversalMediaServer/UniversalMediaServer/src/main/external-resources/windows/nsis/Include/WinVer.nsh
349,/home/runner/work/UniversalMediaServer/UniversalMediaServer/src/main/external-resources/windows/nsis/Include/WordFunc.nsh
350,/home/runner/work/UniversalMediaServer/UniversalMediaServer/src/main/external-resources/windows/nsis/Include/nsDialogs.nsh
351,/home/runner/work/UniversalMediaServer/UniversalMediaServer/src/main/external-resources/windows/nsis/Include/x64.nsh
352,/home/runner/work/UniversalMediaServer/UniversalMediaServer/src/main/external-resources/windows/nsis/Menu/images/header.gif
353,/home/runner/work/UniversalMediaServer/UniversalMediaServer/src/main/external-resources/windows/nsis/Menu/images/line.gif
354,/home/runner/work/UniversalMediaServer/UniversalMediaServer/src/main/external-resources/windows/nsis/Menu/images/site.gif
355,/home/runner/work/UniversalMediaServer/UniversalMediaServer/src/main/external-resources/windows/nsis/Menu/index.html
356,/home/runner/work/UniversalMediaServer/UniversalMediaServer/src/main/external-resources/windows/nsis/NSIS.chm
357,/home/runner/work/UniversalMediaServer/UniversalMediaServer/src/main/external-resources/windows/nsis/NSIS.exe
358,/home/runner/work/UniversalMediaServer/UniversalMediaServer/src/main/external-resources/windows/nsis/Plugins/AdvSplash.dll
359,/home/runner/work/UniversalMediaServer/UniversalMediaServer/src/main/external-resources/windows/nsis/Plugins/BgImage.dll
360,/home/runner/work/UniversalMediaServer/UniversalMediaServer/src/main/external-resources/windows/nsis/Plugins/nsDialogs.dll
361,/home/runner/work/UniversalMediaServer/UniversalMediaServer/src/main/external-resources/windows/nsis/Plugins/Dialer.dll
362,/home/runner/work/UniversalMediaServer/UniversalMediaServer/src/main/external-resources/windows/nsis/Plugins/InstallOptions.dll
363,/home/runner/work/UniversalMediaServer/UniversalMediaServer/src/main/external-resources/windows/nsis/Plugins/LangDLL.dll
364,/home/runner/work/UniversalMediaServer/UniversalMediaServer/src/main/external-resources/windows/nsis/Plugins/LockedList64.dll
365,/home/runner/work/UniversalMediaServer/UniversalMediaServer/src/main/external-resources/windows/nsis/Plugins/NSISdl.dll
366,/home/runner/work/UniversalMediaServer/UniversalMediaServer/src/main/external-resources/windows/nsis/Plugins/Splash.dll
367,/home/runner/work/UniversalMediaServer/UniversalMediaServer/src/main/external-resources/windows/nsis/Plugins/StartMenu.dll
368,/home/runner/work/UniversalMediaServer/UniversalMediaServer/src/main/external-resources/windows/nsis/Plugins/System.dll
369,/home/runner/work/UniversalMediaServer/UniversalMediaServer/src/main/external-resources/windows/nsis/Plugins/TypeLib.dll
370,/home/runner/work/UniversalMediaServer/UniversalMediaServer/src/main/external-resources/windows/nsis/Plugins/UAC.dll
371,/home/runner/work/UniversalMediaServer/UniversalMediaServer/src/main/external-resources/windows/nsis/Plugins/UserInfo.dll
372,/home/runner/work/UniversalMediaServer/UniversalMediaServer/src/main/external-resources/windows/nsis/Plugins/VPatch.dll
373,/home/runner/work/UniversalMediaServer/UniversalMediaServer/src/main/external-resources/windows/nsis/Include/Win/WinUser.nsh
375,/home/runner/work/UniversalMediaServer/UniversalMediaServer/src/main/external-resources/windows/nsis/Include/WinCore.nsh
376,/home/runner/work/UniversalMediaServer/UniversalMediaServer/src/main/external-resources/windows/nsis/Include/Win/WinNT.nsh
378,/home/runner/work/UniversalMediaServer/UniversalMediaServer/src/main/external-resources/windows/nsis/Examples/Modern UI/HeaderBitmap.nsi
379,/home/runner/work/UniversalMediaServer/UniversalMediaServer/src/main/external-resources/windows/nsis/Examples/InstallOptions/testlink.ini
380,/home/runner/work/UniversalMediaServer/UniversalMediaServer/src/main/external-resources/windows/nsis/Examples/InstallOptions/testlink.nsi
381,/home/runner/work/UniversalMediaServer/UniversalMediaServer/src/main/external-resources/windows/nsis/Examples/InstallOptions/testnotify.ini
382,/home/runner/work/UniversalMediaServer/UniversalMediaServer/src/main/external-resources/windows/nsis/Examples/InstallOptions/testnotify.nsi
383,/home/runner/work/UniversalMediaServer/UniversalMediaServer/src/main/external-resources/windows/nsis/Examples/Library.nsi
384,/home/runner/work/UniversalMediaServer/UniversalMediaServer/src/main/external-resources/windows/nsis/Examples/LogicLib.nsi
385,/home/runner/work/UniversalMediaServer/UniversalMediaServer/src/main/external-resources/windows/nsis/Examples/Math/math.nsi
386,/home/runner/work/UniversalMediaServer/UniversalMediaServer/src/main/external-resources/windows/nsis/Examples/Math/mathtest.ini
387,/home/runner/work/UniversalMediaServer/UniversalMediaServer/src/main/external-resources/windows/nsis/Examples/Math/mathtest.nsi
388,/home/runner/work/UniversalMediaServer/UniversalMediaServer/src/main/external-resources/windows/nsis/Examples/Math/mathtest.txt
389,/home/runner/work/UniversalMediaServer/UniversalMediaServer/src/main/external-resources/windows/nsis/Examples/Memento.nsi
390,/home/runner/work/UniversalMediaServer/UniversalMediaServer/src/main/external-resources/windows/nsis/Examples/Modern UI/Basic.nsi
391,/home/runner/work/UniversalMediaServer/UniversalMediaServer/src/main/external-resources/windows/nsis/Examples/Modern UI/MultiLanguage.nsi
392,/home/runner/work/UniversalMediaServer/UniversalMediaServer/src/main/external-resources/windows/nsis/Examples/InstallOptions/testimgs.ini
393,/home/runner/work/UniversalMediaServer/UniversalMediaServer/src/main/external-resources/windows/nsis/Examples/Modern UI/StartMenu.nsi
394,/home/runner/work/UniversalMediaServer/UniversalMediaServer/src/main/external-resources/windows/nsis/Examples/Modern UI/WelcomeFinish.nsi
395,/home/runner/work/UniversalMediaServer/UniversalMediaServer/src/main/external-resources/windows/nsis/Examples/Plugin/api.h
396,/home/runner/work/UniversalMediaServer/UniversalMediaServer/src/main/external-resources/windows/nsis/Examples/Plugin/exdll-vs2008.sln
397,/home/runner/work/UniversalMediaServer/UniversalMediaServer/src/main/external-resources/windows/nsis/Examples/Plugin/exdll-vs2008.vcproj
398,/home/runner/work/UniversalMediaServer/UniversalMediaServer/src/main/external-resources/windows/nsis/Examples/Plugin/exdll.c
399,/home/runner/work/UniversalMediaServer/UniversalMediaServer/src/main/external-resources/windows/nsis/Examples/Plugin/exdll.dpr
400,/home/runner/work/UniversalMediaServer/UniversalMediaServer/src/main/external-resources/windows/nsis/Examples/Plugin/exdll.dsp
401,/home/runner/work/UniversalMediaServer/UniversalMediaServer/src/main/external-resources/windows/nsis/Examples/Plugin/exdll.dsw
402,/home/runner/work/UniversalMediaServer/UniversalMediaServer/src/main/external-resources/windows/nsis/Examples/Plugin/exdll_with_unit.dpr
403,/home/runner/work/UniversalMediaServer/UniversalMediaServer/src/main/external-resources/windows/nsis/Examples/Plugin/extdll.inc
404,/home/runner/work/UniversalMediaServer/UniversalMediaServer/src/main/external-resources/windows/nsis/Examples/Plugin/nsis.pas
405,/home/runner/work/UniversalMediaServer/UniversalMediaServer/src/main/external-resources/windows/nsis/Examples/InstallOptions/testimgs.nsi
406,/home/runner/work/UniversalMediaServer/UniversalMediaServer/src/main/external-resources/windows/nsis/Examples/InstallOptions/test.nsi
407,/home/runner/work/UniversalMediaServer/UniversalMediaServer/src/main/external-resources/windows/nsis/Examples/Plugin/nsis/pluginapi.h
408,/home/runner/work/UniversalMediaServer/UniversalMediaServer/src/main/external-resources/windows/nsis/Docs/MultiUser/Readme.html
409,/home/runner/work/UniversalMediaServer/UniversalMediaServer/src/main/external-resources/windows/nsis/Docs/Modern UI 2/Readme.html
410,/home/runner/work/UniversalMediaServer/UniversalMediaServer/src/main/external-resources/windows/nsis/Docs/Modern UI 2/images/header.gif
411,/home/runner/work/UniversalMediaServer/UniversalMediaServer/src/main/external-resources/windows/nsis/Docs/Modern UI 2/images/open.gif
412,/home/runner/work/UniversalMediaServer/UniversalMediaServer/src/main/external-resources/windows/nsis/Docs/Modern UI 2/images/screen1.png
413,/home/runner/work/UniversalMediaServer/UniversalMediaServer/src/main/external-resources/windows/nsis/Docs/Modern UI 2/images/screen2.png
415,/home/runner/work/UniversalMediaServer/UniversalMediaServer/src/main/external-resources/windows/nsis/Docs/Modern UI/License.txt
416,/home/runner/work/UniversalMediaServer/UniversalMediaServer/src/main/external-resources/windows/nsis/Docs/Modern UI/Readme.html
417,/home/runner/work/UniversalMediaServer/UniversalMediaServer/src/main/external-resources/windows/nsis/Docs/Modern UI/images/header.gif
418,/home/runner/work/UniversalMediaServer/UniversalMediaServer/src/main/external-resources/windows/nsis/Docs/Modern UI/images/open.gif
419,/home/runner/work/UniversalMediaServer/UniversalMediaServer/src/main/external-resources/windows/nsis/Docs/Modern UI/images/screen1.png
420,/home/runner/work/UniversalMediaServer/UniversalMediaServer/src/main/external-resources/windows/nsis/Docs/Modern UI/images/screen2.png
421,/home/runner/work/UniversalMediaServer/UniversalMediaServer/src/main/external-resources/windows/nsis/Docs/NSISdl/ReadMe.txt
422,/home/runner/work/UniversalMediaServer/UniversalMediaServer/src/main/external-resources/windows/nsis/Examples/InstallOptions/test.ini
425,/home/runner/work/UniversalMediaServer/UniversalMediaServer/src/main/external-resources/windows/nsis/Docs/System/System.html
426,/home/runner/work/UniversalMediaServer/UniversalMediaServer/src/main/external-resources/windows/nsis/Docs/System/WhatsNew.txt
427,/home/runner/work/UniversalMediaServer/UniversalMediaServer/src/main/external-resources/windows/nsis/Docs/VPatch/Readme.html
428,/home/runner/work/UniversalMediaServer/UniversalMediaServer/src/main/external-resources/windows/nsis/Docs/makensisw/Readme.txt
429,/home/runner/work/UniversalMediaServer/UniversalMediaServer/src/main/external-resources/windows/nsis/Docs/nsDialogs/Readme.html
431,/home/runner/work/UniversalMediaServer/UniversalMediaServer/src/main/external-resources/windows/nsis/Examples/BgImage/Example.nsi
432,/home/runner/work/UniversalMediaServer/UniversalMediaServer/src/main/external-resources/windows/nsis/Examples/FileFunc.ini
433,/home/runner/work/UniversalMediaServer/UniversalMediaServer/src/main/external-resources/windows/nsis/Examples/FileFunc.nsi
434,/home/runner/work/UniversalMediaServer/UniversalMediaServer/src/main/external-resources/windows/nsis/Examples/FileFuncTest.nsi
435,/home/runner/work/UniversalMediaServer/UniversalMediaServer/src/main/external-resources/windows/nsis/Examples/Plugin/nsis/api.h
436,/home/runner/work/UniversalMediaServer/UniversalMediaServer/src/main/external-resources/windows/nsis/Examples/Plugin/nsis/pluginapi.lib
437,/home/runner/work/UniversalMediaServer/UniversalMediaServer/src/main/external-resources/windows/nsis/Include/Win/WinError.nsh
438,/home/runner/work/UniversalMediaServer/UniversalMediaServer/src/main/external-resources/windows/nsis/Include/Library.nsh
439,/home/runner/work/UniversalMediaServer/UniversalMediaServer/src/main/external-resources/windows/nsis/Examples/nsDialogs/welcome.nsi
440,/home/runner/work/UniversalMediaServer/UniversalMediaServer/src/main/external-resources/windows/nsis/Examples/one-section.nsi
441,/home/runner/work/UniversalMediaServer/UniversalMediaServer/src/main/external-resources/windows/nsis/Examples/primes.nsi
442,/home/runner/work/UniversalMediaServer/UniversalMediaServer/src/main/external-resources/windows/nsis/Examples/rtest.nsi
443,/home/runner/work/UniversalMediaServer/UniversalMediaServer/src/main/external-resources/windows/nsis/Examples/silent.nsi
444,/home/runner/work/UniversalMediaServer/UniversalMediaServer/src/main/external-resources/windows/nsis/Examples/viewhtml.nsi
445,/home/runner/work/UniversalMediaServer/UniversalMediaServer/src/main/external-resources/windows/nsis/Examples/waplugin.nsi
446,/home/runner/work/UniversalMediaServer/UniversalMediaServer/src/main/external-resources/windows/nsis/Include/Colors.nsh
447,/home/runner/work/UniversalMediaServer/UniversalMediaServer/src/main/external-resources/windows/nsis/Include/FileFunc.nsh
448,/home/runner/work/UniversalMediaServer/UniversalMediaServer/src/main/external-resources/windows/nsis/Include/GetWindowsVersion.nsh
449,/home/runner/work/UniversalMediaServer/UniversalMediaServer/src/main/external-resources/windows/nsis/Include/InstallOptions.nsh
450,/home/runner/work/UniversalMediaServer/UniversalMediaServer/src/main/external-resources/windows/nsis/Include/LangFile.nsh
451,/home/runner/work/UniversalMediaServer/UniversalMediaServer/src/main/external-resources/windows/nsis/Include/LogicLib.nsh
452,/home/runner/work/UniversalMediaServer/UniversalMediaServer/src/main/external-resources/windows/nsis/Examples/nsDialogs/example.nsi
453,/home/runner/work/UniversalMediaServer/UniversalMediaServer/src/main/external-resources/windows/nsis/Include/MUI.nsh
454,/home/runner/work/UniversalMediaServer/UniversalMediaServer/src/main/external-resources/windows/nsis/Include/MUI2.nsh
455,/home/runner/work/UniversalMediaServer/UniversalMediaServer/src/main/external-resources/windows/nsis/Include/Memento.nsh
456,/home/runner/work/UniversalMediaServer/UniversalMediaServer/src/main/external-resources/windows/nsis/Include/MultiUser.nsh
457,/home/runner/work/UniversalMediaServer/UniversalMediaServer/src/main/external-resources/windows/nsis/Include/Sections.nsh
458,/home/runner/work/UniversalMediaServer/UniversalMediaServer/src/main/external-resources/windows/nsis/Include/StrFunc.nsh
459,/home/runner/work/UniversalMediaServer/UniversalMediaServer/src/main/external-resources/windows/nsis/Include/TextFunc.nsh
460,/home/runner/work/UniversalMediaServer/UniversalMediaServer/src/main/external-resources/windows/nsis/Include/UpgradeDLL.nsh
461,/home/runner/work/UniversalMediaServer/UniversalMediaServer/src/main/external-resources/windows/nsis/Include/Util.nsh
462,/home/runner/work/UniversalMediaServer/UniversalMediaServer/src/main/external-resources/windows/nsis/Include/VB6RunTime.nsh
463,/home/runner/work/UniversalMediaServer/UniversalMediaServer/src/main/external-resources/windows/nsis/Include/VPatchLib.nsh
464,/home/runner/work/UniversalMediaServer/UniversalMediaServer/src/main/external-resources/windows/nsis/Include/Win/WinDef.nsh
465,/home/runner/work/UniversalMediaServer/UniversalMediaServer/src/main/external-resources/windows/nsis/Examples/nsDialogs/timer.nsi
466,/home/runner/work/UniversalMediaServer/UniversalMediaServer/src/main/external-resources/windows/nsis/Examples/nsDialogs/InstallOptions.nsi
467,/home/runner/work/UniversalMediaServer/UniversalMediaServer/src/main/external-resources/windows/nsis/Examples/Plugin/pluginapi.h
468,/home/runner/work/UniversalMediaServer/UniversalMediaServer/src/main/external-resources/windows/nsis/Examples/UserVars.nsi
469,/home/runner/work/UniversalMediaServer/UniversalMediaServer/src/main/external-resources/windows/nsis/Examples/Plugin/pluginapi.lib
470,/home/runner/work/UniversalMediaServer/UniversalMediaServer/src/main/external-resources/windows/nsis/Examples/Splash/Example.nsi
471,/home/runner/work/UniversalMediaServer/UniversalMediaServer/src/main/external-resources/windows/nsis/Examples/StartMenu/Example.nsi
472,/home/runner/work/UniversalMediaServer/UniversalMediaServer/src/main/external-resources/windows/nsis/Examples/StrFunc.nsi
474,/home/runner/work/UniversalMediaServer/UniversalMediaServer/src/main/external-resources/windows/nsis/Examples/System/SysFunc.nsh
475,/home/runner/work/UniversalMediaServer/UniversalMediaServer/src/main/external-resources/windows/nsis/Examples/System/System.nsh
476,/home/runner/work/UniversalMediaServer/UniversalMediaServer/src/main/external-resources/windows/nsis/Examples/System/System.nsi
477,/home/runner/work/UniversalMediaServer/UniversalMediaServer/src/main/external-resources/windows/nsis/Examples/TextFunc.ini
478,/home/runner/work/UniversalMediaServer/UniversalMediaServer/src/main/external-resources/windows/nsis/Examples/TextFunc.nsi
479,/home/runner/work/UniversalMediaServer/UniversalMediaServer/src/main/external-resources/windows/nsis/Examples/TextFuncTest.nsi
480,/home/runner/work/UniversalMediaServer/UniversalMediaServer/src/main/external-resources/windows/nsis/Examples/UserInfo/UserInfo.nsi
481,/home/runner/work/UniversalMediaServer/UniversalMediaServer/src/main/external-resources/windows/nsis/Examples/VPatch/example.nsi
482,/home/runner/work/UniversalMediaServer/UniversalMediaServer/src/main/external-resources/windows/nsis/Examples/makensis.nsi
483,/home/runner/work/UniversalMediaServer/UniversalMediaServer/src/main/external-resources/windows/nsis/Examples/VPatch/newfile.txt
484,/home/runner/work/UniversalMediaServer/UniversalMediaServer/src/main/external-resources/windows/nsis/Examples/VPatch/oldfile.txt
485,/home/runner/work/UniversalMediaServer/UniversalMediaServer/src/main/external-resources/windows/nsis/Examples/VPatch/patch.pat
486,/home/runner/work/UniversalMediaServer/UniversalMediaServer/src/main/external-resources/windows/nsis/Examples/VersionInfo.nsi
487,/home/runner/work/UniversalMediaServer/UniversalMediaServer/src/main/external-resources/windows/nsis/Examples/WordFunc.ini
488,/home/runner/work/UniversalMediaServer/UniversalMediaServer/src/main/external-resources/windows/nsis/Examples/WordFunc.nsi
489,/home/runner/work/UniversalMediaServer/UniversalMediaServer/src/main/external-resources/windows/nsis/Examples/WordFuncTest.nsi
490,/home/runner/work/UniversalMediaServer/UniversalMediaServer/src/main/external-resources/windows/nsis/Examples/bigtest.nsi
491,/home/runner/work/UniversalMediaServer/UniversalMediaServer/src/main/external-resources/windows/nsis/Examples/example1.nsi
492,/home/runner/work/UniversalMediaServer/UniversalMediaServer/src/main/external-resources/windows/nsis/Examples/example2.nsi
493,/home/runner/work/UniversalMediaServer/UniversalMediaServer/src/main/external-resources/windows/nsis/Examples/gfx.nsi
494,/home/runner/work/UniversalMediaServer/UniversalMediaServer/src/main/external-resources/windows/nsis/Examples/languages.nsi
495,/home/runner/work/UniversalMediaServer/UniversalMediaServer/src/main/external-resources/ffmpeg.webfilters
496,/home/runner/work/UniversalMediaServer/UniversalMediaServer/src/main/external-resources/icon.ico
497,/home/runner/work/UniversalMediaServer/UniversalMediaServer/src/main/external-resources/osx/JavaApplicationStub.setenv
498,/home/runner/work/UniversalMediaServer/UniversalMediaServer/src/main/external-resources/osx/fonts/fonts.conf
499,/home/runner/work/UniversalMediaServer/UniversalMediaServer/src/main/external-resources/osx/fonts/fonts.dtd
500,/home/runner/work/UniversalMediaServer/UniversalMediaServer/react-client/.eslintrc.js
501,/home/runner/work/UniversalMediaServer/UniversalMediaServer/Eclipse.Cleanup.xml
502,/home/runner/work/UniversalMediaServer/UniversalMediaServer/Eclipse.CodeTemplates.xml
503,/home/runner/work/UniversalMediaServer/UniversalMediaServer/Eclipse.README.txt
504,/home/runner/work/UniversalMediaServer/UniversalMediaServer/STYLEGUIDE.md
505,/home/runner/work/UniversalMediaServer/UniversalMediaServer/UMS.launch
506,/home/runner/work/UniversalMediaServer/UniversalMediaServer/docker/Dockerfile
507,/home/runner/work/UniversalMediaServer/UniversalMediaServer/docker/build.xml
508,/home/runner/work/UniversalMediaServer/UniversalMediaServer/docker/docker-init
509,/home/runner/work/UniversalMediaServer/UniversalMediaServer/issue_template.md
510,/home/runner/work/UniversalMediaServer/UniversalMediaServer/react-client/.yarnrc.yml
511,/home/runner/work/UniversalMediaServer/UniversalMediaServer/CheckStyle.xml
512,/home/runner/work/UniversalMediaServer/UniversalMediaServer/react-client/README.md
513,/home/runner/work/UniversalMediaServer/UniversalMediaServer/react-client/package.json
514,/home/runner/work/UniversalMediaServer/UniversalMediaServer/react-client/public/apple-touch-icon.png
515,/home/runner/work/UniversalMediaServer/UniversalMediaServer/react-client/public/favicon.ico
516,/home/runner/work/UniversalMediaServer/UniversalMediaServer/react-client/public/index.html
517,/home/runner/work/UniversalMediaServer/UniversalMediaServer/react-client/public/manifest.json
518,/home/runner/work/UniversalMediaServer/UniversalMediaServer/react-client/public/robots.txt
519,/home/runner/work/UniversalMediaServer/UniversalMediaServer/react-client/src/App.tsx
520,/home/runner/work/UniversalMediaServer/UniversalMediaServer/react-client/src/components/About/About.tsx
521,/home/runner/work/UniversalMediaServer/UniversalMediaServer/react-client/src/components/Accounts/Accounts.tsx
522,/home/runner/work/UniversalMediaServer/UniversalMediaServer/react-client/src/components/Actions/Actions.tsx
523,/home/runner/work/UniversalMediaServer/UniversalMediaServer/react-client/src/components/DirectoryChooser/DirectoryChooser.tsx
524,/home/runner/work/UniversalMediaServer/UniversalMediaServer/Code_Of_Conduct.md
525,/home/runner/work/UniversalMediaServer/UniversalMediaServer/CONTRIBUTING.md
526,/home/runner/work/UniversalMediaServer/UniversalMediaServer/react-client/src/components/Home/MediaChooser.tsx
527,/home/runner/work/UniversalMediaServer/UniversalMediaServer/.deepsource.toml
528,/home/runner/work/UniversalMediaServer/UniversalMediaServer/.vscode/tasks.json
529,/home/runner/work/UniversalMediaServer/UniversalMediaServer/react-client/src/components/Home/Home.tsx
530,/home/runner/work/UniversalMediaServer/UniversalMediaServer/react-client/src/components/Home/Renderers.tsx
531,/home/runner/work/UniversalMediaServer/UniversalMediaServer/src/main/assembly/assembly-linux-x86_64.xml
532,/home/runner/work/UniversalMediaServer/UniversalMediaServer/react-client/src/services/actions-service.ts
533,/home/runner/work/UniversalMediaServer/UniversalMediaServer/react-client/src/services/auth-service.ts
534,/home/runner/work/UniversalMediaServer/UniversalMediaServer/react-client/src/services/http-interceptor.tsx
535,/home/runner/work/UniversalMediaServer/UniversalMediaServer/react-client/src/setupTests.ts
536,/home/runner/work/UniversalMediaServer/UniversalMediaServer/react-client/src/utils/index.tsx
537,/home/runner/work/UniversalMediaServer/UniversalMediaServer/react-client/tsconfig.json
538,/home/runner/work/UniversalMediaServer/UniversalMediaServer/react-client/yarn.lock
539,/home/runner/work/UniversalMediaServer/UniversalMediaServer/renovate.json
540,/home/runner/work/UniversalMediaServer/UniversalMediaServer/src/main/assembly/assembly-linux-arm64.xml
541,/home/runner/work/UniversalMediaServer/UniversalMediaServer/src/main/assembly/assembly-linux-armel.xml
542,/home/runner/work/UniversalMediaServer/UniversalMediaServer/src/main/assembly/assembly-linux-armhf.xml
543,/home/runner/work/UniversalMediaServer/UniversalMediaServer/src/main/assembly/assembly-linux-x86.xml
544,/home/runner/work/UniversalMediaServer/UniversalMediaServer/src/main/assembly/assembly-macos-arm.xml
545,/home/runner/work/UniversalMediaServer/UniversalMediaServer/react-client/src/reportWebVitals.ts
546,/home/runner/work/UniversalMediaServer/UniversalMediaServer/src/main/assembly/assembly-macos-pre10.15.xml
547,/home/runner/work/UniversalMediaServer/UniversalMediaServer/src/main/assembly/assembly-macos.xml
548,/home/runner/work/UniversalMediaServer/UniversalMediaServer/src/main/assembly/osx-installer.pkgproj
549,/home/runner/work/UniversalMediaServer/UniversalMediaServer/src/main/external-resources/UMS.bat
550,/home/runner/work/UniversalMediaServer/UniversalMediaServer/react-client/src/services/accounts-service.ts
551,/home/runner/work/UniversalMediaServer/UniversalMediaServer/react-client/src/react-app-env.d.ts
552,/home/runner/work/UniversalMediaServer/UniversalMediaServer/react-client/src/components/LanguagesMenu/LanguagesMenu.tsx
553,/home/runner/work/UniversalMediaServer/UniversalMediaServer/react-client/src/components/UserMenu/UserMenu.tsx
554,/home/runner/work/UniversalMediaServer/UniversalMediaServer/react-client/src/components/Login/Login.tsx
555,/home/runner/work/UniversalMediaServer/UniversalMediaServer/react-client/src/components/Logs/Logs.tsx
556,/home/runner/work/UniversalMediaServer/UniversalMediaServer/react-client/src/components/Logs/prism-ums.js
557,/home/runner/work/UniversalMediaServer/UniversalMediaServer/react-client/src/components/MemoryBar/MemoryBar.tsx
558,/home/runner/work/UniversalMediaServer/UniversalMediaServer/react-client/src/components/Player/Player.tsx
559,/home/runner/work/UniversalMediaServer/UniversalMediaServer/react-client/src/components/Player/VideoJsPlayer.tsx
560,/home/runner/work/UniversalMediaServer/UniversalMediaServer/react-client/src/components/PlayerLogin/PlayerLogin.tsx
561,/home/runner/work/UniversalMediaServer/UniversalMediaServer/react-client/src/components/Settings/GeneralSettings.tsx
562,/home/runner/work/UniversalMediaServer/UniversalMediaServer/react-client/src/components/Settings/NavigationSettings.tsx
563,/home/runner/work/UniversalMediaServer/UniversalMediaServer/react-client/src/components/Settings/Settings.tsx
564,/home/runner/work/UniversalMediaServer/UniversalMediaServer/react-client/src/components/Settings/TranscodingSettings.tsx
565,/home/runner/work/UniversalMediaServer/UniversalMediaServer/react-client/src/components/SharedContent/SharedContentSettings.tsx
566,/home/runner/work/UniversalMediaServer/UniversalMediaServer/react-client/src/contexts/accounts-context.tsx
567,/home/runner/work/UniversalMediaServer/UniversalMediaServer/react-client/src/providers/session-provider.tsx
568,/home/runner/work/UniversalMediaServer/UniversalMediaServer/react-client/src/contexts/i18n-context.tsx
569,/home/runner/work/UniversalMediaServer/UniversalMediaServer/react-client/src/contexts/navbar-context.tsx
570,/home/runner/work/UniversalMediaServer/UniversalMediaServer/react-client/src/contexts/player-server-event-context.tsx
571,/home/runner/work/UniversalMediaServer/UniversalMediaServer/react-client/src/contexts/server-event-context.tsx
572,/home/runner/work/UniversalMediaServer/UniversalMediaServer/react-client/src/contexts/session-context.tsx
573,/home/runner/work/UniversalMediaServer/UniversalMediaServer/react-client/src/index.css
574,/home/runner/work/UniversalMediaServer/UniversalMediaServer/react-client/src/index.tsx
575,/home/runner/work/UniversalMediaServer/UniversalMediaServer/react-client/src/providers/accounts-provider.tsx
576,/home/runner/work/UniversalMediaServer/UniversalMediaServer/react-client/src/providers/i18n-provider.tsx
577,/home/runner/work/UniversalMediaServer/UniversalMediaServer/react-client/src/providers/navbar-provider.tsx
578,/home/runner/work/UniversalMediaServer/UniversalMediaServer/react-client/src/providers/player-server-event-provider.tsx
579,/home/runner/work/UniversalMediaServer/UniversalMediaServer/react-client/src/providers/server-event-provider.tsx
580,/home/runner/work/UniversalMediaServer/UniversalMediaServer/src/main/external-resources/update/latest_version.properties
581,/home/runner/work/UniversalMediaServer/UniversalMediaServer/src/main/external-resources/update/update_1.properties
