,step_name,#c,#m,cma,cm_a,cm__a,c_ma,c_m_a,c_m__a,_cma,_cm_a,_cm__a,_c_ma,_c_m_a,_c_m__a,time
0,uses-checkout,381,228,0,0,216,0,0,165,0,0,12,0,186,293,3
1,SetupJDK11,0,0,0,0,0,0,0,0,0,0,0,0,186,686,9
2,uses-cache,0,0,0,0,0,0,0,0,0,0,0,0,186,686,1
3,Grantexecutepermissionforgradlew,0,0,0,0,0,0,0,0,0,0,0,0,186,686,0
4,BuildwithGradle,463,644,180,0,283,0,0,0,6,0,175,0,0,228,1248
5,Checkproceduresincludedinapocfull,0,0,0,0,0,0,0,0,0,0,0,0,186,686,2
6,Archivetestresults,0,0,0,0,0,0,0,0,0,0,0,0,186,686,27
