,step_name,#c,#m,cma,cm_a,cm__a,c_ma,c_m_a,c_m__a,_cma,_cm_a,_cm__a,_c_ma,_c_m_a,_c_m__a,time
0,uses-checkout,377,229,0,0,216,0,0,161,0,0,13,0,192,304,3
1,SetupJDK11,0,0,0,0,0,0,0,0,0,0,0,0,192,694,7
2,uses-cache,0,0,0,0,0,0,0,0,0,0,0,0,192,694,2
3,Grantexecutepermissionforgradlew,0,0,0,0,0,0,0,0,0,0,0,0,192,694,0
4,BuildwithGradle,478,657,188,0,290,0,0,0,4,0,175,0,0,229,1217
5,Checkproceduresincludedinapocfull,0,0,0,0,0,0,0,0,0,0,0,0,192,694,2
6,Archivetestresults,0,0,0,0,0,0,0,0,0,0,0,0,192,694,18
