,step_name,#c,#m,cma,cm_a,cm__a,c_ma,c_m_a,c_m__a,_cma,_cm_a,_cm__a,_c_ma,_c_m_a,_c_m__a,time
0,uses-checkout,1829,1716,0,0,1665,0,0,164,0,0,51,0,176,277,3
1,SetupJDK11,0,0,0,0,0,0,0,0,0,0,0,0,176,2157,6
2,uses-cache,0,0,0,0,0,0,0,0,0,0,0,0,176,2157,1
3,Grantexecutepermissionforgradlew,0,0,0,0,0,0,0,0,0,0,0,0,176,2157,0
4,BuildwithGradle,438,617,172,0,266,0,0,0,4,0,175,0,0,1716,1008
5,Checkproceduresincludedinapocfull,0,0,0,0,0,0,0,0,0,0,0,0,176,2157,0
6,Archivetestresults,0,0,0,0,0,0,0,0,0,0,0,0,176,2157,13
