,file_name
193,/home/runner/work/javassist/javassist/sample/Test.java
194,/home/runner/work/javassist/javassist/sample/duplicate/Ball.java
195,/home/runner/work/javassist/javassist/sample/evolve/CannotCreateException.java
196,/home/runner/work/javassist/javassist/sample/evolve/sample/evolve/WebPage.java
197,/home/runner/work/javassist/javassist/sample/preproc/Assistant.java
198,/home/runner/work/javassist/javassist/sample/reflect/Main.java
199,/home/runner/work/javassist/javassist/sample/rmi/AlertDialog.java
200,/home/runner/work/javassist/javassist/sample/vector/Sample.java
