,file_name
197,/home/runner/work/javassist/javassist/sample/vector/Sample.java
198,/home/runner/work/javassist/javassist/sample/rmi/AlertDialog.java
199,/home/runner/work/javassist/javassist/sample/reflect/Main.java
200,/home/runner/work/javassist/javassist/sample/preproc/Assistant.java
201,/home/runner/work/javassist/javassist/sample/evolve/sample/evolve/WebPage.java
202,/home/runner/work/javassist/javassist/sample/evolve/CannotCreateException.java
203,/home/runner/work/javassist/javassist/sample/duplicate/Ball.java
204,/home/runner/work/javassist/javassist/sample/Test.java
