,file_name
190,/home/runner/work/javassist/javassist/sample/rmi/AlertDialog.java
191,/home/runner/work/javassist/javassist/sample/reflect/Main.java
192,/home/runner/work/javassist/javassist/sample/preproc/Assistant.java
193,/home/runner/work/javassist/javassist/sample/hotswap/logging/HelloWorld.java
194,/home/runner/work/javassist/javassist/sample/evolve/CannotCreateException.java
195,/home/runner/work/javassist/javassist/sample/duplicate/Ball.java
196,/home/runner/work/javassist/javassist/sample/Test.java
