,file_name
181,/home/runner/work/javassist/javassist/sample/vector/Sample.java
182,/home/runner/work/javassist/javassist/sample/rmi/AlertDialog.java
183,/home/runner/work/javassist/javassist/sample/reflect/Main.java
184,/home/runner/work/javassist/javassist/sample/preproc/Assistant.java
185,/home/runner/work/javassist/javassist/sample/hotswap/logging/HelloWorld.java
186,/home/runner/work/javassist/javassist/sample/evolve/sample/evolve/WebPage.java
187,/home/runner/work/javassist/javassist/sample/evolve/CannotCreateException.java
188,/home/runner/work/javassist/javassist/sample/duplicate/Ball.java
189,/home/runner/work/javassist/javassist/sample/Test.java
