,file_name
191,/home/runner/work/javassist/javassist/src/test/Readme.txt
192,/home/runner/work/javassist/javassist/sample/vector/Sample.java
193,/home/runner/work/javassist/javassist/sample/rmi/AlertDialog.java
194,/home/runner/work/javassist/javassist/sample/reflect/Main.java
195,/home/runner/work/javassist/javassist/sample/preproc/Assistant.java
196,/home/runner/work/javassist/javassist/sample/hotswap/logging/HelloWorld.java
197,/home/runner/work/javassist/javassist/sample/hotswap/HelloWorld.java
198,/home/runner/work/javassist/javassist/sample/evolve/sample/evolve/WebPage.java
199,/home/runner/work/javassist/javassist/sample/duplicate/Ball.java
200,/home/runner/work/javassist/javassist/.github/workflows/maven.yml
