,file_name
191,/home/runner/work/javassist/javassist/sample/vector/Sample.java
192,/home/runner/work/javassist/javassist/sample/rmi/AlertDialog.java
193,/home/runner/work/javassist/javassist/sample/reflect/Main.java
194,/home/runner/work/javassist/javassist/sample/preproc/Assistant.java
195,/home/runner/work/javassist/javassist/sample/evolve/sample/evolve/WebPage.java
196,/home/runner/work/javassist/javassist/sample/evolve/CannotCreateException.java
197,/home/runner/work/javassist/javassist/sample/Test.java
