,file_name
11,/home/runner/work/javassist/javassist/License.html
138,/home/runner/work/javassist/javassist/tutorial/tutorial3.html
141,/home/runner/work/javassist/javassist/sample/vector/VectorAssistant.java
142,/home/runner/work/javassist/javassist/sample/vector/Test.j
143,/home/runner/work/javassist/javassist/sample/vector/Sample2.java
144,/home/runner/work/javassist/javassist/sample/rmi/webdemo.html
145,/home/runner/work/javassist/javassist/sample/rmi/start.html
146,/home/runner/work/javassist/javassist/sample/rmi/inside.gif
147,/home/runner/work/javassist/javassist/sample/rmi/Counter.java
148,/home/runner/work/javassist/javassist/sample/rmi/CountApplet.java
150,/home/runner/work/javassist/javassist/sample/reflect/VerboseMetaobj.java
153,/home/runner/work/javassist/javassist/sample/reflect/Person.java
154,/home/runner/work/javassist/javassist/sample/preproc/package.html
155,/home/runner/work/javassist/javassist/sample/preproc/Compiler.java
156,/home/runner/work/javassist/javassist/.github/workflows/maven.yml
157,/home/runner/work/javassist/javassist/.gitignore
158,/home/runner/work/javassist/javassist/Changes.md
160,/home/runner/work/javassist/javassist/sample/hotswap/Test.java
161,/home/runner/work/javassist/javassist/sample/evolve/update.html
162,/home/runner/work/javassist/javassist/sample/evolve/start.html
163,/home/runner/work/javassist/javassist/sample/evolve/sample/evolve/WebPage.java
164,/home/runner/work/javassist/javassist/sample/evolve/demo.html
165,/home/runner/work/javassist/javassist/sample/evolve/WebPage.java
166,/home/runner/work/javassist/javassist/sample/evolve/VersionManager.java
167,/home/runner/work/javassist/javassist/sample/evolve/Sample.java
168,/home/runner/work/javassist/javassist/sample/evolve/Evolution.java
169,/home/runner/work/javassist/javassist/sample/evolve/DemoServer.java
170,/home/runner/work/javassist/javassist/sample/evolve/DemoLoader.java
171,/home/runner/work/javassist/javassist/sample/evolve/CannotUpdateException.java
172,/home/runner/work/javassist/javassist/sample/duplicate/Viewer.java
173,/home/runner/work/javassist/javassist/sample/duplicate/Main.java
174,/home/runner/work/javassist/javassist/sample/duplicate/DuplicatedObject.java
176,/home/runner/work/javassist/javassist/build.xml
177,/home/runner/work/javassist/javassist/README.md
178,/home/runner/work/javassist/javassist/Examples.md
181,/home/runner/work/javassist/javassist/src/test/javassist/bytecode/Gap0Example.class
182,/home/runner/work/javassist/javassist/src/test/Readme.txt
