,file_name
12,/home/runner/work/javassist/javassist/tutorial/tutorial.html
13,/home/runner/work/javassist/javassist/tutorial/tutorial2.html
14,/home/runner/work/javassist/javassist/License.html
141,/home/runner/work/javassist/javassist/src/test/javassist/bytecode/Gap0Example.class
143,/home/runner/work/javassist/javassist/src/test/Readme.txt
146,/home/runner/work/javassist/javassist/sample/vector/VectorAssistant.java
147,/home/runner/work/javassist/javassist/sample/vector/Test.j
148,/home/runner/work/javassist/javassist/sample/vector/Sample2.java
151,/home/runner/work/javassist/javassist/sample/rmi/webdemo.html
152,/home/runner/work/javassist/javassist/sample/rmi/start.html
153,/home/runner/work/javassist/javassist/sample/rmi/inside.gif
154,/home/runner/work/javassist/javassist/sample/rmi/Counter.java
155,/home/runner/work/javassist/javassist/.gitignore
156,/home/runner/work/javassist/javassist/.github/workflows/maven.yml
158,/home/runner/work/javassist/javassist/Changes.md
159,/home/runner/work/javassist/javassist/Examples.md
160,/home/runner/work/javassist/javassist/README.md
161,/home/runner/work/javassist/javassist/sample/evolve/WebPage.java
162,/home/runner/work/javassist/javassist/sample/rmi/CountApplet.java
164,/home/runner/work/javassist/javassist/sample/reflect/VerboseMetaobj.java
165,/home/runner/work/javassist/javassist/sample/reflect/Person.java
166,/home/runner/work/javassist/javassist/sample/preproc/package.html
167,/home/runner/work/javassist/javassist/sample/preproc/Compiler.java
169,/home/runner/work/javassist/javassist/sample/hotswap/Test.java
170,/home/runner/work/javassist/javassist/sample/evolve/update.html
171,/home/runner/work/javassist/javassist/sample/evolve/start.html
172,/home/runner/work/javassist/javassist/sample/evolve/demo.html
173,/home/runner/work/javassist/javassist/sample/evolve/VersionManager.java
174,/home/runner/work/javassist/javassist/build.xml
175,/home/runner/work/javassist/javassist/sample/evolve/Sample.java
176,/home/runner/work/javassist/javassist/sample/evolve/Evolution.java
177,/home/runner/work/javassist/javassist/sample/evolve/DemoServer.java
178,/home/runner/work/javassist/javassist/sample/evolve/DemoLoader.java
179,/home/runner/work/javassist/javassist/sample/evolve/CannotUpdateException.java
181,/home/runner/work/javassist/javassist/sample/duplicate/Viewer.java
182,/home/runner/work/javassist/javassist/sample/duplicate/Main.java
183,/home/runner/work/javassist/javassist/sample/duplicate/DuplicatedObject.java
188,/home/runner/work/javassist/javassist/tutorial/tutorial3.html
