,file_name
12,/home/runner/work/javassist/javassist/tutorial/tutorial.html
13,/home/runner/work/javassist/javassist/tutorial/tutorial2.html
15,/home/runner/work/javassist/javassist/License.html
138,/home/runner/work/javassist/javassist/tutorial/tutorial3.html
139,/home/runner/work/javassist/javassist/src/test/javassist/bytecode/Gap0Example.class
140,/home/runner/work/javassist/javassist/sample/reflect/Person.java
142,/home/runner/work/javassist/javassist/sample/vector/VectorAssistant.java
143,/home/runner/work/javassist/javassist/sample/vector/Test.j
144,/home/runner/work/javassist/javassist/sample/vector/Sample2.java
145,/home/runner/work/javassist/javassist/sample/rmi/webdemo.html
146,/home/runner/work/javassist/javassist/sample/rmi/start.html
147,/home/runner/work/javassist/javassist/sample/rmi/inside.gif
148,/home/runner/work/javassist/javassist/sample/rmi/Counter.java
149,/home/runner/work/javassist/javassist/sample/rmi/CountApplet.java
152,/home/runner/work/javassist/javassist/sample/reflect/VerboseMetaobj.java
153,/home/runner/work/javassist/javassist/sample/preproc/package.html
154,/home/runner/work/javassist/javassist/.github/workflows/maven.yml
156,/home/runner/work/javassist/javassist/sample/preproc/Compiler.java
157,/home/runner/work/javassist/javassist/.gitignore
158,/home/runner/work/javassist/javassist/Changes.md
159,/home/runner/work/javassist/javassist/Examples.md
161,/home/runner/work/javassist/javassist/sample/hotswap/Test.java
162,/home/runner/work/javassist/javassist/sample/evolve/update.html
163,/home/runner/work/javassist/javassist/sample/evolve/start.html
165,/home/runner/work/javassist/javassist/sample/evolve/demo.html
166,/home/runner/work/javassist/javassist/sample/evolve/WebPage.java
167,/home/runner/work/javassist/javassist/sample/evolve/VersionManager.java
168,/home/runner/work/javassist/javassist/sample/evolve/Sample.java
169,/home/runner/work/javassist/javassist/sample/evolve/Evolution.java
170,/home/runner/work/javassist/javassist/sample/evolve/DemoServer.java
171,/home/runner/work/javassist/javassist/sample/evolve/DemoLoader.java
172,/home/runner/work/javassist/javassist/sample/evolve/CannotUpdateException.java
174,/home/runner/work/javassist/javassist/sample/duplicate/Viewer.java
175,/home/runner/work/javassist/javassist/sample/duplicate/Main.java
176,/home/runner/work/javassist/javassist/sample/duplicate/DuplicatedObject.java
177,/home/runner/work/javassist/javassist/sample/Test.java
178,/home/runner/work/javassist/javassist/build.xml
179,/home/runner/work/javassist/javassist/README.md
