,file_name
7,/home/runner/work/javassist/javassist/tutorial/tutorial2.html
13,/home/runner/work/javassist/javassist/tutorial/tutorial.html
14,/home/runner/work/javassist/javassist/License.html
141,/home/runner/work/javassist/javassist/src/test/javassist/bytecode/Gap0Example.class
142,/home/runner/work/javassist/javassist/src/test/Readme.txt
143,/home/runner/work/javassist/javassist/sample/vector/VectorAssistant.java
144,/home/runner/work/javassist/javassist/sample/vector/Test.j
145,/home/runner/work/javassist/javassist/sample/vector/Sample2.java
146,/home/runner/work/javassist/javassist/sample/rmi/webdemo.html
147,/home/runner/work/javassist/javassist/sample/rmi/start.html
149,/home/runner/work/javassist/javassist/sample/rmi/inside.gif
150,/home/runner/work/javassist/javassist/sample/rmi/Counter.java
151,/home/runner/work/javassist/javassist/sample/rmi/CountApplet.java
153,/home/runner/work/javassist/javassist/.gitignore
154,/home/runner/work/javassist/javassist/.github/workflows/maven.yml
155,/home/runner/work/javassist/javassist/Changes.md
156,/home/runner/work/javassist/javassist/Examples.md
157,/home/runner/work/javassist/javassist/README.md
158,/home/runner/work/javassist/javassist/sample/evolve/VersionManager.java
159,/home/runner/work/javassist/javassist/sample/reflect/VerboseMetaobj.java
160,/home/runner/work/javassist/javassist/sample/reflect/Person.java
162,/home/runner/work/javassist/javassist/sample/preproc/package.html
163,/home/runner/work/javassist/javassist/sample/preproc/Compiler.java
165,/home/runner/work/javassist/javassist/sample/hotswap/Test.java
166,/home/runner/work/javassist/javassist/sample/evolve/update.html
167,/home/runner/work/javassist/javassist/sample/evolve/start.html
168,/home/runner/work/javassist/javassist/sample/evolve/demo.html
169,/home/runner/work/javassist/javassist/sample/evolve/WebPage.java
170,/home/runner/work/javassist/javassist/sample/evolve/Sample.java
171,/home/runner/work/javassist/javassist/build.xml
172,/home/runner/work/javassist/javassist/sample/evolve/Evolution.java
173,/home/runner/work/javassist/javassist/sample/evolve/DemoServer.java
174,/home/runner/work/javassist/javassist/sample/evolve/DemoLoader.java
175,/home/runner/work/javassist/javassist/sample/evolve/CannotUpdateException.java
177,/home/runner/work/javassist/javassist/sample/duplicate/Viewer.java
178,/home/runner/work/javassist/javassist/sample/duplicate/Main.java
179,/home/runner/work/javassist/javassist/sample/duplicate/DuplicatedObject.java
189,/home/runner/work/javassist/javassist/tutorial/tutorial3.html
