,file_name
13,/home/runner/work/javassist/javassist/tutorial/tutorial2.html
143,/home/runner/work/javassist/javassist/src/test/javassist/bytecode/Gap0Example.class
144,/home/runner/work/javassist/javassist/src/test/Readme.txt
145,/home/runner/work/javassist/javassist/sample/vector/VectorAssistant.java
146,/home/runner/work/javassist/javassist/sample/vector/Test.j
147,/home/runner/work/javassist/javassist/sample/vector/Sample2.java
148,/home/runner/work/javassist/javassist/sample/rmi/webdemo.html
150,/home/runner/work/javassist/javassist/sample/rmi/start.html
151,/home/runner/work/javassist/javassist/Changes.md
152,/home/runner/work/javassist/javassist/.github/workflows/maven.yml
155,/home/runner/work/javassist/javassist/.gitignore
156,/home/runner/work/javassist/javassist/Examples.md
157,/home/runner/work/javassist/javassist/sample/rmi/inside.gif
158,/home/runner/work/javassist/javassist/License.html
159,/home/runner/work/javassist/javassist/sample/rmi/Counter.java
161,/home/runner/work/javassist/javassist/sample/reflect/VerboseMetaobj.java
162,/home/runner/work/javassist/javassist/sample/reflect/Person.java
163,/home/runner/work/javassist/javassist/sample/preproc/package.html
164,/home/runner/work/javassist/javassist/sample/preproc/Compiler.java
166,/home/runner/work/javassist/javassist/sample/hotswap/Test.java
167,/home/runner/work/javassist/javassist/sample/evolve/update.html
168,/home/runner/work/javassist/javassist/sample/evolve/start.html
169,/home/runner/work/javassist/javassist/sample/evolve/demo.html
170,/home/runner/work/javassist/javassist/sample/evolve/WebPage.java
171,/home/runner/work/javassist/javassist/sample/evolve/VersionManager.java
172,/home/runner/work/javassist/javassist/sample/evolve/Sample.java
173,/home/runner/work/javassist/javassist/sample/evolve/Evolution.java
174,/home/runner/work/javassist/javassist/sample/evolve/DemoServer.java
175,/home/runner/work/javassist/javassist/sample/evolve/DemoLoader.java
176,/home/runner/work/javassist/javassist/sample/evolve/CannotUpdateException.java
177,/home/runner/work/javassist/javassist/sample/duplicate/Viewer.java
178,/home/runner/work/javassist/javassist/sample/duplicate/Main.java
179,/home/runner/work/javassist/javassist/sample/duplicate/DuplicatedObject.java
181,/home/runner/work/javassist/javassist/build.xml
182,/home/runner/work/javassist/javassist/README.md
190,/home/runner/work/javassist/javassist/tutorial/tutorial3.html
