,file_name
13,/home/runner/work/javassist/javassist/tutorial/tutorial.html
14,/home/runner/work/javassist/javassist/License.html
138,/home/runner/work/javassist/javassist/tutorial/tutorial3.html
139,/home/runner/work/javassist/javassist/tutorial/tutorial2.html
142,/home/runner/work/javassist/javassist/src/test/Readme.txt
143,/home/runner/work/javassist/javassist/src/test/javassist/bytecode/Gap0Example.class
144,/home/runner/work/javassist/javassist/sample/vector/VectorAssistant.java
145,/home/runner/work/javassist/javassist/sample/vector/Test.j
146,/home/runner/work/javassist/javassist/sample/vector/Sample2.java
147,/home/runner/work/javassist/javassist/sample/rmi/webdemo.html
148,/home/runner/work/javassist/javassist/sample/rmi/start.html
149,/home/runner/work/javassist/javassist/sample/rmi/inside.gif
150,/home/runner/work/javassist/javassist/sample/rmi/Counter.java
151,/home/runner/work/javassist/javassist/sample/rmi/CountApplet.java
152,/home/runner/work/javassist/javassist/sample/reflect/VerboseMetaobj.java
156,/home/runner/work/javassist/javassist/sample/reflect/Person.java
157,/home/runner/work/javassist/javassist/sample/preproc/package.html
159,/home/runner/work/javassist/javassist/.github/workflows/maven.yml
160,/home/runner/work/javassist/javassist/.gitignore
161,/home/runner/work/javassist/javassist/sample/preproc/Compiler.java
162,/home/runner/work/javassist/javassist/sample/evolve/DemoLoader.java
164,/home/runner/work/javassist/javassist/sample/hotswap/Test.java
165,/home/runner/work/javassist/javassist/sample/evolve/update.html
166,/home/runner/work/javassist/javassist/sample/evolve/start.html
167,/home/runner/work/javassist/javassist/sample/evolve/demo.html
168,/home/runner/work/javassist/javassist/sample/evolve/WebPage.java
169,/home/runner/work/javassist/javassist/sample/evolve/VersionManager.java
170,/home/runner/work/javassist/javassist/sample/evolve/Sample.java
171,/home/runner/work/javassist/javassist/sample/evolve/Evolution.java
172,/home/runner/work/javassist/javassist/sample/evolve/DemoServer.java
173,/home/runner/work/javassist/javassist/sample/evolve/CannotUpdateException.java
174,/home/runner/work/javassist/javassist/Changes.md
176,/home/runner/work/javassist/javassist/sample/duplicate/Viewer.java
177,/home/runner/work/javassist/javassist/sample/duplicate/Main.java
178,/home/runner/work/javassist/javassist/sample/duplicate/DuplicatedObject.java
181,/home/runner/work/javassist/javassist/build.xml
182,/home/runner/work/javassist/javassist/README.md
183,/home/runner/work/javassist/javassist/Examples.md
