,file_name
8,/home/runner/work/javassist/javassist/tutorial/tutorial.html
14,/home/runner/work/javassist/javassist/tutorial/tutorial2.html
15,/home/runner/work/javassist/javassist/License.html
139,/home/runner/work/javassist/javassist/src/test/javassist/bytecode/Gap0Example.class
141,/home/runner/work/javassist/javassist/src/test/Readme.txt
144,/home/runner/work/javassist/javassist/sample/vector/VectorAssistant.java
145,/home/runner/work/javassist/javassist/sample/vector/Test.j
146,/home/runner/work/javassist/javassist/sample/vector/Sample2.java
149,/home/runner/work/javassist/javassist/sample/rmi/webdemo.html
150,/home/runner/work/javassist/javassist/sample/rmi/start.html
151,/home/runner/work/javassist/javassist/sample/rmi/inside.gif
152,/home/runner/work/javassist/javassist/sample/rmi/Counter.java
153,/home/runner/work/javassist/javassist/.gitignore
154,/home/runner/work/javassist/javassist/.github/workflows/maven.yml
156,/home/runner/work/javassist/javassist/Changes.md
157,/home/runner/work/javassist/javassist/Examples.md
158,/home/runner/work/javassist/javassist/README.md
159,/home/runner/work/javassist/javassist/sample/evolve/WebPage.java
160,/home/runner/work/javassist/javassist/sample/rmi/CountApplet.java
162,/home/runner/work/javassist/javassist/sample/reflect/VerboseMetaobj.java
163,/home/runner/work/javassist/javassist/sample/reflect/Person.java
164,/home/runner/work/javassist/javassist/sample/preproc/package.html
165,/home/runner/work/javassist/javassist/sample/preproc/Compiler.java
167,/home/runner/work/javassist/javassist/sample/hotswap/Test.java
168,/home/runner/work/javassist/javassist/sample/evolve/update.html
169,/home/runner/work/javassist/javassist/sample/evolve/start.html
170,/home/runner/work/javassist/javassist/sample/evolve/demo.html
171,/home/runner/work/javassist/javassist/sample/evolve/VersionManager.java
172,/home/runner/work/javassist/javassist/build.xml
173,/home/runner/work/javassist/javassist/sample/evolve/Sample.java
174,/home/runner/work/javassist/javassist/sample/evolve/Evolution.java
175,/home/runner/work/javassist/javassist/sample/evolve/DemoServer.java
176,/home/runner/work/javassist/javassist/sample/evolve/DemoLoader.java
177,/home/runner/work/javassist/javassist/sample/evolve/CannotUpdateException.java
179,/home/runner/work/javassist/javassist/sample/duplicate/Viewer.java
180,/home/runner/work/javassist/javassist/sample/duplicate/Main.java
181,/home/runner/work/javassist/javassist/sample/duplicate/DuplicatedObject.java
185,/home/runner/work/javassist/javassist/tutorial/tutorial3.html
