,file_name
7,/home/runner/work/javassist/javassist/tutorial/tutorial2.html
9,/home/runner/work/javassist/javassist/tutorial/tutorial.html
15,/home/runner/work/javassist/javassist/License.html
142,/home/runner/work/javassist/javassist/src/test/javassist/bytecode/Gap0Example.class
144,/home/runner/work/javassist/javassist/src/test/Readme.txt
147,/home/runner/work/javassist/javassist/sample/vector/VectorAssistant.java
148,/home/runner/work/javassist/javassist/sample/vector/Test.j
149,/home/runner/work/javassist/javassist/sample/vector/Sample2.java
150,/home/runner/work/javassist/javassist/sample/rmi/start.html
151,/home/runner/work/javassist/javassist/sample/rmi/webdemo.html
152,/home/runner/work/javassist/javassist/sample/rmi/inside.gif
153,/home/runner/work/javassist/javassist/Examples.md
154,/home/runner/work/javassist/javassist/.gitignore
155,/home/runner/work/javassist/javassist/.github/workflows/maven.yml
157,/home/runner/work/javassist/javassist/Changes.md
158,/home/runner/work/javassist/javassist/README.md
159,/home/runner/work/javassist/javassist/sample/rmi/Counter.java
160,/home/runner/work/javassist/javassist/build.xml
161,/home/runner/work/javassist/javassist/sample/rmi/CountApplet.java
163,/home/runner/work/javassist/javassist/sample/reflect/VerboseMetaobj.java
164,/home/runner/work/javassist/javassist/sample/reflect/Person.java
166,/home/runner/work/javassist/javassist/sample/preproc/package.html
167,/home/runner/work/javassist/javassist/sample/preproc/Compiler.java
169,/home/runner/work/javassist/javassist/sample/hotswap/Test.java
170,/home/runner/work/javassist/javassist/sample/evolve/update.html
171,/home/runner/work/javassist/javassist/sample/evolve/start.html
172,/home/runner/work/javassist/javassist/sample/evolve/demo.html
173,/home/runner/work/javassist/javassist/sample/evolve/WebPage.java
174,/home/runner/work/javassist/javassist/sample/evolve/VersionManager.java
175,/home/runner/work/javassist/javassist/sample/evolve/Sample.java
176,/home/runner/work/javassist/javassist/sample/evolve/Evolution.java
177,/home/runner/work/javassist/javassist/sample/evolve/DemoServer.java
178,/home/runner/work/javassist/javassist/sample/evolve/DemoLoader.java
179,/home/runner/work/javassist/javassist/sample/evolve/CannotUpdateException.java
181,/home/runner/work/javassist/javassist/sample/duplicate/Viewer.java
182,/home/runner/work/javassist/javassist/sample/duplicate/Main.java
183,/home/runner/work/javassist/javassist/sample/duplicate/DuplicatedObject.java
189,/home/runner/work/javassist/javassist/tutorial/tutorial3.html
