,file_name
9,/home/runner/work/javassist/javassist/tutorial/tutorial2.html
10,/home/runner/work/javassist/javassist/tutorial/tutorial.html
15,/home/runner/work/javassist/javassist/License.html
146,/home/runner/work/javassist/javassist/src/test/javassist/bytecode/Gap0Example.class
148,/home/runner/work/javassist/javassist/src/test/Readme.txt
151,/home/runner/work/javassist/javassist/sample/vector/VectorAssistant.java
152,/home/runner/work/javassist/javassist/sample/vector/Test.j
153,/home/runner/work/javassist/javassist/sample/vector/Sample2.java
154,/home/runner/work/javassist/javassist/sample/rmi/start.html
155,/home/runner/work/javassist/javassist/sample/rmi/webdemo.html
156,/home/runner/work/javassist/javassist/sample/rmi/inside.gif
157,/home/runner/work/javassist/javassist/Examples.md
158,/home/runner/work/javassist/javassist/.gitignore
159,/home/runner/work/javassist/javassist/.github/workflows/maven.yml
161,/home/runner/work/javassist/javassist/Changes.md
162,/home/runner/work/javassist/javassist/README.md
163,/home/runner/work/javassist/javassist/sample/rmi/Counter.java
164,/home/runner/work/javassist/javassist/build.xml
165,/home/runner/work/javassist/javassist/sample/rmi/CountApplet.java
167,/home/runner/work/javassist/javassist/sample/reflect/VerboseMetaobj.java
168,/home/runner/work/javassist/javassist/sample/reflect/Person.java
170,/home/runner/work/javassist/javassist/sample/preproc/package.html
171,/home/runner/work/javassist/javassist/sample/preproc/Compiler.java
173,/home/runner/work/javassist/javassist/sample/hotswap/Test.java
174,/home/runner/work/javassist/javassist/sample/evolve/update.html
175,/home/runner/work/javassist/javassist/sample/evolve/start.html
177,/home/runner/work/javassist/javassist/sample/evolve/demo.html
178,/home/runner/work/javassist/javassist/sample/evolve/WebPage.java
179,/home/runner/work/javassist/javassist/sample/evolve/VersionManager.java
180,/home/runner/work/javassist/javassist/sample/evolve/Sample.java
181,/home/runner/work/javassist/javassist/sample/evolve/Evolution.java
182,/home/runner/work/javassist/javassist/sample/evolve/DemoServer.java
183,/home/runner/work/javassist/javassist/sample/evolve/DemoLoader.java
184,/home/runner/work/javassist/javassist/sample/evolve/CannotUpdateException.java
186,/home/runner/work/javassist/javassist/sample/duplicate/Viewer.java
187,/home/runner/work/javassist/javassist/sample/duplicate/Main.java
188,/home/runner/work/javassist/javassist/sample/duplicate/DuplicatedObject.java
193,/home/runner/work/javassist/javassist/tutorial/tutorial3.html
