,file_name
12,/home/runner/work/javassist/javassist/License.html
130,/home/runner/work/javassist/javassist/src/test/javassist/bytecode/Gap0Example.class
132,/home/runner/work/javassist/javassist/src/test/Readme.txt
135,/home/runner/work/javassist/javassist/sample/rmi/CountApplet.java
136,/home/runner/work/javassist/javassist/sample/vector/VectorAssistant.java
137,/home/runner/work/javassist/javassist/sample/vector/Test.j
138,/home/runner/work/javassist/javassist/sample/vector/Sample2.java
140,/home/runner/work/javassist/javassist/sample/rmi/webdemo.html
141,/home/runner/work/javassist/javassist/sample/rmi/start.html
142,/home/runner/work/javassist/javassist/sample/rmi/inside.gif
144,/home/runner/work/javassist/javassist/sample/rmi/Counter.java
146,/home/runner/work/javassist/javassist/sample/reflect/VerboseMetaobj.java
147,/home/runner/work/javassist/javassist/.github/workflows/maven.yml
150,/home/runner/work/javassist/javassist/.gitignore
151,/home/runner/work/javassist/javassist/Changes.md
152,/home/runner/work/javassist/javassist/Examples.md
153,/home/runner/work/javassist/javassist/sample/evolve/Sample.java
154,/home/runner/work/javassist/javassist/sample/reflect/Person.java
156,/home/runner/work/javassist/javassist/sample/preproc/package.html
157,/home/runner/work/javassist/javassist/sample/preproc/Compiler.java
158,/home/runner/work/javassist/javassist/sample/hotswap/Test.java
159,/home/runner/work/javassist/javassist/sample/evolve/update.html
160,/home/runner/work/javassist/javassist/sample/evolve/start.html
162,/home/runner/work/javassist/javassist/sample/evolve/demo.html
163,/home/runner/work/javassist/javassist/sample/evolve/WebPage.java
164,/home/runner/work/javassist/javassist/sample/evolve/VersionManager.java
165,/home/runner/work/javassist/javassist/sample/evolve/Evolution.java
166,/home/runner/work/javassist/javassist/README.md
167,/home/runner/work/javassist/javassist/sample/evolve/DemoServer.java
168,/home/runner/work/javassist/javassist/sample/evolve/DemoLoader.java
169,/home/runner/work/javassist/javassist/sample/evolve/CannotUpdateException.java
171,/home/runner/work/javassist/javassist/sample/duplicate/Viewer.java
172,/home/runner/work/javassist/javassist/sample/duplicate/Main.java
173,/home/runner/work/javassist/javassist/sample/duplicate/DuplicatedObject.java
176,/home/runner/work/javassist/javassist/build.xml
181,/home/runner/work/javassist/javassist/sample/vector/Sample.java
182,/home/runner/work/javassist/javassist/sample/rmi/AlertDialog.java
183,/home/runner/work/javassist/javassist/sample/reflect/Main.java
184,/home/runner/work/javassist/javassist/sample/preproc/Assistant.java
185,/home/runner/work/javassist/javassist/sample/hotswap/logging/HelloWorld.java
186,/home/runner/work/javassist/javassist/sample/evolve/sample/evolve/WebPage.java
187,/home/runner/work/javassist/javassist/sample/evolve/CannotCreateException.java
188,/home/runner/work/javassist/javassist/sample/duplicate/Ball.java
189,/home/runner/work/javassist/javassist/sample/Test.java
