,file_name
12,/home/runner/work/javassist/javassist/License.html
137,/home/runner/work/javassist/javassist/src/test/javassist/bytecode/Gap0Example.class
138,/home/runner/work/javassist/javassist/src/test/Readme.txt
139,/home/runner/work/javassist/javassist/sample/vector/VectorAssistant.java
140,/home/runner/work/javassist/javassist/sample/vector/Test.j
141,/home/runner/work/javassist/javassist/sample/vector/Sample2.java
142,/home/runner/work/javassist/javassist/sample/rmi/webdemo.html
144,/home/runner/work/javassist/javassist/sample/rmi/start.html
145,/home/runner/work/javassist/javassist/sample/rmi/inside.gif
146,/home/runner/work/javassist/javassist/sample/rmi/Counter.java
147,/home/runner/work/javassist/javassist/sample/rmi/CountApplet.java
148,/home/runner/work/javassist/javassist/.gitignore
149,/home/runner/work/javassist/javassist/.github/workflows/maven.yml
151,/home/runner/work/javassist/javassist/Changes.md
152,/home/runner/work/javassist/javassist/Examples.md
153,/home/runner/work/javassist/javassist/README.md
154,/home/runner/work/javassist/javassist/sample/evolve/VersionManager.java
155,/home/runner/work/javassist/javassist/sample/reflect/VerboseMetaobj.java
156,/home/runner/work/javassist/javassist/sample/reflect/Person.java
158,/home/runner/work/javassist/javassist/sample/preproc/package.html
159,/home/runner/work/javassist/javassist/sample/preproc/Compiler.java
161,/home/runner/work/javassist/javassist/sample/hotswap/Test.java
162,/home/runner/work/javassist/javassist/sample/evolve/update.html
163,/home/runner/work/javassist/javassist/sample/evolve/start.html
164,/home/runner/work/javassist/javassist/sample/evolve/demo.html
165,/home/runner/work/javassist/javassist/sample/evolve/WebPage.java
166,/home/runner/work/javassist/javassist/sample/evolve/Sample.java
167,/home/runner/work/javassist/javassist/build.xml
168,/home/runner/work/javassist/javassist/sample/evolve/Evolution.java
169,/home/runner/work/javassist/javassist/sample/evolve/DemoServer.java
170,/home/runner/work/javassist/javassist/sample/evolve/DemoLoader.java
171,/home/runner/work/javassist/javassist/sample/evolve/CannotUpdateException.java
173,/home/runner/work/javassist/javassist/sample/duplicate/Viewer.java
174,/home/runner/work/javassist/javassist/sample/duplicate/Main.java
175,/home/runner/work/javassist/javassist/sample/duplicate/DuplicatedObject.java
186,/home/runner/work/javassist/javassist/sample/vector/Sample.java
187,/home/runner/work/javassist/javassist/sample/reflect/Main.java
188,/home/runner/work/javassist/javassist/sample/preproc/Assistant.java
189,/home/runner/work/javassist/javassist/sample/evolve/CannotCreateException.java
190,/home/runner/work/javassist/javassist/sample/duplicate/Ball.java
191,/home/runner/work/javassist/javassist/sample/Test.java
