,file_name
9,/home/runner/work/javassist/javassist/tutorial/tutorial2.html
11,/home/runner/work/javassist/javassist/tutorial/tutorial.html
14,/home/runner/work/javassist/javassist/License.html
86,/home/runner/work/javassist/javassist/.github/workflows/maven.yml
87,/home/runner/work/javassist/javassist/README.md
88,/home/runner/work/javassist/javassist/Examples.md
89,/home/runner/work/javassist/javassist/Changes.md
90,/home/runner/work/javassist/javassist/.gitignore
96,/home/runner/work/javassist/javassist/sample/reflect/VerboseMetaobj.java
97,/home/runner/work/javassist/javassist/sample/reflect/Person.java
150,/home/runner/work/javassist/javassist/src/test/Readme.txt
151,/home/runner/work/javassist/javassist/src/test/javassist/bytecode/Gap0Example.class
152,/home/runner/work/javassist/javassist/sample/vector/Sample2.java
153,/home/runner/work/javassist/javassist/sample/vector/VectorAssistant.java
154,/home/runner/work/javassist/javassist/sample/vector/Test.j
155,/home/runner/work/javassist/javassist/sample/hotswap/Test.java
156,/home/runner/work/javassist/javassist/sample/evolve/update.html
157,/home/runner/work/javassist/javassist/sample/evolve/start.html
158,/home/runner/work/javassist/javassist/sample/evolve/demo.html
159,/home/runner/work/javassist/javassist/sample/rmi/webdemo.html
160,/home/runner/work/javassist/javassist/sample/rmi/start.html
161,/home/runner/work/javassist/javassist/sample/rmi/inside.gif
162,/home/runner/work/javassist/javassist/sample/rmi/Counter.java
163,/home/runner/work/javassist/javassist/sample/evolve/VersionManager.java
173,/home/runner/work/javassist/javassist/sample/evolve/Sample.java
175,/home/runner/work/javassist/javassist/sample/evolve/Evolution.java
176,/home/runner/work/javassist/javassist/sample/evolve/DemoServer.java
177,/home/runner/work/javassist/javassist/sample/evolve/DemoLoader.java
178,/home/runner/work/javassist/javassist/sample/evolve/CannotUpdateException.java
179,/home/runner/work/javassist/javassist/sample/preproc/package.html
180,/home/runner/work/javassist/javassist/sample/preproc/Compiler.java
181,/home/runner/work/javassist/javassist/sample/duplicate/Viewer.java
182,/home/runner/work/javassist/javassist/sample/duplicate/Main.java
183,/home/runner/work/javassist/javassist/sample/duplicate/DuplicatedObject.java
184,/home/runner/work/javassist/javassist/build.xml
185,/home/runner/work/javassist/javassist/sample/evolve/WebPage.java
189,/home/runner/work/javassist/javassist/sample/rmi/CountApplet.java
190,/home/runner/work/javassist/javassist/tutorial/tutorial3.html
197,/home/runner/work/javassist/javassist/sample/vector/Sample.java
198,/home/runner/work/javassist/javassist/sample/Test.java
199,/home/runner/work/javassist/javassist/sample/duplicate/Ball.java
200,/home/runner/work/javassist/javassist/sample/evolve/CannotCreateException.java
201,/home/runner/work/javassist/javassist/sample/preproc/Assistant.java
202,/home/runner/work/javassist/javassist/sample/reflect/Main.java
203,/home/runner/work/javassist/javassist/sample/rmi/AlertDialog.java
