,file_name
13,/home/runner/work/javassist/javassist/License.html
144,/home/runner/work/javassist/javassist/src/test/javassist/bytecode/Gap0Example.class
145,/home/runner/work/javassist/javassist/src/test/Readme.txt
147,/home/runner/work/javassist/javassist/sample/vector/VectorAssistant.java
148,/home/runner/work/javassist/javassist/.gitignore
149,/home/runner/work/javassist/javassist/.github/workflows/maven.yml
151,/home/runner/work/javassist/javassist/Changes.md
152,/home/runner/work/javassist/javassist/Examples.md
153,/home/runner/work/javassist/javassist/README.md
154,/home/runner/work/javassist/javassist/sample/evolve/WebPage.java
155,/home/runner/work/javassist/javassist/sample/vector/Test.j
156,/home/runner/work/javassist/javassist/sample/vector/Sample2.java
158,/home/runner/work/javassist/javassist/sample/rmi/webdemo.html
159,/home/runner/work/javassist/javassist/sample/rmi/start.html
160,/home/runner/work/javassist/javassist/sample/rmi/inside.gif
161,/home/runner/work/javassist/javassist/sample/rmi/Counter.java
162,/home/runner/work/javassist/javassist/sample/preproc/package.html
163,/home/runner/work/javassist/javassist/sample/evolve/update.html
164,/home/runner/work/javassist/javassist/sample/evolve/start.html
165,/home/runner/work/javassist/javassist/sample/evolve/demo.html
166,/home/runner/work/javassist/javassist/sample/evolve/VersionManager.java
167,/home/runner/work/javassist/javassist/build.xml
168,/home/runner/work/javassist/javassist/sample/evolve/Sample.java
169,/home/runner/work/javassist/javassist/sample/evolve/Evolution.java
170,/home/runner/work/javassist/javassist/sample/evolve/DemoServer.java
171,/home/runner/work/javassist/javassist/sample/evolve/DemoLoader.java
172,/home/runner/work/javassist/javassist/sample/evolve/CannotUpdateException.java
174,/home/runner/work/javassist/javassist/sample/duplicate/Viewer.java
175,/home/runner/work/javassist/javassist/sample/duplicate/Main.java
176,/home/runner/work/javassist/javassist/sample/duplicate/DuplicatedObject.java
189,/home/runner/work/javassist/javassist/sample/vector/Sample.java
190,/home/runner/work/javassist/javassist/sample/preproc/Compiler.java
191,/home/runner/work/javassist/javassist/sample/evolve/CannotCreateException.java
192,/home/runner/work/javassist/javassist/sample/duplicate/Ball.java
193,/home/runner/work/javassist/javassist/sample/Test.java
