,file_name
10,/home/runner/work/javassist/javassist/tutorial/tutorial2.html
11,/home/runner/work/javassist/javassist/tutorial/tutorial.html
15,/home/runner/work/javassist/javassist/License.html
16,/home/runner/work/javassist/javassist/Changes.md
143,/home/runner/work/javassist/javassist/src/test/javassist/bytecode/Gap0Example.class
145,/home/runner/work/javassist/javassist/src/test/Readme.txt
148,/home/runner/work/javassist/javassist/sample/vector/VectorAssistant.java
150,/home/runner/work/javassist/javassist/sample/vector/Sample2.java
151,/home/runner/work/javassist/javassist/sample/vector/Test.j
152,/home/runner/work/javassist/javassist/sample/rmi/webdemo.html
153,/home/runner/work/javassist/javassist/Examples.md
154,/home/runner/work/javassist/javassist/.github/workflows/maven.yml
156,/home/runner/work/javassist/javassist/.gitignore
157,/home/runner/work/javassist/javassist/README.md
158,/home/runner/work/javassist/javassist/sample/rmi/start.html
159,/home/runner/work/javassist/javassist/build.xml
160,/home/runner/work/javassist/javassist/sample/rmi/inside.gif
161,/home/runner/work/javassist/javassist/sample/rmi/Counter.java
162,/home/runner/work/javassist/javassist/sample/rmi/CountApplet.java
164,/home/runner/work/javassist/javassist/sample/reflect/VerboseMetaobj.java
165,/home/runner/work/javassist/javassist/sample/reflect/Person.java
166,/home/runner/work/javassist/javassist/sample/preproc/package.html
167,/home/runner/work/javassist/javassist/sample/preproc/Compiler.java
169,/home/runner/work/javassist/javassist/sample/hotswap/Test.java
170,/home/runner/work/javassist/javassist/sample/evolve/update.html
171,/home/runner/work/javassist/javassist/sample/evolve/start.html
172,/home/runner/work/javassist/javassist/sample/evolve/demo.html
173,/home/runner/work/javassist/javassist/sample/evolve/WebPage.java
174,/home/runner/work/javassist/javassist/sample/evolve/VersionManager.java
175,/home/runner/work/javassist/javassist/sample/evolve/Sample.java
176,/home/runner/work/javassist/javassist/sample/evolve/Evolution.java
177,/home/runner/work/javassist/javassist/sample/evolve/DemoServer.java
178,/home/runner/work/javassist/javassist/sample/evolve/DemoLoader.java
179,/home/runner/work/javassist/javassist/sample/evolve/CannotUpdateException.java
181,/home/runner/work/javassist/javassist/sample/duplicate/Viewer.java
182,/home/runner/work/javassist/javassist/sample/duplicate/Main.java
183,/home/runner/work/javassist/javassist/sample/duplicate/DuplicatedObject.java
189,/home/runner/work/javassist/javassist/tutorial/tutorial3.html
193,/home/runner/work/javassist/javassist/sample/vector/Sample.java
194,/home/runner/work/javassist/javassist/sample/rmi/AlertDialog.java
195,/home/runner/work/javassist/javassist/sample/reflect/Main.java
196,/home/runner/work/javassist/javassist/sample/preproc/Assistant.java
197,/home/runner/work/javassist/javassist/sample/evolve/CannotCreateException.java
198,/home/runner/work/javassist/javassist/sample/duplicate/Ball.java
