,file_name
9,/home/runner/work/javassist/javassist/tutorial/tutorial2.html
14,/home/runner/work/javassist/javassist/tutorial/tutorial.html
15,/home/runner/work/javassist/javassist/License.html
140,/home/runner/work/javassist/javassist/tutorial/tutorial3.html
143,/home/runner/work/javassist/javassist/src/test/Readme.txt
145,/home/runner/work/javassist/javassist/sample/vector/VectorAssistant.java
146,/home/runner/work/javassist/javassist/sample/vector/Test.j
147,/home/runner/work/javassist/javassist/sample/vector/Sample2.java
148,/home/runner/work/javassist/javassist/sample/rmi/webdemo.html
149,/home/runner/work/javassist/javassist/sample/rmi/start.html
150,/home/runner/work/javassist/javassist/sample/rmi/inside.gif
151,/home/runner/work/javassist/javassist/sample/rmi/Counter.java
152,/home/runner/work/javassist/javassist/sample/rmi/CountApplet.java
153,/home/runner/work/javassist/javassist/sample/reflect/VerboseMetaobj.java
154,/home/runner/work/javassist/javassist/src/test/javassist/bytecode/Gap0Example.class
156,/home/runner/work/javassist/javassist/sample/reflect/Person.java
158,/home/runner/work/javassist/javassist/sample/preproc/package.html
159,/home/runner/work/javassist/javassist/sample/preproc/Compiler.java
160,/home/runner/work/javassist/javassist/.github/workflows/maven.yml
161,/home/runner/work/javassist/javassist/.gitignore
162,/home/runner/work/javassist/javassist/Changes.md
163,/home/runner/work/javassist/javassist/sample/hotswap/Test.java
164,/home/runner/work/javassist/javassist/sample/evolve/update.html
165,/home/runner/work/javassist/javassist/sample/evolve/start.html
167,/home/runner/work/javassist/javassist/sample/evolve/demo.html
168,/home/runner/work/javassist/javassist/sample/evolve/WebPage.java
169,/home/runner/work/javassist/javassist/sample/evolve/VersionManager.java
170,/home/runner/work/javassist/javassist/sample/evolve/Sample.java
171,/home/runner/work/javassist/javassist/sample/evolve/Evolution.java
172,/home/runner/work/javassist/javassist/sample/evolve/DemoServer.java
173,/home/runner/work/javassist/javassist/sample/evolve/DemoLoader.java
174,/home/runner/work/javassist/javassist/sample/evolve/CannotUpdateException.java
176,/home/runner/work/javassist/javassist/sample/duplicate/Viewer.java
177,/home/runner/work/javassist/javassist/sample/duplicate/Main.java
178,/home/runner/work/javassist/javassist/sample/duplicate/DuplicatedObject.java
180,/home/runner/work/javassist/javassist/build.xml
181,/home/runner/work/javassist/javassist/README.md
182,/home/runner/work/javassist/javassist/Examples.md
191,/home/runner/work/javassist/javassist/sample/vector/Sample.java
192,/home/runner/work/javassist/javassist/sample/rmi/AlertDialog.java
193,/home/runner/work/javassist/javassist/sample/reflect/Main.java
194,/home/runner/work/javassist/javassist/sample/preproc/Assistant.java
195,/home/runner/work/javassist/javassist/sample/evolve/sample/evolve/WebPage.java
196,/home/runner/work/javassist/javassist/sample/evolve/CannotCreateException.java
197,/home/runner/work/javassist/javassist/sample/Test.java
