,file_name,last_access_index,last_modify_index,creation_index,last_access_step,last_modify_step,creation_step
0,/home/runner/work/javassist/javassist/target/javassist-3.29.2-GA.jar,-1,1020767,1002369,Not provided,BuildwithMaven,BuildwithMaven
1,/home/runner/work/javassist/javassist/target/javassist-3.29.2-GA-sources.jar,-1,1026333,1021796,Not provided,BuildwithMaven,BuildwithMaven
2,/home/runner/work/javassist/javassist/target/classes/META-INF/MANIFEST.MF,418668,1021634,369911,BuildwithMaven,BuildwithMaven,BuildwithMaven
3,/home/runner/work/javassist/javassist/target/runtest/test1/AnnoTest.class,-1,416675,416540,Not provided,BuildwithMaven,BuildwithMaven
4,/home/runner/work/javassist/javassist/target/runtest/test-hibernate.class,-1,416970,416872,Not provided,BuildwithMaven,BuildwithMaven
5,/home/runner/work/javassist/javassist/target/runtest/TooManyConstPoolItems.class,-1,416168,416122,Not provided,BuildwithMaven,BuildwithMaven
6,/home/runner/work/javassist/javassist/target/surefire-reports/TEST-javassist.JvstTest.xml,-1,418018,418011,Not provided,BuildwithMaven,BuildwithMaven
7,/home/runner/work/javassist/javassist/target/maven-status/maven-compiler-plugin/compile/default-compile/createdFiles.lst,-1,6940,6936,Not provided,BuildwithMaven,BuildwithMaven
8,/home/runner/work/javassist/javassist/target/maven-status/maven-compiler-plugin/compile/default-compile/inputFiles.lst,-1,6946,6942,Not provided,BuildwithMaven,BuildwithMaven
9,/home/runner/work/javassist/javassist/tutorial/tutorial2.html,-1,3740,3736,Not provided,uses-checkout,uses-checkout
10,/home/runner/work/javassist/javassist/target/maven-status/maven-compiler-plugin/testCompile/default-testCompile/createdFiles.lst,-1,376880,376876,Not provided,BuildwithMaven,BuildwithMaven
11,/home/runner/work/javassist/javassist/tutorial/tutorial.html,-1,3734,3730,Not provided,uses-checkout,uses-checkout
12,/home/runner/work/javassist/javassist/target/runtest/test3/JIRA63.class,-1,380155,380146,Not provided,BuildwithMaven,BuildwithMaven
13,/home/runner/work/javassist/javassist/target/maven-status/maven-compiler-plugin/testCompile/default-testCompile/inputFiles.lst,-1,376886,376882,Not provided,BuildwithMaven,BuildwithMaven
14,/home/runner/work/javassist/javassist/License.html,-1,1187,1184,Not provided,uses-checkout,uses-checkout
15,/home/runner/work/javassist/javassist/target/test-classes/test3/NewClass2.class,-1,374662,374660,Not provided,BuildwithMaven,BuildwithMaven
16,/home/runner/work/javassist/javassist/target/test-classes/test/javassist/bytecode/analysis/AnalyzerTest$Dummy$A3.class,-1,374682,374680,Not provided,BuildwithMaven,BuildwithMaven
17,/home/runner/work/javassist/javassist/target/test-classes/scoped/UnscopedAnnotationDefaultUsage.class,-1,375051,375049,Not provided,BuildwithMaven,BuildwithMaven
18,/home/runner/work/javassist/javassist/target/test-classes/test/javassist/bytecode/analysis/AnalyzerTest$Dummy$A2.class,-1,374678,374676,Not provided,BuildwithMaven,BuildwithMaven
19,/home/runner/work/javassist/javassist/target/test-classes/javassist/compiler/CodeTest.class,-1,375027,375025,Not provided,BuildwithMaven,BuildwithMaven
20,/home/runner/work/javassist/javassist/target/test-classes/test1/BenchProceedNew.class,-1,375019,375017,Not provided,BuildwithMaven,BuildwithMaven
21,/home/runner/work/javassist/javassist/target/test-classes/test1/BenchProceedNew3.class,-1,375015,375013,Not provided,BuildwithMaven,BuildwithMaven
22,/home/runner/work/javassist/javassist/target/test-classes/VisibleTop2.class,-1,374754,374752,Not provided,BuildwithMaven,BuildwithMaven
23,/home/runner/work/javassist/javassist/target/test-classes/test/javassist/bytecode/analysis/ErrorFinder.class,-1,374618,374616,Not provided,BuildwithMaven,BuildwithMaven
24,/home/runner/work/javassist/javassist/target/test-classes/test1/GetThrow2.class,-1,374714,374712,Not provided,BuildwithMaven,BuildwithMaven
25,/home/runner/work/javassist/javassist/target/test-classes/test5/InnerClassRemove$C.class,-1,374310,374308,Not provided,BuildwithMaven,BuildwithMaven
26,/home/runner/work/javassist/javassist/target/test-classes/test1/GetThrow1.class,-1,374710,374708,Not provided,BuildwithMaven,BuildwithMaven
27,/home/runner/work/javassist/javassist/target/test-classes/scoped/jar1/ScopedTestAnnotation.class,-1,374838,374836,Not provided,BuildwithMaven,BuildwithMaven
28,/home/runner/work/javassist/javassist/target/test-classes/test3/InnerClass.class,-1,374834,374832,Not provided,BuildwithMaven,BuildwithMaven
29,/home/runner/work/javassist/javassist/target/test-classes/javassist/Bench$4.class,-1,375560,375558,Not provided,BuildwithMaven,BuildwithMaven
30,/home/runner/work/javassist/javassist/target/test-classes/javassist/Bench$3.class,-1,375556,375554,Not provided,BuildwithMaven,BuildwithMaven
31,/home/runner/work/javassist/javassist/target/test-classes/javassist/Bench$2.class,-1,375552,375550,Not provided,BuildwithMaven,BuildwithMaven
32,/home/runner/work/javassist/javassist/target/test-classes/javassist/Bench$1.class,-1,375548,375546,Not provided,BuildwithMaven,BuildwithMaven
33,/home/runner/work/javassist/javassist/target/test-classes/test4/GetAllRefInnerTest2.class,-1,375212,375210,Not provided,BuildwithMaven,BuildwithMaven
34,/home/runner/work/javassist/javassist/target/test-classes/test4/GetAllRefInnerTest2$1.class,-1,375208,375206,Not provided,BuildwithMaven,BuildwithMaven
35,/home/runner/work/javassist/javassist/target/test-classes/test4/GetAllRefInnerTest$2.class,-1,375220,375218,Not provided,BuildwithMaven,BuildwithMaven
36,/home/runner/work/javassist/javassist/target/test-classes/test4/GetAllRefInnerTest$1.class,-1,375216,375214,Not provided,BuildwithMaven,BuildwithMaven
37,/home/runner/work/javassist/javassist/target/test-classes/test1/BenchProceedNew2.class,-1,375011,375009,Not provided,BuildwithMaven,BuildwithMaven
38,/home/runner/work/javassist/javassist/target/test-classes/javassist/ClassPoolBench.class,-1,375316,375314,Not provided,BuildwithMaven,BuildwithMaven
39,/home/runner/work/javassist/javassist/target/test-classes/scoped/jar1/FullyScopedAnnotationDefaultUsage.class,-1,375296,375294,Not provided,BuildwithMaven,BuildwithMaven
40,/home/runner/work/javassist/javassist/target/test-classes/scoped/UnscopedAnnotationUsage.class,-1,375292,375290,Not provided,BuildwithMaven,BuildwithMaven
41,/home/runner/work/javassist/javassist/target/test-classes/test3/Visible2.class,-1,374983,374981,Not provided,BuildwithMaven,BuildwithMaven
42,/home/runner/work/javassist/javassist/target/test-classes/test5/JIRA246.class,-1,375134,375132,Not provided,BuildwithMaven,BuildwithMaven
43,/home/runner/work/javassist/javassist/target/test-classes/Readme.txt,-1,371558,371555,Not provided,BuildwithMaven,BuildwithMaven
44,/home/runner/work/javassist/javassist/target/test-classes/test3/NewExprTryCatch2.class,-1,373767,373765,Not provided,BuildwithMaven,BuildwithMaven
45,/home/runner/work/javassist/javassist/target/test-classes/test/javassist/bytecode/analysis/ScannerTest.class,-1,373763,373761,Not provided,BuildwithMaven,BuildwithMaven
46,/home/runner/work/javassist/javassist/target/test-classes/test3/Enhancer.class,-1,374034,374032,Not provided,BuildwithMaven,BuildwithMaven
47,/home/runner/work/javassist/javassist/target/test-classes/test3/Enhancer$Interceptor.class,-1,374030,374028,Not provided,BuildwithMaven,BuildwithMaven
48,/home/runner/work/javassist/javassist/target/test-classes/test3/Enhancer$1.class,-1,374026,374024,Not provided,BuildwithMaven,BuildwithMaven
49,/home/runner/work/javassist/javassist/target/test-classes/javassist/JvstTest4$Inner1.class,-1,374396,374394,Not provided,BuildwithMaven,BuildwithMaven
50,/home/runner/work/javassist/javassist/target/test-classes/test1/BenchProceed2.class,-1,374054,374052,Not provided,BuildwithMaven,BuildwithMaven
51,/home/runner/work/javassist/javassist/target/test-classes/test2/Nested$Inner2.class,-1,374094,374092,Not provided,BuildwithMaven,BuildwithMaven
52,/home/runner/work/javassist/javassist/target/test-classes/test1/BenchStaticMethod.class,-1,374050,374048,Not provided,BuildwithMaven,BuildwithMaven
53,/home/runner/work/javassist/javassist/target/test-classes/javassist/bytecode/StackMapTest$T8dd.class,-1,374558,374556,Not provided,BuildwithMaven,BuildwithMaven
54,/home/runner/work/javassist/javassist/target/test-classes/javassist/bytecode/StackMapTest$I8d.class,-1,374554,374552,Not provided,BuildwithMaven,BuildwithMaven
55,/home/runner/work/javassist/javassist/target/test-classes/scoped/TestAnnotation.class,-1,374206,374204,Not provided,BuildwithMaven,BuildwithMaven
56,/home/runner/work/javassist/javassist/target/test-classes/scoped/jar1/ScopedAnnotationDefaultUsage.class,-1,374202,374200,Not provided,BuildwithMaven,BuildwithMaven
57,/home/runner/work/javassist/javassist/target/test-classes/test/javassist/bytecode/analysis/DomTreePrinter.class,-1,374242,374240,Not provided,BuildwithMaven,BuildwithMaven
58,/home/runner/work/javassist/javassist/target/test-classes/testproxy/Target127.class,-1,373909,373907,Not provided,BuildwithMaven,BuildwithMaven
59,/home/runner/work/javassist/javassist/target/test-classes/testproxy/Target127$RealSub.class,-1,373905,373903,Not provided,BuildwithMaven,BuildwithMaven
60,/home/runner/work/javassist/javassist/target/test-classes/test/javassist/convert/InstrumentationTarget$Itr.class,-1,374122,374120,Not provided,BuildwithMaven,BuildwithMaven
61,/home/runner/work/javassist/javassist/target/test-classes/testproxy/Target189.class,-1,374086,374084,Not provided,BuildwithMaven,BuildwithMaven
62,/home/runner/work/javassist/javassist/target/test-classes/test1/BenchProceed.class,-1,374058,374056,Not provided,BuildwithMaven,BuildwithMaven
63,/home/runner/work/javassist/javassist/target/test-classes/test2/ReplaceClassName3.class,-1,374134,374132,Not provided,BuildwithMaven,BuildwithMaven
64,/home/runner/work/javassist/javassist/target/test-classes/test2/ReplaceClassName2.class,-1,374130,374128,Not provided,BuildwithMaven,BuildwithMaven
65,/home/runner/work/javassist/javassist/target/test-classes/test1/RenameClass2.class,-1,373783,373781,Not provided,BuildwithMaven,BuildwithMaven
66,/home/runner/work/javassist/javassist/target/test-classes/test3/EnhanceTest.class,-1,374019,374017,Not provided,BuildwithMaven,BuildwithMaven
67,/home/runner/work/javassist/javassist/target/test-classes/test5/InnerClassRemove$B.class,-1,374306,374304,Not provided,BuildwithMaven,BuildwithMaven
68,/home/runner/work/javassist/javassist/target/test-classes/test5/InnerClassRemove$A.class,-1,374302,374300,Not provided,BuildwithMaven,BuildwithMaven
69,/home/runner/work/javassist/javassist/target/test-classes/test2/StaticArraysMem.class,-1,376614,376612,Not provided,BuildwithMaven,BuildwithMaven
70,/home/runner/work/javassist/javassist/target/test-classes/test1/Point.class,-1,376658,376656,Not provided,BuildwithMaven,BuildwithMaven
71,/home/runner/work/javassist/javassist/target/runtest/test1/NewInterface.class,-1,378853,378851,Not provided,BuildwithMaven,BuildwithMaven
72,/home/runner/work/javassist/javassist/target/runtest/test1/NewInterface2.class,-1,378857,378855,Not provided,BuildwithMaven,BuildwithMaven
73,/home/runner/work/javassist/javassist/target/runtest/test2/Inner.class,-1,379250,379248,Not provided,BuildwithMaven,BuildwithMaven
74,/home/runner/work/javassist/javassist/target/runtest/test2/Inherit.class,-1,379240,379238,Not provided,BuildwithMaven,BuildwithMaven
75,/home/runner/work/javassist/javassist/target/test-classes/javassist/HotswapTest$Foo.class,-1,376634,376632,Not provided,BuildwithMaven,BuildwithMaven
76,/home/runner/work/javassist/javassist/target/test-classes/test4/GetAllRefAnnoC4.class,-1,376340,376338,Not provided,BuildwithMaven,BuildwithMaven
77,/home/runner/work/javassist/javassist/target/test-classes/test4/GetAllRefAnnoC3.class,-1,376336,376334,Not provided,BuildwithMaven,BuildwithMaven
78,/home/runner/work/javassist/javassist/target/test-classes/test4/GetAllRefAnnoC2.class,-1,376332,376330,Not provided,BuildwithMaven,BuildwithMaven
79,/home/runner/work/javassist/javassist/target/test-classes/test4/GetAllRefAnnoC.class,-1,376328,376326,Not provided,BuildwithMaven,BuildwithMaven
80,/home/runner/work/javassist/javassist/target/test-classes/javassist/bytecode/CodeAnalyzerTest.class,-1,376356,376354,Not provided,BuildwithMaven,BuildwithMaven
81,/home/runner/work/javassist/javassist/target/test-classes/test5/NestHost$Bar.class,-1,376558,376556,Not provided,BuildwithMaven,BuildwithMaven
82,/home/runner/work/javassist/javassist/target/test-classes/test4/ImportPac.class,-1,376464,376462,Not provided,BuildwithMaven,BuildwithMaven
83,/home/runner/work/javassist/javassist/target/runtest/test1/MySerializableClass.class,-1,378311,378309,Not provided,BuildwithMaven,BuildwithMaven
84,/home/runner/work/javassist/javassist/target/test-classes/javassist/compiler/LexTest.class,-1,376674,376672,Not provided,BuildwithMaven,BuildwithMaven
85,/home/runner/work/javassist/javassist/target/test-classes/scoped/jar1/ScopedAnnotationUsage.class,-1,376670,376668,Not provided,BuildwithMaven,BuildwithMaven
86,/home/runner/work/javassist/javassist/.github/workflows/maven.yml,-1,1166,1164,Not provided,uses-checkout,uses-checkout
87,/home/runner/work/javassist/javassist/README.md,-1,1191,1189,Not provided,uses-checkout,uses-checkout
88,/home/runner/work/javassist/javassist/Examples.md,-1,1182,1180,Not provided,uses-checkout,uses-checkout
89,/home/runner/work/javassist/javassist/Changes.md,-1,1178,1176,Not provided,uses-checkout,uses-checkout
90,/home/runner/work/javassist/javassist/.gitignore,-1,1174,1172,Not provided,uses-checkout,uses-checkout
91,/home/runner/work/javassist/javassist/target/runtest/test2/MethodCall.class,-1,379331,379329,Not provided,BuildwithMaven,BuildwithMaven
92,/home/runner/work/javassist/javassist/target/runtest/test1/LocalVars2.class,-1,416536,416534,Not provided,BuildwithMaven,BuildwithMaven
93,/home/runner/work/javassist/javassist/target/runtest/test5/InnerModifier.class,-1,416516,416514,Not provided,BuildwithMaven,BuildwithMaven
94,/home/runner/work/javassist/javassist/target/runtest/test5/InnerModifier$Static.class,-1,416512,416510,Not provided,BuildwithMaven,BuildwithMaven
95,/home/runner/work/javassist/javassist/target/runtest/test5/InnerModifier$NonStatic.class,-1,416505,416503,Not provided,BuildwithMaven,BuildwithMaven
96,/home/runner/work/javassist/javassist/sample/reflect/VerboseMetaobj.java,-1,1366,1364,Not provided,uses-checkout,uses-checkout
97,/home/runner/work/javassist/javassist/sample/reflect/Person.java,-1,1362,1360,Not provided,uses-checkout,uses-checkout
98,/home/runner/work/javassist/javassist/target/runtest/test1/Freeze.class,-1,378904,378902,Not provided,BuildwithMaven,BuildwithMaven
99,/home/runner/work/javassist/javassist/target/runtest/test2/NullArgTest.class,-1,379439,379437,Not provided,BuildwithMaven,BuildwithMaven
100,/home/runner/work/javassist/javassist/target/runtest/test2/NewOp.class,-1,379435,379433,Not provided,BuildwithMaven,BuildwithMaven
101,/home/runner/work/javassist/javassist/target/runtest/test2/SuperInterface3.class,-1,379564,379562,Not provided,BuildwithMaven,BuildwithMaven
102,/home/runner/work/javassist/javassist/target/runtest/test4/AnnoLoad.class,-1,380390,380388,Not provided,BuildwithMaven,BuildwithMaven
103,/home/runner/work/javassist/javassist/target/runtest/test4/AnnoLoadAnno.class,-1,380383,380381,Not provided,BuildwithMaven,BuildwithMaven
104,/home/runner/work/javassist/javassist/target/runtest/test4/WrittenFile2sub.class,-1,380446,380444,Not provided,BuildwithMaven,BuildwithMaven
105,/home/runner/work/javassist/javassist/target/runtest/test1/SetName3.class,-1,378957,378955,Not provided,BuildwithMaven,BuildwithMaven
106,/home/runner/work/javassist/javassist/target/runtest/test1/SetName2.class,-1,378953,378951,Not provided,BuildwithMaven,BuildwithMaven
107,/home/runner/work/javassist/javassist/target/test-classes/test4/Signature$Foo.class,-1,375902,375900,Not provided,BuildwithMaven,BuildwithMaven
108,/home/runner/work/javassist/javassist/target/test-classes/Test.class,-1,375898,375896,Not provided,BuildwithMaven,BuildwithMaven
109,/home/runner/work/javassist/javassist/target/test-classes/test5/InnerModifier2.class,-1,375616,375614,Not provided,BuildwithMaven,BuildwithMaven
110,/home/runner/work/javassist/javassist/target/test-classes/InvalidStackMapFrame.class,-1,375894,375892,Not provided,BuildwithMaven,BuildwithMaven
111,/home/runner/work/javassist/javassist/target/test-classes/test3/NestedClass$1Local.class,-1,375751,375749,Not provided,BuildwithMaven,BuildwithMaven
112,/home/runner/work/javassist/javassist/target/test-classes/test3/NestedClass$1.class,-1,375747,375745,Not provided,BuildwithMaven,BuildwithMaven
113,/home/runner/work/javassist/javassist/target/test-classes/test4/NestedClass$N.class,-1,375652,375650,Not provided,BuildwithMaven,BuildwithMaven
114,/home/runner/work/javassist/javassist/target/test-classes/javassist/ConcurrentClassDefinitionTest.class,-1,375970,375968,Not provided,BuildwithMaven,BuildwithMaven
115,/home/runner/work/javassist/javassist/target/test-classes/javassist/ConcurrentClassDefinitionTest$Worker.class,-1,375966,375964,Not provided,BuildwithMaven,BuildwithMaven
116,/home/runner/work/javassist/javassist/target/test-classes/test4/NestedClass$S$S2.class,-1,375656,375654,Not provided,BuildwithMaven,BuildwithMaven
117,/home/runner/work/javassist/javassist/target/test-classes/javassist/Bench.class,-1,375576,375574,Not provided,BuildwithMaven,BuildwithMaven
118,/home/runner/work/javassist/javassist/target/test-classes/javassist/Bench$7.class,-1,375572,375570,Not provided,BuildwithMaven,BuildwithMaven
119,/home/runner/work/javassist/javassist/target/test-classes/javassist/Bench$6.class,-1,375568,375566,Not provided,BuildwithMaven,BuildwithMaven
120,/home/runner/work/javassist/javassist/target/test-classes/javassist/Bench$5.class,-1,375564,375562,Not provided,BuildwithMaven,BuildwithMaven
121,/home/runner/work/javassist/javassist/target/test-classes/scoped/jar1/FullyScopedAnnotationUsage.class,-1,375540,375538,Not provided,BuildwithMaven,BuildwithMaven
122,/home/runner/work/javassist/javassist/target/test-classes/test1/StaticField.class,-1,375532,375530,Not provided,BuildwithMaven,BuildwithMaven
123,/home/runner/work/javassist/javassist/target/test-classes/scoped/ScopedRepositoryTestCase.class,-1,375703,375701,Not provided,BuildwithMaven,BuildwithMaven
124,/home/runner/work/javassist/javassist/target/test-classes/test4/JIRA220intf.class,-1,375680,375678,Not provided,BuildwithMaven,BuildwithMaven
125,/home/runner/work/javassist/javassist/target/test-classes/test4/NestedClass$S.class,-1,375660,375658,Not provided,BuildwithMaven,BuildwithMaven
126,/home/runner/work/javassist/javassist/target/test-classes/test5/NestHost2$Bar.class,-1,375640,375638,Not provided,BuildwithMaven,BuildwithMaven
127,/home/runner/work/javassist/javassist/target/test-classes/test2/Inner2$Child.class,-1,375628,375626,Not provided,BuildwithMaven,BuildwithMaven
128,/home/runner/work/javassist/javassist/target/test-classes/javassist/tools/reflect/ClassMetaobjectTest.class,-1,376460,376458,Not provided,BuildwithMaven,BuildwithMaven
129,/home/runner/work/javassist/javassist/target/test-classes/test/javassist/proxy/ProxySimpleTest$Default4.class,-1,376058,376056,Not provided,BuildwithMaven,BuildwithMaven
130,/home/runner/work/javassist/javassist/target/test-classes/annotation/Tag.class,-1,376296,376294,Not provided,BuildwithMaven,BuildwithMaven
131,/home/runner/work/javassist/javassist/target/test-classes/test5/RemoveAnno2.class,-1,376190,376188,Not provided,BuildwithMaven,BuildwithMaven
132,/home/runner/work/javassist/javassist/target/test-classes/javassist/tools/reflect/Person.class,-1,376444,376442,Not provided,BuildwithMaven,BuildwithMaven
133,/home/runner/work/javassist/javassist/target/test-classes/test4/JIRA181$B.class,-1,376430,376428,Not provided,BuildwithMaven,BuildwithMaven
134,/home/runner/work/javassist/javassist/target/test-classes/test4/JIRA181$ICondition.class,-1,376426,376424,Not provided,BuildwithMaven,BuildwithMaven
135,/home/runner/work/javassist/javassist/target/test-classes/scoped/jar1/TestClass1.class,-1,376406,376404,Not provided,BuildwithMaven,BuildwithMaven
136,/home/runner/work/javassist/javassist/target/test-classes/test5/RemoveAnno1.class,-1,376186,376184,Not provided,BuildwithMaven,BuildwithMaven
137,/home/runner/work/javassist/javassist/target/test-classes/test3/PackName2.class,-1,376174,376172,Not provided,BuildwithMaven,BuildwithMaven
138,/home/runner/work/javassist/javassist/target/test-classes/test3/NestedClass$StaticNested.class,-1,375743,375741,Not provided,BuildwithMaven,BuildwithMaven
139,/home/runner/work/javassist/javassist/target/test-classes/test3/NestedClass$Inner.class,-1,375739,375737,Not provided,BuildwithMaven,BuildwithMaven
140,/home/runner/work/javassist/javassist/target/test-classes/test3/PublicInner2$PS.class,-1,375854,375852,Not provided,BuildwithMaven,BuildwithMaven
141,/home/runner/work/javassist/javassist/target/test-classes/test4/GetAllRefAnno.class,-1,376324,376322,Not provided,BuildwithMaven,BuildwithMaven
142,/home/runner/work/javassist/javassist/target/test-classes/test4/GetAllRefEnum.class,-1,376320,376318,Not provided,BuildwithMaven,BuildwithMaven
143,/home/runner/work/javassist/javassist/target/test-classes/Jassist150.class,-1,375942,375940,Not provided,BuildwithMaven,BuildwithMaven
144,/home/runner/work/javassist/javassist/target/test-classes/Jassist150$1.class,-1,375938,375936,Not provided,BuildwithMaven,BuildwithMaven
145,/home/runner/work/javassist/javassist/target/test-classes/test5/JIRA242.class,-1,376166,376164,Not provided,BuildwithMaven,BuildwithMaven
146,/home/runner/work/javassist/javassist/target/test-classes/annotation/EnumTest.class,-1,376292,376290,Not provided,BuildwithMaven,BuildwithMaven
147,/home/runner/work/javassist/javassist/target/runtest/test5/NestHost4$InnerClass1$InnerClass5.class,-1,416036,416034,Not provided,BuildwithMaven,BuildwithMaven
148,/home/runner/work/javassist/javassist/target/runtest/test5/NestHost4$InnerClass1.class,-1,416026,416024,Not provided,BuildwithMaven,BuildwithMaven
149,/home/runner/work/javassist/javassist/target/runtest/test4/TestDeadcode.class,-1,380488,380486,Not provided,BuildwithMaven,BuildwithMaven
150,/home/runner/work/javassist/javassist/src/test/Readme.txt,-1,2443,2441,Not provided,uses-checkout,uses-checkout
151,/home/runner/work/javassist/javassist/src/test/javassist/bytecode/Gap0Example.class,-1,2537,2535,Not provided,uses-checkout,uses-checkout
152,/home/runner/work/javassist/javassist/sample/vector/Sample2.java,-1,1402,1400,Not provided,uses-checkout,uses-checkout
153,/home/runner/work/javassist/javassist/sample/vector/VectorAssistant.java,-1,1410,1408,Not provided,uses-checkout,uses-checkout
154,/home/runner/work/javassist/javassist/sample/vector/Test.j,-1,1406,1404,Not provided,uses-checkout,uses-checkout
155,/home/runner/work/javassist/javassist/sample/hotswap/Test.java,-1,1334,1332,Not provided,uses-checkout,uses-checkout
156,/home/runner/work/javassist/javassist/sample/evolve/update.html,-1,1326,1324,Not provided,uses-checkout,uses-checkout
157,/home/runner/work/javassist/javassist/sample/evolve/start.html,-1,1322,1320,Not provided,uses-checkout,uses-checkout
158,/home/runner/work/javassist/javassist/sample/evolve/demo.html,-1,1312,1310,Not provided,uses-checkout,uses-checkout
159,/home/runner/work/javassist/javassist/sample/rmi/webdemo.html,-1,1392,1390,Not provided,uses-checkout,uses-checkout
160,/home/runner/work/javassist/javassist/sample/rmi/start.html,-1,1388,1386,Not provided,uses-checkout,uses-checkout
161,/home/runner/work/javassist/javassist/sample/rmi/inside.gif,-1,1384,1382,Not provided,uses-checkout,uses-checkout
162,/home/runner/work/javassist/javassist/sample/rmi/Counter.java,-1,1380,1378,Not provided,uses-checkout,uses-checkout
163,/home/runner/work/javassist/javassist/sample/evolve/VersionManager.java,-1,1304,1302,Not provided,uses-checkout,uses-checkout
164,/home/runner/work/javassist/javassist/target/runtest/javassist/bytecode/StackMapTest$T8d.class,-1,417165,417163,Not provided,BuildwithMaven,BuildwithMaven
165,/home/runner/work/javassist/javassist/target/runtest/proxy/test/javassist/proxy/ProxySimpleTest$Default3_$$_jvst489_273d.class,-1,417876,417874,Not provided,BuildwithMaven,BuildwithMaven
166,/home/runner/work/javassist/javassist/target/runtest/proxy/test/javassist/proxy/ProxySimpleTest$Default2_$$_jvst489_273b.class,-1,417854,417852,Not provided,BuildwithMaven,BuildwithMaven
167,/home/runner/work/javassist/javassist/target/runtest/proxy/test/javassist/proxy/ProxySimpleTest$PubProxy_$$_jvst489_2734.class,-1,417749,417747,Not provided,BuildwithMaven,BuildwithMaven
168,/home/runner/work/javassist/javassist/target/runtest/test3/Clazz67.class,-1,379956,379954,Not provided,BuildwithMaven,BuildwithMaven
169,/home/runner/work/javassist/javassist/target/runtest/testproxy/Target_$$_jvst489_11.class,-1,417493,417491,Not provided,BuildwithMaven,BuildwithMaven
170,/home/runner/work/javassist/javassist/target/runtest/reflected/javassist/tools/reflect/SuperClass.class,-1,417270,417268,Not provided,BuildwithMaven,BuildwithMaven
171,/home/runner/work/javassist/javassist/target/runtest/javassist/bytecode/Gap0Example2.class,-1,417211,417209,Not provided,BuildwithMaven,BuildwithMaven
172,/home/runner/work/javassist/javassist/target/runtest/javassist/bytecode/Gap0Example.class,-1,417204,417202,Not provided,BuildwithMaven,BuildwithMaven
173,/home/runner/work/javassist/javassist/sample/evolve/Sample.java,-1,1300,1298,Not provided,uses-checkout,uses-checkout
174,/home/runner/work/javassist/javassist/target/runtest/javassist/bytecode/StackMapTest$C6.class,-1,416870,416868,Not provided,BuildwithMaven,BuildwithMaven
175,/home/runner/work/javassist/javassist/sample/evolve/Evolution.java,-1,1296,1294,Not provided,uses-checkout,uses-checkout
176,/home/runner/work/javassist/javassist/sample/evolve/DemoServer.java,-1,1292,1290,Not provided,uses-checkout,uses-checkout
177,/home/runner/work/javassist/javassist/sample/evolve/DemoLoader.java,-1,1288,1286,Not provided,uses-checkout,uses-checkout
178,/home/runner/work/javassist/javassist/sample/evolve/CannotUpdateException.java,-1,1284,1282,Not provided,uses-checkout,uses-checkout
179,/home/runner/work/javassist/javassist/sample/preproc/package.html,-1,1352,1350,Not provided,uses-checkout,uses-checkout
180,/home/runner/work/javassist/javassist/sample/preproc/Compiler.java,-1,1348,1346,Not provided,uses-checkout,uses-checkout
181,/home/runner/work/javassist/javassist/sample/duplicate/Viewer.java,-1,1274,1272,Not provided,uses-checkout,uses-checkout
182,/home/runner/work/javassist/javassist/sample/duplicate/Main.java,-1,1270,1268,Not provided,uses-checkout,uses-checkout
183,/home/runner/work/javassist/javassist/sample/duplicate/DuplicatedObject.java,-1,1266,1264,Not provided,uses-checkout,uses-checkout
184,/home/runner/work/javassist/javassist/build.xml,-1,1195,1193,Not provided,uses-checkout,uses-checkout
185,/home/runner/work/javassist/javassist/sample/evolve/WebPage.java,-1,1308,1306,Not provided,uses-checkout,uses-checkout
186,/home/runner/work/javassist/javassist/target/runtest/test3/PublicInner$Inner.class,-1,379739,379737,Not provided,BuildwithMaven,BuildwithMaven
187,/home/runner/work/javassist/javassist/target/runtest/test3/PublicInner.class,-1,379735,379733,Not provided,BuildwithMaven,BuildwithMaven
188,/home/runner/work/javassist/javassist/target/runtest/test3/StaticFinalField.class,-1,380084,380082,Not provided,BuildwithMaven,BuildwithMaven
189,/home/runner/work/javassist/javassist/sample/rmi/CountApplet.java,-1,1376,1374,Not provided,uses-checkout,uses-checkout
190,/home/runner/work/javassist/javassist/tutorial/tutorial3.html,-1,3744,3742,Not provided,uses-checkout,uses-checkout
191,/home/runner/work/javassist/javassist/target/runtest/testproxy/BridgeMethod_$$_jvst489_7.class,-1,417368,-1,Not provided,BuildwithMaven,Not provided
192,/home/runner/work/javassist/javassist/target/runtest/proxy/test/javassist/proxy/ProxySimpleTest$Foo_$$_jvst489_2733.class,-1,417739,-1,Not provided,BuildwithMaven,Not provided
193,/home/runner/work/javassist/javassist/target/runtest/proxy/javassist/util/proxy/test_javassist_proxy_ProxySimpleTest$PubProxy2_$$_jvst489_273c.class,-1,417866,-1,Not provided,BuildwithMaven,Not provided
194,/home/runner/work/javassist/javassist/target/surefire-reports/javassist.JvstTest.txt,-1,418009,-1,Not provided,BuildwithMaven,Not provided
195,/home/runner/work/javassist/javassist/target/test-classes/testproxy/sub/TargetSuper.class,-1,376374,-1,Not provided,BuildwithMaven,Not provided
196,/home/runner/work/javassist/javassist/target/test-classes/annotation/Id.class,-1,376288,-1,Not provided,BuildwithMaven,Not provided
197,/home/runner/work/javassist/javassist/sample/vector/Sample.java,-1,1398,-1,Not provided,uses-checkout,Not provided
198,/home/runner/work/javassist/javassist/sample/Test.java,-1,1256,-1,Not provided,uses-checkout,Not provided
199,/home/runner/work/javassist/javassist/sample/duplicate/Ball.java,-1,1262,-1,Not provided,uses-checkout,Not provided
200,/home/runner/work/javassist/javassist/sample/evolve/CannotCreateException.java,-1,1280,-1,Not provided,uses-checkout,Not provided
201,/home/runner/work/javassist/javassist/sample/preproc/Assistant.java,-1,1344,-1,Not provided,uses-checkout,Not provided
202,/home/runner/work/javassist/javassist/sample/reflect/Main.java,-1,1358,-1,Not provided,uses-checkout,Not provided
203,/home/runner/work/javassist/javassist/sample/rmi/AlertDialog.java,-1,1372,-1,Not provided,uses-checkout,Not provided
