,file_name,last_access_index,last_modify_index,creation_index,last_access_step,last_modify_step,creation_step
0,/home/runner/work/javassist/javassist/target/javassist-3.29.2-GA.jar,-1,990622,973725,Not provided,BuildwithMaven,BuildwithMaven
1,/home/runner/work/javassist/javassist/target/javassist-3.29.2-GA-sources.jar,-1,996544,991634,Not provided,BuildwithMaven,BuildwithMaven
2,/home/runner/work/javassist/javassist/target/classes/META-INF/MANIFEST.MF,448869,991472,-1,BuildwithMaven,BuildwithMaven,Not provided
3,/home/runner/work/javassist/javassist/target/runtest/test-hibernate.class,-1,447117,447019,Not provided,BuildwithMaven,BuildwithMaven
4,/home/runner/work/javassist/javassist/target/runtest/test1/AnnoTest.class,-1,446823,446755,Not provided,BuildwithMaven,BuildwithMaven
5,/home/runner/work/javassist/javassist/target/runtest/TooManyConstPoolItems.class,-1,446389,446343,Not provided,BuildwithMaven,BuildwithMaven
6,/home/runner/work/javassist/javassist/target/surefire-reports/TEST-javassist.JvstTest.xml,-1,448219,-1,Not provided,BuildwithMaven,Not provided
7,/home/runner/work/javassist/javassist/target/maven-status/maven-compiler-plugin/compile/default-compile/createdFiles.lst,-1,6910,6906,Not provided,BuildwithMaven,BuildwithMaven
8,/home/runner/work/javassist/javassist/target/maven-status/maven-compiler-plugin/compile/default-compile/inputFiles.lst,-1,6916,6912,Not provided,BuildwithMaven,BuildwithMaven
9,/home/runner/work/javassist/javassist/target/maven-status/maven-compiler-plugin/testCompile/default-testCompile/inputFiles.lst,-1,398414,398410,Not provided,BuildwithMaven,BuildwithMaven
10,/home/runner/work/javassist/javassist/target/runtest/test3/JIRA63.class,-1,401816,401807,Not provided,BuildwithMaven,BuildwithMaven
11,/home/runner/work/javassist/javassist/target/maven-status/maven-compiler-plugin/testCompile/default-testCompile/createdFiles.lst,-1,398408,398404,Not provided,BuildwithMaven,BuildwithMaven
12,/home/runner/work/javassist/javassist/License.html,-1,1200,1197,Not provided,uses-checkout,uses-checkout
13,/home/runner/work/javassist/javassist/target/test-classes/test3/InnerClass.class,-1,396364,396362,Not provided,BuildwithMaven,BuildwithMaven
14,/home/runner/work/javassist/javassist/target/test-classes/VisibleTop2.class,-1,396284,396282,Not provided,BuildwithMaven,BuildwithMaven
15,/home/runner/work/javassist/javassist/target/test-classes/scoped/jar1/ScopedTestAnnotation.class,-1,396368,396366,Not provided,BuildwithMaven,BuildwithMaven
16,/home/runner/work/javassist/javassist/target/test-classes/javassist/bytecode/StackMapTest$T8dd.class,-1,396090,396088,Not provided,BuildwithMaven,BuildwithMaven
17,/home/runner/work/javassist/javassist/target/test-classes/javassist/bytecode/StackMapTest$I8d.class,-1,396086,396084,Not provided,BuildwithMaven,BuildwithMaven
18,/home/runner/work/javassist/javassist/target/test-classes/test1/GetThrow2.class,-1,396244,396242,Not provided,BuildwithMaven,BuildwithMaven
19,/home/runner/work/javassist/javassist/target/test-classes/test1/GetThrow1.class,-1,396240,396238,Not provided,BuildwithMaven,BuildwithMaven
20,/home/runner/work/javassist/javassist/target/test-classes/test/javassist/bytecode/analysis/AnalyzerTest$Dummy$A3.class,-1,396212,396210,Not provided,BuildwithMaven,BuildwithMaven
21,/home/runner/work/javassist/javassist/target/test-classes/test/javassist/bytecode/analysis/AnalyzerTest$Dummy$A2.class,-1,396208,396206,Not provided,BuildwithMaven,BuildwithMaven
22,/home/runner/work/javassist/javassist/target/test-classes/test3/NewClass2.class,-1,396192,396190,Not provided,BuildwithMaven,BuildwithMaven
23,/home/runner/work/javassist/javassist/target/test-classes/test/javassist/bytecode/analysis/ErrorFinder.class,-1,396150,396148,Not provided,BuildwithMaven,BuildwithMaven
24,/home/runner/work/javassist/javassist/target/test-classes/test4/GetAllRefInnerTest$2.class,-1,396750,396748,Not provided,BuildwithMaven,BuildwithMaven
25,/home/runner/work/javassist/javassist/target/test-classes/test4/GetAllRefInnerTest$1.class,-1,396746,396744,Not provided,BuildwithMaven,BuildwithMaven
26,/home/runner/work/javassist/javassist/target/test-classes/test4/GetAllRefInnerTest2.class,-1,396742,396740,Not provided,BuildwithMaven,BuildwithMaven
27,/home/runner/work/javassist/javassist/target/test-classes/test4/GetAllRefInnerTest2$1.class,-1,396738,396736,Not provided,BuildwithMaven,BuildwithMaven
28,/home/runner/work/javassist/javassist/target/test-classes/scoped/UnscopedAnnotationUsage.class,-1,396820,396818,Not provided,BuildwithMaven,BuildwithMaven
29,/home/runner/work/javassist/javassist/target/test-classes/javassist/ClassPoolBench.class,-1,396844,396842,Not provided,BuildwithMaven,BuildwithMaven
30,/home/runner/work/javassist/javassist/target/test-classes/scoped/jar1/FullyScopedAnnotationDefaultUsage.class,-1,396824,396822,Not provided,BuildwithMaven,BuildwithMaven
31,/home/runner/work/javassist/javassist/target/test-classes/test1/BenchProceedNew.class,-1,396549,396547,Not provided,BuildwithMaven,BuildwithMaven
32,/home/runner/work/javassist/javassist/target/test-classes/test1/BenchProceedNew3.class,-1,396545,396543,Not provided,BuildwithMaven,BuildwithMaven
33,/home/runner/work/javassist/javassist/target/test-classes/test1/BenchProceedNew2.class,-1,396541,396539,Not provided,BuildwithMaven,BuildwithMaven
34,/home/runner/work/javassist/javassist/target/test-classes/test3/Visible2.class,-1,396513,396511,Not provided,BuildwithMaven,BuildwithMaven
35,/home/runner/work/javassist/javassist/target/test-classes/javassist/compiler/CodeTest.class,-1,396557,396555,Not provided,BuildwithMaven,BuildwithMaven
36,/home/runner/work/javassist/javassist/target/test-classes/test5/JIRA246.class,-1,396664,396662,Not provided,BuildwithMaven,BuildwithMaven
37,/home/runner/work/javassist/javassist/target/test-classes/scoped/UnscopedAnnotationDefaultUsage.class,-1,396581,396579,Not provided,BuildwithMaven,BuildwithMaven
38,/home/runner/work/javassist/javassist/target/test-classes/test5/InnerClassRemove$C.class,-1,395844,395842,Not provided,BuildwithMaven,BuildwithMaven
39,/home/runner/work/javassist/javassist/target/runtest/test5/InnerModifier$NonStatic.class,-1,446720,446718,Not provided,BuildwithMaven,BuildwithMaven
40,/home/runner/work/javassist/javassist/target/test-classes/Readme.txt,-1,393156,393153,Not provided,BuildwithMaven,BuildwithMaven
41,/home/runner/work/javassist/javassist/target/test-classes/test3/NewExprTryCatch2.class,-1,395347,395345,Not provided,BuildwithMaven,BuildwithMaven
42,/home/runner/work/javassist/javassist/target/test-classes/test/javassist/bytecode/analysis/DomTreePrinter.class,-1,395776,395774,Not provided,BuildwithMaven,BuildwithMaven
43,/home/runner/work/javassist/javassist/target/test-classes/scoped/TestAnnotation.class,-1,395740,395738,Not provided,BuildwithMaven,BuildwithMaven
44,/home/runner/work/javassist/javassist/target/test-classes/javassist/JvstTest4$Inner1.class,-1,395930,395928,Not provided,BuildwithMaven,BuildwithMaven
45,/home/runner/work/javassist/javassist/target/test-classes/test5/InnerClassRemove$B.class,-1,395840,395838,Not provided,BuildwithMaven,BuildwithMaven
46,/home/runner/work/javassist/javassist/target/test-classes/test5/InnerClassRemove$A.class,-1,395836,395834,Not provided,BuildwithMaven,BuildwithMaven
47,/home/runner/work/javassist/javassist/target/test-classes/test3/Enhancer.class,-1,395576,395574,Not provided,BuildwithMaven,BuildwithMaven
48,/home/runner/work/javassist/javassist/target/test-classes/test3/Enhancer$Interceptor.class,-1,395572,395570,Not provided,BuildwithMaven,BuildwithMaven
49,/home/runner/work/javassist/javassist/target/test-classes/test3/Enhancer$1.class,-1,395568,395566,Not provided,BuildwithMaven,BuildwithMaven
50,/home/runner/work/javassist/javassist/target/test-classes/test3/EnhanceTest.class,-1,395561,395559,Not provided,BuildwithMaven,BuildwithMaven
51,/home/runner/work/javassist/javassist/target/test-classes/test1/BenchStaticMethod.class,-1,395592,395590,Not provided,BuildwithMaven,BuildwithMaven
52,/home/runner/work/javassist/javassist/target/test-classes/test2/ReplaceClassName3.class,-1,395674,395672,Not provided,BuildwithMaven,BuildwithMaven
53,/home/runner/work/javassist/javassist/target/test-classes/test2/ReplaceClassName2.class,-1,395670,395668,Not provided,BuildwithMaven,BuildwithMaven
54,/home/runner/work/javassist/javassist/target/test-classes/test1/BenchProceed2.class,-1,395596,395594,Not provided,BuildwithMaven,BuildwithMaven
55,/home/runner/work/javassist/javassist/target/test-classes/test2/Nested$Inner2.class,-1,395636,395634,Not provided,BuildwithMaven,BuildwithMaven
56,/home/runner/work/javassist/javassist/target/test-classes/testproxy/Target189.class,-1,395628,395626,Not provided,BuildwithMaven,BuildwithMaven
57,/home/runner/work/javassist/javassist/target/test-classes/test1/BenchProceed.class,-1,395600,395598,Not provided,BuildwithMaven,BuildwithMaven
58,/home/runner/work/javassist/javassist/target/runtest/test1/MySerializableClass.class,-1,399982,399980,Not provided,BuildwithMaven,BuildwithMaven
59,/home/runner/work/javassist/javassist/target/test-classes/javassist/compiler/LexTest.class,-1,398202,398200,Not provided,BuildwithMaven,BuildwithMaven
60,/home/runner/work/javassist/javassist/target/test-classes/scoped/jar1/ScopedAnnotationUsage.class,-1,398198,398196,Not provided,BuildwithMaven,BuildwithMaven
61,/home/runner/work/javassist/javassist/target/runtest/test1/NewInterface.class,-1,400529,400527,Not provided,BuildwithMaven,BuildwithMaven
62,/home/runner/work/javassist/javassist/target/runtest/test1/SetName3.class,-1,400640,400638,Not provided,BuildwithMaven,BuildwithMaven
63,/home/runner/work/javassist/javassist/target/runtest/test1/SetName2.class,-1,400636,400634,Not provided,BuildwithMaven,BuildwithMaven
64,/home/runner/work/javassist/javassist/target/runtest/test1/Freeze.class,-1,400587,400585,Not provided,BuildwithMaven,BuildwithMaven
65,/home/runner/work/javassist/javassist/target/runtest/test1/NewInterface2.class,-1,400533,400531,Not provided,BuildwithMaven,BuildwithMaven
66,/home/runner/work/javassist/javassist/target/test-classes/test1/Point.class,-1,398186,398184,Not provided,BuildwithMaven,BuildwithMaven
67,/home/runner/work/javassist/javassist/target/test-classes/test4/ImportPac.class,-1,397992,397990,Not provided,BuildwithMaven,BuildwithMaven
68,/home/runner/work/javassist/javassist/target/test-classes/javassist/tools/reflect/ClassMetaobjectTest.class,-1,397988,397986,Not provided,BuildwithMaven,BuildwithMaven
69,/home/runner/work/javassist/javassist/target/test-classes/javassist/tools/reflect/Person.class,-1,397972,397970,Not provided,BuildwithMaven,BuildwithMaven
70,/home/runner/work/javassist/javassist/target/test-classes/test4/JIRA181$B.class,-1,397958,397956,Not provided,BuildwithMaven,BuildwithMaven
71,/home/runner/work/javassist/javassist/target/test-classes/test4/JIRA181$ICondition.class,-1,397954,397952,Not provided,BuildwithMaven,BuildwithMaven
72,/home/runner/work/javassist/javassist/target/test-classes/javassist/HotswapTest$Foo.class,-1,398162,398160,Not provided,BuildwithMaven,BuildwithMaven
73,/home/runner/work/javassist/javassist/target/test-classes/test2/StaticArraysMem.class,-1,398142,398140,Not provided,BuildwithMaven,BuildwithMaven
74,/home/runner/work/javassist/javassist/target/test-classes/test5/NestHost$Bar.class,-1,398086,398084,Not provided,BuildwithMaven,BuildwithMaven
75,/home/runner/work/javassist/javassist/target/runtest/test4/TestDeadcode.class,-1,402189,402187,Not provided,BuildwithMaven,BuildwithMaven
76,/home/runner/work/javassist/javassist/target/runtest/test4/WrittenFile2sub.class,-1,402124,402122,Not provided,BuildwithMaven,BuildwithMaven
77,/home/runner/work/javassist/javassist/target/runtest/test4/AnnoLoad.class,-1,402051,402049,Not provided,BuildwithMaven,BuildwithMaven
78,/home/runner/work/javassist/javassist/target/runtest/test4/AnnoLoadAnno.class,-1,402044,402042,Not provided,BuildwithMaven,BuildwithMaven
79,/home/runner/work/javassist/javassist/target/runtest/test3/StaticFinalField.class,-1,401743,401741,Not provided,BuildwithMaven,BuildwithMaven
80,/home/runner/work/javassist/javassist/target/runtest/test5/NestHost4$InnerClass1$InnerClass5.class,-1,446257,446255,Not provided,BuildwithMaven,BuildwithMaven
81,/home/runner/work/javassist/javassist/target/runtest/test5/NestHost4$InnerClass1.class,-1,446247,446245,Not provided,BuildwithMaven,BuildwithMaven
82,/home/runner/work/javassist/javassist/target/runtest/test3/Clazz67.class,-1,401615,401613,Not provided,BuildwithMaven,BuildwithMaven
83,/home/runner/work/javassist/javassist/target/runtest/test2/MethodCall.class,-1,401013,401011,Not provided,BuildwithMaven,BuildwithMaven
84,/home/runner/work/javassist/javassist/target/runtest/test2/Inner.class,-1,400935,400933,Not provided,BuildwithMaven,BuildwithMaven
85,/home/runner/work/javassist/javassist/target/runtest/test2/Inherit.class,-1,400925,400923,Not provided,BuildwithMaven,BuildwithMaven
86,/home/runner/work/javassist/javassist/target/runtest/test2/NewOp.class,-1,401116,401114,Not provided,BuildwithMaven,BuildwithMaven
87,/home/runner/work/javassist/javassist/target/runtest/test3/PublicInner$Inner.class,-1,401411,401409,Not provided,BuildwithMaven,BuildwithMaven
88,/home/runner/work/javassist/javassist/target/runtest/test3/PublicInner.class,-1,401407,401405,Not provided,BuildwithMaven,BuildwithMaven
89,/home/runner/work/javassist/javassist/target/runtest/test2/NullArgTest.class,-1,401120,401118,Not provided,BuildwithMaven,BuildwithMaven
90,/home/runner/work/javassist/javassist/target/runtest/test2/SuperInterface3.class,-1,401245,401243,Not provided,BuildwithMaven,BuildwithMaven
91,/home/runner/work/javassist/javassist/target/test-classes/Jassist150.class,-1,397470,397468,Not provided,BuildwithMaven,BuildwithMaven
92,/home/runner/work/javassist/javassist/target/test-classes/test3/NestedClass$1.class,-1,397275,397273,Not provided,BuildwithMaven,BuildwithMaven
93,/home/runner/work/javassist/javassist/target/test-classes/test3/NestedClass$StaticNested.class,-1,397271,397269,Not provided,BuildwithMaven,BuildwithMaven
94,/home/runner/work/javassist/javassist/target/test-classes/test3/NestedClass$Inner.class,-1,397267,397265,Not provided,BuildwithMaven,BuildwithMaven
95,/home/runner/work/javassist/javassist/target/test-classes/scoped/ScopedRepositoryTestCase.class,-1,397231,397229,Not provided,BuildwithMaven,BuildwithMaven
96,/home/runner/work/javassist/javassist/target/test-classes/test4/JIRA220intf.class,-1,397208,397206,Not provided,BuildwithMaven,BuildwithMaven
97,/home/runner/work/javassist/javassist/target/test-classes/test4/NestedClass$S.class,-1,397188,397186,Not provided,BuildwithMaven,BuildwithMaven
98,/home/runner/work/javassist/javassist/target/test-classes/test4/NestedClass$S$S2.class,-1,397184,397182,Not provided,BuildwithMaven,BuildwithMaven
99,/home/runner/work/javassist/javassist/target/test-classes/test4/NestedClass$N.class,-1,397180,397178,Not provided,BuildwithMaven,BuildwithMaven
100,/home/runner/work/javassist/javassist/target/test-classes/test3/NestedClass$1Local.class,-1,397279,397277,Not provided,BuildwithMaven,BuildwithMaven
101,/home/runner/work/javassist/javassist/target/test-classes/test4/Signature$Foo.class,-1,397430,397428,Not provided,BuildwithMaven,BuildwithMaven
102,/home/runner/work/javassist/javassist/target/test-classes/Test.class,-1,397426,397424,Not provided,BuildwithMaven,BuildwithMaven
103,/home/runner/work/javassist/javassist/target/test-classes/InvalidStackMapFrame.class,-1,397422,397420,Not provided,BuildwithMaven,BuildwithMaven
104,/home/runner/work/javassist/javassist/target/test-classes/test3/PublicInner2$PS.class,-1,397382,397380,Not provided,BuildwithMaven,BuildwithMaven
105,/home/runner/work/javassist/javassist/target/test-classes/test5/NestHost2$Bar.class,-1,397168,397166,Not provided,BuildwithMaven,BuildwithMaven
106,/home/runner/work/javassist/javassist/target/test-classes/test2/Inner2$Child.class,-1,397156,397154,Not provided,BuildwithMaven,BuildwithMaven
107,/home/runner/work/javassist/javassist/target/test-classes/test5/InnerModifier2.class,-1,397144,397142,Not provided,BuildwithMaven,BuildwithMaven
108,/home/runner/work/javassist/javassist/target/test-classes/test1/StaticField.class,-1,397060,397058,Not provided,BuildwithMaven,BuildwithMaven
109,/home/runner/work/javassist/javassist/target/test-classes/javassist/Bench.class,-1,397104,397102,Not provided,BuildwithMaven,BuildwithMaven
110,/home/runner/work/javassist/javassist/target/test-classes/javassist/Bench$7.class,-1,397100,397098,Not provided,BuildwithMaven,BuildwithMaven
111,/home/runner/work/javassist/javassist/target/test-classes/javassist/Bench$6.class,-1,397096,397094,Not provided,BuildwithMaven,BuildwithMaven
112,/home/runner/work/javassist/javassist/target/test-classes/javassist/Bench$5.class,-1,397092,397090,Not provided,BuildwithMaven,BuildwithMaven
113,/home/runner/work/javassist/javassist/target/test-classes/javassist/Bench$4.class,-1,397088,397086,Not provided,BuildwithMaven,BuildwithMaven
114,/home/runner/work/javassist/javassist/target/test-classes/javassist/Bench$3.class,-1,397084,397082,Not provided,BuildwithMaven,BuildwithMaven
115,/home/runner/work/javassist/javassist/target/test-classes/javassist/Bench$2.class,-1,397080,397078,Not provided,BuildwithMaven,BuildwithMaven
116,/home/runner/work/javassist/javassist/target/test-classes/javassist/Bench$1.class,-1,397076,397074,Not provided,BuildwithMaven,BuildwithMaven
117,/home/runner/work/javassist/javassist/target/test-classes/scoped/jar1/FullyScopedAnnotationUsage.class,-1,397068,397066,Not provided,BuildwithMaven,BuildwithMaven
118,/home/runner/work/javassist/javassist/target/test-classes/Jassist150$1.class,-1,397466,397464,Not provided,BuildwithMaven,BuildwithMaven
119,/home/runner/work/javassist/javassist/target/test-classes/scoped/jar1/TestClass1.class,-1,397934,397932,Not provided,BuildwithMaven,BuildwithMaven
120,/home/runner/work/javassist/javassist/target/test-classes/test5/RemoveAnno2.class,-1,397718,397716,Not provided,BuildwithMaven,BuildwithMaven
121,/home/runner/work/javassist/javassist/target/test-classes/test5/RemoveAnno1.class,-1,397714,397712,Not provided,BuildwithMaven,BuildwithMaven
122,/home/runner/work/javassist/javassist/target/test-classes/annotation/EnumTest.class,-1,397820,397818,Not provided,BuildwithMaven,BuildwithMaven
123,/home/runner/work/javassist/javassist/target/test-classes/annotation/Tag.class,-1,397824,397822,Not provided,BuildwithMaven,BuildwithMaven
124,/home/runner/work/javassist/javassist/target/test-classes/javassist/bytecode/CodeAnalyzerTest.class,-1,397884,397882,Not provided,BuildwithMaven,BuildwithMaven
125,/home/runner/work/javassist/javassist/target/test-classes/test4/GetAllRefAnnoC4.class,-1,397868,397866,Not provided,BuildwithMaven,BuildwithMaven
126,/home/runner/work/javassist/javassist/target/test-classes/test4/GetAllRefAnnoC3.class,-1,397864,397862,Not provided,BuildwithMaven,BuildwithMaven
127,/home/runner/work/javassist/javassist/target/test-classes/test4/GetAllRefAnnoC2.class,-1,397860,397858,Not provided,BuildwithMaven,BuildwithMaven
128,/home/runner/work/javassist/javassist/target/test-classes/test4/GetAllRefAnnoC.class,-1,397856,397854,Not provided,BuildwithMaven,BuildwithMaven
129,/home/runner/work/javassist/javassist/target/test-classes/test4/GetAllRefAnno.class,-1,397852,397850,Not provided,BuildwithMaven,BuildwithMaven
130,/home/runner/work/javassist/javassist/target/test-classes/test4/GetAllRefEnum.class,-1,397848,397846,Not provided,BuildwithMaven,BuildwithMaven
131,/home/runner/work/javassist/javassist/target/test-classes/test3/PackName2.class,-1,397702,397700,Not provided,BuildwithMaven,BuildwithMaven
132,/home/runner/work/javassist/javassist/target/test-classes/test5/JIRA242.class,-1,397694,397692,Not provided,BuildwithMaven,BuildwithMaven
133,/home/runner/work/javassist/javassist/target/test-classes/javassist/ConcurrentClassDefinitionTest.class,-1,397498,397496,Not provided,BuildwithMaven,BuildwithMaven
134,/home/runner/work/javassist/javassist/target/test-classes/javassist/ConcurrentClassDefinitionTest$Worker.class,-1,397494,397492,Not provided,BuildwithMaven,BuildwithMaven
135,/home/runner/work/javassist/javassist/target/test-classes/test/javassist/proxy/ProxySimpleTest$Default4.class,-1,397586,397584,Not provided,BuildwithMaven,BuildwithMaven
136,/home/runner/work/javassist/javassist/target/runtest/javassist/bytecode/StackMapTest$C6.class,-1,447017,447015,Not provided,BuildwithMaven,BuildwithMaven
137,/home/runner/work/javassist/javassist/src/test/javassist/bytecode/Gap0Example.class,-1,2529,2527,Not provided,uses-checkout,uses-checkout
138,/home/runner/work/javassist/javassist/src/test/Readme.txt,-1,2436,2434,Not provided,uses-checkout,uses-checkout
139,/home/runner/work/javassist/javassist/sample/vector/VectorAssistant.java,-1,1415,1413,Not provided,uses-checkout,uses-checkout
140,/home/runner/work/javassist/javassist/sample/vector/Test.j,-1,1411,1409,Not provided,uses-checkout,uses-checkout
141,/home/runner/work/javassist/javassist/sample/vector/Sample2.java,-1,1407,1405,Not provided,uses-checkout,uses-checkout
142,/home/runner/work/javassist/javassist/sample/rmi/webdemo.html,-1,1397,1395,Not provided,uses-checkout,uses-checkout
143,/home/runner/work/javassist/javassist/target/runtest/reflected/javassist/tools/reflect/SuperClass.class,-1,447399,447397,Not provided,BuildwithMaven,BuildwithMaven
144,/home/runner/work/javassist/javassist/sample/rmi/start.html,-1,1393,1391,Not provided,uses-checkout,uses-checkout
145,/home/runner/work/javassist/javassist/sample/rmi/inside.gif,-1,1389,1387,Not provided,uses-checkout,uses-checkout
146,/home/runner/work/javassist/javassist/sample/rmi/Counter.java,-1,1385,1383,Not provided,uses-checkout,uses-checkout
147,/home/runner/work/javassist/javassist/sample/rmi/CountApplet.java,-1,1381,1379,Not provided,uses-checkout,uses-checkout
148,/home/runner/work/javassist/javassist/.gitignore,-1,1187,1185,Not provided,uses-checkout,uses-checkout
149,/home/runner/work/javassist/javassist/.github/workflows/maven.yml,-1,1179,1177,Not provided,uses-checkout,uses-checkout
150,/home/runner/work/javassist/javassist/target/runtest/proxy/test/javassist/proxy/ProxySimpleTest$Default3_$$_jvst489_273d.class,-1,448073,448071,Not provided,BuildwithMaven,BuildwithMaven
151,/home/runner/work/javassist/javassist/Changes.md,-1,1191,1189,Not provided,uses-checkout,uses-checkout
152,/home/runner/work/javassist/javassist/Examples.md,-1,1195,1193,Not provided,uses-checkout,uses-checkout
153,/home/runner/work/javassist/javassist/README.md,-1,1204,1202,Not provided,uses-checkout,uses-checkout
154,/home/runner/work/javassist/javassist/sample/evolve/VersionManager.java,-1,1312,1310,Not provided,uses-checkout,uses-checkout
155,/home/runner/work/javassist/javassist/sample/reflect/VerboseMetaobj.java,-1,1373,1371,Not provided,uses-checkout,uses-checkout
156,/home/runner/work/javassist/javassist/sample/reflect/Person.java,-1,1369,1367,Not provided,uses-checkout,uses-checkout
157,/home/runner/work/javassist/javassist/target/runtest/testproxy/Target_$$_jvst489_11.class,-1,447626,447624,Not provided,BuildwithMaven,BuildwithMaven
158,/home/runner/work/javassist/javassist/sample/preproc/package.html,-1,1359,1357,Not provided,uses-checkout,uses-checkout
159,/home/runner/work/javassist/javassist/sample/preproc/Compiler.java,-1,1355,1353,Not provided,uses-checkout,uses-checkout
160,/home/runner/work/javassist/javassist/target/runtest/proxy/test/javassist/proxy/ProxySimpleTest$Foo_$$_jvst489_2733.class,-1,447887,447885,Not provided,BuildwithMaven,BuildwithMaven
161,/home/runner/work/javassist/javassist/sample/hotswap/Test.java,-1,1341,1339,Not provided,uses-checkout,uses-checkout
162,/home/runner/work/javassist/javassist/sample/evolve/update.html,-1,1332,1330,Not provided,uses-checkout,uses-checkout
163,/home/runner/work/javassist/javassist/sample/evolve/start.html,-1,1328,1326,Not provided,uses-checkout,uses-checkout
164,/home/runner/work/javassist/javassist/sample/evolve/demo.html,-1,1320,1318,Not provided,uses-checkout,uses-checkout
165,/home/runner/work/javassist/javassist/sample/evolve/WebPage.java,-1,1316,1314,Not provided,uses-checkout,uses-checkout
166,/home/runner/work/javassist/javassist/sample/evolve/Sample.java,-1,1308,1306,Not provided,uses-checkout,uses-checkout
167,/home/runner/work/javassist/javassist/build.xml,-1,1208,1206,Not provided,uses-checkout,uses-checkout
168,/home/runner/work/javassist/javassist/sample/evolve/Evolution.java,-1,1304,1302,Not provided,uses-checkout,uses-checkout
169,/home/runner/work/javassist/javassist/sample/evolve/DemoServer.java,-1,1300,1298,Not provided,uses-checkout,uses-checkout
170,/home/runner/work/javassist/javassist/sample/evolve/DemoLoader.java,-1,1296,1294,Not provided,uses-checkout,uses-checkout
171,/home/runner/work/javassist/javassist/sample/evolve/CannotUpdateException.java,-1,1292,1290,Not provided,uses-checkout,uses-checkout
172,/home/runner/work/javassist/javassist/target/runtest/proxy/test/javassist/proxy/ProxySimpleTest$PubProxy_$$_jvst489_2734.class,-1,447899,447897,Not provided,BuildwithMaven,BuildwithMaven
173,/home/runner/work/javassist/javassist/sample/duplicate/Viewer.java,-1,1282,1280,Not provided,uses-checkout,uses-checkout
174,/home/runner/work/javassist/javassist/sample/duplicate/Main.java,-1,1278,1276,Not provided,uses-checkout,uses-checkout
175,/home/runner/work/javassist/javassist/sample/duplicate/DuplicatedObject.java,-1,1274,1272,Not provided,uses-checkout,uses-checkout
176,/home/runner/work/javassist/javassist/target/runtest/proxy/test/javassist/proxy/ProxySimpleTest$Default2_$$_jvst489_273b.class,-1,448038,448036,Not provided,BuildwithMaven,BuildwithMaven
177,/home/runner/work/javassist/javassist/target/runtest/proxy/javassist/util/proxy/test_javassist_proxy_ProxySimpleTest$PubProxy2_$$_jvst489_273c.class,-1,448062,448060,Not provided,BuildwithMaven,BuildwithMaven
178,/home/runner/work/javassist/javassist/target/runtest/javassist/bytecode/Gap0Example.class,-1,447351,447349,Not provided,BuildwithMaven,BuildwithMaven
179,/home/runner/work/javassist/javassist/target/runtest/javassist/bytecode/Gap0Example2.class,-1,447358,447356,Not provided,BuildwithMaven,BuildwithMaven
180,/home/runner/work/javassist/javassist/target/runtest/javassist/bytecode/StackMapTest$T8d.class,-1,447312,447310,Not provided,BuildwithMaven,BuildwithMaven
181,/home/runner/work/javassist/javassist/target/runtest/test5/InnerModifier.class,-1,446731,446729,Not provided,BuildwithMaven,BuildwithMaven
182,/home/runner/work/javassist/javassist/target/runtest/test1/LocalVars2.class,-1,446751,446749,Not provided,BuildwithMaven,BuildwithMaven
183,/home/runner/work/javassist/javassist/target/runtest/test5/InnerModifier$Static.class,-1,446727,446725,Not provided,BuildwithMaven,BuildwithMaven
184,/home/runner/work/javassist/javassist/target/runtest/testproxy/BridgeMethod_$$_jvst489_7.class,-1,447500,-1,Not provided,BuildwithMaven,Not provided
185,/home/runner/work/javassist/javassist/target/test-classes/testproxy/sub/TargetSuper.class,-1,397902,-1,Not provided,BuildwithMaven,Not provided
186,/home/runner/work/javassist/javassist/sample/vector/Sample.java,-1,1403,-1,Not provided,uses-checkout,Not provided
187,/home/runner/work/javassist/javassist/sample/reflect/Main.java,-1,1365,-1,Not provided,uses-checkout,Not provided
188,/home/runner/work/javassist/javassist/sample/preproc/Assistant.java,-1,1351,-1,Not provided,uses-checkout,Not provided
189,/home/runner/work/javassist/javassist/sample/evolve/CannotCreateException.java,-1,1288,-1,Not provided,uses-checkout,Not provided
190,/home/runner/work/javassist/javassist/sample/duplicate/Ball.java,-1,1270,-1,Not provided,uses-checkout,Not provided
191,/home/runner/work/javassist/javassist/sample/Test.java,-1,1264,-1,Not provided,uses-checkout,Not provided
192,/home/runner/work/javassist/javassist/target/test-classes/annotation/Id.class,-1,397816,-1,Not provided,BuildwithMaven,Not provided
193,/home/runner/work/javassist/javassist/target/test-classes/scoped/jar1/ScopedAnnotationDefaultUsage.class,-1,395736,-1,Not provided,BuildwithMaven,Not provided
194,/home/runner/work/javassist/javassist/target/test-classes/test/javassist/convert/InstrumentationTarget$Itr.class,-1,395662,-1,Not provided,BuildwithMaven,Not provided
195,/home/runner/work/javassist/javassist/target/test-classes/javassist/compiler/ParseTest.class,-1,395537,-1,Not provided,BuildwithMaven,Not provided
196,/home/runner/work/javassist/javassist/target/test-classes/test/javassist/bytecode/analysis/ScannerTest.class,-1,395343,-1,Not provided,BuildwithMaven,Not provided
