,file_name,last_access_index,last_modify_index,creation_index,last_access_step,last_modify_step,creation_step
0,/home/runner/work/javassist/javassist/target/javassist-3.29.2-GA.jar,-1,1090214,1070341,Not provided,BuildwithMaven,BuildwithMaven
1,/home/runner/work/javassist/javassist/target/javassist-3.29.2-GA-sources.jar,-1,1096286,1091260,Not provided,BuildwithMaven,BuildwithMaven
2,/home/runner/work/javassist/javassist/target/classes/META-INF/MANIFEST.MF,473449,1091098,-1,BuildwithMaven,BuildwithMaven,Not provided
3,/home/runner/work/javassist/javassist/target/runtest/test1/AnnoTest.class,-1,471525,471460,Not provided,BuildwithMaven,BuildwithMaven
4,/home/runner/work/javassist/javassist/target/runtest/test-hibernate.class,-1,471738,471688,Not provided,BuildwithMaven,BuildwithMaven
5,/home/runner/work/javassist/javassist/target/runtest/TooManyConstPoolItems.class,-1,471092,471046,Not provided,BuildwithMaven,BuildwithMaven
6,/home/runner/work/javassist/javassist/target/surefire-reports/TEST-javassist.JvstTest.xml,-1,472799,472792,Not provided,BuildwithMaven,BuildwithMaven
7,/home/runner/work/javassist/javassist/target/maven-status/maven-compiler-plugin/testCompile/default-testCompile/createdFiles.lst,-1,424977,424973,Not provided,BuildwithMaven,BuildwithMaven
8,/home/runner/work/javassist/javassist/tutorial/tutorial.html,-1,3705,3701,Not provided,uses-checkout,uses-checkout
9,/home/runner/work/javassist/javassist/target/maven-status/maven-compiler-plugin/testCompile/default-testCompile/inputFiles.lst,-1,424983,424979,Not provided,BuildwithMaven,BuildwithMaven
10,/home/runner/work/javassist/javassist/target/runtest/test3/Clazz67.class,-1,428193,428189,Not provided,BuildwithMaven,BuildwithMaven
11,/home/runner/work/javassist/javassist/target/maven-status/maven-compiler-plugin/compile/default-compile/inputFiles.lst,-1,6950,6946,Not provided,BuildwithMaven,BuildwithMaven
12,/home/runner/work/javassist/javassist/target/maven-status/maven-compiler-plugin/compile/default-compile/createdFiles.lst,-1,6944,6940,Not provided,BuildwithMaven,BuildwithMaven
13,/home/runner/work/javassist/javassist/tutorial/tutorial2.html,-1,3711,3707,Not provided,uses-checkout,uses-checkout
14,/home/runner/work/javassist/javassist/target/runtest/test3/JIRA63.class,-1,428393,428384,Not provided,BuildwithMaven,BuildwithMaven
15,/home/runner/work/javassist/javassist/License.html,-1,1162,1159,Not provided,uses-checkout,uses-checkout
16,/home/runner/work/javassist/javassist/target/test-classes/VisibleTop2.class,-1,422845,422843,Not provided,BuildwithMaven,BuildwithMaven
17,/home/runner/work/javassist/javassist/target/test-classes/scoped/jar1/ScopedTestAnnotation.class,-1,422929,422927,Not provided,BuildwithMaven,BuildwithMaven
18,/home/runner/work/javassist/javassist/target/test-classes/test3/InnerClass.class,-1,422925,422923,Not provided,BuildwithMaven,BuildwithMaven
19,/home/runner/work/javassist/javassist/target/test-classes/javassist/bytecode/StackMapTest$I8d.class,-1,422647,422645,Not provided,BuildwithMaven,BuildwithMaven
20,/home/runner/work/javassist/javassist/target/test-classes/javassist/bytecode/StackMapTest$T8dd.class,-1,422651,422649,Not provided,BuildwithMaven,BuildwithMaven
21,/home/runner/work/javassist/javassist/target/test-classes/test/javassist/bytecode/analysis/ErrorFinder.class,-1,422711,422709,Not provided,BuildwithMaven,BuildwithMaven
22,/home/runner/work/javassist/javassist/target/test-classes/test1/GetThrow2.class,-1,422805,422803,Not provided,BuildwithMaven,BuildwithMaven
23,/home/runner/work/javassist/javassist/target/test-classes/test1/GetThrow1.class,-1,422801,422799,Not provided,BuildwithMaven,BuildwithMaven
24,/home/runner/work/javassist/javassist/target/test-classes/test/javassist/bytecode/analysis/AnalyzerTest$Dummy$A3.class,-1,422773,422771,Not provided,BuildwithMaven,BuildwithMaven
25,/home/runner/work/javassist/javassist/target/test-classes/test/javassist/bytecode/analysis/AnalyzerTest$Dummy$A2.class,-1,422769,422767,Not provided,BuildwithMaven,BuildwithMaven
26,/home/runner/work/javassist/javassist/target/test-classes/test3/NewClass2.class,-1,422753,422751,Not provided,BuildwithMaven,BuildwithMaven
27,/home/runner/work/javassist/javassist/target/test-classes/test4/GetAllRefInnerTest$2.class,-1,423311,423309,Not provided,BuildwithMaven,BuildwithMaven
28,/home/runner/work/javassist/javassist/target/test-classes/test4/GetAllRefInnerTest$1.class,-1,423307,423305,Not provided,BuildwithMaven,BuildwithMaven
29,/home/runner/work/javassist/javassist/target/test-classes/test4/GetAllRefInnerTest2.class,-1,423303,423301,Not provided,BuildwithMaven,BuildwithMaven
30,/home/runner/work/javassist/javassist/target/test-classes/test4/GetAllRefInnerTest2$1.class,-1,423299,423297,Not provided,BuildwithMaven,BuildwithMaven
31,/home/runner/work/javassist/javassist/target/test-classes/scoped/UnscopedAnnotationUsage.class,-1,423383,423381,Not provided,BuildwithMaven,BuildwithMaven
32,/home/runner/work/javassist/javassist/target/test-classes/scoped/jar1/FullyScopedAnnotationDefaultUsage.class,-1,423387,423385,Not provided,BuildwithMaven,BuildwithMaven
33,/home/runner/work/javassist/javassist/target/test-classes/javassist/ClassPoolBench.class,-1,423407,423405,Not provided,BuildwithMaven,BuildwithMaven
34,/home/runner/work/javassist/javassist/target/test-classes/test3/Visible2.class,-1,423074,423072,Not provided,BuildwithMaven,BuildwithMaven
35,/home/runner/work/javassist/javassist/target/test-classes/javassist/compiler/CodeTest.class,-1,423118,423116,Not provided,BuildwithMaven,BuildwithMaven
36,/home/runner/work/javassist/javassist/target/test-classes/test1/BenchProceedNew.class,-1,423110,423108,Not provided,BuildwithMaven,BuildwithMaven
37,/home/runner/work/javassist/javassist/target/test-classes/test1/BenchProceedNew3.class,-1,423106,423104,Not provided,BuildwithMaven,BuildwithMaven
38,/home/runner/work/javassist/javassist/target/test-classes/test1/BenchProceedNew2.class,-1,423102,423100,Not provided,BuildwithMaven,BuildwithMaven
39,/home/runner/work/javassist/javassist/target/test-classes/test5/JIRA246.class,-1,423225,423223,Not provided,BuildwithMaven,BuildwithMaven
40,/home/runner/work/javassist/javassist/target/test-classes/scoped/UnscopedAnnotationDefaultUsage.class,-1,423142,423140,Not provided,BuildwithMaven,BuildwithMaven
41,/home/runner/work/javassist/javassist/target/test-classes/test5/InnerClassRemove$B.class,-1,422401,422399,Not provided,BuildwithMaven,BuildwithMaven
42,/home/runner/work/javassist/javassist/target/test-classes/test/javassist/bytecode/analysis/ScannerTest.class,-1,421854,421852,Not provided,BuildwithMaven,BuildwithMaven
43,/home/runner/work/javassist/javassist/target/test-classes/test3/NewExprTryCatch2.class,-1,421858,421856,Not provided,BuildwithMaven,BuildwithMaven
44,/home/runner/work/javassist/javassist/target/test-classes/testproxy/Target127$RealSub.class,-1,421996,421994,Not provided,BuildwithMaven,BuildwithMaven
45,/home/runner/work/javassist/javassist/target/test-classes/test1/RenameClass2.class,-1,421874,421872,Not provided,BuildwithMaven,BuildwithMaven
46,/home/runner/work/javassist/javassist/target/test-classes/Readme.txt,-1,419641,419638,Not provided,BuildwithMaven,BuildwithMaven
47,/home/runner/work/javassist/javassist/target/test-classes/testproxy/Target127.class,-1,422000,421998,Not provided,BuildwithMaven,BuildwithMaven
48,/home/runner/work/javassist/javassist/target/test-classes/test/javassist/bytecode/analysis/DomTreePrinter.class,-1,422337,422335,Not provided,BuildwithMaven,BuildwithMaven
49,/home/runner/work/javassist/javassist/target/test-classes/scoped/TestAnnotation.class,-1,422301,422299,Not provided,BuildwithMaven,BuildwithMaven
50,/home/runner/work/javassist/javassist/target/test-classes/scoped/jar1/ScopedAnnotationDefaultUsage.class,-1,422297,422295,Not provided,BuildwithMaven,BuildwithMaven
51,/home/runner/work/javassist/javassist/target/test-classes/test5/InnerClassRemove$A.class,-1,422397,422395,Not provided,BuildwithMaven,BuildwithMaven
52,/home/runner/work/javassist/javassist/target/test-classes/javassist/JvstTest4$Inner1.class,-1,422491,422489,Not provided,BuildwithMaven,BuildwithMaven
53,/home/runner/work/javassist/javassist/target/test-classes/test5/InnerClassRemove$C.class,-1,422405,422403,Not provided,BuildwithMaven,BuildwithMaven
54,/home/runner/work/javassist/javassist/target/test-classes/test1/BenchStaticMethod.class,-1,422145,422143,Not provided,BuildwithMaven,BuildwithMaven
55,/home/runner/work/javassist/javassist/target/test-classes/test3/Enhancer.class,-1,422129,422127,Not provided,BuildwithMaven,BuildwithMaven
56,/home/runner/work/javassist/javassist/target/test-classes/test3/Enhancer$Interceptor.class,-1,422125,422123,Not provided,BuildwithMaven,BuildwithMaven
57,/home/runner/work/javassist/javassist/target/test-classes/test3/Enhancer$1.class,-1,422121,422119,Not provided,BuildwithMaven,BuildwithMaven
58,/home/runner/work/javassist/javassist/target/test-classes/test3/EnhanceTest.class,-1,422114,422112,Not provided,BuildwithMaven,BuildwithMaven
59,/home/runner/work/javassist/javassist/target/test-classes/javassist/compiler/ParseTest.class,-1,422090,422088,Not provided,BuildwithMaven,BuildwithMaven
60,/home/runner/work/javassist/javassist/target/test-classes/test1/BenchProceed2.class,-1,422149,422147,Not provided,BuildwithMaven,BuildwithMaven
61,/home/runner/work/javassist/javassist/target/test-classes/test1/BenchProceed.class,-1,422153,422151,Not provided,BuildwithMaven,BuildwithMaven
62,/home/runner/work/javassist/javassist/target/test-classes/test2/ReplaceClassName3.class,-1,422229,422227,Not provided,BuildwithMaven,BuildwithMaven
63,/home/runner/work/javassist/javassist/target/test-classes/test2/ReplaceClassName2.class,-1,422225,422223,Not provided,BuildwithMaven,BuildwithMaven
64,/home/runner/work/javassist/javassist/target/test-classes/test/javassist/convert/InstrumentationTarget$Itr.class,-1,422217,422215,Not provided,BuildwithMaven,BuildwithMaven
65,/home/runner/work/javassist/javassist/target/test-classes/test2/Nested$Inner2.class,-1,422189,422187,Not provided,BuildwithMaven,BuildwithMaven
66,/home/runner/work/javassist/javassist/target/test-classes/testproxy/Target189.class,-1,422181,422179,Not provided,BuildwithMaven,BuildwithMaven
67,/home/runner/work/javassist/javassist/target/runtest/test1/MySerializableClass.class,-1,426517,426515,Not provided,BuildwithMaven,BuildwithMaven
68,/home/runner/work/javassist/javassist/target/test-classes/javassist/tools/reflect/Person.class,-1,424541,424539,Not provided,BuildwithMaven,BuildwithMaven
69,/home/runner/work/javassist/javassist/target/runtest/test1/SetName3.class,-1,427194,427192,Not provided,BuildwithMaven,BuildwithMaven
70,/home/runner/work/javassist/javassist/target/runtest/test1/SetName2.class,-1,427190,427188,Not provided,BuildwithMaven,BuildwithMaven
71,/home/runner/work/javassist/javassist/target/runtest/test1/Freeze.class,-1,427141,427139,Not provided,BuildwithMaven,BuildwithMaven
72,/home/runner/work/javassist/javassist/target/runtest/test1/NewInterface2.class,-1,427087,427085,Not provided,BuildwithMaven,BuildwithMaven
73,/home/runner/work/javassist/javassist/target/runtest/test1/NewInterface.class,-1,427083,427081,Not provided,BuildwithMaven,BuildwithMaven
74,/home/runner/work/javassist/javassist/target/test-classes/javassist/compiler/LexTest.class,-1,424771,424769,Not provided,BuildwithMaven,BuildwithMaven
75,/home/runner/work/javassist/javassist/target/test-classes/scoped/jar1/ScopedAnnotationUsage.class,-1,424767,424765,Not provided,BuildwithMaven,BuildwithMaven
76,/home/runner/work/javassist/javassist/target/test-classes/test4/ImportPac.class,-1,424561,424559,Not provided,BuildwithMaven,BuildwithMaven
77,/home/runner/work/javassist/javassist/target/test-classes/javassist/tools/reflect/ClassMetaobjectTest.class,-1,424557,424555,Not provided,BuildwithMaven,BuildwithMaven
78,/home/runner/work/javassist/javassist/target/test-classes/test5/NestHost$Bar.class,-1,424655,424653,Not provided,BuildwithMaven,BuildwithMaven
79,/home/runner/work/javassist/javassist/target/test-classes/test1/Point.class,-1,424755,424753,Not provided,BuildwithMaven,BuildwithMaven
80,/home/runner/work/javassist/javassist/target/test-classes/javassist/HotswapTest$Foo.class,-1,424731,424729,Not provided,BuildwithMaven,BuildwithMaven
81,/home/runner/work/javassist/javassist/target/test-classes/test2/StaticArraysMem.class,-1,424711,424709,Not provided,BuildwithMaven,BuildwithMaven
82,/home/runner/work/javassist/javassist/target/runtest/test4/TestDeadcode.class,-1,428728,428726,Not provided,BuildwithMaven,BuildwithMaven
83,/home/runner/work/javassist/javassist/target/runtest/test4/WrittenFile2sub.class,-1,428676,428674,Not provided,BuildwithMaven,BuildwithMaven
84,/home/runner/work/javassist/javassist/target/runtest/test4/AnnoLoad.class,-1,428615,428613,Not provided,BuildwithMaven,BuildwithMaven
85,/home/runner/work/javassist/javassist/target/runtest/test4/AnnoLoadAnno.class,-1,428608,428606,Not provided,BuildwithMaven,BuildwithMaven
86,/home/runner/work/javassist/javassist/target/runtest/test5/NestHost4$InnerClass1$InnerClass5.class,-1,470960,470958,Not provided,BuildwithMaven,BuildwithMaven
87,/home/runner/work/javassist/javassist/target/runtest/test5/NestHost4$InnerClass1.class,-1,470950,470948,Not provided,BuildwithMaven,BuildwithMaven
88,/home/runner/work/javassist/javassist/target/runtest/test3/StaticFinalField.class,-1,428322,428320,Not provided,BuildwithMaven,BuildwithMaven
89,/home/runner/work/javassist/javassist/target/runtest/test2/NullArgTest.class,-1,427674,427672,Not provided,BuildwithMaven,BuildwithMaven
90,/home/runner/work/javassist/javassist/target/runtest/test2/NewOp.class,-1,427670,427668,Not provided,BuildwithMaven,BuildwithMaven
91,/home/runner/work/javassist/javassist/target/runtest/test2/MethodCall.class,-1,427566,427564,Not provided,BuildwithMaven,BuildwithMaven
92,/home/runner/work/javassist/javassist/target/runtest/test2/Inner.class,-1,427488,427486,Not provided,BuildwithMaven,BuildwithMaven
93,/home/runner/work/javassist/javassist/target/runtest/test2/Inherit.class,-1,427478,427476,Not provided,BuildwithMaven,BuildwithMaven
94,/home/runner/work/javassist/javassist/target/runtest/test3/PublicInner.class,-1,427970,427968,Not provided,BuildwithMaven,BuildwithMaven
95,/home/runner/work/javassist/javassist/target/runtest/test3/PublicInner$Inner.class,-1,427974,427972,Not provided,BuildwithMaven,BuildwithMaven
96,/home/runner/work/javassist/javassist/target/runtest/test2/SuperInterface3.class,-1,427799,427797,Not provided,BuildwithMaven,BuildwithMaven
97,/home/runner/work/javassist/javassist/target/test-classes/test3/NestedClass$1Local.class,-1,423844,423842,Not provided,BuildwithMaven,BuildwithMaven
98,/home/runner/work/javassist/javassist/target/test-classes/test3/NestedClass$1.class,-1,423840,423838,Not provided,BuildwithMaven,BuildwithMaven
99,/home/runner/work/javassist/javassist/target/test-classes/test3/NestedClass$StaticNested.class,-1,423836,423834,Not provided,BuildwithMaven,BuildwithMaven
100,/home/runner/work/javassist/javassist/target/test-classes/test3/NestedClass$Inner.class,-1,423832,423830,Not provided,BuildwithMaven,BuildwithMaven
101,/home/runner/work/javassist/javassist/target/test-classes/scoped/ScopedRepositoryTestCase.class,-1,423796,423794,Not provided,BuildwithMaven,BuildwithMaven
102,/home/runner/work/javassist/javassist/target/test-classes/test4/JIRA220intf.class,-1,423773,423771,Not provided,BuildwithMaven,BuildwithMaven
103,/home/runner/work/javassist/javassist/target/test-classes/test4/JIRA181$B.class,-1,424527,424525,Not provided,BuildwithMaven,BuildwithMaven
104,/home/runner/work/javassist/javassist/target/test-classes/test3/PublicInner2$PS.class,-1,423947,423945,Not provided,BuildwithMaven,BuildwithMaven
105,/home/runner/work/javassist/javassist/target/test-classes/Jassist150.class,-1,424035,424033,Not provided,BuildwithMaven,BuildwithMaven
106,/home/runner/work/javassist/javassist/target/test-classes/Jassist150$1.class,-1,424031,424029,Not provided,BuildwithMaven,BuildwithMaven
107,/home/runner/work/javassist/javassist/target/test-classes/test4/Signature$Foo.class,-1,423995,423993,Not provided,BuildwithMaven,BuildwithMaven
108,/home/runner/work/javassist/javassist/target/test-classes/Test.class,-1,423991,423989,Not provided,BuildwithMaven,BuildwithMaven
109,/home/runner/work/javassist/javassist/target/test-classes/InvalidStackMapFrame.class,-1,423987,423985,Not provided,BuildwithMaven,BuildwithMaven
110,/home/runner/work/javassist/javassist/target/test-classes/test4/NestedClass$S.class,-1,423753,423751,Not provided,BuildwithMaven,BuildwithMaven
111,/home/runner/work/javassist/javassist/target/test-classes/test4/NestedClass$S$S2.class,-1,423749,423747,Not provided,BuildwithMaven,BuildwithMaven
112,/home/runner/work/javassist/javassist/target/test-classes/test4/NestedClass$N.class,-1,423745,423743,Not provided,BuildwithMaven,BuildwithMaven
113,/home/runner/work/javassist/javassist/target/test-classes/test1/StaticField.class,-1,423625,423623,Not provided,BuildwithMaven,BuildwithMaven
114,/home/runner/work/javassist/javassist/target/test-classes/scoped/jar1/FullyScopedAnnotationUsage.class,-1,423633,423631,Not provided,BuildwithMaven,BuildwithMaven
115,/home/runner/work/javassist/javassist/target/test-classes/test5/NestHost2$Bar.class,-1,423733,423731,Not provided,BuildwithMaven,BuildwithMaven
116,/home/runner/work/javassist/javassist/target/test-classes/test2/Inner2$Child.class,-1,423721,423719,Not provided,BuildwithMaven,BuildwithMaven
117,/home/runner/work/javassist/javassist/target/test-classes/test5/InnerModifier2.class,-1,423709,423707,Not provided,BuildwithMaven,BuildwithMaven
118,/home/runner/work/javassist/javassist/target/test-classes/javassist/Bench$1.class,-1,423641,423639,Not provided,BuildwithMaven,BuildwithMaven
119,/home/runner/work/javassist/javassist/target/test-classes/javassist/Bench.class,-1,423669,423667,Not provided,BuildwithMaven,BuildwithMaven
120,/home/runner/work/javassist/javassist/target/test-classes/javassist/Bench$7.class,-1,423665,423663,Not provided,BuildwithMaven,BuildwithMaven
121,/home/runner/work/javassist/javassist/target/test-classes/javassist/Bench$6.class,-1,423661,423659,Not provided,BuildwithMaven,BuildwithMaven
122,/home/runner/work/javassist/javassist/target/test-classes/javassist/Bench$5.class,-1,423657,423655,Not provided,BuildwithMaven,BuildwithMaven
123,/home/runner/work/javassist/javassist/target/test-classes/javassist/Bench$4.class,-1,423653,423651,Not provided,BuildwithMaven,BuildwithMaven
124,/home/runner/work/javassist/javassist/target/test-classes/javassist/Bench$3.class,-1,423649,423647,Not provided,BuildwithMaven,BuildwithMaven
125,/home/runner/work/javassist/javassist/target/test-classes/javassist/Bench$2.class,-1,423645,423643,Not provided,BuildwithMaven,BuildwithMaven
126,/home/runner/work/javassist/javassist/target/test-classes/javassist/ConcurrentClassDefinitionTest$Worker.class,-1,424059,424057,Not provided,BuildwithMaven,BuildwithMaven
127,/home/runner/work/javassist/javassist/target/test-classes/annotation/Tag.class,-1,424391,424389,Not provided,BuildwithMaven,BuildwithMaven
128,/home/runner/work/javassist/javassist/target/test-classes/annotation/EnumTest.class,-1,424387,424385,Not provided,BuildwithMaven,BuildwithMaven
129,/home/runner/work/javassist/javassist/target/test-classes/annotation/Id.class,-1,424383,424381,Not provided,BuildwithMaven,BuildwithMaven
130,/home/runner/work/javassist/javassist/target/test-classes/test4/GetAllRefEnum.class,-1,424415,424413,Not provided,BuildwithMaven,BuildwithMaven
131,/home/runner/work/javassist/javassist/target/test-classes/test4/GetAllRefAnno.class,-1,424419,424417,Not provided,BuildwithMaven,BuildwithMaven
132,/home/runner/work/javassist/javassist/target/test-classes/test4/JIRA181$ICondition.class,-1,424523,424521,Not provided,BuildwithMaven,BuildwithMaven
133,/home/runner/work/javassist/javassist/target/test-classes/scoped/jar1/TestClass1.class,-1,424503,424501,Not provided,BuildwithMaven,BuildwithMaven
134,/home/runner/work/javassist/javassist/target/test-classes/test4/GetAllRefAnnoC.class,-1,424423,424421,Not provided,BuildwithMaven,BuildwithMaven
135,/home/runner/work/javassist/javassist/target/test-classes/testproxy/sub/TargetSuper.class,-1,424471,424469,Not provided,BuildwithMaven,BuildwithMaven
136,/home/runner/work/javassist/javassist/target/test-classes/javassist/bytecode/CodeAnalyzerTest.class,-1,424451,424449,Not provided,BuildwithMaven,BuildwithMaven
137,/home/runner/work/javassist/javassist/target/test-classes/test4/GetAllRefAnnoC4.class,-1,424435,424433,Not provided,BuildwithMaven,BuildwithMaven
138,/home/runner/work/javassist/javassist/target/test-classes/test4/GetAllRefAnnoC3.class,-1,424431,424429,Not provided,BuildwithMaven,BuildwithMaven
139,/home/runner/work/javassist/javassist/target/test-classes/test4/GetAllRefAnnoC2.class,-1,424427,424425,Not provided,BuildwithMaven,BuildwithMaven
140,/home/runner/work/javassist/javassist/target/test-classes/test5/RemoveAnno2.class,-1,424283,424281,Not provided,BuildwithMaven,BuildwithMaven
141,/home/runner/work/javassist/javassist/target/test-classes/javassist/ConcurrentClassDefinitionTest.class,-1,424063,424061,Not provided,BuildwithMaven,BuildwithMaven
142,/home/runner/work/javassist/javassist/target/test-classes/test5/RemoveAnno1.class,-1,424279,424277,Not provided,BuildwithMaven,BuildwithMaven
143,/home/runner/work/javassist/javassist/target/test-classes/test/javassist/proxy/ProxySimpleTest$Default4.class,-1,424151,424149,Not provided,BuildwithMaven,BuildwithMaven
144,/home/runner/work/javassist/javassist/target/test-classes/test3/PackName2.class,-1,424267,424265,Not provided,BuildwithMaven,BuildwithMaven
145,/home/runner/work/javassist/javassist/target/test-classes/test5/JIRA242.class,-1,424259,424257,Not provided,BuildwithMaven,BuildwithMaven
146,/home/runner/work/javassist/javassist/target/runtest/javassist/bytecode/StackMapTest$C6.class,-1,471686,471684,Not provided,BuildwithMaven,BuildwithMaven
147,/home/runner/work/javassist/javassist/src/test/javassist/bytecode/Gap0Example.class,-1,2505,2503,Not provided,uses-checkout,uses-checkout
148,/home/runner/work/javassist/javassist/src/test/Readme.txt,-1,2412,2410,Not provided,uses-checkout,uses-checkout
149,/home/runner/work/javassist/javassist/sample/vector/Test.j,-1,1377,1375,Not provided,uses-checkout,uses-checkout
150,/home/runner/work/javassist/javassist/sample/vector/VectorAssistant.java,-1,1381,1379,Not provided,uses-checkout,uses-checkout
151,/home/runner/work/javassist/javassist/sample/vector/Sample2.java,-1,1373,1371,Not provided,uses-checkout,uses-checkout
152,/home/runner/work/javassist/javassist/build.xml,-1,1170,1168,Not provided,uses-checkout,uses-checkout
153,/home/runner/work/javassist/javassist/Examples.md,-1,1157,1155,Not provided,uses-checkout,uses-checkout
154,/home/runner/work/javassist/javassist/Changes.md,-1,1153,1151,Not provided,uses-checkout,uses-checkout
155,/home/runner/work/javassist/javassist/.gitignore,-1,1149,1147,Not provided,uses-checkout,uses-checkout
156,/home/runner/work/javassist/javassist/.github/workflows/maven.yml,-1,1141,1139,Not provided,uses-checkout,uses-checkout
157,/home/runner/work/javassist/javassist/README.md,-1,1166,1164,Not provided,uses-checkout,uses-checkout
158,/home/runner/work/javassist/javassist/sample/rmi/webdemo.html,-1,1364,1362,Not provided,uses-checkout,uses-checkout
159,/home/runner/work/javassist/javassist/target/runtest/proxy/test/javassist/proxy/ProxySimpleTest$Default3_$$_jvstdc_273d.class,-1,472649,472647,Not provided,BuildwithMaven,BuildwithMaven
160,/home/runner/work/javassist/javassist/sample/rmi/start.html,-1,1360,1358,Not provided,uses-checkout,uses-checkout
161,/home/runner/work/javassist/javassist/sample/rmi/inside.gif,-1,1356,1354,Not provided,uses-checkout,uses-checkout
162,/home/runner/work/javassist/javassist/sample/rmi/Counter.java,-1,1352,1350,Not provided,uses-checkout,uses-checkout
163,/home/runner/work/javassist/javassist/sample/rmi/CountApplet.java,-1,1348,1346,Not provided,uses-checkout,uses-checkout
164,/home/runner/work/javassist/javassist/target/runtest/testproxy/Target_$$_jvstdc_11.class,-1,472247,472245,Not provided,BuildwithMaven,BuildwithMaven
165,/home/runner/work/javassist/javassist/sample/reflect/VerboseMetaobj.java,-1,1338,1336,Not provided,uses-checkout,uses-checkout
166,/home/runner/work/javassist/javassist/sample/reflect/Person.java,-1,1334,1332,Not provided,uses-checkout,uses-checkout
167,/home/runner/work/javassist/javassist/sample/preproc/package.html,-1,1324,1322,Not provided,uses-checkout,uses-checkout
168,/home/runner/work/javassist/javassist/sample/preproc/Compiler.java,-1,1320,1318,Not provided,uses-checkout,uses-checkout
169,/home/runner/work/javassist/javassist/target/runtest/proxy/test/javassist/proxy/ProxySimpleTest$PubProxy_$$_jvstdc_2734.class,-1,472519,472517,Not provided,BuildwithMaven,BuildwithMaven
170,/home/runner/work/javassist/javassist/sample/hotswap/Test.java,-1,1306,1304,Not provided,uses-checkout,uses-checkout
171,/home/runner/work/javassist/javassist/sample/evolve/update.html,-1,1298,1296,Not provided,uses-checkout,uses-checkout
172,/home/runner/work/javassist/javassist/sample/evolve/start.html,-1,1294,1292,Not provided,uses-checkout,uses-checkout
173,/home/runner/work/javassist/javassist/sample/evolve/demo.html,-1,1286,1284,Not provided,uses-checkout,uses-checkout
174,/home/runner/work/javassist/javassist/sample/evolve/WebPage.java,-1,1282,1280,Not provided,uses-checkout,uses-checkout
175,/home/runner/work/javassist/javassist/sample/evolve/VersionManager.java,-1,1278,1276,Not provided,uses-checkout,uses-checkout
176,/home/runner/work/javassist/javassist/sample/evolve/Sample.java,-1,1274,1272,Not provided,uses-checkout,uses-checkout
177,/home/runner/work/javassist/javassist/sample/evolve/Evolution.java,-1,1270,1268,Not provided,uses-checkout,uses-checkout
178,/home/runner/work/javassist/javassist/sample/evolve/DemoServer.java,-1,1266,1264,Not provided,uses-checkout,uses-checkout
179,/home/runner/work/javassist/javassist/sample/evolve/DemoLoader.java,-1,1262,1260,Not provided,uses-checkout,uses-checkout
180,/home/runner/work/javassist/javassist/sample/evolve/CannotUpdateException.java,-1,1258,1256,Not provided,uses-checkout,uses-checkout
181,/home/runner/work/javassist/javassist/target/runtest/proxy/test/javassist/proxy/ProxySimpleTest$Default2_$$_jvstdc_273b.class,-1,472628,472626,Not provided,BuildwithMaven,BuildwithMaven
182,/home/runner/work/javassist/javassist/sample/duplicate/Viewer.java,-1,1248,1246,Not provided,uses-checkout,uses-checkout
183,/home/runner/work/javassist/javassist/sample/duplicate/Main.java,-1,1244,1242,Not provided,uses-checkout,uses-checkout
184,/home/runner/work/javassist/javassist/sample/duplicate/DuplicatedObject.java,-1,1240,1238,Not provided,uses-checkout,uses-checkout
185,/home/runner/work/javassist/javassist/target/runtest/reflected/javassist/tools/reflect/SuperClass.class,-1,472021,472019,Not provided,BuildwithMaven,BuildwithMaven
186,/home/runner/work/javassist/javassist/target/runtest/javassist/bytecode/Gap0Example2.class,-1,471979,471977,Not provided,BuildwithMaven,BuildwithMaven
187,/home/runner/work/javassist/javassist/target/runtest/javassist/bytecode/StackMapTest$T8d.class,-1,471933,471931,Not provided,BuildwithMaven,BuildwithMaven
188,/home/runner/work/javassist/javassist/target/runtest/javassist/bytecode/Gap0Example.class,-1,471972,471970,Not provided,BuildwithMaven,BuildwithMaven
189,/home/runner/work/javassist/javassist/target/runtest/test5/InnerModifier$NonStatic.class,-1,471425,471423,Not provided,BuildwithMaven,BuildwithMaven
190,/home/runner/work/javassist/javassist/target/runtest/test1/LocalVars2.class,-1,471456,471454,Not provided,BuildwithMaven,BuildwithMaven
191,/home/runner/work/javassist/javassist/tutorial/tutorial3.html,-1,3715,3713,Not provided,uses-checkout,uses-checkout
192,/home/runner/work/javassist/javassist/target/runtest/test5/InnerModifier$Static.class,-1,471432,471430,Not provided,BuildwithMaven,BuildwithMaven
193,/home/runner/work/javassist/javassist/target/runtest/test5/InnerModifier.class,-1,471436,471434,Not provided,BuildwithMaven,BuildwithMaven
194,/home/runner/work/javassist/javassist/target/runtest/proxy/test/javassist/proxy/ProxySimpleTest$Foo_$$_jvstdc_2733.class,-1,472509,-1,Not provided,BuildwithMaven,Not provided
195,/home/runner/work/javassist/javassist/target/surefire-reports/javassist.JvstTest.txt,-1,472790,-1,Not provided,BuildwithMaven,Not provided
196,/home/runner/work/javassist/javassist/target/runtest/testproxy/BridgeMethod_$$_jvstdc_7.class,-1,472123,-1,Not provided,BuildwithMaven,Not provided
197,/home/runner/work/javassist/javassist/sample/rmi/AlertDialog.java,-1,1344,-1,Not provided,uses-checkout,Not provided
198,/home/runner/work/javassist/javassist/sample/reflect/Main.java,-1,1330,-1,Not provided,uses-checkout,Not provided
199,/home/runner/work/javassist/javassist/sample/preproc/Assistant.java,-1,1316,-1,Not provided,uses-checkout,Not provided
200,/home/runner/work/javassist/javassist/sample/evolve/CannotCreateException.java,-1,1254,-1,Not provided,uses-checkout,Not provided
201,/home/runner/work/javassist/javassist/sample/duplicate/Ball.java,-1,1236,-1,Not provided,uses-checkout,Not provided
