,file_name,last_access_index,last_modify_index,creation_index,last_access_step,last_modify_step,creation_step
0,/home/runner/work/javassist/javassist/target/javassist-3.29.2-GA.jar,-1,1126215,1104971,Not provided,BuildwithMaven,BuildwithMaven
1,/home/runner/work/javassist/javassist/target/javassist-3.29.2-GA-sources.jar,-1,1130569,1126394,Not provided,BuildwithMaven,BuildwithMaven
2,/home/runner/work/javassist/javassist/target/classes/META-INF/MANIFEST.MF,506574,1126232,-1,BuildwithMaven,BuildwithMaven,Not provided
3,/home/runner/work/javassist/javassist/target/runtest/test1/AnnoTest.class,-1,504533,504398,Not provided,BuildwithMaven,BuildwithMaven
4,/home/runner/work/javassist/javassist/target/runtest/test-hibernate.class,-1,504828,504730,Not provided,BuildwithMaven,BuildwithMaven
5,/home/runner/work/javassist/javassist/target/runtest/TooManyConstPoolItems.class,-1,504026,503980,Not provided,BuildwithMaven,BuildwithMaven
6,/home/runner/work/javassist/javassist/target/surefire-reports/TEST-javassist.JvstTest.xml,-1,505924,505917,Not provided,BuildwithMaven,BuildwithMaven
7,/home/runner/work/javassist/javassist/tutorial/tutorial2.html,-1,3756,3752,Not provided,uses-checkout,uses-checkout
8,/home/runner/work/javassist/javassist/target/runtest/test3/JIRA63.class,-1,452346,452337,Not provided,BuildwithMaven,BuildwithMaven
9,/home/runner/work/javassist/javassist/tutorial/tutorial.html,-1,3750,3746,Not provided,uses-checkout,uses-checkout
10,/home/runner/work/javassist/javassist/target/maven-status/maven-compiler-plugin/compile/default-compile/createdFiles.lst,-1,7002,6998,Not provided,BuildwithMaven,BuildwithMaven
11,/home/runner/work/javassist/javassist/target/maven-status/maven-compiler-plugin/compile/default-compile/inputFiles.lst,-1,7008,7004,Not provided,BuildwithMaven,BuildwithMaven
12,/home/runner/work/javassist/javassist/target/maven-status/maven-compiler-plugin/testCompile/default-testCompile/inputFiles.lst,-1,448963,448959,Not provided,BuildwithMaven,BuildwithMaven
13,/home/runner/work/javassist/javassist/target/runtest/test3/Clazz67.class,-1,452145,452141,Not provided,BuildwithMaven,BuildwithMaven
14,/home/runner/work/javassist/javassist/target/maven-status/maven-compiler-plugin/testCompile/default-testCompile/createdFiles.lst,-1,448957,448953,Not provided,BuildwithMaven,BuildwithMaven
15,/home/runner/work/javassist/javassist/License.html,-1,1193,1190,Not provided,uses-checkout,uses-checkout
16,/home/runner/work/javassist/javassist/target/test-classes/scoped/jar1/ScopedTestAnnotation.class,-1,446917,446915,Not provided,BuildwithMaven,BuildwithMaven
17,/home/runner/work/javassist/javassist/target/test-classes/test3/InnerClass.class,-1,446913,446911,Not provided,BuildwithMaven,BuildwithMaven
18,/home/runner/work/javassist/javassist/target/test-classes/VisibleTop2.class,-1,446833,446831,Not provided,BuildwithMaven,BuildwithMaven
19,/home/runner/work/javassist/javassist/target/test-classes/test1/GetThrow2.class,-1,446793,446791,Not provided,BuildwithMaven,BuildwithMaven
20,/home/runner/work/javassist/javassist/target/test-classes/javassist/bytecode/StackMapTest$T8dd.class,-1,446643,446641,Not provided,BuildwithMaven,BuildwithMaven
21,/home/runner/work/javassist/javassist/target/test-classes/javassist/bytecode/StackMapTest$I8d.class,-1,446639,446637,Not provided,BuildwithMaven,BuildwithMaven
22,/home/runner/work/javassist/javassist/target/test-classes/test1/GetThrow1.class,-1,446789,446787,Not provided,BuildwithMaven,BuildwithMaven
23,/home/runner/work/javassist/javassist/target/test-classes/test/javassist/bytecode/analysis/AnalyzerTest$Dummy$A3.class,-1,446769,446767,Not provided,BuildwithMaven,BuildwithMaven
24,/home/runner/work/javassist/javassist/target/test-classes/test/javassist/bytecode/analysis/AnalyzerTest$Dummy$A2.class,-1,446765,446763,Not provided,BuildwithMaven,BuildwithMaven
25,/home/runner/work/javassist/javassist/target/test-classes/test3/NewClass2.class,-1,446741,446739,Not provided,BuildwithMaven,BuildwithMaven
26,/home/runner/work/javassist/javassist/target/test-classes/test/javassist/bytecode/analysis/ErrorFinder.class,-1,446699,446697,Not provided,BuildwithMaven,BuildwithMaven
27,/home/runner/work/javassist/javassist/target/test-classes/test4/GetAllRefInnerTest$2.class,-1,447295,447293,Not provided,BuildwithMaven,BuildwithMaven
28,/home/runner/work/javassist/javassist/target/test-classes/test4/GetAllRefInnerTest$1.class,-1,447291,447289,Not provided,BuildwithMaven,BuildwithMaven
29,/home/runner/work/javassist/javassist/target/test-classes/test4/GetAllRefInnerTest2.class,-1,447287,447285,Not provided,BuildwithMaven,BuildwithMaven
30,/home/runner/work/javassist/javassist/target/test-classes/test4/GetAllRefInnerTest2$1.class,-1,447283,447281,Not provided,BuildwithMaven,BuildwithMaven
31,/home/runner/work/javassist/javassist/target/test-classes/javassist/ClassPoolBench.class,-1,447413,447411,Not provided,BuildwithMaven,BuildwithMaven
32,/home/runner/work/javassist/javassist/target/test-classes/scoped/UnscopedAnnotationUsage.class,-1,447389,447387,Not provided,BuildwithMaven,BuildwithMaven
33,/home/runner/work/javassist/javassist/target/test-classes/scoped/jar1/FullyScopedAnnotationDefaultUsage.class,-1,447385,447383,Not provided,BuildwithMaven,BuildwithMaven
34,/home/runner/work/javassist/javassist/target/test-classes/test5/JIRA246.class,-1,447213,447211,Not provided,BuildwithMaven,BuildwithMaven
35,/home/runner/work/javassist/javassist/target/test-classes/test3/Visible2.class,-1,447062,447060,Not provided,BuildwithMaven,BuildwithMaven
36,/home/runner/work/javassist/javassist/target/test-classes/test1/BenchProceedNew2.class,-1,447090,447088,Not provided,BuildwithMaven,BuildwithMaven
37,/home/runner/work/javassist/javassist/target/test-classes/scoped/UnscopedAnnotationDefaultUsage.class,-1,447130,447128,Not provided,BuildwithMaven,BuildwithMaven
38,/home/runner/work/javassist/javassist/target/test-classes/javassist/compiler/CodeTest.class,-1,447106,447104,Not provided,BuildwithMaven,BuildwithMaven
39,/home/runner/work/javassist/javassist/target/test-classes/test1/BenchProceedNew.class,-1,447098,447096,Not provided,BuildwithMaven,BuildwithMaven
40,/home/runner/work/javassist/javassist/target/test-classes/test1/BenchProceedNew3.class,-1,447094,447092,Not provided,BuildwithMaven,BuildwithMaven
41,/home/runner/work/javassist/javassist/target/test-classes/Readme.txt,-1,443657,443654,Not provided,BuildwithMaven,BuildwithMaven
42,/home/runner/work/javassist/javassist/target/test-classes/test3/NewExprTryCatch2.class,-1,445866,445864,Not provided,BuildwithMaven,BuildwithMaven
43,/home/runner/work/javassist/javassist/target/test-classes/test/javassist/bytecode/analysis/ScannerTest.class,-1,445862,445860,Not provided,BuildwithMaven,BuildwithMaven
44,/home/runner/work/javassist/javassist/target/test-classes/scoped/TestAnnotation.class,-1,446299,446297,Not provided,BuildwithMaven,BuildwithMaven
45,/home/runner/work/javassist/javassist/target/test-classes/scoped/jar1/ScopedAnnotationDefaultUsage.class,-1,446295,446293,Not provided,BuildwithMaven,BuildwithMaven
46,/home/runner/work/javassist/javassist/target/test-classes/test/javassist/bytecode/analysis/DomTreePrinter.class,-1,446339,446337,Not provided,BuildwithMaven,BuildwithMaven
47,/home/runner/work/javassist/javassist/target/test-classes/javassist/JvstTest4$Inner1.class,-1,446481,446479,Not provided,BuildwithMaven,BuildwithMaven
48,/home/runner/work/javassist/javassist/target/test-classes/test5/InnerClassRemove$C.class,-1,446395,446393,Not provided,BuildwithMaven,BuildwithMaven
49,/home/runner/work/javassist/javassist/target/test-classes/test5/InnerClassRemove$B.class,-1,446391,446389,Not provided,BuildwithMaven,BuildwithMaven
50,/home/runner/work/javassist/javassist/target/test-classes/test5/InnerClassRemove$A.class,-1,446387,446385,Not provided,BuildwithMaven,BuildwithMaven
51,/home/runner/work/javassist/javassist/target/test-classes/test2/ReplaceClassName3.class,-1,446219,446217,Not provided,BuildwithMaven,BuildwithMaven
52,/home/runner/work/javassist/javassist/target/test-classes/testproxy/Target127.class,-1,445992,445990,Not provided,BuildwithMaven,BuildwithMaven
53,/home/runner/work/javassist/javassist/target/test-classes/testproxy/Target127$RealSub.class,-1,445988,445986,Not provided,BuildwithMaven,BuildwithMaven
54,/home/runner/work/javassist/javassist/target/test-classes/test2/ReplaceClassName2.class,-1,446215,446213,Not provided,BuildwithMaven,BuildwithMaven
55,/home/runner/work/javassist/javassist/target/test-classes/test3/EnhanceTest.class,-1,446104,446102,Not provided,BuildwithMaven,BuildwithMaven
56,/home/runner/work/javassist/javassist/target/test-classes/test/javassist/convert/InstrumentationTarget$Itr.class,-1,446207,446205,Not provided,BuildwithMaven,BuildwithMaven
57,/home/runner/work/javassist/javassist/target/test-classes/test2/Nested$Inner2.class,-1,446179,446177,Not provided,BuildwithMaven,BuildwithMaven
58,/home/runner/work/javassist/javassist/target/test-classes/test1/BenchProceed.class,-1,446171,446169,Not provided,BuildwithMaven,BuildwithMaven
59,/home/runner/work/javassist/javassist/target/test-classes/test1/BenchProceed2.class,-1,446167,446165,Not provided,BuildwithMaven,BuildwithMaven
60,/home/runner/work/javassist/javassist/target/test-classes/testproxy/Target189.class,-1,446163,446161,Not provided,BuildwithMaven,BuildwithMaven
61,/home/runner/work/javassist/javassist/target/test-classes/test1/BenchStaticMethod.class,-1,446135,446133,Not provided,BuildwithMaven,BuildwithMaven
62,/home/runner/work/javassist/javassist/target/test-classes/test3/Enhancer.class,-1,446119,446117,Not provided,BuildwithMaven,BuildwithMaven
63,/home/runner/work/javassist/javassist/target/test-classes/test3/Enhancer$Interceptor.class,-1,446115,446113,Not provided,BuildwithMaven,BuildwithMaven
64,/home/runner/work/javassist/javassist/target/test-classes/test3/Enhancer$1.class,-1,446111,446109,Not provided,BuildwithMaven,BuildwithMaven
65,/home/runner/work/javassist/javassist/target/runtest/test1/MySerializableClass.class,-1,450514,450512,Not provided,BuildwithMaven,BuildwithMaven
66,/home/runner/work/javassist/javassist/target/test-classes/javassist/compiler/LexTest.class,-1,448751,448749,Not provided,BuildwithMaven,BuildwithMaven
67,/home/runner/work/javassist/javassist/target/test-classes/scoped/jar1/ScopedAnnotationUsage.class,-1,448747,448745,Not provided,BuildwithMaven,BuildwithMaven
68,/home/runner/work/javassist/javassist/target/test-classes/test1/Point.class,-1,448727,448725,Not provided,BuildwithMaven,BuildwithMaven
69,/home/runner/work/javassist/javassist/target/runtest/test1/SetName3.class,-1,451147,451145,Not provided,BuildwithMaven,BuildwithMaven
70,/home/runner/work/javassist/javassist/target/runtest/test1/SetName2.class,-1,451143,451141,Not provided,BuildwithMaven,BuildwithMaven
71,/home/runner/work/javassist/javassist/target/runtest/test1/Freeze.class,-1,451094,451092,Not provided,BuildwithMaven,BuildwithMaven
72,/home/runner/work/javassist/javassist/target/runtest/test1/NewInterface2.class,-1,451048,451046,Not provided,BuildwithMaven,BuildwithMaven
73,/home/runner/work/javassist/javassist/target/runtest/test1/NewInterface.class,-1,451044,451042,Not provided,BuildwithMaven,BuildwithMaven
74,/home/runner/work/javassist/javassist/target/test-classes/javassist/HotswapTest$Foo.class,-1,448711,448709,Not provided,BuildwithMaven,BuildwithMaven
75,/home/runner/work/javassist/javassist/target/test-classes/test4/ImportPac.class,-1,448541,448539,Not provided,BuildwithMaven,BuildwithMaven
76,/home/runner/work/javassist/javassist/target/test-classes/javassist/tools/reflect/ClassMetaobjectTest.class,-1,448537,448535,Not provided,BuildwithMaven,BuildwithMaven
77,/home/runner/work/javassist/javassist/target/test-classes/javassist/tools/reflect/Person.class,-1,448521,448519,Not provided,BuildwithMaven,BuildwithMaven
78,/home/runner/work/javassist/javassist/target/test-classes/test4/JIRA181$B.class,-1,448507,448505,Not provided,BuildwithMaven,BuildwithMaven
79,/home/runner/work/javassist/javassist/target/test-classes/test4/JIRA181$ICondition.class,-1,448503,448501,Not provided,BuildwithMaven,BuildwithMaven
80,/home/runner/work/javassist/javassist/target/test-classes/scoped/jar1/TestClass1.class,-1,448483,448481,Not provided,BuildwithMaven,BuildwithMaven
81,/home/runner/work/javassist/javassist/target/test-classes/test2/StaticArraysMem.class,-1,448691,448689,Not provided,BuildwithMaven,BuildwithMaven
82,/home/runner/work/javassist/javassist/target/test-classes/test5/NestHost$Bar.class,-1,448615,448613,Not provided,BuildwithMaven,BuildwithMaven
83,/home/runner/work/javassist/javassist/target/runtest/test4/TestDeadcode.class,-1,452707,452705,Not provided,BuildwithMaven,BuildwithMaven
84,/home/runner/work/javassist/javassist/target/runtest/test4/WrittenFile2sub.class,-1,452642,452640,Not provided,BuildwithMaven,BuildwithMaven
85,/home/runner/work/javassist/javassist/target/runtest/test4/AnnoLoad.class,-1,452569,452567,Not provided,BuildwithMaven,BuildwithMaven
86,/home/runner/work/javassist/javassist/target/runtest/test4/AnnoLoadAnno.class,-1,452562,452560,Not provided,BuildwithMaven,BuildwithMaven
87,/home/runner/work/javassist/javassist/target/runtest/test3/StaticFinalField.class,-1,452273,452271,Not provided,BuildwithMaven,BuildwithMaven
88,/home/runner/work/javassist/javassist/target/runtest/test5/NestHost4$InnerClass1$InnerClass5.class,-1,503894,503892,Not provided,BuildwithMaven,BuildwithMaven
89,/home/runner/work/javassist/javassist/target/runtest/test5/NestHost4$InnerClass1.class,-1,503884,503882,Not provided,BuildwithMaven,BuildwithMaven
90,/home/runner/work/javassist/javassist/target/runtest/test2/MethodCall.class,-1,451518,451516,Not provided,BuildwithMaven,BuildwithMaven
91,/home/runner/work/javassist/javassist/target/runtest/test2/Inner.class,-1,451440,451438,Not provided,BuildwithMaven,BuildwithMaven
92,/home/runner/work/javassist/javassist/target/runtest/test2/Inherit.class,-1,451430,451428,Not provided,BuildwithMaven,BuildwithMaven
93,/home/runner/work/javassist/javassist/target/runtest/test3/PublicInner$Inner.class,-1,451926,451924,Not provided,BuildwithMaven,BuildwithMaven
94,/home/runner/work/javassist/javassist/target/runtest/test3/PublicInner.class,-1,451922,451920,Not provided,BuildwithMaven,BuildwithMaven
95,/home/runner/work/javassist/javassist/target/runtest/test2/SuperInterface3.class,-1,451751,451749,Not provided,BuildwithMaven,BuildwithMaven
96,/home/runner/work/javassist/javassist/target/runtest/test2/NewOp.class,-1,451622,451620,Not provided,BuildwithMaven,BuildwithMaven
97,/home/runner/work/javassist/javassist/target/runtest/test2/NullArgTest.class,-1,451626,451624,Not provided,BuildwithMaven,BuildwithMaven
98,/home/runner/work/javassist/javassist/target/test-classes/test5/InnerModifier2.class,-1,447697,447695,Not provided,BuildwithMaven,BuildwithMaven
99,/home/runner/work/javassist/javassist/target/test-classes/scoped/ScopedRepositoryTestCase.class,-1,447788,447786,Not provided,BuildwithMaven,BuildwithMaven
100,/home/runner/work/javassist/javassist/target/test-classes/test4/JIRA220intf.class,-1,447757,447755,Not provided,BuildwithMaven,BuildwithMaven
101,/home/runner/work/javassist/javassist/target/test-classes/test4/NestedClass$S.class,-1,447737,447735,Not provided,BuildwithMaven,BuildwithMaven
102,/home/runner/work/javassist/javassist/target/test-classes/test4/NestedClass$S$S2.class,-1,447733,447731,Not provided,BuildwithMaven,BuildwithMaven
103,/home/runner/work/javassist/javassist/target/test-classes/test4/NestedClass$N.class,-1,447729,447727,Not provided,BuildwithMaven,BuildwithMaven
104,/home/runner/work/javassist/javassist/target/test-classes/test5/NestHost2$Bar.class,-1,447717,447715,Not provided,BuildwithMaven,BuildwithMaven
105,/home/runner/work/javassist/javassist/target/test-classes/test2/Inner2$Child.class,-1,447705,447703,Not provided,BuildwithMaven,BuildwithMaven
106,/home/runner/work/javassist/javassist/target/test-classes/test3/NestedClass$Inner.class,-1,447816,447814,Not provided,BuildwithMaven,BuildwithMaven
107,/home/runner/work/javassist/javassist/target/test-classes/test4/Signature$Foo.class,-1,447979,447977,Not provided,BuildwithMaven,BuildwithMaven
108,/home/runner/work/javassist/javassist/target/test-classes/Test.class,-1,447975,447973,Not provided,BuildwithMaven,BuildwithMaven
109,/home/runner/work/javassist/javassist/target/test-classes/InvalidStackMapFrame.class,-1,447971,447969,Not provided,BuildwithMaven,BuildwithMaven
110,/home/runner/work/javassist/javassist/target/test-classes/test3/NestedClass$StaticNested.class,-1,447820,447818,Not provided,BuildwithMaven,BuildwithMaven
111,/home/runner/work/javassist/javassist/target/test-classes/test3/PublicInner2$PS.class,-1,447931,447929,Not provided,BuildwithMaven,BuildwithMaven
112,/home/runner/work/javassist/javassist/target/test-classes/test3/NestedClass$1Local.class,-1,447828,447826,Not provided,BuildwithMaven,BuildwithMaven
113,/home/runner/work/javassist/javassist/target/test-classes/test3/NestedClass$1.class,-1,447824,447822,Not provided,BuildwithMaven,BuildwithMaven
114,/home/runner/work/javassist/javassist/target/test-classes/javassist/Bench$5.class,-1,447641,447639,Not provided,BuildwithMaven,BuildwithMaven
115,/home/runner/work/javassist/javassist/target/test-classes/javassist/Bench.class,-1,447653,447651,Not provided,BuildwithMaven,BuildwithMaven
116,/home/runner/work/javassist/javassist/target/test-classes/javassist/Bench$7.class,-1,447649,447647,Not provided,BuildwithMaven,BuildwithMaven
117,/home/runner/work/javassist/javassist/target/test-classes/javassist/Bench$6.class,-1,447645,447643,Not provided,BuildwithMaven,BuildwithMaven
118,/home/runner/work/javassist/javassist/target/test-classes/javassist/Bench$4.class,-1,447637,447635,Not provided,BuildwithMaven,BuildwithMaven
119,/home/runner/work/javassist/javassist/target/test-classes/javassist/Bench$3.class,-1,447633,447631,Not provided,BuildwithMaven,BuildwithMaven
120,/home/runner/work/javassist/javassist/target/test-classes/javassist/Bench$2.class,-1,447629,447627,Not provided,BuildwithMaven,BuildwithMaven
121,/home/runner/work/javassist/javassist/target/test-classes/javassist/Bench$1.class,-1,447625,447623,Not provided,BuildwithMaven,BuildwithMaven
122,/home/runner/work/javassist/javassist/target/test-classes/scoped/jar1/FullyScopedAnnotationUsage.class,-1,447617,447615,Not provided,BuildwithMaven,BuildwithMaven
123,/home/runner/work/javassist/javassist/target/test-classes/test1/StaticField.class,-1,447609,447607,Not provided,BuildwithMaven,BuildwithMaven
124,/home/runner/work/javassist/javassist/target/test-classes/test5/RemoveAnno2.class,-1,448267,448265,Not provided,BuildwithMaven,BuildwithMaven
125,/home/runner/work/javassist/javassist/target/test-classes/test5/RemoveAnno1.class,-1,448263,448261,Not provided,BuildwithMaven,BuildwithMaven
126,/home/runner/work/javassist/javassist/target/test-classes/test3/PackName2.class,-1,448251,448249,Not provided,BuildwithMaven,BuildwithMaven
127,/home/runner/work/javassist/javassist/target/test-classes/test5/JIRA242.class,-1,448243,448241,Not provided,BuildwithMaven,BuildwithMaven
128,/home/runner/work/javassist/javassist/target/test-classes/test4/GetAllRefAnnoC4.class,-1,448417,448415,Not provided,BuildwithMaven,BuildwithMaven
129,/home/runner/work/javassist/javassist/target/test-classes/javassist/bytecode/CodeAnalyzerTest.class,-1,448433,448431,Not provided,BuildwithMaven,BuildwithMaven
130,/home/runner/work/javassist/javassist/target/test-classes/test4/GetAllRefAnnoC3.class,-1,448413,448411,Not provided,BuildwithMaven,BuildwithMaven
131,/home/runner/work/javassist/javassist/target/test-classes/test4/GetAllRefAnnoC2.class,-1,448409,448407,Not provided,BuildwithMaven,BuildwithMaven
132,/home/runner/work/javassist/javassist/target/test-classes/test4/GetAllRefAnnoC.class,-1,448405,448403,Not provided,BuildwithMaven,BuildwithMaven
133,/home/runner/work/javassist/javassist/target/test-classes/test4/GetAllRefAnno.class,-1,448401,448399,Not provided,BuildwithMaven,BuildwithMaven
134,/home/runner/work/javassist/javassist/target/test-classes/test4/GetAllRefEnum.class,-1,448397,448395,Not provided,BuildwithMaven,BuildwithMaven
135,/home/runner/work/javassist/javassist/target/test-classes/annotation/Tag.class,-1,448373,448371,Not provided,BuildwithMaven,BuildwithMaven
136,/home/runner/work/javassist/javassist/target/test-classes/annotation/EnumTest.class,-1,448369,448367,Not provided,BuildwithMaven,BuildwithMaven
137,/home/runner/work/javassist/javassist/target/test-classes/javassist/ConcurrentClassDefinitionTest.class,-1,448047,448045,Not provided,BuildwithMaven,BuildwithMaven
138,/home/runner/work/javassist/javassist/target/test-classes/javassist/ConcurrentClassDefinitionTest$Worker.class,-1,448043,448041,Not provided,BuildwithMaven,BuildwithMaven
139,/home/runner/work/javassist/javassist/target/test-classes/Jassist150.class,-1,448019,448017,Not provided,BuildwithMaven,BuildwithMaven
140,/home/runner/work/javassist/javassist/target/test-classes/Jassist150$1.class,-1,448015,448013,Not provided,BuildwithMaven,BuildwithMaven
141,/home/runner/work/javassist/javassist/target/test-classes/test/javassist/proxy/ProxySimpleTest$Default4.class,-1,448135,448133,Not provided,BuildwithMaven,BuildwithMaven
142,/home/runner/work/javassist/javassist/src/test/javassist/bytecode/Gap0Example.class,-1,2541,2539,Not provided,uses-checkout,uses-checkout
143,/home/runner/work/javassist/javassist/target/runtest/javassist/bytecode/StackMapTest$C6.class,-1,504728,504726,Not provided,BuildwithMaven,BuildwithMaven
144,/home/runner/work/javassist/javassist/src/test/Readme.txt,-1,2448,2446,Not provided,uses-checkout,uses-checkout
145,/home/runner/work/javassist/javassist/target/runtest/javassist/bytecode/Gap0Example2.class,-1,505069,505067,Not provided,BuildwithMaven,BuildwithMaven
146,/home/runner/work/javassist/javassist/target/runtest/reflected/javassist/tools/reflect/SuperClass.class,-1,505111,505109,Not provided,BuildwithMaven,BuildwithMaven
147,/home/runner/work/javassist/javassist/sample/vector/VectorAssistant.java,-1,1410,1408,Not provided,uses-checkout,uses-checkout
148,/home/runner/work/javassist/javassist/sample/vector/Test.j,-1,1406,1404,Not provided,uses-checkout,uses-checkout
149,/home/runner/work/javassist/javassist/sample/vector/Sample2.java,-1,1402,1400,Not provided,uses-checkout,uses-checkout
150,/home/runner/work/javassist/javassist/sample/rmi/start.html,-1,1388,1386,Not provided,uses-checkout,uses-checkout
151,/home/runner/work/javassist/javassist/sample/rmi/webdemo.html,-1,1392,1390,Not provided,uses-checkout,uses-checkout
152,/home/runner/work/javassist/javassist/sample/rmi/inside.gif,-1,1384,1382,Not provided,uses-checkout,uses-checkout
153,/home/runner/work/javassist/javassist/Examples.md,-1,1188,1186,Not provided,uses-checkout,uses-checkout
154,/home/runner/work/javassist/javassist/.gitignore,-1,1180,1178,Not provided,uses-checkout,uses-checkout
155,/home/runner/work/javassist/javassist/.github/workflows/maven.yml,-1,1172,1170,Not provided,uses-checkout,uses-checkout
156,/home/runner/work/javassist/javassist/target/runtest/proxy/test/javassist/proxy/ProxySimpleTest$Default3_$$_jvst489_273d.class,-1,505778,505776,Not provided,BuildwithMaven,BuildwithMaven
157,/home/runner/work/javassist/javassist/Changes.md,-1,1184,1182,Not provided,uses-checkout,uses-checkout
158,/home/runner/work/javassist/javassist/README.md,-1,1197,1195,Not provided,uses-checkout,uses-checkout
159,/home/runner/work/javassist/javassist/sample/rmi/Counter.java,-1,1380,1378,Not provided,uses-checkout,uses-checkout
160,/home/runner/work/javassist/javassist/build.xml,-1,1201,1199,Not provided,uses-checkout,uses-checkout
161,/home/runner/work/javassist/javassist/sample/rmi/CountApplet.java,-1,1376,1374,Not provided,uses-checkout,uses-checkout
162,/home/runner/work/javassist/javassist/target/runtest/testproxy/Target_$$_jvst489_11.class,-1,505337,505335,Not provided,BuildwithMaven,BuildwithMaven
163,/home/runner/work/javassist/javassist/sample/reflect/VerboseMetaobj.java,-1,1366,1364,Not provided,uses-checkout,uses-checkout
164,/home/runner/work/javassist/javassist/sample/reflect/Person.java,-1,1362,1360,Not provided,uses-checkout,uses-checkout
165,/home/runner/work/javassist/javassist/target/runtest/proxy/test/javassist/proxy/ProxySimpleTest$Foo_$$_jvst489_2733.class,-1,505592,505590,Not provided,BuildwithMaven,BuildwithMaven
166,/home/runner/work/javassist/javassist/sample/preproc/package.html,-1,1352,1350,Not provided,uses-checkout,uses-checkout
167,/home/runner/work/javassist/javassist/sample/preproc/Compiler.java,-1,1348,1346,Not provided,uses-checkout,uses-checkout
168,/home/runner/work/javassist/javassist/target/runtest/proxy/test/javassist/proxy/ProxySimpleTest$PubProxy_$$_jvst489_2734.class,-1,505604,505602,Not provided,BuildwithMaven,BuildwithMaven
169,/home/runner/work/javassist/javassist/sample/hotswap/Test.java,-1,1333,1331,Not provided,uses-checkout,uses-checkout
170,/home/runner/work/javassist/javassist/sample/evolve/update.html,-1,1324,1322,Not provided,uses-checkout,uses-checkout
171,/home/runner/work/javassist/javassist/sample/evolve/start.html,-1,1320,1318,Not provided,uses-checkout,uses-checkout
172,/home/runner/work/javassist/javassist/sample/evolve/demo.html,-1,1312,1310,Not provided,uses-checkout,uses-checkout
173,/home/runner/work/javassist/javassist/sample/evolve/WebPage.java,-1,1308,1306,Not provided,uses-checkout,uses-checkout
174,/home/runner/work/javassist/javassist/sample/evolve/VersionManager.java,-1,1304,1302,Not provided,uses-checkout,uses-checkout
175,/home/runner/work/javassist/javassist/sample/evolve/Sample.java,-1,1300,1298,Not provided,uses-checkout,uses-checkout
176,/home/runner/work/javassist/javassist/sample/evolve/Evolution.java,-1,1296,1294,Not provided,uses-checkout,uses-checkout
177,/home/runner/work/javassist/javassist/sample/evolve/DemoServer.java,-1,1292,1290,Not provided,uses-checkout,uses-checkout
178,/home/runner/work/javassist/javassist/sample/evolve/DemoLoader.java,-1,1288,1286,Not provided,uses-checkout,uses-checkout
179,/home/runner/work/javassist/javassist/sample/evolve/CannotUpdateException.java,-1,1284,1282,Not provided,uses-checkout,uses-checkout
180,/home/runner/work/javassist/javassist/target/runtest/proxy/test/javassist/proxy/ProxySimpleTest$Default2_$$_jvst489_273b.class,-1,505743,505741,Not provided,BuildwithMaven,BuildwithMaven
181,/home/runner/work/javassist/javassist/sample/duplicate/Viewer.java,-1,1274,1272,Not provided,uses-checkout,uses-checkout
182,/home/runner/work/javassist/javassist/sample/duplicate/Main.java,-1,1270,1268,Not provided,uses-checkout,uses-checkout
183,/home/runner/work/javassist/javassist/sample/duplicate/DuplicatedObject.java,-1,1266,1264,Not provided,uses-checkout,uses-checkout
184,/home/runner/work/javassist/javassist/target/runtest/proxy/javassist/util/proxy/test_javassist_proxy_ProxySimpleTest$PubProxy2_$$_jvst489_273c.class,-1,505767,505765,Not provided,BuildwithMaven,BuildwithMaven
185,/home/runner/work/javassist/javassist/target/runtest/javassist/bytecode/Gap0Example.class,-1,505062,505060,Not provided,BuildwithMaven,BuildwithMaven
186,/home/runner/work/javassist/javassist/target/runtest/javassist/bytecode/StackMapTest$T8d.class,-1,505023,505021,Not provided,BuildwithMaven,BuildwithMaven
187,/home/runner/work/javassist/javassist/target/runtest/test5/InnerModifier$NonStatic.class,-1,504363,504361,Not provided,BuildwithMaven,BuildwithMaven
188,/home/runner/work/javassist/javassist/target/runtest/test5/InnerModifier$Static.class,-1,504370,504368,Not provided,BuildwithMaven,BuildwithMaven
189,/home/runner/work/javassist/javassist/tutorial/tutorial3.html,-1,3760,3758,Not provided,uses-checkout,uses-checkout
190,/home/runner/work/javassist/javassist/target/runtest/test5/InnerModifier.class,-1,504374,504372,Not provided,BuildwithMaven,BuildwithMaven
191,/home/runner/work/javassist/javassist/target/runtest/test1/LocalVars2.class,-1,504394,504392,Not provided,BuildwithMaven,BuildwithMaven
192,/home/runner/work/javassist/javassist/target/surefire-reports/javassist.JvstTest.txt,-1,505915,-1,Not provided,BuildwithMaven,Not provided
193,/home/runner/work/javassist/javassist/target/runtest/testproxy/BridgeMethod_$$_jvst489_7.class,-1,505213,-1,Not provided,BuildwithMaven,Not provided
194,/home/runner/work/javassist/javassist/target/test-classes/testproxy/sub/TargetSuper.class,-1,448451,-1,Not provided,BuildwithMaven,Not provided
195,/home/runner/work/javassist/javassist/sample/vector/Sample.java,-1,1398,-1,Not provided,uses-checkout,Not provided
196,/home/runner/work/javassist/javassist/sample/rmi/AlertDialog.java,-1,1372,-1,Not provided,uses-checkout,Not provided
197,/home/runner/work/javassist/javassist/sample/reflect/Main.java,-1,1358,-1,Not provided,uses-checkout,Not provided
198,/home/runner/work/javassist/javassist/sample/preproc/Assistant.java,-1,1344,-1,Not provided,uses-checkout,Not provided
199,/home/runner/work/javassist/javassist/sample/evolve/CannotCreateException.java,-1,1280,-1,Not provided,uses-checkout,Not provided
200,/home/runner/work/javassist/javassist/sample/duplicate/Ball.java,-1,1262,-1,Not provided,uses-checkout,Not provided
201,/home/runner/work/javassist/javassist/target/test-classes/annotation/Id.class,-1,448365,-1,Not provided,BuildwithMaven,Not provided
202,/home/runner/work/javassist/javassist/tutorial/brown.css,-1,3744,-1,Not provided,uses-checkout,Not provided
203,/home/runner/work/javassist/javassist/target/test-classes/javassist/compiler/ParseTest.class,-1,446080,-1,Not provided,BuildwithMaven,Not provided
