,file_name,last_access_index,last_modify_index,creation_index,last_access_step,last_modify_step,creation_step
0,/home/runner/work/javassist/javassist/target/javassist-3.29.2-GA.jar,-1,988376,969599,Not provided,BuildwithMaven,BuildwithMaven
1,/home/runner/work/javassist/javassist/target/javassist-3.29.2-GA-sources.jar,-1,993858,989293,Not provided,BuildwithMaven,BuildwithMaven
2,/home/runner/work/javassist/javassist/target/classes/META-INF/MANIFEST.MF,446513,989263,383088,BuildwithMaven,BuildwithMaven,BuildwithMaven
3,/home/runner/work/javassist/javassist/target/runtest/test1/AnnoTest.class,-1,444912,444833,Not provided,BuildwithMaven,BuildwithMaven
4,/home/runner/work/javassist/javassist/target/runtest/test-hibernate.class,-1,445120,445072,Not provided,BuildwithMaven,BuildwithMaven
5,/home/runner/work/javassist/javassist/target/runtest/TooManyConstPoolItems.class,-1,444461,444415,Not provided,BuildwithMaven,BuildwithMaven
6,/home/runner/work/javassist/javassist/target/surefire-reports/TEST-javassist.JvstTest.xml,-1,446127,446120,Not provided,BuildwithMaven,BuildwithMaven
7,/home/runner/work/javassist/javassist/target/maven-status/maven-compiler-plugin/compile/default-compile/createdFiles.lst,-1,4830,4826,Not provided,BuildwithMaven,BuildwithMaven
8,/home/runner/work/javassist/javassist/target/maven-status/maven-compiler-plugin/compile/default-compile/inputFiles.lst,-1,4836,4832,Not provided,BuildwithMaven,BuildwithMaven
9,/home/runner/work/javassist/javassist/tutorial/tutorial2.html,-1,2664,2660,Not provided,uses-checkout,uses-checkout
10,/home/runner/work/javassist/javassist/tutorial/tutorial.html,-1,2658,2654,Not provided,uses-checkout,uses-checkout
11,/home/runner/work/javassist/javassist/target/maven-status/maven-compiler-plugin/testCompile/default-testCompile/createdFiles.lst,-1,389506,389502,Not provided,BuildwithMaven,BuildwithMaven
12,/home/runner/work/javassist/javassist/target/maven-status/maven-compiler-plugin/testCompile/default-testCompile/inputFiles.lst,-1,389512,389508,Not provided,BuildwithMaven,BuildwithMaven
13,/home/runner/work/javassist/javassist/target/runtest/test3/JIRA63.class,-1,392927,392918,Not provided,BuildwithMaven,BuildwithMaven
14,/home/runner/work/javassist/javassist/License.html,-1,1154,1151,Not provided,uses-checkout,uses-checkout
15,/home/runner/work/javassist/javassist/target/test-classes/scoped/UnscopedAnnotationDefaultUsage.class,-1,387675,387673,Not provided,BuildwithMaven,BuildwithMaven
16,/home/runner/work/javassist/javassist/target/test-classes/test4/GetAllRefInnerTest$1.class,-1,387824,387822,Not provided,BuildwithMaven,BuildwithMaven
17,/home/runner/work/javassist/javassist/target/test-classes/test4/GetAllRefInnerTest2.class,-1,387820,387818,Not provided,BuildwithMaven,BuildwithMaven
18,/home/runner/work/javassist/javassist/target/test-classes/test4/GetAllRefInnerTest2$1.class,-1,387816,387814,Not provided,BuildwithMaven,BuildwithMaven
19,/home/runner/work/javassist/javassist/target/test-classes/test5/JIRA246.class,-1,387758,387756,Not provided,BuildwithMaven,BuildwithMaven
20,/home/runner/work/javassist/javassist/target/test-classes/scoped/jar1/ScopedTestAnnotation.class,-1,387462,387460,Not provided,BuildwithMaven,BuildwithMaven
21,/home/runner/work/javassist/javassist/target/test-classes/test3/InnerClass.class,-1,387458,387456,Not provided,BuildwithMaven,BuildwithMaven
22,/home/runner/work/javassist/javassist/target/test-classes/javassist/compiler/CodeTest.class,-1,387651,387649,Not provided,BuildwithMaven,BuildwithMaven
23,/home/runner/work/javassist/javassist/target/test-classes/test1/BenchProceedNew.class,-1,387647,387645,Not provided,BuildwithMaven,BuildwithMaven
24,/home/runner/work/javassist/javassist/target/test-classes/test1/BenchProceedNew3.class,-1,387643,387641,Not provided,BuildwithMaven,BuildwithMaven
25,/home/runner/work/javassist/javassist/target/test-classes/test1/BenchProceedNew2.class,-1,387639,387637,Not provided,BuildwithMaven,BuildwithMaven
26,/home/runner/work/javassist/javassist/target/test-classes/test3/Visible2.class,-1,387607,387605,Not provided,BuildwithMaven,BuildwithMaven
27,/home/runner/work/javassist/javassist/target/test-classes/test4/GetAllRefInnerTest$2.class,-1,387828,387826,Not provided,BuildwithMaven,BuildwithMaven
28,/home/runner/work/javassist/javassist/target/test-classes/test1/StaticField.class,-1,388158,388156,Not provided,BuildwithMaven,BuildwithMaven
29,/home/runner/work/javassist/javassist/target/test-classes/test5/InnerModifier2.class,-1,388242,388240,Not provided,BuildwithMaven,BuildwithMaven
30,/home/runner/work/javassist/javassist/target/test-classes/javassist/Bench.class,-1,388202,388200,Not provided,BuildwithMaven,BuildwithMaven
31,/home/runner/work/javassist/javassist/target/test-classes/javassist/Bench$7.class,-1,388198,388196,Not provided,BuildwithMaven,BuildwithMaven
32,/home/runner/work/javassist/javassist/target/test-classes/javassist/Bench$6.class,-1,388194,388192,Not provided,BuildwithMaven,BuildwithMaven
33,/home/runner/work/javassist/javassist/target/test-classes/javassist/Bench$5.class,-1,388190,388188,Not provided,BuildwithMaven,BuildwithMaven
34,/home/runner/work/javassist/javassist/target/test-classes/javassist/Bench$4.class,-1,388186,388184,Not provided,BuildwithMaven,BuildwithMaven
35,/home/runner/work/javassist/javassist/target/test-classes/javassist/Bench$3.class,-1,388182,388180,Not provided,BuildwithMaven,BuildwithMaven
36,/home/runner/work/javassist/javassist/target/test-classes/javassist/Bench$2.class,-1,388178,388176,Not provided,BuildwithMaven,BuildwithMaven
37,/home/runner/work/javassist/javassist/target/test-classes/javassist/Bench$1.class,-1,388174,388172,Not provided,BuildwithMaven,BuildwithMaven
38,/home/runner/work/javassist/javassist/target/test-classes/scoped/jar1/FullyScopedAnnotationUsage.class,-1,388166,388164,Not provided,BuildwithMaven,BuildwithMaven
39,/home/runner/work/javassist/javassist/target/test-classes/scoped/UnscopedAnnotationUsage.class,-1,387920,387918,Not provided,BuildwithMaven,BuildwithMaven
40,/home/runner/work/javassist/javassist/target/test-classes/scoped/jar1/FullyScopedAnnotationDefaultUsage.class,-1,387916,387914,Not provided,BuildwithMaven,BuildwithMaven
41,/home/runner/work/javassist/javassist/target/test-classes/javassist/ClassPoolBench.class,-1,387960,387958,Not provided,BuildwithMaven,BuildwithMaven
42,/home/runner/work/javassist/javassist/target/test-classes/test1/GetThrow2.class,-1,387338,387336,Not provided,BuildwithMaven,BuildwithMaven
43,/home/runner/work/javassist/javassist/target/test-classes/test2/ReplaceClassName3.class,-1,386768,386766,Not provided,BuildwithMaven,BuildwithMaven
44,/home/runner/work/javassist/javassist/target/test-classes/test2/ReplaceClassName2.class,-1,386764,386762,Not provided,BuildwithMaven,BuildwithMaven
45,/home/runner/work/javassist/javassist/target/runtest/test5/InnerModifier$Static.class,-1,444805,444803,Not provided,BuildwithMaven,BuildwithMaven
46,/home/runner/work/javassist/javassist/target/test-classes/test2/Nested$Inner2.class,-1,386730,386728,Not provided,BuildwithMaven,BuildwithMaven
47,/home/runner/work/javassist/javassist/target/test-classes/test/javassist/bytecode/analysis/DomTreePrinter.class,-1,386882,386880,Not provided,BuildwithMaven,BuildwithMaven
48,/home/runner/work/javassist/javassist/target/test-classes/scoped/TestAnnotation.class,-1,386842,386840,Not provided,BuildwithMaven,BuildwithMaven
49,/home/runner/work/javassist/javassist/target/runtest/test5/InnerModifier$NonStatic.class,-1,444798,444796,Not provided,BuildwithMaven,BuildwithMaven
50,/home/runner/work/javassist/javassist/target/test-classes/testproxy/Target189.class,-1,386722,386720,Not provided,BuildwithMaven,BuildwithMaven
51,/home/runner/work/javassist/javassist/target/test-classes/testproxy/Target127.class,-1,386559,386557,Not provided,BuildwithMaven,BuildwithMaven
52,/home/runner/work/javassist/javassist/target/test-classes/testproxy/Target127$RealSub.class,-1,386555,386553,Not provided,BuildwithMaven,BuildwithMaven
53,/home/runner/work/javassist/javassist/target/runtest/test1/LocalVars2.class,-1,444829,444827,Not provided,BuildwithMaven,BuildwithMaven
54,/home/runner/work/javassist/javassist/target/test-classes/test1/BenchProceed.class,-1,386694,386692,Not provided,BuildwithMaven,BuildwithMaven
55,/home/runner/work/javassist/javassist/target/test-classes/test1/BenchProceed2.class,-1,386690,386688,Not provided,BuildwithMaven,BuildwithMaven
56,/home/runner/work/javassist/javassist/target/test-classes/test1/BenchStaticMethod.class,-1,386686,386684,Not provided,BuildwithMaven,BuildwithMaven
57,/home/runner/work/javassist/javassist/target/test-classes/test3/Enhancer.class,-1,386670,386668,Not provided,BuildwithMaven,BuildwithMaven
58,/home/runner/work/javassist/javassist/target/test-classes/test3/Enhancer$Interceptor.class,-1,386666,386664,Not provided,BuildwithMaven,BuildwithMaven
59,/home/runner/work/javassist/javassist/target/test-classes/test3/Enhancer$1.class,-1,386662,386660,Not provided,BuildwithMaven,BuildwithMaven
60,/home/runner/work/javassist/javassist/target/test-classes/test3/EnhanceTest.class,-1,386655,386653,Not provided,BuildwithMaven,BuildwithMaven
61,/home/runner/work/javassist/javassist/target/runtest/test5/InnerModifier.class,-1,444809,444807,Not provided,BuildwithMaven,BuildwithMaven
62,/home/runner/work/javassist/javassist/target/test-classes/test5/InnerClassRemove$A.class,-1,386930,386928,Not provided,BuildwithMaven,BuildwithMaven
63,/home/runner/work/javassist/javassist/target/test-classes/test3/NewClass2.class,-1,387286,387284,Not provided,BuildwithMaven,BuildwithMaven
64,/home/runner/work/javassist/javassist/target/test-classes/test5/InnerClassRemove$B.class,-1,386934,386932,Not provided,BuildwithMaven,BuildwithMaven
65,/home/runner/work/javassist/javassist/target/test-classes/test/javassist/bytecode/analysis/ErrorFinder.class,-1,387244,387242,Not provided,BuildwithMaven,BuildwithMaven
66,/home/runner/work/javassist/javassist/target/test-classes/test/javassist/bytecode/analysis/AnalyzerTest$Dummy$A2.class,-1,387310,387308,Not provided,BuildwithMaven,BuildwithMaven
67,/home/runner/work/javassist/javassist/target/test-classes/test/javassist/bytecode/analysis/AnalyzerTest$Dummy$A3.class,-1,387314,387312,Not provided,BuildwithMaven,BuildwithMaven
68,/home/runner/work/javassist/javassist/target/test-classes/VisibleTop2.class,-1,387378,387376,Not provided,BuildwithMaven,BuildwithMaven
69,/home/runner/work/javassist/javassist/target/test-classes/test1/GetThrow1.class,-1,387334,387332,Not provided,BuildwithMaven,BuildwithMaven
70,/home/runner/work/javassist/javassist/target/test-classes/javassist/JvstTest4$Inner1.class,-1,387024,387022,Not provided,BuildwithMaven,BuildwithMaven
71,/home/runner/work/javassist/javassist/target/test-classes/test5/InnerClassRemove$C.class,-1,386938,386936,Not provided,BuildwithMaven,BuildwithMaven
72,/home/runner/work/javassist/javassist/target/test-classes/javassist/bytecode/StackMapTest$T8dd.class,-1,387184,387182,Not provided,BuildwithMaven,BuildwithMaven
73,/home/runner/work/javassist/javassist/target/test-classes/javassist/bytecode/StackMapTest$I8d.class,-1,387180,387178,Not provided,BuildwithMaven,BuildwithMaven
74,/home/runner/work/javassist/javassist/target/test-classes/test2/Inner2$Child.class,-1,388254,388252,Not provided,BuildwithMaven,BuildwithMaven
75,/home/runner/work/javassist/javassist/target/runtest/test1/SetName2.class,-1,391757,391755,Not provided,BuildwithMaven,BuildwithMaven
76,/home/runner/work/javassist/javassist/target/runtest/test1/Freeze.class,-1,391708,391706,Not provided,BuildwithMaven,BuildwithMaven
77,/home/runner/work/javassist/javassist/target/runtest/test1/NewInterface2.class,-1,391654,391652,Not provided,BuildwithMaven,BuildwithMaven
78,/home/runner/work/javassist/javassist/target/runtest/test1/NewInterface.class,-1,391650,391648,Not provided,BuildwithMaven,BuildwithMaven
79,/home/runner/work/javassist/javassist/target/runtest/test1/SetName3.class,-1,391761,391759,Not provided,BuildwithMaven,BuildwithMaven
80,/home/runner/work/javassist/javassist/target/runtest/test2/Inner.class,-1,392053,392051,Not provided,BuildwithMaven,BuildwithMaven
81,/home/runner/work/javassist/javassist/target/runtest/test2/Inherit.class,-1,392043,392041,Not provided,BuildwithMaven,BuildwithMaven
82,/home/runner/work/javassist/javassist/target/test-classes/javassist/HotswapTest$Foo.class,-1,389260,389258,Not provided,BuildwithMaven,BuildwithMaven
83,/home/runner/work/javassist/javassist/target/test-classes/test2/StaticArraysMem.class,-1,389240,389238,Not provided,BuildwithMaven,BuildwithMaven
84,/home/runner/work/javassist/javassist/target/test-classes/test1/Point.class,-1,389276,389274,Not provided,BuildwithMaven,BuildwithMaven
85,/home/runner/work/javassist/javassist/target/runtest/test1/MySerializableClass.class,-1,391084,391082,Not provided,BuildwithMaven,BuildwithMaven
86,/home/runner/work/javassist/javassist/target/test-classes/javassist/compiler/LexTest.class,-1,389300,389298,Not provided,BuildwithMaven,BuildwithMaven
87,/home/runner/work/javassist/javassist/target/test-classes/scoped/jar1/ScopedAnnotationUsage.class,-1,389296,389294,Not provided,BuildwithMaven,BuildwithMaven
88,/home/runner/work/javassist/javassist/target/runtest/test4/TestDeadcode.class,-1,393274,393272,Not provided,BuildwithMaven,BuildwithMaven
89,/home/runner/work/javassist/javassist/target/runtest/test4/WrittenFile2sub.class,-1,393220,393218,Not provided,BuildwithMaven,BuildwithMaven
90,/home/runner/work/javassist/javassist/target/runtest/test4/AnnoLoad.class,-1,393159,393157,Not provided,BuildwithMaven,BuildwithMaven
91,/home/runner/work/javassist/javassist/target/runtest/test4/AnnoLoadAnno.class,-1,393152,393150,Not provided,BuildwithMaven,BuildwithMaven
92,/home/runner/work/javassist/javassist/target/runtest/test5/NestHost4$InnerClass1$InnerClass5.class,-1,444329,444327,Not provided,BuildwithMaven,BuildwithMaven
93,/home/runner/work/javassist/javassist/target/runtest/test5/NestHost4$InnerClass1.class,-1,444319,444317,Not provided,BuildwithMaven,BuildwithMaven
94,/home/runner/work/javassist/javassist/target/runtest/test2/SuperInterface3.class,-1,392363,392361,Not provided,BuildwithMaven,BuildwithMaven
95,/home/runner/work/javassist/javassist/target/runtest/test2/NullArgTest.class,-1,392238,392236,Not provided,BuildwithMaven,BuildwithMaven
96,/home/runner/work/javassist/javassist/target/runtest/test2/NewOp.class,-1,392234,392232,Not provided,BuildwithMaven,BuildwithMaven
97,/home/runner/work/javassist/javassist/target/runtest/test2/MethodCall.class,-1,392131,392129,Not provided,BuildwithMaven,BuildwithMaven
98,/home/runner/work/javassist/javassist/target/runtest/test3/StaticFinalField.class,-1,392857,392855,Not provided,BuildwithMaven,BuildwithMaven
99,/home/runner/work/javassist/javassist/target/runtest/test3/Clazz67.class,-1,392728,392726,Not provided,BuildwithMaven,BuildwithMaven
100,/home/runner/work/javassist/javassist/target/runtest/test3/PublicInner$Inner.class,-1,392533,392531,Not provided,BuildwithMaven,BuildwithMaven
101,/home/runner/work/javassist/javassist/target/runtest/test3/PublicInner.class,-1,392529,392527,Not provided,BuildwithMaven,BuildwithMaven
102,/home/runner/work/javassist/javassist/target/test-classes/test5/NestHost2$Bar.class,-1,388266,388264,Not provided,BuildwithMaven,BuildwithMaven
103,/home/runner/work/javassist/javassist/target/test-classes/javassist/ConcurrentClassDefinitionTest.class,-1,388596,388594,Not provided,BuildwithMaven,BuildwithMaven
104,/home/runner/work/javassist/javassist/target/test-classes/javassist/ConcurrentClassDefinitionTest$Worker.class,-1,388592,388590,Not provided,BuildwithMaven,BuildwithMaven
105,/home/runner/work/javassist/javassist/target/test-classes/Jassist150.class,-1,388580,388578,Not provided,BuildwithMaven,BuildwithMaven
106,/home/runner/work/javassist/javassist/target/test-classes/Jassist150$1.class,-1,388576,388574,Not provided,BuildwithMaven,BuildwithMaven
107,/home/runner/work/javassist/javassist/target/test-classes/test/javassist/proxy/ProxySimpleTest$Default4.class,-1,388684,388682,Not provided,BuildwithMaven,BuildwithMaven
108,/home/runner/work/javassist/javassist/target/test-classes/scoped/ScopedRepositoryTestCase.class,-1,388329,388327,Not provided,BuildwithMaven,BuildwithMaven
109,/home/runner/work/javassist/javassist/target/test-classes/test4/JIRA220intf.class,-1,388306,388304,Not provided,BuildwithMaven,BuildwithMaven
110,/home/runner/work/javassist/javassist/target/test-classes/test4/NestedClass$S.class,-1,388282,388280,Not provided,BuildwithMaven,BuildwithMaven
111,/home/runner/work/javassist/javassist/target/test-classes/test4/NestedClass$S$S2.class,-1,388278,388276,Not provided,BuildwithMaven,BuildwithMaven
112,/home/runner/work/javassist/javassist/target/test-classes/test4/NestedClass$N.class,-1,388274,388272,Not provided,BuildwithMaven,BuildwithMaven
113,/home/runner/work/javassist/javassist/target/test-classes/test3/NestedClass$Inner.class,-1,388365,388363,Not provided,BuildwithMaven,BuildwithMaven
114,/home/runner/work/javassist/javassist/target/test-classes/test3/NestedClass$StaticNested.class,-1,388369,388367,Not provided,BuildwithMaven,BuildwithMaven
115,/home/runner/work/javassist/javassist/target/test-classes/test3/NestedClass$1.class,-1,388373,388371,Not provided,BuildwithMaven,BuildwithMaven
116,/home/runner/work/javassist/javassist/target/test-classes/Test.class,-1,388532,388530,Not provided,BuildwithMaven,BuildwithMaven
117,/home/runner/work/javassist/javassist/target/test-classes/InvalidStackMapFrame.class,-1,388528,388526,Not provided,BuildwithMaven,BuildwithMaven
118,/home/runner/work/javassist/javassist/target/test-classes/test4/Signature$Foo.class,-1,388520,388518,Not provided,BuildwithMaven,BuildwithMaven
119,/home/runner/work/javassist/javassist/target/test-classes/test3/PublicInner2$PS.class,-1,388480,388478,Not provided,BuildwithMaven,BuildwithMaven
120,/home/runner/work/javassist/javassist/target/test-classes/test3/NestedClass$1Local.class,-1,388377,388375,Not provided,BuildwithMaven,BuildwithMaven
121,/home/runner/work/javassist/javassist/target/test-classes/test4/JIRA181$B.class,-1,389048,389046,Not provided,BuildwithMaven,BuildwithMaven
122,/home/runner/work/javassist/javassist/target/test-classes/test4/JIRA181$ICondition.class,-1,389044,389042,Not provided,BuildwithMaven,BuildwithMaven
123,/home/runner/work/javassist/javassist/target/test-classes/scoped/jar1/TestClass1.class,-1,389032,389030,Not provided,BuildwithMaven,BuildwithMaven
124,/home/runner/work/javassist/javassist/target/test-classes/javassist/bytecode/CodeAnalyzerTest.class,-1,388982,388980,Not provided,BuildwithMaven,BuildwithMaven
125,/home/runner/work/javassist/javassist/target/test-classes/javassist/tools/reflect/Person.class,-1,389070,389068,Not provided,BuildwithMaven,BuildwithMaven
126,/home/runner/work/javassist/javassist/target/test-classes/test5/NestHost$Bar.class,-1,389164,389162,Not provided,BuildwithMaven,BuildwithMaven
127,/home/runner/work/javassist/javassist/target/test-classes/test4/ImportPac.class,-1,389090,389088,Not provided,BuildwithMaven,BuildwithMaven
128,/home/runner/work/javassist/javassist/target/test-classes/javassist/tools/reflect/ClassMetaobjectTest.class,-1,389086,389084,Not provided,BuildwithMaven,BuildwithMaven
129,/home/runner/work/javassist/javassist/target/test-classes/test4/GetAllRefAnnoC4.class,-1,388966,388964,Not provided,BuildwithMaven,BuildwithMaven
130,/home/runner/work/javassist/javassist/target/test-classes/test4/GetAllRefAnnoC3.class,-1,388962,388960,Not provided,BuildwithMaven,BuildwithMaven
131,/home/runner/work/javassist/javassist/target/test-classes/test4/GetAllRefAnnoC2.class,-1,388958,388956,Not provided,BuildwithMaven,BuildwithMaven
132,/home/runner/work/javassist/javassist/target/test-classes/test5/RemoveAnno2.class,-1,388816,388814,Not provided,BuildwithMaven,BuildwithMaven
133,/home/runner/work/javassist/javassist/target/test-classes/test5/RemoveAnno1.class,-1,388812,388810,Not provided,BuildwithMaven,BuildwithMaven
134,/home/runner/work/javassist/javassist/target/test-classes/test3/PackName2.class,-1,388800,388798,Not provided,BuildwithMaven,BuildwithMaven
135,/home/runner/work/javassist/javassist/target/test-classes/test5/JIRA242.class,-1,388792,388790,Not provided,BuildwithMaven,BuildwithMaven
136,/home/runner/work/javassist/javassist/target/test-classes/test4/GetAllRefAnnoC.class,-1,388954,388952,Not provided,BuildwithMaven,BuildwithMaven
137,/home/runner/work/javassist/javassist/target/test-classes/test4/GetAllRefAnno.class,-1,388950,388948,Not provided,BuildwithMaven,BuildwithMaven
138,/home/runner/work/javassist/javassist/target/test-classes/test4/GetAllRefEnum.class,-1,388946,388944,Not provided,BuildwithMaven,BuildwithMaven
139,/home/runner/work/javassist/javassist/target/test-classes/annotation/Tag.class,-1,388922,388920,Not provided,BuildwithMaven,BuildwithMaven
140,/home/runner/work/javassist/javassist/target/test-classes/annotation/EnumTest.class,-1,388918,388916,Not provided,BuildwithMaven,BuildwithMaven
141,/home/runner/work/javassist/javassist/tutorial/tutorial3.html,-1,2668,2666,Not provided,uses-checkout,uses-checkout
142,/home/runner/work/javassist/javassist/target/runtest/reflected/javassist/tools/reflect/SuperClass.class,-1,445403,445401,Not provided,BuildwithMaven,BuildwithMaven
143,/home/runner/work/javassist/javassist/src/test/javassist/bytecode/Gap0Example.class,-1,1478,1476,Not provided,uses-checkout,uses-checkout
144,/home/runner/work/javassist/javassist/src/test/Readme.txt,-1,1385,1383,Not provided,uses-checkout,uses-checkout
145,/home/runner/work/javassist/javassist/sample/vector/VectorAssistant.java,-1,1371,1369,Not provided,uses-checkout,uses-checkout
146,/home/runner/work/javassist/javassist/sample/vector/Test.j,-1,1367,1365,Not provided,uses-checkout,uses-checkout
147,/home/runner/work/javassist/javassist/sample/vector/Sample2.java,-1,1363,1361,Not provided,uses-checkout,uses-checkout
148,/home/runner/work/javassist/javassist/sample/rmi/webdemo.html,-1,1354,1352,Not provided,uses-checkout,uses-checkout
149,/home/runner/work/javassist/javassist/sample/rmi/start.html,-1,1350,1348,Not provided,uses-checkout,uses-checkout
150,/home/runner/work/javassist/javassist/sample/rmi/inside.gif,-1,1346,1344,Not provided,uses-checkout,uses-checkout
151,/home/runner/work/javassist/javassist/sample/rmi/Counter.java,-1,1342,1340,Not provided,uses-checkout,uses-checkout
152,/home/runner/work/javassist/javassist/target/runtest/javassist/bytecode/Gap0Example2.class,-1,445361,445359,Not provided,BuildwithMaven,BuildwithMaven
153,/home/runner/work/javassist/javassist/target/runtest/javassist/bytecode/StackMapTest$T8d.class,-1,445315,445313,Not provided,BuildwithMaven,BuildwithMaven
154,/home/runner/work/javassist/javassist/target/runtest/javassist/bytecode/Gap0Example.class,-1,445354,445352,Not provided,BuildwithMaven,BuildwithMaven
155,/home/runner/work/javassist/javassist/sample/rmi/CountApplet.java,-1,1338,1336,Not provided,uses-checkout,uses-checkout
156,/home/runner/work/javassist/javassist/sample/reflect/VerboseMetaobj.java,-1,1330,1328,Not provided,uses-checkout,uses-checkout
157,/home/runner/work/javassist/javassist/sample/reflect/Person.java,-1,1326,1324,Not provided,uses-checkout,uses-checkout
158,/home/runner/work/javassist/javassist/.github/workflows/maven.yml,-1,1133,1131,Not provided,uses-checkout,uses-checkout
159,/home/runner/work/javassist/javassist/target/runtest/proxy/test/javassist/proxy/ProxySimpleTest$Default3_$$_jvst489_273d.class,-1,445986,445984,Not provided,BuildwithMaven,BuildwithMaven
160,/home/runner/work/javassist/javassist/target/runtest/testproxy/Target_$$_jvst489_11.class,-1,445627,445625,Not provided,BuildwithMaven,BuildwithMaven
161,/home/runner/work/javassist/javassist/.gitignore,-1,1141,1139,Not provided,uses-checkout,uses-checkout
162,/home/runner/work/javassist/javassist/Changes.md,-1,1145,1143,Not provided,uses-checkout,uses-checkout
163,/home/runner/work/javassist/javassist/Examples.md,-1,1149,1147,Not provided,uses-checkout,uses-checkout
164,/home/runner/work/javassist/javassist/sample/preproc/package.html,-1,1316,1314,Not provided,uses-checkout,uses-checkout
165,/home/runner/work/javassist/javassist/sample/preproc/Compiler.java,-1,1312,1310,Not provided,uses-checkout,uses-checkout
166,/home/runner/work/javassist/javassist/target/runtest/proxy/test/javassist/proxy/ProxySimpleTest$PubProxy_$$_jvst489_2734.class,-1,445893,445891,Not provided,BuildwithMaven,BuildwithMaven
167,/home/runner/work/javassist/javassist/sample/hotswap/Test.java,-1,1297,1295,Not provided,uses-checkout,uses-checkout
168,/home/runner/work/javassist/javassist/target/runtest/proxy/test/javassist/proxy/ProxySimpleTest$Default2_$$_jvst489_273b.class,-1,445964,445962,Not provided,BuildwithMaven,BuildwithMaven
169,/home/runner/work/javassist/javassist/sample/evolve/update.html,-1,1287,1285,Not provided,uses-checkout,uses-checkout
170,/home/runner/work/javassist/javassist/sample/evolve/start.html,-1,1283,1281,Not provided,uses-checkout,uses-checkout
171,/home/runner/work/javassist/javassist/sample/evolve/demo.html,-1,1275,1273,Not provided,uses-checkout,uses-checkout
172,/home/runner/work/javassist/javassist/sample/evolve/WebPage.java,-1,1271,1269,Not provided,uses-checkout,uses-checkout
173,/home/runner/work/javassist/javassist/sample/evolve/VersionManager.java,-1,1267,1265,Not provided,uses-checkout,uses-checkout
174,/home/runner/work/javassist/javassist/sample/evolve/Sample.java,-1,1263,1261,Not provided,uses-checkout,uses-checkout
175,/home/runner/work/javassist/javassist/sample/evolve/Evolution.java,-1,1259,1257,Not provided,uses-checkout,uses-checkout
176,/home/runner/work/javassist/javassist/sample/evolve/DemoServer.java,-1,1255,1253,Not provided,uses-checkout,uses-checkout
177,/home/runner/work/javassist/javassist/sample/evolve/DemoLoader.java,-1,1251,1249,Not provided,uses-checkout,uses-checkout
178,/home/runner/work/javassist/javassist/sample/evolve/CannotUpdateException.java,-1,1247,1245,Not provided,uses-checkout,uses-checkout
179,/home/runner/work/javassist/javassist/sample/duplicate/Viewer.java,-1,1238,1236,Not provided,uses-checkout,uses-checkout
180,/home/runner/work/javassist/javassist/sample/duplicate/Main.java,-1,1234,1232,Not provided,uses-checkout,uses-checkout
181,/home/runner/work/javassist/javassist/sample/duplicate/DuplicatedObject.java,-1,1230,1228,Not provided,uses-checkout,uses-checkout
182,/home/runner/work/javassist/javassist/build.xml,-1,1162,1160,Not provided,uses-checkout,uses-checkout
183,/home/runner/work/javassist/javassist/README.md,-1,1158,1156,Not provided,uses-checkout,uses-checkout
184,/home/runner/work/javassist/javassist/target/test-classes/Readme.txt,-1,384231,384228,Not provided,BuildwithMaven,BuildwithMaven
185,/home/runner/work/javassist/javassist/target/test-classes/test3/NewExprTryCatch2.class,-1,386411,386409,Not provided,BuildwithMaven,BuildwithMaven
186,/home/runner/work/javassist/javassist/target/runtest/javassist/bytecode/StackMapTest$C6.class,-1,445070,445068,Not provided,BuildwithMaven,BuildwithMaven
187,/home/runner/work/javassist/javassist/target/runtest/testproxy/BridgeMethod_$$_jvst489_7.class,-1,445502,-1,Not provided,BuildwithMaven,Not provided
188,/home/runner/work/javassist/javassist/target/runtest/proxy/javassist/util/proxy/test_javassist_proxy_ProxySimpleTest$PubProxy2_$$_jvst489_273c.class,-1,445976,-1,Not provided,BuildwithMaven,Not provided
189,/home/runner/work/javassist/javassist/target/surefire-reports/javassist.JvstTest.txt,-1,446118,-1,Not provided,BuildwithMaven,Not provided
190,/home/runner/work/javassist/javassist/target/test-classes/testproxy/sub/TargetSuper.class,-1,389000,-1,Not provided,BuildwithMaven,Not provided
191,/home/runner/work/javassist/javassist/sample/reflect/Main.java,-1,1322,-1,Not provided,uses-checkout,Not provided
192,/home/runner/work/javassist/javassist/sample/preproc/Assistant.java,-1,1308,-1,Not provided,uses-checkout,Not provided
193,/home/runner/work/javassist/javassist/sample/hotswap/HelloWorld.java,-1,1293,-1,Not provided,uses-checkout,Not provided
194,/home/runner/work/javassist/javassist/sample/Test.java,-1,1221,-1,Not provided,uses-checkout,Not provided
195,/home/runner/work/javassist/javassist/tutorial/brown.css,-1,2652,-1,Not provided,uses-checkout,Not provided
196,/home/runner/work/javassist/javassist/target/test-classes/annotation/Id.class,-1,388914,-1,Not provided,BuildwithMaven,Not provided
197,/home/runner/work/javassist/javassist/target/test-classes/scoped/jar1/ScopedAnnotationDefaultUsage.class,-1,386838,-1,Not provided,BuildwithMaven,Not provided
198,/home/runner/work/javassist/javassist/target/test-classes/test/javassist/convert/InstrumentationTarget$Itr.class,-1,386756,-1,Not provided,BuildwithMaven,Not provided
199,/home/runner/work/javassist/javassist/target/test-classes/javassist/compiler/ParseTest.class,-1,386631,-1,Not provided,BuildwithMaven,Not provided
200,/home/runner/work/javassist/javassist/target/test-classes/test1/RenameClass2.class,-1,386441,-1,Not provided,BuildwithMaven,Not provided
201,/home/runner/work/javassist/javassist/target/test-classes/test/javassist/bytecode/analysis/ScannerTest.class,-1,386407,-1,Not provided,BuildwithMaven,Not provided
