,file_name,last_access_index,last_modify_index,creation_index,last_access_step,last_modify_step,creation_step
0,/home/runner/work/javassist/javassist/target/javassist-3.29.2-GA.jar,-1,964834,941936,Not provided,BuildwithMaven,BuildwithMaven
1,/home/runner/work/javassist/javassist/target/javassist-3.29.2-GA-sources.jar,-1,974133,965923,Not provided,BuildwithMaven,BuildwithMaven
2,/home/runner/work/javassist/javassist/target/classes/META-INF/MANIFEST.MF,441867,965761,-1,BuildwithMaven,BuildwithMaven,Not provided
3,/home/runner/work/javassist/javassist/target/runtest/test1/AnnoTest.class,-1,439738,439603,Not provided,BuildwithMaven,BuildwithMaven
4,/home/runner/work/javassist/javassist/target/runtest/test-hibernate.class,-1,440032,439934,Not provided,BuildwithMaven,BuildwithMaven
5,/home/runner/work/javassist/javassist/target/runtest/TooManyConstPoolItems.class,-1,439231,439188,Not provided,BuildwithMaven,BuildwithMaven
6,/home/runner/work/javassist/javassist/target/surefire-reports/TEST-javassist.JvstTest.xml,-1,441217,441210,Not provided,BuildwithMaven,BuildwithMaven
7,/home/runner/work/javassist/javassist/tutorial/tutorial.html,-1,3593,3589,Not provided,uses-checkout,uses-checkout
8,/home/runner/work/javassist/javassist/target/runtest/test3/JIRA63.class,-1,403409,403400,Not provided,BuildwithMaven,BuildwithMaven
9,/home/runner/work/javassist/javassist/target/maven-status/maven-compiler-plugin/compile/default-compile/inputFiles.lst,-1,6848,6844,Not provided,BuildwithMaven,BuildwithMaven
10,/home/runner/work/javassist/javassist/tutorial/tutorial2.html,-1,3599,3595,Not provided,uses-checkout,uses-checkout
11,/home/runner/work/javassist/javassist/target/maven-status/maven-compiler-plugin/compile/default-compile/createdFiles.lst,-1,6842,6838,Not provided,BuildwithMaven,BuildwithMaven
12,/home/runner/work/javassist/javassist/target/maven-status/maven-compiler-plugin/testCompile/default-testCompile/inputFiles.lst,-1,400180,400176,Not provided,BuildwithMaven,BuildwithMaven
13,/home/runner/work/javassist/javassist/target/runtest/test3/Clazz67.class,-1,403210,403206,Not provided,BuildwithMaven,BuildwithMaven
14,/home/runner/work/javassist/javassist/target/maven-status/maven-compiler-plugin/testCompile/default-testCompile/createdFiles.lst,-1,400174,400170,Not provided,BuildwithMaven,BuildwithMaven
15,/home/runner/work/javassist/javassist/License.html,-1,1196,1193,Not provided,uses-checkout,uses-checkout
16,/home/runner/work/javassist/javassist/target/test-classes/scoped/jar1/ScopedTestAnnotation.class,-1,398128,398126,Not provided,BuildwithMaven,BuildwithMaven
17,/home/runner/work/javassist/javassist/target/test-classes/test3/InnerClass.class,-1,398124,398122,Not provided,BuildwithMaven,BuildwithMaven
18,/home/runner/work/javassist/javassist/target/test-classes/test/javassist/bytecode/analysis/ErrorFinder.class,-1,397908,397906,Not provided,BuildwithMaven,BuildwithMaven
19,/home/runner/work/javassist/javassist/target/test-classes/javassist/bytecode/StackMapTest$T8dd.class,-1,397844,397842,Not provided,BuildwithMaven,BuildwithMaven
20,/home/runner/work/javassist/javassist/target/test-classes/test3/NewClass2.class,-1,397952,397950,Not provided,BuildwithMaven,BuildwithMaven
21,/home/runner/work/javassist/javassist/target/test-classes/VisibleTop2.class,-1,398044,398042,Not provided,BuildwithMaven,BuildwithMaven
22,/home/runner/work/javassist/javassist/target/test-classes/test1/GetThrow2.class,-1,398004,398002,Not provided,BuildwithMaven,BuildwithMaven
23,/home/runner/work/javassist/javassist/target/test-classes/test1/GetThrow1.class,-1,398000,397998,Not provided,BuildwithMaven,BuildwithMaven
24,/home/runner/work/javassist/javassist/target/test-classes/test/javassist/bytecode/analysis/AnalyzerTest$Dummy$A3.class,-1,397980,397978,Not provided,BuildwithMaven,BuildwithMaven
25,/home/runner/work/javassist/javassist/target/test-classes/test/javassist/bytecode/analysis/AnalyzerTest$Dummy$A2.class,-1,397976,397974,Not provided,BuildwithMaven,BuildwithMaven
26,/home/runner/work/javassist/javassist/target/test-classes/javassist/ClassPoolBench.class,-1,398606,398604,Not provided,BuildwithMaven,BuildwithMaven
27,/home/runner/work/javassist/javassist/target/test-classes/scoped/jar1/FullyScopedAnnotationDefaultUsage.class,-1,398602,398600,Not provided,BuildwithMaven,BuildwithMaven
28,/home/runner/work/javassist/javassist/target/test-classes/scoped/UnscopedAnnotationUsage.class,-1,398598,398596,Not provided,BuildwithMaven,BuildwithMaven
29,/home/runner/work/javassist/javassist/target/test-classes/scoped/UnscopedAnnotationDefaultUsage.class,-1,398341,398339,Not provided,BuildwithMaven,BuildwithMaven
30,/home/runner/work/javassist/javassist/target/test-classes/test1/BenchProceedNew.class,-1,398317,398315,Not provided,BuildwithMaven,BuildwithMaven
31,/home/runner/work/javassist/javassist/target/test-classes/test4/GetAllRefInnerTest$2.class,-1,398498,398496,Not provided,BuildwithMaven,BuildwithMaven
32,/home/runner/work/javassist/javassist/target/test-classes/test1/BenchProceedNew3.class,-1,398313,398311,Not provided,BuildwithMaven,BuildwithMaven
33,/home/runner/work/javassist/javassist/target/test-classes/test1/BenchProceedNew2.class,-1,398309,398307,Not provided,BuildwithMaven,BuildwithMaven
34,/home/runner/work/javassist/javassist/target/test-classes/javassist/compiler/CodeTest.class,-1,398301,398299,Not provided,BuildwithMaven,BuildwithMaven
35,/home/runner/work/javassist/javassist/target/test-classes/test3/Visible2.class,-1,398273,398271,Not provided,BuildwithMaven,BuildwithMaven
36,/home/runner/work/javassist/javassist/target/test-classes/test4/GetAllRefInnerTest$1.class,-1,398494,398492,Not provided,BuildwithMaven,BuildwithMaven
37,/home/runner/work/javassist/javassist/target/test-classes/test4/GetAllRefInnerTest2.class,-1,398490,398488,Not provided,BuildwithMaven,BuildwithMaven
38,/home/runner/work/javassist/javassist/target/test-classes/test4/GetAllRefInnerTest2$1.class,-1,398486,398484,Not provided,BuildwithMaven,BuildwithMaven
39,/home/runner/work/javassist/javassist/target/test-classes/test5/JIRA246.class,-1,398424,398422,Not provided,BuildwithMaven,BuildwithMaven
40,/home/runner/work/javassist/javassist/target/test-classes/javassist/bytecode/StackMapTest$I8d.class,-1,397840,397838,Not provided,BuildwithMaven,BuildwithMaven
41,/home/runner/work/javassist/javassist/target/test-classes/test1/RenameClass2.class,-1,397085,397083,Not provided,BuildwithMaven,BuildwithMaven
42,/home/runner/work/javassist/javassist/target/test-classes/test3/NewExprTryCatch2.class,-1,397053,397051,Not provided,BuildwithMaven,BuildwithMaven
43,/home/runner/work/javassist/javassist/target/test-classes/test/javassist/bytecode/analysis/ScannerTest.class,-1,397049,397047,Not provided,BuildwithMaven,BuildwithMaven
44,/home/runner/work/javassist/javassist/target/test-classes/testproxy/Target127.class,-1,397211,397209,Not provided,BuildwithMaven,BuildwithMaven
45,/home/runner/work/javassist/javassist/target/test-classes/testproxy/Target127$RealSub.class,-1,397207,397205,Not provided,BuildwithMaven,BuildwithMaven
46,/home/runner/work/javassist/javassist/target/test-classes/Readme.txt,-1,394843,394840,Not provided,BuildwithMaven,BuildwithMaven
47,/home/runner/work/javassist/javassist/target/test-classes/javassist/compiler/ParseTest.class,-1,397285,397283,Not provided,BuildwithMaven,BuildwithMaven
48,/home/runner/work/javassist/javassist/target/test-classes/javassist/JvstTest4$Inner1.class,-1,397682,397680,Not provided,BuildwithMaven,BuildwithMaven
49,/home/runner/work/javassist/javassist/target/test-classes/test5/InnerClassRemove$C.class,-1,397600,397598,Not provided,BuildwithMaven,BuildwithMaven
50,/home/runner/work/javassist/javassist/target/test-classes/test5/InnerClassRemove$B.class,-1,397596,397594,Not provided,BuildwithMaven,BuildwithMaven
51,/home/runner/work/javassist/javassist/target/test-classes/test5/InnerClassRemove$A.class,-1,397592,397590,Not provided,BuildwithMaven,BuildwithMaven
52,/home/runner/work/javassist/javassist/target/test-classes/test/javassist/bytecode/analysis/DomTreePrinter.class,-1,397544,397542,Not provided,BuildwithMaven,BuildwithMaven
53,/home/runner/work/javassist/javassist/target/test-classes/test2/Nested$Inner2.class,-1,397384,397382,Not provided,BuildwithMaven,BuildwithMaven
54,/home/runner/work/javassist/javassist/target/test-classes/test1/BenchProceed.class,-1,397376,397374,Not provided,BuildwithMaven,BuildwithMaven
55,/home/runner/work/javassist/javassist/target/test-classes/test1/BenchProceed2.class,-1,397372,397370,Not provided,BuildwithMaven,BuildwithMaven
56,/home/runner/work/javassist/javassist/target/test-classes/testproxy/Target189.class,-1,397368,397366,Not provided,BuildwithMaven,BuildwithMaven
57,/home/runner/work/javassist/javassist/target/test-classes/test1/BenchStaticMethod.class,-1,397340,397338,Not provided,BuildwithMaven,BuildwithMaven
58,/home/runner/work/javassist/javassist/target/test-classes/test3/Enhancer.class,-1,397324,397322,Not provided,BuildwithMaven,BuildwithMaven
59,/home/runner/work/javassist/javassist/target/test-classes/test3/Enhancer$Interceptor.class,-1,397320,397318,Not provided,BuildwithMaven,BuildwithMaven
60,/home/runner/work/javassist/javassist/target/test-classes/test3/Enhancer$1.class,-1,397316,397314,Not provided,BuildwithMaven,BuildwithMaven
61,/home/runner/work/javassist/javassist/target/test-classes/test3/EnhanceTest.class,-1,397309,397307,Not provided,BuildwithMaven,BuildwithMaven
62,/home/runner/work/javassist/javassist/target/test-classes/test/javassist/convert/InstrumentationTarget$Itr.class,-1,397412,397410,Not provided,BuildwithMaven,BuildwithMaven
63,/home/runner/work/javassist/javassist/target/test-classes/scoped/TestAnnotation.class,-1,397504,397502,Not provided,BuildwithMaven,BuildwithMaven
64,/home/runner/work/javassist/javassist/target/test-classes/scoped/jar1/ScopedAnnotationDefaultUsage.class,-1,397500,397498,Not provided,BuildwithMaven,BuildwithMaven
65,/home/runner/work/javassist/javassist/target/test-classes/test2/ReplaceClassName3.class,-1,397424,397422,Not provided,BuildwithMaven,BuildwithMaven
66,/home/runner/work/javassist/javassist/target/test-classes/test2/ReplaceClassName2.class,-1,397420,397418,Not provided,BuildwithMaven,BuildwithMaven
67,/home/runner/work/javassist/javassist/target/runtest/test1/SetName3.class,-1,402205,402203,Not provided,BuildwithMaven,BuildwithMaven
68,/home/runner/work/javassist/javassist/target/runtest/test1/SetName2.class,-1,402201,402199,Not provided,BuildwithMaven,BuildwithMaven
69,/home/runner/work/javassist/javassist/target/runtest/test1/Freeze.class,-1,402152,402150,Not provided,BuildwithMaven,BuildwithMaven
70,/home/runner/work/javassist/javassist/target/runtest/test1/NewInterface2.class,-1,402098,402096,Not provided,BuildwithMaven,BuildwithMaven
71,/home/runner/work/javassist/javassist/target/runtest/test1/NewInterface.class,-1,402094,402092,Not provided,BuildwithMaven,BuildwithMaven
72,/home/runner/work/javassist/javassist/target/runtest/test1/MySerializableClass.class,-1,401532,401530,Not provided,BuildwithMaven,BuildwithMaven
73,/home/runner/work/javassist/javassist/target/test-classes/test5/NestHost$Bar.class,-1,399832,399830,Not provided,BuildwithMaven,BuildwithMaven
74,/home/runner/work/javassist/javassist/target/test-classes/javassist/compiler/LexTest.class,-1,399968,399966,Not provided,BuildwithMaven,BuildwithMaven
75,/home/runner/work/javassist/javassist/target/test-classes/scoped/jar1/ScopedAnnotationUsage.class,-1,399964,399962,Not provided,BuildwithMaven,BuildwithMaven
76,/home/runner/work/javassist/javassist/target/test-classes/test1/Point.class,-1,399944,399942,Not provided,BuildwithMaven,BuildwithMaven
77,/home/runner/work/javassist/javassist/target/test-classes/javassist/HotswapTest$Foo.class,-1,399928,399926,Not provided,BuildwithMaven,BuildwithMaven
78,/home/runner/work/javassist/javassist/target/test-classes/test2/StaticArraysMem.class,-1,399920,399918,Not provided,BuildwithMaven,BuildwithMaven
79,/home/runner/work/javassist/javassist/target/runtest/test4/TestDeadcode.class,-1,403751,403749,Not provided,BuildwithMaven,BuildwithMaven
80,/home/runner/work/javassist/javassist/target/runtest/test4/WrittenFile2sub.class,-1,403698,403696,Not provided,BuildwithMaven,BuildwithMaven
81,/home/runner/work/javassist/javassist/target/runtest/test4/AnnoLoad.class,-1,403637,403635,Not provided,BuildwithMaven,BuildwithMaven
82,/home/runner/work/javassist/javassist/target/runtest/test4/AnnoLoadAnno.class,-1,403630,403628,Not provided,BuildwithMaven,BuildwithMaven
83,/home/runner/work/javassist/javassist/target/runtest/test5/NestHost4$InnerClass1$InnerClass5.class,-1,439102,439100,Not provided,BuildwithMaven,BuildwithMaven
84,/home/runner/work/javassist/javassist/target/runtest/test2/NullArgTest.class,-1,402691,402689,Not provided,BuildwithMaven,BuildwithMaven
85,/home/runner/work/javassist/javassist/target/runtest/test2/NewOp.class,-1,402687,402685,Not provided,BuildwithMaven,BuildwithMaven
86,/home/runner/work/javassist/javassist/target/runtest/test2/MethodCall.class,-1,402583,402581,Not provided,BuildwithMaven,BuildwithMaven
87,/home/runner/work/javassist/javassist/target/runtest/test2/Inner.class,-1,402502,402500,Not provided,BuildwithMaven,BuildwithMaven
88,/home/runner/work/javassist/javassist/target/runtest/test2/Inherit.class,-1,402492,402490,Not provided,BuildwithMaven,BuildwithMaven
89,/home/runner/work/javassist/javassist/target/runtest/test3/StaticFinalField.class,-1,403338,403336,Not provided,BuildwithMaven,BuildwithMaven
90,/home/runner/work/javassist/javassist/target/runtest/test3/PublicInner$Inner.class,-1,402991,402989,Not provided,BuildwithMaven,BuildwithMaven
91,/home/runner/work/javassist/javassist/target/runtest/test3/PublicInner.class,-1,402987,402985,Not provided,BuildwithMaven,BuildwithMaven
92,/home/runner/work/javassist/javassist/target/runtest/test2/SuperInterface3.class,-1,402816,402814,Not provided,BuildwithMaven,BuildwithMaven
93,/home/runner/work/javassist/javassist/target/test-classes/test4/ImportPac.class,-1,399758,399756,Not provided,BuildwithMaven,BuildwithMaven
94,/home/runner/work/javassist/javassist/target/test-classes/javassist/tools/reflect/ClassMetaobjectTest.class,-1,399754,399752,Not provided,BuildwithMaven,BuildwithMaven
95,/home/runner/work/javassist/javassist/target/test-classes/test3/PublicInner2$PS.class,-1,399144,399142,Not provided,BuildwithMaven,BuildwithMaven
96,/home/runner/work/javassist/javassist/target/test-classes/test3/NestedClass$1Local.class,-1,399041,399039,Not provided,BuildwithMaven,BuildwithMaven
97,/home/runner/work/javassist/javassist/target/test-classes/test3/NestedClass$1.class,-1,399037,399035,Not provided,BuildwithMaven,BuildwithMaven
98,/home/runner/work/javassist/javassist/target/test-classes/test3/NestedClass$StaticNested.class,-1,399033,399031,Not provided,BuildwithMaven,BuildwithMaven
99,/home/runner/work/javassist/javassist/target/test-classes/test3/NestedClass$Inner.class,-1,399029,399027,Not provided,BuildwithMaven,BuildwithMaven
100,/home/runner/work/javassist/javassist/target/test-classes/scoped/ScopedRepositoryTestCase.class,-1,398993,398991,Not provided,BuildwithMaven,BuildwithMaven
101,/home/runner/work/javassist/javassist/target/test-classes/javassist/ConcurrentClassDefinitionTest.class,-1,399260,399258,Not provided,BuildwithMaven,BuildwithMaven
102,/home/runner/work/javassist/javassist/target/test-classes/javassist/ConcurrentClassDefinitionTest$Worker.class,-1,399256,399254,Not provided,BuildwithMaven,BuildwithMaven
103,/home/runner/work/javassist/javassist/target/test-classes/Jassist150.class,-1,399244,399242,Not provided,BuildwithMaven,BuildwithMaven
104,/home/runner/work/javassist/javassist/target/test-classes/Jassist150$1.class,-1,399240,399238,Not provided,BuildwithMaven,BuildwithMaven
105,/home/runner/work/javassist/javassist/target/test-classes/test4/Signature$Foo.class,-1,399192,399190,Not provided,BuildwithMaven,BuildwithMaven
106,/home/runner/work/javassist/javassist/target/test-classes/Test.class,-1,399188,399186,Not provided,BuildwithMaven,BuildwithMaven
107,/home/runner/work/javassist/javassist/target/test-classes/InvalidStackMapFrame.class,-1,399184,399182,Not provided,BuildwithMaven,BuildwithMaven
108,/home/runner/work/javassist/javassist/target/test-classes/javassist/Bench$5.class,-1,398854,398852,Not provided,BuildwithMaven,BuildwithMaven
109,/home/runner/work/javassist/javassist/target/test-classes/javassist/Bench$4.class,-1,398850,398848,Not provided,BuildwithMaven,BuildwithMaven
110,/home/runner/work/javassist/javassist/target/test-classes/javassist/Bench$3.class,-1,398846,398844,Not provided,BuildwithMaven,BuildwithMaven
111,/home/runner/work/javassist/javassist/target/test-classes/javassist/Bench$2.class,-1,398842,398840,Not provided,BuildwithMaven,BuildwithMaven
112,/home/runner/work/javassist/javassist/target/test-classes/javassist/Bench$1.class,-1,398838,398836,Not provided,BuildwithMaven,BuildwithMaven
113,/home/runner/work/javassist/javassist/target/test-classes/scoped/jar1/FullyScopedAnnotationUsage.class,-1,398830,398828,Not provided,BuildwithMaven,BuildwithMaven
114,/home/runner/work/javassist/javassist/target/test-classes/test1/StaticField.class,-1,398826,398824,Not provided,BuildwithMaven,BuildwithMaven
115,/home/runner/work/javassist/javassist/target/test-classes/javassist/Bench$7.class,-1,398862,398860,Not provided,BuildwithMaven,BuildwithMaven
116,/home/runner/work/javassist/javassist/target/runtest/test5/InnerModifier$NonStatic.class,-1,439568,439566,Not provided,BuildwithMaven,BuildwithMaven
117,/home/runner/work/javassist/javassist/target/test-classes/javassist/Bench$6.class,-1,398858,398856,Not provided,BuildwithMaven,BuildwithMaven
118,/home/runner/work/javassist/javassist/target/test-classes/javassist/Bench.class,-1,398866,398864,Not provided,BuildwithMaven,BuildwithMaven
119,/home/runner/work/javassist/javassist/target/test-classes/test4/JIRA220intf.class,-1,398970,398968,Not provided,BuildwithMaven,BuildwithMaven
120,/home/runner/work/javassist/javassist/target/test-classes/test4/NestedClass$S.class,-1,398946,398944,Not provided,BuildwithMaven,BuildwithMaven
121,/home/runner/work/javassist/javassist/target/test-classes/test4/NestedClass$S$S2.class,-1,398942,398940,Not provided,BuildwithMaven,BuildwithMaven
122,/home/runner/work/javassist/javassist/target/test-classes/test4/NestedClass$N.class,-1,398938,398936,Not provided,BuildwithMaven,BuildwithMaven
123,/home/runner/work/javassist/javassist/target/test-classes/test5/NestHost2$Bar.class,-1,398930,398928,Not provided,BuildwithMaven,BuildwithMaven
124,/home/runner/work/javassist/javassist/target/test-classes/test2/Inner2$Child.class,-1,398918,398916,Not provided,BuildwithMaven,BuildwithMaven
125,/home/runner/work/javassist/javassist/target/test-classes/test5/InnerModifier2.class,-1,398910,398908,Not provided,BuildwithMaven,BuildwithMaven
126,/home/runner/work/javassist/javassist/target/test-classes/annotation/Id.class,-1,399580,399578,Not provided,BuildwithMaven,BuildwithMaven
127,/home/runner/work/javassist/javassist/target/test-classes/test4/GetAllRefAnnoC2.class,-1,399624,399622,Not provided,BuildwithMaven,BuildwithMaven
128,/home/runner/work/javassist/javassist/target/test-classes/test4/GetAllRefAnnoC.class,-1,399620,399618,Not provided,BuildwithMaven,BuildwithMaven
129,/home/runner/work/javassist/javassist/target/test-classes/test4/GetAllRefAnno.class,-1,399616,399614,Not provided,BuildwithMaven,BuildwithMaven
130,/home/runner/work/javassist/javassist/target/test-classes/test4/GetAllRefEnum.class,-1,399612,399610,Not provided,BuildwithMaven,BuildwithMaven
131,/home/runner/work/javassist/javassist/target/test-classes/annotation/Tag.class,-1,399588,399586,Not provided,BuildwithMaven,BuildwithMaven
132,/home/runner/work/javassist/javassist/target/test-classes/annotation/EnumTest.class,-1,399584,399582,Not provided,BuildwithMaven,BuildwithMaven
133,/home/runner/work/javassist/javassist/target/test-classes/test4/GetAllRefAnnoC4.class,-1,399632,399630,Not provided,BuildwithMaven,BuildwithMaven
134,/home/runner/work/javassist/javassist/target/test-classes/test4/GetAllRefAnnoC3.class,-1,399628,399626,Not provided,BuildwithMaven,BuildwithMaven
135,/home/runner/work/javassist/javassist/target/test-classes/javassist/tools/reflect/Person.class,-1,399738,399736,Not provided,BuildwithMaven,BuildwithMaven
136,/home/runner/work/javassist/javassist/target/test-classes/test4/JIRA181$B.class,-1,399724,399722,Not provided,BuildwithMaven,BuildwithMaven
137,/home/runner/work/javassist/javassist/target/test-classes/test4/JIRA181$ICondition.class,-1,399720,399718,Not provided,BuildwithMaven,BuildwithMaven
138,/home/runner/work/javassist/javassist/target/test-classes/scoped/jar1/TestClass1.class,-1,399700,399698,Not provided,BuildwithMaven,BuildwithMaven
139,/home/runner/work/javassist/javassist/target/test-classes/testproxy/sub/TargetSuper.class,-1,399668,399666,Not provided,BuildwithMaven,BuildwithMaven
140,/home/runner/work/javassist/javassist/target/test-classes/javassist/bytecode/CodeAnalyzerTest.class,-1,399648,399646,Not provided,BuildwithMaven,BuildwithMaven
141,/home/runner/work/javassist/javassist/target/test-classes/test/javassist/proxy/ProxySimpleTest$Default4.class,-1,399348,399346,Not provided,BuildwithMaven,BuildwithMaven
142,/home/runner/work/javassist/javassist/target/test-classes/test5/RemoveAnno2.class,-1,399480,399478,Not provided,BuildwithMaven,BuildwithMaven
143,/home/runner/work/javassist/javassist/target/test-classes/test5/RemoveAnno1.class,-1,399476,399474,Not provided,BuildwithMaven,BuildwithMaven
144,/home/runner/work/javassist/javassist/target/test-classes/test3/PackName2.class,-1,399460,399458,Not provided,BuildwithMaven,BuildwithMaven
145,/home/runner/work/javassist/javassist/target/test-classes/test5/JIRA242.class,-1,399456,399454,Not provided,BuildwithMaven,BuildwithMaven
146,/home/runner/work/javassist/javassist/target/runtest/javassist/bytecode/StackMapTest$C6.class,-1,439932,439930,Not provided,BuildwithMaven,BuildwithMaven
147,/home/runner/work/javassist/javassist/src/test/javassist/bytecode/Gap0Example.class,-1,2542,2540,Not provided,uses-checkout,uses-checkout
148,/home/runner/work/javassist/javassist/src/test/Readme.txt,-1,2448,2446,Not provided,uses-checkout,uses-checkout
149,/home/runner/work/javassist/javassist/sample/rmi/start.html,-1,1396,1394,Not provided,uses-checkout,uses-checkout
150,/home/runner/work/javassist/javassist/target/runtest/reflected/javassist/tools/reflect/SuperClass.class,-1,440332,440330,Not provided,BuildwithMaven,BuildwithMaven
151,/home/runner/work/javassist/javassist/target/runtest/testproxy/BridgeMethod_$$_jvstdc_7.class,-1,440447,440445,Not provided,BuildwithMaven,BuildwithMaven
152,/home/runner/work/javassist/javassist/sample/vector/VectorAssistant.java,-1,1418,1416,Not provided,uses-checkout,uses-checkout
153,/home/runner/work/javassist/javassist/sample/vector/Test.j,-1,1414,1412,Not provided,uses-checkout,uses-checkout
154,/home/runner/work/javassist/javassist/sample/vector/Sample2.java,-1,1410,1408,Not provided,uses-checkout,uses-checkout
155,/home/runner/work/javassist/javassist/target/runtest/javassist/bytecode/Gap0Example2.class,-1,440273,440271,Not provided,BuildwithMaven,BuildwithMaven
156,/home/runner/work/javassist/javassist/sample/rmi/webdemo.html,-1,1400,1398,Not provided,uses-checkout,uses-checkout
157,/home/runner/work/javassist/javassist/sample/rmi/inside.gif,-1,1392,1390,Not provided,uses-checkout,uses-checkout
158,/home/runner/work/javassist/javassist/sample/rmi/Counter.java,-1,1388,1386,Not provided,uses-checkout,uses-checkout
159,/home/runner/work/javassist/javassist/Examples.md,-1,1191,1189,Not provided,uses-checkout,uses-checkout
160,/home/runner/work/javassist/javassist/Changes.md,-1,1187,1185,Not provided,uses-checkout,uses-checkout
161,/home/runner/work/javassist/javassist/.gitignore,-1,1183,1181,Not provided,uses-checkout,uses-checkout
162,/home/runner/work/javassist/javassist/.github/workflows/maven.yml,-1,1175,1173,Not provided,uses-checkout,uses-checkout
163,/home/runner/work/javassist/javassist/README.md,-1,1200,1198,Not provided,uses-checkout,uses-checkout
164,/home/runner/work/javassist/javassist/build.xml,-1,1204,1202,Not provided,uses-checkout,uses-checkout
165,/home/runner/work/javassist/javassist/sample/evolve/demo.html,-1,1322,1320,Not provided,uses-checkout,uses-checkout
166,/home/runner/work/javassist/javassist/sample/rmi/CountApplet.java,-1,1384,1382,Not provided,uses-checkout,uses-checkout
167,/home/runner/work/javassist/javassist/target/runtest/testproxy/Target_$$_jvstdc_11.class,-1,440602,440600,Not provided,BuildwithMaven,BuildwithMaven
168,/home/runner/work/javassist/javassist/sample/reflect/VerboseMetaobj.java,-1,1374,1372,Not provided,uses-checkout,uses-checkout
169,/home/runner/work/javassist/javassist/sample/reflect/Person.java,-1,1370,1368,Not provided,uses-checkout,uses-checkout
170,/home/runner/work/javassist/javassist/target/runtest/proxy/test/javassist/proxy/ProxySimpleTest$Foo_$$_jvstdc_2733.class,-1,440881,440879,Not provided,BuildwithMaven,BuildwithMaven
171,/home/runner/work/javassist/javassist/sample/preproc/package.html,-1,1360,1358,Not provided,uses-checkout,uses-checkout
172,/home/runner/work/javassist/javassist/sample/preproc/Compiler.java,-1,1356,1354,Not provided,uses-checkout,uses-checkout
173,/home/runner/work/javassist/javassist/target/runtest/proxy/test/javassist/proxy/ProxySimpleTest$PubProxy_$$_jvstdc_2734.class,-1,440893,440891,Not provided,BuildwithMaven,BuildwithMaven
174,/home/runner/work/javassist/javassist/sample/hotswap/Test.java,-1,1342,1340,Not provided,uses-checkout,uses-checkout
175,/home/runner/work/javassist/javassist/sample/evolve/update.html,-1,1334,1332,Not provided,uses-checkout,uses-checkout
176,/home/runner/work/javassist/javassist/sample/evolve/start.html,-1,1330,1328,Not provided,uses-checkout,uses-checkout
177,/home/runner/work/javassist/javassist/sample/evolve/WebPage.java,-1,1318,1316,Not provided,uses-checkout,uses-checkout
178,/home/runner/work/javassist/javassist/target/runtest/proxy/test/javassist/proxy/ProxySimpleTest$Default3_$$_jvstdc_273d.class,-1,441067,441065,Not provided,BuildwithMaven,BuildwithMaven
179,/home/runner/work/javassist/javassist/sample/evolve/VersionManager.java,-1,1314,1312,Not provided,uses-checkout,uses-checkout
180,/home/runner/work/javassist/javassist/sample/evolve/Sample.java,-1,1310,1308,Not provided,uses-checkout,uses-checkout
181,/home/runner/work/javassist/javassist/sample/evolve/Evolution.java,-1,1306,1304,Not provided,uses-checkout,uses-checkout
182,/home/runner/work/javassist/javassist/sample/evolve/DemoServer.java,-1,1302,1300,Not provided,uses-checkout,uses-checkout
183,/home/runner/work/javassist/javassist/sample/evolve/DemoLoader.java,-1,1298,1296,Not provided,uses-checkout,uses-checkout
184,/home/runner/work/javassist/javassist/sample/evolve/CannotUpdateException.java,-1,1294,1292,Not provided,uses-checkout,uses-checkout
185,/home/runner/work/javassist/javassist/target/runtest/proxy/test/javassist/proxy/ProxySimpleTest$Default2_$$_jvstdc_273b.class,-1,441032,441030,Not provided,BuildwithMaven,BuildwithMaven
186,/home/runner/work/javassist/javassist/sample/duplicate/Viewer.java,-1,1284,1282,Not provided,uses-checkout,uses-checkout
187,/home/runner/work/javassist/javassist/sample/duplicate/Main.java,-1,1280,1278,Not provided,uses-checkout,uses-checkout
188,/home/runner/work/javassist/javassist/sample/duplicate/DuplicatedObject.java,-1,1276,1274,Not provided,uses-checkout,uses-checkout
189,/home/runner/work/javassist/javassist/target/runtest/proxy/javassist/util/proxy/test_javassist_proxy_ProxySimpleTest$PubProxy2_$$_jvstdc_273c.class,-1,441056,441054,Not provided,BuildwithMaven,BuildwithMaven
190,/home/runner/work/javassist/javassist/target/runtest/javassist/bytecode/Gap0Example.class,-1,440266,440264,Not provided,BuildwithMaven,BuildwithMaven
191,/home/runner/work/javassist/javassist/target/runtest/javassist/bytecode/StackMapTest$T8d.class,-1,440227,440225,Not provided,BuildwithMaven,BuildwithMaven
192,/home/runner/work/javassist/javassist/target/runtest/test5/InnerModifier$Static.class,-1,439575,439573,Not provided,BuildwithMaven,BuildwithMaven
193,/home/runner/work/javassist/javassist/target/runtest/test5/InnerModifier.class,-1,439579,439577,Not provided,BuildwithMaven,BuildwithMaven
194,/home/runner/work/javassist/javassist/target/runtest/test1/LocalVars2.class,-1,439599,439597,Not provided,BuildwithMaven,BuildwithMaven
195,/home/runner/work/javassist/javassist/tutorial/tutorial3.html,-1,3603,3601,Not provided,uses-checkout,uses-checkout
196,/home/runner/work/javassist/javassist/target/surefire-reports/javassist.JvstTest.txt,-1,441208,-1,Not provided,BuildwithMaven,Not provided
197,/home/runner/work/javassist/javassist/sample/vector/Sample.java,-1,1406,-1,Not provided,uses-checkout,Not provided
198,/home/runner/work/javassist/javassist/sample/rmi/AlertDialog.java,-1,1380,-1,Not provided,uses-checkout,Not provided
199,/home/runner/work/javassist/javassist/sample/reflect/Main.java,-1,1366,-1,Not provided,uses-checkout,Not provided
200,/home/runner/work/javassist/javassist/sample/preproc/Assistant.java,-1,1352,-1,Not provided,uses-checkout,Not provided
201,/home/runner/work/javassist/javassist/sample/evolve/CannotCreateException.java,-1,1290,-1,Not provided,uses-checkout,Not provided
202,/home/runner/work/javassist/javassist/sample/duplicate/Ball.java,-1,1272,-1,Not provided,uses-checkout,Not provided
203,/home/runner/work/javassist/javassist/sample/Test.java,-1,1266,-1,Not provided,uses-checkout,Not provided
