,file_name,last_access_index,last_modify_index,creation_index,last_access_step,last_modify_step,creation_step
0,/home/runner/work/javassist/javassist/target/javassist-3.29.2-GA.jar,-1,936850,914811,Not provided,BuildwithMaven,BuildwithMaven
1,/home/runner/work/javassist/javassist/target/javassist-3.29.2-GA-sources.jar,-1,942594,937854,Not provided,BuildwithMaven,BuildwithMaven
2,/home/runner/work/javassist/javassist/target/classes/META-INF/MANIFEST.MF,422302,937692,374085,BuildwithMaven,BuildwithMaven,BuildwithMaven
3,/home/runner/work/javassist/javassist/target/runtest/test1/AnnoTest.class,-1,420384,420249,Not provided,BuildwithMaven,BuildwithMaven
4,/home/runner/work/javassist/javassist/target/runtest/test-hibernate.class,-1,420596,420546,Not provided,BuildwithMaven,BuildwithMaven
5,/home/runner/work/javassist/javassist/target/runtest/TooManyConstPoolItems.class,-1,419877,419831,Not provided,BuildwithMaven,BuildwithMaven
6,/home/runner/work/javassist/javassist/target/surefire-reports/TEST-javassist.JvstTest.xml,-1,421654,421645,Not provided,BuildwithMaven,BuildwithMaven
7,/home/runner/work/javassist/javassist/target/maven-status/maven-compiler-plugin/compile/default-compile/createdFiles.lst,-1,6990,6986,Not provided,BuildwithMaven,BuildwithMaven
8,/home/runner/work/javassist/javassist/target/runtest/test3/JIRA63.class,-1,384334,384325,Not provided,BuildwithMaven,BuildwithMaven
9,/home/runner/work/javassist/javassist/target/maven-status/maven-compiler-plugin/compile/default-compile/inputFiles.lst,-1,6996,6992,Not provided,BuildwithMaven,BuildwithMaven
10,/home/runner/work/javassist/javassist/target/maven-status/maven-compiler-plugin/testCompile/default-testCompile/createdFiles.lst,-1,380818,380814,Not provided,BuildwithMaven,BuildwithMaven
11,/home/runner/work/javassist/javassist/tutorial/tutorial.html,-1,3776,3772,Not provided,uses-checkout,uses-checkout
12,/home/runner/work/javassist/javassist/tutorial/tutorial2.html,-1,3782,3778,Not provided,uses-checkout,uses-checkout
13,/home/runner/work/javassist/javassist/target/maven-status/maven-compiler-plugin/testCompile/default-testCompile/inputFiles.lst,-1,380824,380820,Not provided,BuildwithMaven,BuildwithMaven
14,/home/runner/work/javassist/javassist/target/runtest/test3/Clazz67.class,-1,384133,384130,Not provided,BuildwithMaven,BuildwithMaven
15,/home/runner/work/javassist/javassist/License.html,-1,1229,1226,Not provided,uses-checkout,uses-checkout
16,/home/runner/work/javassist/javassist/target/test-classes/test1/GetThrow2.class,-1,378646,378644,Not provided,BuildwithMaven,BuildwithMaven
17,/home/runner/work/javassist/javassist/target/test-classes/test1/GetThrow1.class,-1,378642,378640,Not provided,BuildwithMaven,BuildwithMaven
18,/home/runner/work/javassist/javassist/target/test-classes/test/javassist/bytecode/analysis/AnalyzerTest$Dummy$A3.class,-1,378622,378620,Not provided,BuildwithMaven,BuildwithMaven
19,/home/runner/work/javassist/javassist/target/test-classes/test/javassist/bytecode/analysis/AnalyzerTest$Dummy$A2.class,-1,378618,378616,Not provided,BuildwithMaven,BuildwithMaven
20,/home/runner/work/javassist/javassist/target/test-classes/test3/InnerClass.class,-1,378766,378764,Not provided,BuildwithMaven,BuildwithMaven
21,/home/runner/work/javassist/javassist/target/test-classes/javassist/ClassPoolBench.class,-1,379268,379266,Not provided,BuildwithMaven,BuildwithMaven
22,/home/runner/work/javassist/javassist/target/test-classes/VisibleTop2.class,-1,378686,378684,Not provided,BuildwithMaven,BuildwithMaven
23,/home/runner/work/javassist/javassist/target/test-classes/test3/NewClass2.class,-1,378594,378592,Not provided,BuildwithMaven,BuildwithMaven
24,/home/runner/work/javassist/javassist/target/test-classes/javassist/bytecode/StackMapTest$I8d.class,-1,378490,378488,Not provided,BuildwithMaven,BuildwithMaven
25,/home/runner/work/javassist/javassist/target/test-classes/javassist/bytecode/StackMapTest$T8dd.class,-1,378494,378492,Not provided,BuildwithMaven,BuildwithMaven
26,/home/runner/work/javassist/javassist/target/test-classes/test/javassist/bytecode/analysis/ErrorFinder.class,-1,378550,378548,Not provided,BuildwithMaven,BuildwithMaven
27,/home/runner/work/javassist/javassist/target/test-classes/scoped/jar1/ScopedTestAnnotation.class,-1,378770,378768,Not provided,BuildwithMaven,BuildwithMaven
28,/home/runner/work/javassist/javassist/target/test-classes/scoped/UnscopedAnnotationDefaultUsage.class,-1,378983,378981,Not provided,BuildwithMaven,BuildwithMaven
29,/home/runner/work/javassist/javassist/target/test-classes/test5/JIRA246.class,-1,379066,379064,Not provided,BuildwithMaven,BuildwithMaven
30,/home/runner/work/javassist/javassist/target/test-classes/test4/GetAllRefInnerTest$2.class,-1,379148,379146,Not provided,BuildwithMaven,BuildwithMaven
31,/home/runner/work/javassist/javassist/target/test-classes/test4/GetAllRefInnerTest$1.class,-1,379144,379142,Not provided,BuildwithMaven,BuildwithMaven
32,/home/runner/work/javassist/javassist/target/test-classes/test4/GetAllRefInnerTest2.class,-1,379140,379138,Not provided,BuildwithMaven,BuildwithMaven
33,/home/runner/work/javassist/javassist/target/test-classes/test4/GetAllRefInnerTest2$1.class,-1,379136,379134,Not provided,BuildwithMaven,BuildwithMaven
34,/home/runner/work/javassist/javassist/target/test-classes/test1/BenchProceedNew2.class,-1,378943,378941,Not provided,BuildwithMaven,BuildwithMaven
35,/home/runner/work/javassist/javassist/target/test-classes/javassist/compiler/CodeTest.class,-1,378959,378957,Not provided,BuildwithMaven,BuildwithMaven
36,/home/runner/work/javassist/javassist/target/test-classes/test1/BenchProceedNew.class,-1,378951,378949,Not provided,BuildwithMaven,BuildwithMaven
37,/home/runner/work/javassist/javassist/target/test-classes/test1/BenchProceedNew3.class,-1,378947,378945,Not provided,BuildwithMaven,BuildwithMaven
38,/home/runner/work/javassist/javassist/target/test-classes/scoped/jar1/FullyScopedAnnotationDefaultUsage.class,-1,379240,379238,Not provided,BuildwithMaven,BuildwithMaven
39,/home/runner/work/javassist/javassist/target/test-classes/scoped/UnscopedAnnotationUsage.class,-1,379244,379242,Not provided,BuildwithMaven,BuildwithMaven
40,/home/runner/work/javassist/javassist/target/test-classes/test3/Visible2.class,-1,378915,378913,Not provided,BuildwithMaven,BuildwithMaven
41,/home/runner/work/javassist/javassist/target/test-classes/Readme.txt,-1,375478,375475,Not provided,BuildwithMaven,BuildwithMaven
42,/home/runner/work/javassist/javassist/target/test-classes/test1/RenameClass2.class,-1,377711,377709,Not provided,BuildwithMaven,BuildwithMaven
43,/home/runner/work/javassist/javassist/target/test-classes/test3/NewExprTryCatch2.class,-1,377695,377693,Not provided,BuildwithMaven,BuildwithMaven
44,/home/runner/work/javassist/javassist/target/test-classes/test/javassist/bytecode/analysis/ScannerTest.class,-1,377691,377689,Not provided,BuildwithMaven,BuildwithMaven
45,/home/runner/work/javassist/javassist/target/test-classes/scoped/TestAnnotation.class,-1,378146,378144,Not provided,BuildwithMaven,BuildwithMaven
46,/home/runner/work/javassist/javassist/target/test-classes/scoped/jar1/ScopedAnnotationDefaultUsage.class,-1,378142,378140,Not provided,BuildwithMaven,BuildwithMaven
47,/home/runner/work/javassist/javassist/target/test-classes/test/javassist/bytecode/analysis/DomTreePrinter.class,-1,378186,378184,Not provided,BuildwithMaven,BuildwithMaven
48,/home/runner/work/javassist/javassist/target/test-classes/javassist/JvstTest4$Inner1.class,-1,378328,378326,Not provided,BuildwithMaven,BuildwithMaven
49,/home/runner/work/javassist/javassist/target/test-classes/test5/InnerClassRemove$C.class,-1,378242,378240,Not provided,BuildwithMaven,BuildwithMaven
50,/home/runner/work/javassist/javassist/target/test-classes/test5/InnerClassRemove$B.class,-1,378238,378236,Not provided,BuildwithMaven,BuildwithMaven
51,/home/runner/work/javassist/javassist/target/test-classes/test5/InnerClassRemove$A.class,-1,378234,378232,Not provided,BuildwithMaven,BuildwithMaven
52,/home/runner/work/javassist/javassist/target/test-classes/test2/ReplaceClassName3.class,-1,378066,378064,Not provided,BuildwithMaven,BuildwithMaven
53,/home/runner/work/javassist/javassist/target/test-classes/javassist/compiler/ParseTest.class,-1,377927,377925,Not provided,BuildwithMaven,BuildwithMaven
54,/home/runner/work/javassist/javassist/target/test-classes/testproxy/Target127.class,-1,377837,377835,Not provided,BuildwithMaven,BuildwithMaven
55,/home/runner/work/javassist/javassist/target/test-classes/testproxy/Target127$RealSub.class,-1,377833,377831,Not provided,BuildwithMaven,BuildwithMaven
56,/home/runner/work/javassist/javassist/target/test-classes/test2/ReplaceClassName2.class,-1,378062,378060,Not provided,BuildwithMaven,BuildwithMaven
57,/home/runner/work/javassist/javassist/target/test-classes/test3/EnhanceTest.class,-1,377951,377949,Not provided,BuildwithMaven,BuildwithMaven
58,/home/runner/work/javassist/javassist/target/test-classes/test/javassist/convert/InstrumentationTarget$Itr.class,-1,378054,378052,Not provided,BuildwithMaven,BuildwithMaven
59,/home/runner/work/javassist/javassist/target/test-classes/test2/Nested$Inner2.class,-1,378026,378024,Not provided,BuildwithMaven,BuildwithMaven
60,/home/runner/work/javassist/javassist/target/test-classes/test1/BenchProceed.class,-1,378018,378016,Not provided,BuildwithMaven,BuildwithMaven
61,/home/runner/work/javassist/javassist/target/test-classes/test1/BenchProceed2.class,-1,378014,378012,Not provided,BuildwithMaven,BuildwithMaven
62,/home/runner/work/javassist/javassist/target/test-classes/testproxy/Target189.class,-1,378010,378008,Not provided,BuildwithMaven,BuildwithMaven
63,/home/runner/work/javassist/javassist/target/test-classes/test1/BenchStaticMethod.class,-1,377982,377980,Not provided,BuildwithMaven,BuildwithMaven
64,/home/runner/work/javassist/javassist/target/test-classes/test3/Enhancer.class,-1,377966,377964,Not provided,BuildwithMaven,BuildwithMaven
65,/home/runner/work/javassist/javassist/target/test-classes/test3/Enhancer$Interceptor.class,-1,377962,377960,Not provided,BuildwithMaven,BuildwithMaven
66,/home/runner/work/javassist/javassist/target/test-classes/test3/Enhancer$1.class,-1,377958,377956,Not provided,BuildwithMaven,BuildwithMaven
67,/home/runner/work/javassist/javassist/target/runtest/test1/MySerializableClass.class,-1,382452,382450,Not provided,BuildwithMaven,BuildwithMaven
68,/home/runner/work/javassist/javassist/target/test-classes/javassist/compiler/LexTest.class,-1,380612,380610,Not provided,BuildwithMaven,BuildwithMaven
69,/home/runner/work/javassist/javassist/target/test-classes/scoped/jar1/ScopedAnnotationUsage.class,-1,380608,380606,Not provided,BuildwithMaven,BuildwithMaven
70,/home/runner/work/javassist/javassist/target/test-classes/test1/Point.class,-1,380588,380586,Not provided,BuildwithMaven,BuildwithMaven
71,/home/runner/work/javassist/javassist/target/runtest/test1/SetName3.class,-1,383129,383127,Not provided,BuildwithMaven,BuildwithMaven
72,/home/runner/work/javassist/javassist/target/runtest/test1/SetName2.class,-1,383125,383123,Not provided,BuildwithMaven,BuildwithMaven
73,/home/runner/work/javassist/javassist/target/runtest/test1/Freeze.class,-1,383076,383074,Not provided,BuildwithMaven,BuildwithMaven
74,/home/runner/work/javassist/javassist/target/runtest/test1/NewInterface2.class,-1,383022,383020,Not provided,BuildwithMaven,BuildwithMaven
75,/home/runner/work/javassist/javassist/target/runtest/test1/NewInterface.class,-1,383018,383016,Not provided,BuildwithMaven,BuildwithMaven
76,/home/runner/work/javassist/javassist/target/test-classes/javassist/HotswapTest$Foo.class,-1,380572,380570,Not provided,BuildwithMaven,BuildwithMaven
77,/home/runner/work/javassist/javassist/target/test-classes/test4/ImportPac.class,-1,380402,380400,Not provided,BuildwithMaven,BuildwithMaven
78,/home/runner/work/javassist/javassist/target/test-classes/javassist/tools/reflect/ClassMetaobjectTest.class,-1,380398,380396,Not provided,BuildwithMaven,BuildwithMaven
79,/home/runner/work/javassist/javassist/target/test-classes/javassist/tools/reflect/Person.class,-1,380382,380380,Not provided,BuildwithMaven,BuildwithMaven
80,/home/runner/work/javassist/javassist/target/test-classes/test4/JIRA181$B.class,-1,380368,380366,Not provided,BuildwithMaven,BuildwithMaven
81,/home/runner/work/javassist/javassist/target/test-classes/test4/JIRA181$ICondition.class,-1,380364,380362,Not provided,BuildwithMaven,BuildwithMaven
82,/home/runner/work/javassist/javassist/target/test-classes/scoped/jar1/TestClass1.class,-1,380344,380342,Not provided,BuildwithMaven,BuildwithMaven
83,/home/runner/work/javassist/javassist/target/test-classes/test2/StaticArraysMem.class,-1,380552,380550,Not provided,BuildwithMaven,BuildwithMaven
84,/home/runner/work/javassist/javassist/target/test-classes/test5/NestHost$Bar.class,-1,380476,380474,Not provided,BuildwithMaven,BuildwithMaven
85,/home/runner/work/javassist/javassist/target/runtest/test4/TestDeadcode.class,-1,384670,384668,Not provided,BuildwithMaven,BuildwithMaven
86,/home/runner/work/javassist/javassist/target/runtest/test4/WrittenFile2sub.class,-1,384615,384613,Not provided,BuildwithMaven,BuildwithMaven
87,/home/runner/work/javassist/javassist/target/runtest/test4/AnnoLoad.class,-1,384555,384553,Not provided,BuildwithMaven,BuildwithMaven
88,/home/runner/work/javassist/javassist/target/runtest/test4/AnnoLoadAnno.class,-1,384548,384546,Not provided,BuildwithMaven,BuildwithMaven
89,/home/runner/work/javassist/javassist/target/runtest/test3/StaticFinalField.class,-1,384261,384259,Not provided,BuildwithMaven,BuildwithMaven
90,/home/runner/work/javassist/javassist/target/runtest/test5/NestHost4$InnerClass1$InnerClass5.class,-1,419745,419743,Not provided,BuildwithMaven,BuildwithMaven
91,/home/runner/work/javassist/javassist/target/runtest/test3/PublicInner$Inner.class,-1,383915,383913,Not provided,BuildwithMaven,BuildwithMaven
92,/home/runner/work/javassist/javassist/target/runtest/test2/MethodCall.class,-1,383507,383505,Not provided,BuildwithMaven,BuildwithMaven
93,/home/runner/work/javassist/javassist/target/runtest/test2/Inner.class,-1,383426,383424,Not provided,BuildwithMaven,BuildwithMaven
94,/home/runner/work/javassist/javassist/target/runtest/test2/Inherit.class,-1,383416,383414,Not provided,BuildwithMaven,BuildwithMaven
95,/home/runner/work/javassist/javassist/target/runtest/test3/PublicInner.class,-1,383911,383909,Not provided,BuildwithMaven,BuildwithMaven
96,/home/runner/work/javassist/javassist/target/runtest/test2/SuperInterface3.class,-1,383740,383738,Not provided,BuildwithMaven,BuildwithMaven
97,/home/runner/work/javassist/javassist/target/runtest/test2/NullArgTest.class,-1,383615,383613,Not provided,BuildwithMaven,BuildwithMaven
98,/home/runner/work/javassist/javassist/target/runtest/test2/NewOp.class,-1,383611,383609,Not provided,BuildwithMaven,BuildwithMaven
99,/home/runner/work/javassist/javassist/target/test-classes/scoped/ScopedRepositoryTestCase.class,-1,379645,379643,Not provided,BuildwithMaven,BuildwithMaven
100,/home/runner/work/javassist/javassist/target/test-classes/test4/JIRA220intf.class,-1,379614,379612,Not provided,BuildwithMaven,BuildwithMaven
101,/home/runner/work/javassist/javassist/target/test-classes/test4/NestedClass$S.class,-1,379594,379592,Not provided,BuildwithMaven,BuildwithMaven
102,/home/runner/work/javassist/javassist/target/test-classes/test4/NestedClass$S$S2.class,-1,379590,379588,Not provided,BuildwithMaven,BuildwithMaven
103,/home/runner/work/javassist/javassist/target/test-classes/test4/NestedClass$N.class,-1,379586,379584,Not provided,BuildwithMaven,BuildwithMaven
104,/home/runner/work/javassist/javassist/target/test-classes/test5/NestHost2$Bar.class,-1,379574,379572,Not provided,BuildwithMaven,BuildwithMaven
105,/home/runner/work/javassist/javassist/target/test-classes/test2/Inner2$Child.class,-1,379562,379560,Not provided,BuildwithMaven,BuildwithMaven
106,/home/runner/work/javassist/javassist/target/test-classes/test4/Signature$Foo.class,-1,379836,379834,Not provided,BuildwithMaven,BuildwithMaven
107,/home/runner/work/javassist/javassist/target/test-classes/Test.class,-1,379832,379830,Not provided,BuildwithMaven,BuildwithMaven
108,/home/runner/work/javassist/javassist/target/test-classes/InvalidStackMapFrame.class,-1,379828,379826,Not provided,BuildwithMaven,BuildwithMaven
109,/home/runner/work/javassist/javassist/target/test-classes/test3/NestedClass$Inner.class,-1,379673,379671,Not provided,BuildwithMaven,BuildwithMaven
110,/home/runner/work/javassist/javassist/target/test-classes/test3/PublicInner2$PS.class,-1,379788,379786,Not provided,BuildwithMaven,BuildwithMaven
111,/home/runner/work/javassist/javassist/target/test-classes/test3/NestedClass$1Local.class,-1,379685,379683,Not provided,BuildwithMaven,BuildwithMaven
112,/home/runner/work/javassist/javassist/target/test-classes/test3/NestedClass$1.class,-1,379681,379679,Not provided,BuildwithMaven,BuildwithMaven
113,/home/runner/work/javassist/javassist/target/test-classes/test3/NestedClass$StaticNested.class,-1,379677,379675,Not provided,BuildwithMaven,BuildwithMaven
114,/home/runner/work/javassist/javassist/target/test-classes/test5/InnerModifier2.class,-1,379554,379552,Not provided,BuildwithMaven,BuildwithMaven
115,/home/runner/work/javassist/javassist/target/test-classes/javassist/Bench$4.class,-1,379494,379492,Not provided,BuildwithMaven,BuildwithMaven
116,/home/runner/work/javassist/javassist/target/test-classes/javassist/Bench.class,-1,379510,379508,Not provided,BuildwithMaven,BuildwithMaven
117,/home/runner/work/javassist/javassist/target/test-classes/javassist/Bench$7.class,-1,379506,379504,Not provided,BuildwithMaven,BuildwithMaven
118,/home/runner/work/javassist/javassist/target/test-classes/javassist/Bench$6.class,-1,379502,379500,Not provided,BuildwithMaven,BuildwithMaven
119,/home/runner/work/javassist/javassist/target/test-classes/javassist/Bench$5.class,-1,379498,379496,Not provided,BuildwithMaven,BuildwithMaven
120,/home/runner/work/javassist/javassist/target/test-classes/javassist/Bench$3.class,-1,379490,379488,Not provided,BuildwithMaven,BuildwithMaven
121,/home/runner/work/javassist/javassist/target/test-classes/javassist/Bench$2.class,-1,379486,379484,Not provided,BuildwithMaven,BuildwithMaven
122,/home/runner/work/javassist/javassist/target/test-classes/javassist/Bench$1.class,-1,379482,379480,Not provided,BuildwithMaven,BuildwithMaven
123,/home/runner/work/javassist/javassist/target/test-classes/scoped/jar1/FullyScopedAnnotationUsage.class,-1,379474,379472,Not provided,BuildwithMaven,BuildwithMaven
124,/home/runner/work/javassist/javassist/target/test-classes/test1/StaticField.class,-1,379466,379464,Not provided,BuildwithMaven,BuildwithMaven
125,/home/runner/work/javassist/javassist/target/test-classes/test5/RemoveAnno2.class,-1,380124,380122,Not provided,BuildwithMaven,BuildwithMaven
126,/home/runner/work/javassist/javassist/target/test-classes/test5/RemoveAnno1.class,-1,380120,380118,Not provided,BuildwithMaven,BuildwithMaven
127,/home/runner/work/javassist/javassist/target/test-classes/test3/PackName2.class,-1,380108,380106,Not provided,BuildwithMaven,BuildwithMaven
128,/home/runner/work/javassist/javassist/target/test-classes/test5/JIRA242.class,-1,380100,380098,Not provided,BuildwithMaven,BuildwithMaven
129,/home/runner/work/javassist/javassist/target/test-classes/test4/GetAllRefAnnoC3.class,-1,380272,380270,Not provided,BuildwithMaven,BuildwithMaven
130,/home/runner/work/javassist/javassist/target/test-classes/testproxy/sub/TargetSuper.class,-1,380312,380310,Not provided,BuildwithMaven,BuildwithMaven
131,/home/runner/work/javassist/javassist/target/test-classes/javassist/bytecode/CodeAnalyzerTest.class,-1,380292,380290,Not provided,BuildwithMaven,BuildwithMaven
132,/home/runner/work/javassist/javassist/target/test-classes/test4/GetAllRefAnnoC4.class,-1,380276,380274,Not provided,BuildwithMaven,BuildwithMaven
133,/home/runner/work/javassist/javassist/target/test-classes/test4/GetAllRefAnnoC2.class,-1,380268,380266,Not provided,BuildwithMaven,BuildwithMaven
134,/home/runner/work/javassist/javassist/target/test-classes/test4/GetAllRefAnnoC.class,-1,380264,380262,Not provided,BuildwithMaven,BuildwithMaven
135,/home/runner/work/javassist/javassist/target/test-classes/test4/GetAllRefAnno.class,-1,380260,380258,Not provided,BuildwithMaven,BuildwithMaven
136,/home/runner/work/javassist/javassist/target/test-classes/test4/GetAllRefEnum.class,-1,380256,380254,Not provided,BuildwithMaven,BuildwithMaven
137,/home/runner/work/javassist/javassist/target/test-classes/annotation/Tag.class,-1,380232,380230,Not provided,BuildwithMaven,BuildwithMaven
138,/home/runner/work/javassist/javassist/target/test-classes/annotation/EnumTest.class,-1,380228,380226,Not provided,BuildwithMaven,BuildwithMaven
139,/home/runner/work/javassist/javassist/target/test-classes/annotation/Id.class,-1,380224,380222,Not provided,BuildwithMaven,BuildwithMaven
140,/home/runner/work/javassist/javassist/target/test-classes/javassist/ConcurrentClassDefinitionTest.class,-1,379904,379902,Not provided,BuildwithMaven,BuildwithMaven
141,/home/runner/work/javassist/javassist/target/test-classes/javassist/ConcurrentClassDefinitionTest$Worker.class,-1,379900,379898,Not provided,BuildwithMaven,BuildwithMaven
142,/home/runner/work/javassist/javassist/target/test-classes/Jassist150.class,-1,379876,379874,Not provided,BuildwithMaven,BuildwithMaven
143,/home/runner/work/javassist/javassist/target/test-classes/Jassist150$1.class,-1,379872,379870,Not provided,BuildwithMaven,BuildwithMaven
144,/home/runner/work/javassist/javassist/target/test-classes/test/javassist/proxy/ProxySimpleTest$Default4.class,-1,379992,379990,Not provided,BuildwithMaven,BuildwithMaven
145,/home/runner/work/javassist/javassist/target/runtest/javassist/bytecode/StackMapTest$C6.class,-1,420544,420542,Not provided,BuildwithMaven,BuildwithMaven
146,/home/runner/work/javassist/javassist/src/test/javassist/bytecode/Gap0Example.class,-1,2571,2569,Not provided,uses-checkout,uses-checkout
147,/home/runner/work/javassist/javassist/src/test/Readme.txt,-1,2478,2476,Not provided,uses-checkout,uses-checkout
148,/home/runner/work/javassist/javassist/target/runtest/reflected/javassist/tools/reflect/SuperClass.class,-1,420878,420876,Not provided,BuildwithMaven,BuildwithMaven
149,/home/runner/work/javassist/javassist/sample/vector/VectorAssistant.java,-1,1443,1441,Not provided,uses-checkout,uses-checkout
150,/home/runner/work/javassist/javassist/sample/vector/Test.j,-1,1439,1437,Not provided,uses-checkout,uses-checkout
151,/home/runner/work/javassist/javassist/sample/vector/Sample2.java,-1,1435,1433,Not provided,uses-checkout,uses-checkout
152,/home/runner/work/javassist/javassist/sample/rmi/webdemo.html,-1,1426,1424,Not provided,uses-checkout,uses-checkout
153,/home/runner/work/javassist/javassist/sample/rmi/start.html,-1,1422,1420,Not provided,uses-checkout,uses-checkout
154,/home/runner/work/javassist/javassist/sample/rmi/inside.gif,-1,1418,1416,Not provided,uses-checkout,uses-checkout
155,/home/runner/work/javassist/javassist/.gitignore,-1,1216,1214,Not provided,uses-checkout,uses-checkout
156,/home/runner/work/javassist/javassist/.github/workflows/maven.yml,-1,1208,1206,Not provided,uses-checkout,uses-checkout
157,/home/runner/work/javassist/javassist/target/runtest/proxy/test/javassist/proxy/ProxySimpleTest$Default3_$$_jvst489_273d.class,-1,421508,421506,Not provided,BuildwithMaven,BuildwithMaven
158,/home/runner/work/javassist/javassist/Changes.md,-1,1220,1218,Not provided,uses-checkout,uses-checkout
159,/home/runner/work/javassist/javassist/Examples.md,-1,1224,1222,Not provided,uses-checkout,uses-checkout
160,/home/runner/work/javassist/javassist/README.md,-1,1233,1231,Not provided,uses-checkout,uses-checkout
161,/home/runner/work/javassist/javassist/sample/evolve/demo.html,-1,1347,1345,Not provided,uses-checkout,uses-checkout
162,/home/runner/work/javassist/javassist/sample/rmi/Counter.java,-1,1414,1412,Not provided,uses-checkout,uses-checkout
163,/home/runner/work/javassist/javassist/sample/rmi/CountApplet.java,-1,1410,1408,Not provided,uses-checkout,uses-checkout
164,/home/runner/work/javassist/javassist/target/runtest/testproxy/Target_$$_jvst489_11.class,-1,421106,421104,Not provided,BuildwithMaven,BuildwithMaven
165,/home/runner/work/javassist/javassist/sample/reflect/VerboseMetaobj.java,-1,1400,1398,Not provided,uses-checkout,uses-checkout
166,/home/runner/work/javassist/javassist/sample/reflect/Person.java,-1,1396,1394,Not provided,uses-checkout,uses-checkout
167,/home/runner/work/javassist/javassist/sample/preproc/package.html,-1,1386,1384,Not provided,uses-checkout,uses-checkout
168,/home/runner/work/javassist/javassist/sample/preproc/Compiler.java,-1,1382,1380,Not provided,uses-checkout,uses-checkout
169,/home/runner/work/javassist/javassist/target/runtest/proxy/test/javassist/proxy/ProxySimpleTest$PubProxy_$$_jvst489_2734.class,-1,421376,421374,Not provided,BuildwithMaven,BuildwithMaven
170,/home/runner/work/javassist/javassist/sample/hotswap/Test.java,-1,1367,1365,Not provided,uses-checkout,uses-checkout
171,/home/runner/work/javassist/javassist/sample/evolve/update.html,-1,1359,1357,Not provided,uses-checkout,uses-checkout
172,/home/runner/work/javassist/javassist/sample/evolve/start.html,-1,1355,1353,Not provided,uses-checkout,uses-checkout
173,/home/runner/work/javassist/javassist/sample/evolve/WebPage.java,-1,1343,1341,Not provided,uses-checkout,uses-checkout
174,/home/runner/work/javassist/javassist/build.xml,-1,1237,1235,Not provided,uses-checkout,uses-checkout
175,/home/runner/work/javassist/javassist/sample/evolve/VersionManager.java,-1,1339,1337,Not provided,uses-checkout,uses-checkout
176,/home/runner/work/javassist/javassist/sample/evolve/Sample.java,-1,1335,1333,Not provided,uses-checkout,uses-checkout
177,/home/runner/work/javassist/javassist/sample/evolve/Evolution.java,-1,1331,1329,Not provided,uses-checkout,uses-checkout
178,/home/runner/work/javassist/javassist/sample/evolve/DemoServer.java,-1,1327,1325,Not provided,uses-checkout,uses-checkout
179,/home/runner/work/javassist/javassist/sample/evolve/DemoLoader.java,-1,1323,1321,Not provided,uses-checkout,uses-checkout
180,/home/runner/work/javassist/javassist/sample/evolve/CannotUpdateException.java,-1,1319,1317,Not provided,uses-checkout,uses-checkout
181,/home/runner/work/javassist/javassist/target/runtest/proxy/test/javassist/proxy/ProxySimpleTest$Default2_$$_jvst489_273b.class,-1,421485,421483,Not provided,BuildwithMaven,BuildwithMaven
182,/home/runner/work/javassist/javassist/sample/duplicate/Viewer.java,-1,1309,1307,Not provided,uses-checkout,uses-checkout
183,/home/runner/work/javassist/javassist/sample/duplicate/Main.java,-1,1305,1303,Not provided,uses-checkout,uses-checkout
184,/home/runner/work/javassist/javassist/sample/duplicate/DuplicatedObject.java,-1,1301,1299,Not provided,uses-checkout,uses-checkout
185,/home/runner/work/javassist/javassist/target/runtest/javassist/bytecode/Gap0Example2.class,-1,420837,420835,Not provided,BuildwithMaven,BuildwithMaven
186,/home/runner/work/javassist/javassist/target/runtest/javassist/bytecode/Gap0Example.class,-1,420830,420828,Not provided,BuildwithMaven,BuildwithMaven
187,/home/runner/work/javassist/javassist/target/runtest/javassist/bytecode/StackMapTest$T8d.class,-1,420791,420789,Not provided,BuildwithMaven,BuildwithMaven
188,/home/runner/work/javassist/javassist/target/runtest/test1/LocalVars2.class,-1,420245,420243,Not provided,BuildwithMaven,BuildwithMaven
189,/home/runner/work/javassist/javassist/target/runtest/test5/InnerModifier$NonStatic.class,-1,420214,420212,Not provided,BuildwithMaven,BuildwithMaven
190,/home/runner/work/javassist/javassist/target/runtest/test5/InnerModifier$Static.class,-1,420221,420219,Not provided,BuildwithMaven,BuildwithMaven
191,/home/runner/work/javassist/javassist/tutorial/tutorial3.html,-1,3786,3784,Not provided,uses-checkout,uses-checkout
192,/home/runner/work/javassist/javassist/target/runtest/test5/InnerModifier.class,-1,420225,420223,Not provided,BuildwithMaven,BuildwithMaven
193,/home/runner/work/javassist/javassist/target/surefire-reports/javassist.JvstTest.txt,-1,421643,-1,Not provided,BuildwithMaven,Not provided
194,/home/runner/work/javassist/javassist/target/runtest/proxy/test/javassist/proxy/ProxySimpleTest$Foo_$$_jvst489_2733.class,-1,421366,-1,Not provided,BuildwithMaven,Not provided
195,/home/runner/work/javassist/javassist/target/runtest/testproxy/BridgeMethod_$$_jvst489_7.class,-1,420982,-1,Not provided,BuildwithMaven,Not provided
196,/home/runner/work/javassist/javassist/target/runtest/proxy/javassist/util/proxy/test_javassist_proxy_ProxySimpleTest$PubProxy2_$$_jvst489_273c.class,-1,421498,-1,Not provided,BuildwithMaven,Not provided
197,/home/runner/work/javassist/javassist/sample/rmi/AlertDialog.java,-1,1406,-1,Not provided,uses-checkout,Not provided
198,/home/runner/work/javassist/javassist/sample/reflect/Main.java,-1,1392,-1,Not provided,uses-checkout,Not provided
199,/home/runner/work/javassist/javassist/sample/preproc/Assistant.java,-1,1378,-1,Not provided,uses-checkout,Not provided
200,/home/runner/work/javassist/javassist/sample/evolve/CannotCreateException.java,-1,1315,-1,Not provided,uses-checkout,Not provided
201,/home/runner/work/javassist/javassist/sample/duplicate/Ball.java,-1,1297,-1,Not provided,uses-checkout,Not provided
