,file_name,last_access_index,last_modify_index,creation_index,last_access_step,last_modify_step,creation_step
0,/home/runner/work/javassist/javassist/target/javassist-3.29.2-GA.jar,-1,1053337,1034144,Not provided,BuildwithMaven,BuildwithMaven
1,/home/runner/work/javassist/javassist/target/javassist-3.29.2-GA-sources.jar,-1,1057901,1054289,Not provided,BuildwithMaven,BuildwithMaven
2,/home/runner/work/javassist/javassist/target/classes/META-INF/MANIFEST.MF,487127,1054259,440928,BuildwithMaven,BuildwithMaven,BuildwithMaven
3,/home/runner/work/javassist/javassist/target/runtest/test1/AnnoTest.class,-1,485431,485296,Not provided,BuildwithMaven,BuildwithMaven
4,/home/runner/work/javassist/javassist/target/runtest/test-hibernate.class,-1,485726,485628,Not provided,BuildwithMaven,BuildwithMaven
5,/home/runner/work/javassist/javassist/target/runtest/TooManyConstPoolItems.class,-1,484924,484878,Not provided,BuildwithMaven,BuildwithMaven
6,/home/runner/work/javassist/javassist/target/surefire-reports/TEST-javassist.JvstTest.xml,-1,486741,486734,Not provided,BuildwithMaven,BuildwithMaven
7,/home/runner/work/javassist/javassist/target/maven-status/maven-compiler-plugin/compile/default-compile/createdFiles.lst,-1,4809,4805,Not provided,BuildwithMaven,BuildwithMaven
8,/home/runner/work/javassist/javassist/tutorial/tutorial2.html,-1,2647,2643,Not provided,uses-checkout,uses-checkout
9,/home/runner/work/javassist/javassist/tutorial/tutorial.html,-1,2641,2637,Not provided,uses-checkout,uses-checkout
10,/home/runner/work/javassist/javassist/target/runtest/test3/JIRA63.class,-1,451017,451008,Not provided,BuildwithMaven,BuildwithMaven
11,/home/runner/work/javassist/javassist/target/maven-status/maven-compiler-plugin/testCompile/default-testCompile/inputFiles.lst,-1,447552,447548,Not provided,BuildwithMaven,BuildwithMaven
12,/home/runner/work/javassist/javassist/target/maven-status/maven-compiler-plugin/testCompile/default-testCompile/createdFiles.lst,-1,447546,447542,Not provided,BuildwithMaven,BuildwithMaven
13,/home/runner/work/javassist/javassist/target/maven-status/maven-compiler-plugin/compile/default-compile/inputFiles.lst,-1,4815,4811,Not provided,BuildwithMaven,BuildwithMaven
14,/home/runner/work/javassist/javassist/target/runtest/test3/Clazz67.class,-1,450820,450816,Not provided,BuildwithMaven,BuildwithMaven
15,/home/runner/work/javassist/javassist/License.html,-1,1116,1113,Not provided,uses-checkout,uses-checkout
16,/home/runner/work/javassist/javassist/target/test-classes/scoped/UnscopedAnnotationDefaultUsage.class,-1,445719,445717,Not provided,BuildwithMaven,BuildwithMaven
17,/home/runner/work/javassist/javassist/target/test-classes/test5/JIRA246.class,-1,445802,445800,Not provided,BuildwithMaven,BuildwithMaven
18,/home/runner/work/javassist/javassist/target/test-classes/scoped/jar1/ScopedTestAnnotation.class,-1,445506,445504,Not provided,BuildwithMaven,BuildwithMaven
19,/home/runner/work/javassist/javassist/target/test-classes/test3/InnerClass.class,-1,445502,445500,Not provided,BuildwithMaven,BuildwithMaven
20,/home/runner/work/javassist/javassist/target/test-classes/javassist/compiler/CodeTest.class,-1,445695,445693,Not provided,BuildwithMaven,BuildwithMaven
21,/home/runner/work/javassist/javassist/target/test-classes/test1/BenchProceedNew.class,-1,445687,445685,Not provided,BuildwithMaven,BuildwithMaven
22,/home/runner/work/javassist/javassist/target/test-classes/test1/BenchProceedNew3.class,-1,445683,445681,Not provided,BuildwithMaven,BuildwithMaven
23,/home/runner/work/javassist/javassist/target/test-classes/test1/BenchProceedNew2.class,-1,445679,445677,Not provided,BuildwithMaven,BuildwithMaven
24,/home/runner/work/javassist/javassist/target/test-classes/test3/Visible2.class,-1,445651,445649,Not provided,BuildwithMaven,BuildwithMaven
25,/home/runner/work/javassist/javassist/target/test-classes/test4/GetAllRefInnerTest2$1.class,-1,445876,445874,Not provided,BuildwithMaven,BuildwithMaven
26,/home/runner/work/javassist/javassist/target/test-classes/test4/GetAllRefInnerTest2.class,-1,445880,445878,Not provided,BuildwithMaven,BuildwithMaven
27,/home/runner/work/javassist/javassist/target/test-classes/test5/InnerModifier2.class,-1,446282,446280,Not provided,BuildwithMaven,BuildwithMaven
28,/home/runner/work/javassist/javassist/target/test-classes/javassist/Bench.class,-1,446242,446240,Not provided,BuildwithMaven,BuildwithMaven
29,/home/runner/work/javassist/javassist/target/test-classes/test1/StaticField.class,-1,446198,446196,Not provided,BuildwithMaven,BuildwithMaven
30,/home/runner/work/javassist/javassist/target/test-classes/javassist/Bench$7.class,-1,446238,446236,Not provided,BuildwithMaven,BuildwithMaven
31,/home/runner/work/javassist/javassist/target/test-classes/javassist/Bench$6.class,-1,446234,446232,Not provided,BuildwithMaven,BuildwithMaven
32,/home/runner/work/javassist/javassist/target/test-classes/javassist/Bench$5.class,-1,446230,446228,Not provided,BuildwithMaven,BuildwithMaven
33,/home/runner/work/javassist/javassist/target/test-classes/javassist/Bench$4.class,-1,446226,446224,Not provided,BuildwithMaven,BuildwithMaven
34,/home/runner/work/javassist/javassist/target/test-classes/javassist/Bench$3.class,-1,446222,446220,Not provided,BuildwithMaven,BuildwithMaven
35,/home/runner/work/javassist/javassist/target/test-classes/javassist/Bench$2.class,-1,446218,446216,Not provided,BuildwithMaven,BuildwithMaven
36,/home/runner/work/javassist/javassist/target/test-classes/javassist/Bench$1.class,-1,446214,446212,Not provided,BuildwithMaven,BuildwithMaven
37,/home/runner/work/javassist/javassist/target/test-classes/scoped/jar1/FullyScopedAnnotationUsage.class,-1,446206,446204,Not provided,BuildwithMaven,BuildwithMaven
38,/home/runner/work/javassist/javassist/target/test-classes/scoped/jar1/FullyScopedAnnotationDefaultUsage.class,-1,445962,445960,Not provided,BuildwithMaven,BuildwithMaven
39,/home/runner/work/javassist/javassist/target/test-classes/scoped/UnscopedAnnotationUsage.class,-1,445958,445956,Not provided,BuildwithMaven,BuildwithMaven
40,/home/runner/work/javassist/javassist/target/runtest/test5/InnerModifier$NonStatic.class,-1,485261,485259,Not provided,BuildwithMaven,BuildwithMaven
41,/home/runner/work/javassist/javassist/target/test-classes/test4/GetAllRefInnerTest$2.class,-1,445888,445886,Not provided,BuildwithMaven,BuildwithMaven
42,/home/runner/work/javassist/javassist/target/test-classes/test4/GetAllRefInnerTest$1.class,-1,445884,445882,Not provided,BuildwithMaven,BuildwithMaven
43,/home/runner/work/javassist/javassist/target/test-classes/javassist/ClassPoolBench.class,-1,445982,445980,Not provided,BuildwithMaven,BuildwithMaven
44,/home/runner/work/javassist/javassist/target/test-classes/test2/ReplaceClassName3.class,-1,444812,444810,Not provided,BuildwithMaven,BuildwithMaven
45,/home/runner/work/javassist/javassist/target/test-classes/test2/ReplaceClassName2.class,-1,444808,444806,Not provided,BuildwithMaven,BuildwithMaven
46,/home/runner/work/javassist/javassist/target/test-classes/test2/Nested$Inner2.class,-1,444774,444772,Not provided,BuildwithMaven,BuildwithMaven
47,/home/runner/work/javassist/javassist/target/test-classes/testproxy/Target189.class,-1,444766,444764,Not provided,BuildwithMaven,BuildwithMaven
48,/home/runner/work/javassist/javassist/target/test-classes/test/javassist/bytecode/analysis/DomTreePrinter.class,-1,444914,444912,Not provided,BuildwithMaven,BuildwithMaven
49,/home/runner/work/javassist/javassist/target/test-classes/scoped/TestAnnotation.class,-1,444878,444876,Not provided,BuildwithMaven,BuildwithMaven
50,/home/runner/work/javassist/javassist/target/runtest/test1/LocalVars2.class,-1,485292,485290,Not provided,BuildwithMaven,BuildwithMaven
51,/home/runner/work/javassist/javassist/target/test-classes/testproxy/Target127.class,-1,444587,444585,Not provided,BuildwithMaven,BuildwithMaven
52,/home/runner/work/javassist/javassist/target/test-classes/testproxy/Target127$RealSub.class,-1,444583,444581,Not provided,BuildwithMaven,BuildwithMaven
53,/home/runner/work/javassist/javassist/target/test-classes/test1/BenchProceed.class,-1,444738,444736,Not provided,BuildwithMaven,BuildwithMaven
54,/home/runner/work/javassist/javassist/target/test-classes/test1/BenchProceed2.class,-1,444734,444732,Not provided,BuildwithMaven,BuildwithMaven
55,/home/runner/work/javassist/javassist/target/test-classes/test1/BenchStaticMethod.class,-1,444730,444728,Not provided,BuildwithMaven,BuildwithMaven
56,/home/runner/work/javassist/javassist/target/test-classes/test3/Enhancer.class,-1,444714,444712,Not provided,BuildwithMaven,BuildwithMaven
57,/home/runner/work/javassist/javassist/target/test-classes/test3/Enhancer$Interceptor.class,-1,444710,444708,Not provided,BuildwithMaven,BuildwithMaven
58,/home/runner/work/javassist/javassist/target/test-classes/test3/Enhancer$1.class,-1,444706,444704,Not provided,BuildwithMaven,BuildwithMaven
59,/home/runner/work/javassist/javassist/target/test-classes/test3/EnhanceTest.class,-1,444699,444697,Not provided,BuildwithMaven,BuildwithMaven
60,/home/runner/work/javassist/javassist/target/runtest/test5/InnerModifier$Static.class,-1,485268,485266,Not provided,BuildwithMaven,BuildwithMaven
61,/home/runner/work/javassist/javassist/target/test-classes/test3/NewClass2.class,-1,445330,445328,Not provided,BuildwithMaven,BuildwithMaven
62,/home/runner/work/javassist/javassist/target/test-classes/test/javassist/bytecode/analysis/ErrorFinder.class,-1,445288,445286,Not provided,BuildwithMaven,BuildwithMaven
63,/home/runner/work/javassist/javassist/target/test-classes/test/javassist/bytecode/analysis/AnalyzerTest$Dummy$A2.class,-1,445346,445344,Not provided,BuildwithMaven,BuildwithMaven
64,/home/runner/work/javassist/javassist/target/test-classes/test/javassist/bytecode/analysis/AnalyzerTest$Dummy$A3.class,-1,445350,445348,Not provided,BuildwithMaven,BuildwithMaven
65,/home/runner/work/javassist/javassist/target/test-classes/VisibleTop2.class,-1,445422,445420,Not provided,BuildwithMaven,BuildwithMaven
66,/home/runner/work/javassist/javassist/target/test-classes/test1/GetThrow2.class,-1,445382,445380,Not provided,BuildwithMaven,BuildwithMaven
67,/home/runner/work/javassist/javassist/target/test-classes/test1/GetThrow1.class,-1,445378,445376,Not provided,BuildwithMaven,BuildwithMaven
68,/home/runner/work/javassist/javassist/target/test-classes/test2/Inner2$Child.class,-1,446294,446292,Not provided,BuildwithMaven,BuildwithMaven
69,/home/runner/work/javassist/javassist/target/test-classes/javassist/JvstTest4$Inner1.class,-1,445068,445066,Not provided,BuildwithMaven,BuildwithMaven
70,/home/runner/work/javassist/javassist/target/test-classes/test5/InnerClassRemove$C.class,-1,444982,444980,Not provided,BuildwithMaven,BuildwithMaven
71,/home/runner/work/javassist/javassist/target/test-classes/test5/InnerClassRemove$B.class,-1,444978,444976,Not provided,BuildwithMaven,BuildwithMaven
72,/home/runner/work/javassist/javassist/target/test-classes/test5/InnerClassRemove$A.class,-1,444974,444972,Not provided,BuildwithMaven,BuildwithMaven
73,/home/runner/work/javassist/javassist/target/test-classes/javassist/bytecode/StackMapTest$T8dd.class,-1,445228,445226,Not provided,BuildwithMaven,BuildwithMaven
74,/home/runner/work/javassist/javassist/target/test-classes/javassist/bytecode/StackMapTest$I8d.class,-1,445224,445222,Not provided,BuildwithMaven,BuildwithMaven
75,/home/runner/work/javassist/javassist/target/runtest/test5/InnerModifier.class,-1,485272,485270,Not provided,BuildwithMaven,BuildwithMaven
76,/home/runner/work/javassist/javassist/target/runtest/test1/Freeze.class,-1,449762,449760,Not provided,BuildwithMaven,BuildwithMaven
77,/home/runner/work/javassist/javassist/target/runtest/test1/NewInterface2.class,-1,449708,449706,Not provided,BuildwithMaven,BuildwithMaven
78,/home/runner/work/javassist/javassist/target/runtest/test1/NewInterface.class,-1,449704,449702,Not provided,BuildwithMaven,BuildwithMaven
79,/home/runner/work/javassist/javassist/target/runtest/test1/SetName2.class,-1,449811,449809,Not provided,BuildwithMaven,BuildwithMaven
80,/home/runner/work/javassist/javassist/target/runtest/test1/SetName3.class,-1,449815,449813,Not provided,BuildwithMaven,BuildwithMaven
81,/home/runner/work/javassist/javassist/target/runtest/test2/Inner.class,-1,450112,450110,Not provided,BuildwithMaven,BuildwithMaven
82,/home/runner/work/javassist/javassist/target/runtest/test2/Inherit.class,-1,450102,450100,Not provided,BuildwithMaven,BuildwithMaven
83,/home/runner/work/javassist/javassist/target/test-classes/javassist/HotswapTest$Foo.class,-1,447300,447298,Not provided,BuildwithMaven,BuildwithMaven
84,/home/runner/work/javassist/javassist/target/test-classes/test2/StaticArraysMem.class,-1,447280,447278,Not provided,BuildwithMaven,BuildwithMaven
85,/home/runner/work/javassist/javassist/target/test-classes/test5/NestHost$Bar.class,-1,447224,447222,Not provided,BuildwithMaven,BuildwithMaven
86,/home/runner/work/javassist/javassist/target/test-classes/test1/Point.class,-1,447324,447322,Not provided,BuildwithMaven,BuildwithMaven
87,/home/runner/work/javassist/javassist/target/runtest/test1/MySerializableClass.class,-1,449138,449136,Not provided,BuildwithMaven,BuildwithMaven
88,/home/runner/work/javassist/javassist/target/test-classes/javassist/compiler/LexTest.class,-1,447340,447338,Not provided,BuildwithMaven,BuildwithMaven
89,/home/runner/work/javassist/javassist/target/test-classes/scoped/jar1/ScopedAnnotationUsage.class,-1,447336,447334,Not provided,BuildwithMaven,BuildwithMaven
90,/home/runner/work/javassist/javassist/target/runtest/test4/TestDeadcode.class,-1,451377,451375,Not provided,BuildwithMaven,BuildwithMaven
91,/home/runner/work/javassist/javassist/target/runtest/test4/WrittenFile2sub.class,-1,451312,451310,Not provided,BuildwithMaven,BuildwithMaven
92,/home/runner/work/javassist/javassist/target/runtest/test4/AnnoLoad.class,-1,451239,451237,Not provided,BuildwithMaven,BuildwithMaven
93,/home/runner/work/javassist/javassist/target/runtest/test4/AnnoLoadAnno.class,-1,451232,451230,Not provided,BuildwithMaven,BuildwithMaven
94,/home/runner/work/javassist/javassist/target/runtest/test5/NestHost4$InnerClass1$InnerClass5.class,-1,484792,484790,Not provided,BuildwithMaven,BuildwithMaven
95,/home/runner/work/javassist/javassist/target/runtest/test5/NestHost4$InnerClass1.class,-1,484782,484780,Not provided,BuildwithMaven,BuildwithMaven
96,/home/runner/work/javassist/javassist/target/runtest/test2/SuperInterface3.class,-1,450426,450424,Not provided,BuildwithMaven,BuildwithMaven
97,/home/runner/work/javassist/javassist/target/runtest/test2/NullArgTest.class,-1,450301,450299,Not provided,BuildwithMaven,BuildwithMaven
98,/home/runner/work/javassist/javassist/target/runtest/test2/NewOp.class,-1,450297,450295,Not provided,BuildwithMaven,BuildwithMaven
99,/home/runner/work/javassist/javassist/target/runtest/test2/MethodCall.class,-1,450193,450191,Not provided,BuildwithMaven,BuildwithMaven
100,/home/runner/work/javassist/javassist/target/runtest/test3/StaticFinalField.class,-1,450948,450946,Not provided,BuildwithMaven,BuildwithMaven
101,/home/runner/work/javassist/javassist/target/runtest/test3/PublicInner$Inner.class,-1,450601,450599,Not provided,BuildwithMaven,BuildwithMaven
102,/home/runner/work/javassist/javassist/target/runtest/test3/PublicInner.class,-1,450597,450595,Not provided,BuildwithMaven,BuildwithMaven
103,/home/runner/work/javassist/javassist/target/test-classes/javassist/ConcurrentClassDefinitionTest$Worker.class,-1,446632,446630,Not provided,BuildwithMaven,BuildwithMaven
104,/home/runner/work/javassist/javassist/target/test-classes/javassist/ConcurrentClassDefinitionTest.class,-1,446636,446634,Not provided,BuildwithMaven,BuildwithMaven
105,/home/runner/work/javassist/javassist/target/test-classes/Jassist150.class,-1,446608,446606,Not provided,BuildwithMaven,BuildwithMaven
106,/home/runner/work/javassist/javassist/target/test-classes/Jassist150$1.class,-1,446604,446602,Not provided,BuildwithMaven,BuildwithMaven
107,/home/runner/work/javassist/javassist/target/test-classes/test/javassist/proxy/ProxySimpleTest$Default4.class,-1,446724,446722,Not provided,BuildwithMaven,BuildwithMaven
108,/home/runner/work/javassist/javassist/target/test-classes/scoped/ScopedRepositoryTestCase.class,-1,446369,446367,Not provided,BuildwithMaven,BuildwithMaven
109,/home/runner/work/javassist/javassist/target/test-classes/test4/JIRA220intf.class,-1,446346,446344,Not provided,BuildwithMaven,BuildwithMaven
110,/home/runner/work/javassist/javassist/target/test-classes/test4/NestedClass$S.class,-1,446326,446324,Not provided,BuildwithMaven,BuildwithMaven
111,/home/runner/work/javassist/javassist/target/test-classes/test4/NestedClass$S$S2.class,-1,446322,446320,Not provided,BuildwithMaven,BuildwithMaven
112,/home/runner/work/javassist/javassist/target/test-classes/test4/NestedClass$N.class,-1,446318,446316,Not provided,BuildwithMaven,BuildwithMaven
113,/home/runner/work/javassist/javassist/target/test-classes/test5/NestHost2$Bar.class,-1,446306,446304,Not provided,BuildwithMaven,BuildwithMaven
114,/home/runner/work/javassist/javassist/target/test-classes/test3/NestedClass$Inner.class,-1,446405,446403,Not provided,BuildwithMaven,BuildwithMaven
115,/home/runner/work/javassist/javassist/target/test-classes/test3/NestedClass$StaticNested.class,-1,446409,446407,Not provided,BuildwithMaven,BuildwithMaven
116,/home/runner/work/javassist/javassist/target/test-classes/test4/Signature$Foo.class,-1,446568,446566,Not provided,BuildwithMaven,BuildwithMaven
117,/home/runner/work/javassist/javassist/target/test-classes/Test.class,-1,446564,446562,Not provided,BuildwithMaven,BuildwithMaven
118,/home/runner/work/javassist/javassist/target/test-classes/InvalidStackMapFrame.class,-1,446560,446558,Not provided,BuildwithMaven,BuildwithMaven
119,/home/runner/work/javassist/javassist/target/test-classes/test3/PublicInner2$PS.class,-1,446520,446518,Not provided,BuildwithMaven,BuildwithMaven
120,/home/runner/work/javassist/javassist/target/test-classes/test3/NestedClass$1Local.class,-1,446417,446415,Not provided,BuildwithMaven,BuildwithMaven
121,/home/runner/work/javassist/javassist/target/test-classes/test3/NestedClass$1.class,-1,446413,446411,Not provided,BuildwithMaven,BuildwithMaven
122,/home/runner/work/javassist/javassist/target/test-classes/test4/JIRA181$ICondition.class,-1,447092,447090,Not provided,BuildwithMaven,BuildwithMaven
123,/home/runner/work/javassist/javassist/target/test-classes/scoped/jar1/TestClass1.class,-1,447072,447070,Not provided,BuildwithMaven,BuildwithMaven
124,/home/runner/work/javassist/javassist/target/test-classes/javassist/bytecode/CodeAnalyzerTest.class,-1,447022,447020,Not provided,BuildwithMaven,BuildwithMaven
125,/home/runner/work/javassist/javassist/target/test-classes/test4/GetAllRefAnnoC4.class,-1,447006,447004,Not provided,BuildwithMaven,BuildwithMaven
126,/home/runner/work/javassist/javassist/target/test-classes/test4/JIRA181$B.class,-1,447096,447094,Not provided,BuildwithMaven,BuildwithMaven
127,/home/runner/work/javassist/javassist/target/test-classes/javassist/tools/reflect/Person.class,-1,447110,447108,Not provided,BuildwithMaven,BuildwithMaven
128,/home/runner/work/javassist/javassist/target/test-classes/test4/ImportPac.class,-1,447130,447128,Not provided,BuildwithMaven,BuildwithMaven
129,/home/runner/work/javassist/javassist/target/test-classes/javassist/tools/reflect/ClassMetaobjectTest.class,-1,447126,447124,Not provided,BuildwithMaven,BuildwithMaven
130,/home/runner/work/javassist/javassist/target/test-classes/test4/GetAllRefAnnoC3.class,-1,447002,447000,Not provided,BuildwithMaven,BuildwithMaven
131,/home/runner/work/javassist/javassist/target/test-classes/test4/GetAllRefAnnoC2.class,-1,446998,446996,Not provided,BuildwithMaven,BuildwithMaven
132,/home/runner/work/javassist/javassist/target/test-classes/test4/GetAllRefAnnoC.class,-1,446994,446992,Not provided,BuildwithMaven,BuildwithMaven
133,/home/runner/work/javassist/javassist/target/test-classes/test5/RemoveAnno2.class,-1,446856,446854,Not provided,BuildwithMaven,BuildwithMaven
134,/home/runner/work/javassist/javassist/target/test-classes/test5/RemoveAnno1.class,-1,446852,446850,Not provided,BuildwithMaven,BuildwithMaven
135,/home/runner/work/javassist/javassist/target/test-classes/test3/PackName2.class,-1,446840,446838,Not provided,BuildwithMaven,BuildwithMaven
136,/home/runner/work/javassist/javassist/target/test-classes/test5/JIRA242.class,-1,446832,446830,Not provided,BuildwithMaven,BuildwithMaven
137,/home/runner/work/javassist/javassist/target/test-classes/test4/GetAllRefAnno.class,-1,446990,446988,Not provided,BuildwithMaven,BuildwithMaven
138,/home/runner/work/javassist/javassist/target/test-classes/test4/GetAllRefEnum.class,-1,446986,446984,Not provided,BuildwithMaven,BuildwithMaven
139,/home/runner/work/javassist/javassist/target/test-classes/annotation/Tag.class,-1,446962,446960,Not provided,BuildwithMaven,BuildwithMaven
140,/home/runner/work/javassist/javassist/target/test-classes/annotation/EnumTest.class,-1,446958,446956,Not provided,BuildwithMaven,BuildwithMaven
141,/home/runner/work/javassist/javassist/tutorial/tutorial3.html,-1,2651,2649,Not provided,uses-checkout,uses-checkout
142,/home/runner/work/javassist/javassist/target/runtest/reflected/javassist/tools/reflect/SuperClass.class,-1,486026,486024,Not provided,BuildwithMaven,BuildwithMaven
143,/home/runner/work/javassist/javassist/src/test/javassist/bytecode/Gap0Example.class,-1,1442,1440,Not provided,uses-checkout,uses-checkout
144,/home/runner/work/javassist/javassist/target/runtest/javassist/bytecode/Gap0Example2.class,-1,485967,485965,Not provided,BuildwithMaven,BuildwithMaven
145,/home/runner/work/javassist/javassist/target/runtest/javassist/bytecode/Gap0Example.class,-1,485960,485958,Not provided,BuildwithMaven,BuildwithMaven
146,/home/runner/work/javassist/javassist/src/test/Readme.txt,-1,1349,1347,Not provided,uses-checkout,uses-checkout
147,/home/runner/work/javassist/javassist/sample/vector/VectorAssistant.java,-1,1335,1333,Not provided,uses-checkout,uses-checkout
148,/home/runner/work/javassist/javassist/sample/vector/Test.j,-1,1331,1329,Not provided,uses-checkout,uses-checkout
149,/home/runner/work/javassist/javassist/sample/vector/Sample2.java,-1,1327,1325,Not provided,uses-checkout,uses-checkout
150,/home/runner/work/javassist/javassist/sample/rmi/webdemo.html,-1,1318,1316,Not provided,uses-checkout,uses-checkout
151,/home/runner/work/javassist/javassist/sample/rmi/start.html,-1,1314,1312,Not provided,uses-checkout,uses-checkout
152,/home/runner/work/javassist/javassist/sample/rmi/inside.gif,-1,1310,1308,Not provided,uses-checkout,uses-checkout
153,/home/runner/work/javassist/javassist/sample/rmi/Counter.java,-1,1306,1304,Not provided,uses-checkout,uses-checkout
154,/home/runner/work/javassist/javassist/target/runtest/javassist/bytecode/StackMapTest$T8d.class,-1,485921,485919,Not provided,BuildwithMaven,BuildwithMaven
155,/home/runner/work/javassist/javassist/sample/rmi/CountApplet.java,-1,1302,1300,Not provided,uses-checkout,uses-checkout
156,/home/runner/work/javassist/javassist/sample/reflect/VerboseMetaobj.java,-1,1292,1290,Not provided,uses-checkout,uses-checkout
157,/home/runner/work/javassist/javassist/sample/reflect/Person.java,-1,1288,1286,Not provided,uses-checkout,uses-checkout
158,/home/runner/work/javassist/javassist/.github/workflows/maven.yml,-1,1095,1093,Not provided,uses-checkout,uses-checkout
159,/home/runner/work/javassist/javassist/target/runtest/testproxy/Target_$$_jvst489_11.class,-1,486255,486253,Not provided,BuildwithMaven,BuildwithMaven
160,/home/runner/work/javassist/javassist/.gitignore,-1,1103,1101,Not provided,uses-checkout,uses-checkout
161,/home/runner/work/javassist/javassist/Changes.md,-1,1107,1105,Not provided,uses-checkout,uses-checkout
162,/home/runner/work/javassist/javassist/Examples.md,-1,1111,1109,Not provided,uses-checkout,uses-checkout
163,/home/runner/work/javassist/javassist/sample/preproc/package.html,-1,1278,1276,Not provided,uses-checkout,uses-checkout
164,/home/runner/work/javassist/javassist/sample/preproc/Compiler.java,-1,1274,1272,Not provided,uses-checkout,uses-checkout
165,/home/runner/work/javassist/javassist/target/runtest/proxy/test/javassist/proxy/ProxySimpleTest$PubProxy_$$_jvst489_2734.class,-1,486504,486502,Not provided,BuildwithMaven,BuildwithMaven
166,/home/runner/work/javassist/javassist/sample/evolve/update.html,-1,1254,1252,Not provided,uses-checkout,uses-checkout
167,/home/runner/work/javassist/javassist/sample/evolve/start.html,-1,1250,1248,Not provided,uses-checkout,uses-checkout
168,/home/runner/work/javassist/javassist/sample/evolve/demo.html,-1,1242,1240,Not provided,uses-checkout,uses-checkout
169,/home/runner/work/javassist/javassist/sample/evolve/WebPage.java,-1,1238,1236,Not provided,uses-checkout,uses-checkout
170,/home/runner/work/javassist/javassist/sample/evolve/VersionManager.java,-1,1234,1232,Not provided,uses-checkout,uses-checkout
171,/home/runner/work/javassist/javassist/sample/evolve/Sample.java,-1,1230,1228,Not provided,uses-checkout,uses-checkout
172,/home/runner/work/javassist/javassist/sample/evolve/Evolution.java,-1,1226,1224,Not provided,uses-checkout,uses-checkout
173,/home/runner/work/javassist/javassist/sample/evolve/DemoServer.java,-1,1222,1220,Not provided,uses-checkout,uses-checkout
174,/home/runner/work/javassist/javassist/sample/evolve/DemoLoader.java,-1,1218,1216,Not provided,uses-checkout,uses-checkout
175,/home/runner/work/javassist/javassist/sample/evolve/CannotUpdateException.java,-1,1214,1212,Not provided,uses-checkout,uses-checkout
176,/home/runner/work/javassist/javassist/target/runtest/proxy/test/javassist/proxy/ProxySimpleTest$Default2_$$_jvst489_273b.class,-1,486578,486576,Not provided,BuildwithMaven,BuildwithMaven
177,/home/runner/work/javassist/javassist/sample/duplicate/Viewer.java,-1,1204,1202,Not provided,uses-checkout,uses-checkout
178,/home/runner/work/javassist/javassist/sample/duplicate/Main.java,-1,1200,1198,Not provided,uses-checkout,uses-checkout
179,/home/runner/work/javassist/javassist/sample/duplicate/DuplicatedObject.java,-1,1196,1194,Not provided,uses-checkout,uses-checkout
180,/home/runner/work/javassist/javassist/target/runtest/proxy/test/javassist/proxy/ProxySimpleTest$Default3_$$_jvst489_273d.class,-1,486600,486598,Not provided,BuildwithMaven,BuildwithMaven
181,/home/runner/work/javassist/javassist/build.xml,-1,1124,1122,Not provided,uses-checkout,uses-checkout
182,/home/runner/work/javassist/javassist/README.md,-1,1120,1118,Not provided,uses-checkout,uses-checkout
183,/home/runner/work/javassist/javassist/target/runtest/javassist/bytecode/StackMapTest$C6.class,-1,485626,485624,Not provided,BuildwithMaven,BuildwithMaven
184,/home/runner/work/javassist/javassist/target/test-classes/Readme.txt,-1,442264,442261,Not provided,BuildwithMaven,BuildwithMaven
185,/home/runner/work/javassist/javassist/target/test-classes/test3/NewExprTryCatch2.class,-1,444459,444457,Not provided,BuildwithMaven,BuildwithMaven
186,/home/runner/work/javassist/javassist/target/runtest/testproxy/BridgeMethod_$$_jvst489_7.class,-1,486127,-1,Not provided,BuildwithMaven,Not provided
187,/home/runner/work/javassist/javassist/target/runtest/proxy/javassist/util/proxy/test_javassist_proxy_ProxySimpleTest$PubProxy2_$$_jvst489_273c.class,-1,486590,-1,Not provided,BuildwithMaven,Not provided
188,/home/runner/work/javassist/javassist/target/surefire-reports/javassist.JvstTest.txt,-1,486732,-1,Not provided,BuildwithMaven,Not provided
189,/home/runner/work/javassist/javassist/target/runtest/proxy/test/javassist/proxy/ProxySimpleTest$Foo_$$_jvst489_2733.class,-1,486494,-1,Not provided,BuildwithMaven,Not provided
190,/home/runner/work/javassist/javassist/target/test-classes/testproxy/sub/TargetSuper.class,-1,447040,-1,Not provided,BuildwithMaven,Not provided
191,/home/runner/work/javassist/javassist/sample/rmi/AlertDialog.java,-1,1298,-1,Not provided,uses-checkout,Not provided
192,/home/runner/work/javassist/javassist/target/test-classes/annotation/Id.class,-1,446954,-1,Not provided,BuildwithMaven,Not provided
193,/home/runner/work/javassist/javassist/sample/reflect/Main.java,-1,1284,-1,Not provided,uses-checkout,Not provided
194,/home/runner/work/javassist/javassist/sample/preproc/Assistant.java,-1,1270,-1,Not provided,uses-checkout,Not provided
195,/home/runner/work/javassist/javassist/sample/hotswap/Test.java,-1,1260,-1,Not provided,uses-checkout,Not provided
196,/home/runner/work/javassist/javassist/sample/evolve/CannotCreateException.java,-1,1210,-1,Not provided,uses-checkout,Not provided
197,/home/runner/work/javassist/javassist/sample/duplicate/Ball.java,-1,1192,-1,Not provided,uses-checkout,Not provided
198,/home/runner/work/javassist/javassist/sample/Test.java,-1,1186,-1,Not provided,uses-checkout,Not provided
199,/home/runner/work/javassist/javassist/target/test-classes/scoped/jar1/ScopedAnnotationDefaultUsage.class,-1,444874,-1,Not provided,BuildwithMaven,Not provided
200,/home/runner/work/javassist/javassist/target/test-classes/test/javassist/convert/InstrumentationTarget$Itr.class,-1,444800,-1,Not provided,BuildwithMaven,Not provided
201,/home/runner/work/javassist/javassist/target/test-classes/javassist/compiler/ParseTest.class,-1,444675,-1,Not provided,BuildwithMaven,Not provided
202,/home/runner/work/javassist/javassist/target/test-classes/test1/RenameClass2.class,-1,444473,-1,Not provided,BuildwithMaven,Not provided
203,/home/runner/work/javassist/javassist/target/test-classes/test/javassist/bytecode/analysis/ScannerTest.class,-1,444455,-1,Not provided,BuildwithMaven,Not provided
