,file_name,last_access_index,last_modify_index,creation_index,last_access_step,last_modify_step,creation_step
0,/home/runner/work/javassist/javassist/target/javassist-3.29.2-GA.jar,-1,1167503,1148584,Not provided,BuildwithMaven,BuildwithMaven
1,/home/runner/work/javassist/javassist/target/javassist-3.29.2-GA-sources.jar,-1,1172103,1168446,Not provided,BuildwithMaven,BuildwithMaven
2,/home/runner/work/javassist/javassist/target/classes/META-INF/MANIFEST.MF,558738,1168416,495072,BuildwithMaven,BuildwithMaven,BuildwithMaven
3,/home/runner/work/javassist/javassist/target/runtest/test1/AnnoTest.class,-1,557145,557068,Not provided,BuildwithMaven,BuildwithMaven
4,/home/runner/work/javassist/javassist/target/runtest/test-hibernate.class,-1,557361,557306,Not provided,BuildwithMaven,BuildwithMaven
5,/home/runner/work/javassist/javassist/target/runtest/TooManyConstPoolItems.class,-1,556703,556657,Not provided,BuildwithMaven,BuildwithMaven
6,/home/runner/work/javassist/javassist/target/surefire-reports/TEST-javassist.JvstTest.xml,-1,558353,558346,Not provided,BuildwithMaven,BuildwithMaven
7,/home/runner/work/javassist/javassist/target/maven-status/maven-compiler-plugin/compile/default-compile/inputFiles.lst,-1,4811,4807,Not provided,BuildwithMaven,BuildwithMaven
8,/home/runner/work/javassist/javassist/target/maven-status/maven-compiler-plugin/compile/default-compile/createdFiles.lst,-1,4805,4801,Not provided,BuildwithMaven,BuildwithMaven
9,/home/runner/work/javassist/javassist/target/runtest/test3/JIRA63.class,-1,505042,505033,Not provided,BuildwithMaven,BuildwithMaven
10,/home/runner/work/javassist/javassist/target/maven-status/maven-compiler-plugin/testCompile/default-testCompile/createdFiles.lst,-1,501811,501807,Not provided,BuildwithMaven,BuildwithMaven
11,/home/runner/work/javassist/javassist/target/maven-status/maven-compiler-plugin/testCompile/default-testCompile/inputFiles.lst,-1,501817,501813,Not provided,BuildwithMaven,BuildwithMaven
12,/home/runner/work/javassist/javassist/tutorial/tutorial.html,-1,2670,2666,Not provided,uses-checkout,uses-checkout
13,/home/runner/work/javassist/javassist/tutorial/tutorial2.html,-1,2676,2672,Not provided,uses-checkout,uses-checkout
14,/home/runner/work/javassist/javassist/target/runtest/test3/Clazz67.class,-1,504842,504838,Not provided,BuildwithMaven,BuildwithMaven
15,/home/runner/work/javassist/javassist/License.html,-1,1159,1156,Not provided,uses-checkout,uses-checkout
16,/home/runner/work/javassist/javassist/target/test-classes/scoped/UnscopedAnnotationDefaultUsage.class,-1,499984,499982,Not provided,BuildwithMaven,BuildwithMaven
17,/home/runner/work/javassist/javassist/target/test-classes/javassist/compiler/CodeTest.class,-1,499960,499958,Not provided,BuildwithMaven,BuildwithMaven
18,/home/runner/work/javassist/javassist/target/test-classes/test5/JIRA246.class,-1,500067,500065,Not provided,BuildwithMaven,BuildwithMaven
19,/home/runner/work/javassist/javassist/target/test-classes/test1/BenchProceedNew3.class,-1,499948,499946,Not provided,BuildwithMaven,BuildwithMaven
20,/home/runner/work/javassist/javassist/target/test-classes/test1/BenchProceedNew.class,-1,499952,499950,Not provided,BuildwithMaven,BuildwithMaven
21,/home/runner/work/javassist/javassist/target/test-classes/test1/BenchProceedNew2.class,-1,499944,499942,Not provided,BuildwithMaven,BuildwithMaven
22,/home/runner/work/javassist/javassist/target/test-classes/test3/InnerClass.class,-1,499767,499765,Not provided,BuildwithMaven,BuildwithMaven
23,/home/runner/work/javassist/javassist/target/test-classes/scoped/jar1/ScopedTestAnnotation.class,-1,499771,499769,Not provided,BuildwithMaven,BuildwithMaven
24,/home/runner/work/javassist/javassist/target/test-classes/test3/Visible2.class,-1,499916,499914,Not provided,BuildwithMaven,BuildwithMaven
25,/home/runner/work/javassist/javassist/target/test-classes/javassist/Bench.class,-1,500507,500505,Not provided,BuildwithMaven,BuildwithMaven
26,/home/runner/work/javassist/javassist/target/test-classes/javassist/Bench$7.class,-1,500503,500501,Not provided,BuildwithMaven,BuildwithMaven
27,/home/runner/work/javassist/javassist/target/test-classes/javassist/Bench$6.class,-1,500499,500497,Not provided,BuildwithMaven,BuildwithMaven
28,/home/runner/work/javassist/javassist/target/test-classes/javassist/Bench$5.class,-1,500495,500493,Not provided,BuildwithMaven,BuildwithMaven
29,/home/runner/work/javassist/javassist/target/test-classes/javassist/Bench$4.class,-1,500491,500489,Not provided,BuildwithMaven,BuildwithMaven
30,/home/runner/work/javassist/javassist/target/test-classes/javassist/Bench$3.class,-1,500487,500485,Not provided,BuildwithMaven,BuildwithMaven
31,/home/runner/work/javassist/javassist/target/test-classes/javassist/Bench$2.class,-1,500483,500481,Not provided,BuildwithMaven,BuildwithMaven
32,/home/runner/work/javassist/javassist/target/test-classes/javassist/Bench$1.class,-1,500479,500477,Not provided,BuildwithMaven,BuildwithMaven
33,/home/runner/work/javassist/javassist/target/test-classes/scoped/jar1/FullyScopedAnnotationUsage.class,-1,500471,500469,Not provided,BuildwithMaven,BuildwithMaven
34,/home/runner/work/javassist/javassist/target/test-classes/test1/StaticField.class,-1,500463,500461,Not provided,BuildwithMaven,BuildwithMaven
35,/home/runner/work/javassist/javassist/target/test-classes/test4/GetAllRefInnerTest$2.class,-1,500137,500135,Not provided,BuildwithMaven,BuildwithMaven
36,/home/runner/work/javassist/javassist/target/test-classes/test4/GetAllRefInnerTest$1.class,-1,500133,500131,Not provided,BuildwithMaven,BuildwithMaven
37,/home/runner/work/javassist/javassist/target/test-classes/test4/GetAllRefInnerTest2.class,-1,500129,500127,Not provided,BuildwithMaven,BuildwithMaven
38,/home/runner/work/javassist/javassist/target/test-classes/test4/GetAllRefInnerTest2$1.class,-1,500125,500123,Not provided,BuildwithMaven,BuildwithMaven
39,/home/runner/work/javassist/javassist/target/test-classes/scoped/UnscopedAnnotationUsage.class,-1,500223,500221,Not provided,BuildwithMaven,BuildwithMaven
40,/home/runner/work/javassist/javassist/target/test-classes/scoped/jar1/FullyScopedAnnotationDefaultUsage.class,-1,500227,500225,Not provided,BuildwithMaven,BuildwithMaven
41,/home/runner/work/javassist/javassist/target/test-classes/javassist/ClassPoolBench.class,-1,500267,500265,Not provided,BuildwithMaven,BuildwithMaven
42,/home/runner/work/javassist/javassist/target/test-classes/test2/ReplaceClassName3.class,-1,499077,499075,Not provided,BuildwithMaven,BuildwithMaven
43,/home/runner/work/javassist/javassist/target/test-classes/test2/ReplaceClassName2.class,-1,499073,499071,Not provided,BuildwithMaven,BuildwithMaven
44,/home/runner/work/javassist/javassist/target/test-classes/VisibleTop2.class,-1,499687,499685,Not provided,BuildwithMaven,BuildwithMaven
45,/home/runner/work/javassist/javassist/target/test-classes/test2/Nested$Inner2.class,-1,499039,499037,Not provided,BuildwithMaven,BuildwithMaven
46,/home/runner/work/javassist/javassist/target/test-classes/testproxy/Target189.class,-1,499031,499029,Not provided,BuildwithMaven,BuildwithMaven
47,/home/runner/work/javassist/javassist/target/test-classes/test/javassist/bytecode/analysis/DomTreePrinter.class,-1,499191,499189,Not provided,BuildwithMaven,BuildwithMaven
48,/home/runner/work/javassist/javassist/target/test-classes/scoped/TestAnnotation.class,-1,499151,499149,Not provided,BuildwithMaven,BuildwithMaven
49,/home/runner/work/javassist/javassist/target/test-classes/testproxy/Target127.class,-1,498868,498866,Not provided,BuildwithMaven,BuildwithMaven
50,/home/runner/work/javassist/javassist/target/test-classes/testproxy/Target127$RealSub.class,-1,498864,498862,Not provided,BuildwithMaven,BuildwithMaven
51,/home/runner/work/javassist/javassist/target/test-classes/test1/BenchProceed.class,-1,499003,499001,Not provided,BuildwithMaven,BuildwithMaven
52,/home/runner/work/javassist/javassist/target/test-classes/test1/BenchProceed2.class,-1,498999,498997,Not provided,BuildwithMaven,BuildwithMaven
53,/home/runner/work/javassist/javassist/target/test-classes/test1/BenchStaticMethod.class,-1,498995,498993,Not provided,BuildwithMaven,BuildwithMaven
54,/home/runner/work/javassist/javassist/target/test-classes/test3/Enhancer.class,-1,498979,498977,Not provided,BuildwithMaven,BuildwithMaven
55,/home/runner/work/javassist/javassist/target/test-classes/test3/Enhancer$Interceptor.class,-1,498975,498973,Not provided,BuildwithMaven,BuildwithMaven
56,/home/runner/work/javassist/javassist/target/test-classes/test3/Enhancer$1.class,-1,498971,498969,Not provided,BuildwithMaven,BuildwithMaven
57,/home/runner/work/javassist/javassist/target/test-classes/test3/EnhanceTest.class,-1,498964,498962,Not provided,BuildwithMaven,BuildwithMaven
58,/home/runner/work/javassist/javassist/target/test-classes/test/javassist/bytecode/analysis/ErrorFinder.class,-1,499553,499551,Not provided,BuildwithMaven,BuildwithMaven
59,/home/runner/work/javassist/javassist/target/test-classes/test3/NewClass2.class,-1,499595,499593,Not provided,BuildwithMaven,BuildwithMaven
60,/home/runner/work/javassist/javassist/target/test-classes/test1/GetThrow2.class,-1,499647,499645,Not provided,BuildwithMaven,BuildwithMaven
61,/home/runner/work/javassist/javassist/target/test-classes/test1/GetThrow1.class,-1,499643,499641,Not provided,BuildwithMaven,BuildwithMaven
62,/home/runner/work/javassist/javassist/target/test-classes/test/javassist/bytecode/analysis/AnalyzerTest$Dummy$A3.class,-1,499615,499613,Not provided,BuildwithMaven,BuildwithMaven
63,/home/runner/work/javassist/javassist/target/test-classes/test/javassist/bytecode/analysis/AnalyzerTest$Dummy$A2.class,-1,499611,499609,Not provided,BuildwithMaven,BuildwithMaven
64,/home/runner/work/javassist/javassist/target/test-classes/javassist/bytecode/StackMapTest$T8dd.class,-1,499489,499487,Not provided,BuildwithMaven,BuildwithMaven
65,/home/runner/work/javassist/javassist/target/test-classes/javassist/JvstTest4$Inner1.class,-1,499329,499327,Not provided,BuildwithMaven,BuildwithMaven
66,/home/runner/work/javassist/javassist/target/test-classes/test5/InnerClassRemove$C.class,-1,499247,499245,Not provided,BuildwithMaven,BuildwithMaven
67,/home/runner/work/javassist/javassist/target/test-classes/test5/InnerClassRemove$B.class,-1,499243,499241,Not provided,BuildwithMaven,BuildwithMaven
68,/home/runner/work/javassist/javassist/target/test-classes/test5/InnerClassRemove$A.class,-1,499239,499237,Not provided,BuildwithMaven,BuildwithMaven
69,/home/runner/work/javassist/javassist/target/test-classes/javassist/bytecode/StackMapTest$I8d.class,-1,499485,499483,Not provided,BuildwithMaven,BuildwithMaven
70,/home/runner/work/javassist/javassist/target/runtest/test1/SetName3.class,-1,503872,503870,Not provided,BuildwithMaven,BuildwithMaven
71,/home/runner/work/javassist/javassist/target/runtest/test1/SetName2.class,-1,503868,503866,Not provided,BuildwithMaven,BuildwithMaven
72,/home/runner/work/javassist/javassist/target/runtest/test1/Freeze.class,-1,503819,503817,Not provided,BuildwithMaven,BuildwithMaven
73,/home/runner/work/javassist/javassist/target/runtest/test1/NewInterface2.class,-1,503765,503763,Not provided,BuildwithMaven,BuildwithMaven
74,/home/runner/work/javassist/javassist/target/runtest/test1/NewInterface.class,-1,503761,503759,Not provided,BuildwithMaven,BuildwithMaven
75,/home/runner/work/javassist/javassist/target/test-classes/test5/NestHost$Bar.class,-1,501469,501467,Not provided,BuildwithMaven,BuildwithMaven
76,/home/runner/work/javassist/javassist/target/runtest/test1/MySerializableClass.class,-1,503232,503230,Not provided,BuildwithMaven,BuildwithMaven
77,/home/runner/work/javassist/javassist/target/test-classes/javassist/compiler/LexTest.class,-1,501605,501603,Not provided,BuildwithMaven,BuildwithMaven
78,/home/runner/work/javassist/javassist/target/test-classes/scoped/jar1/ScopedAnnotationUsage.class,-1,501601,501599,Not provided,BuildwithMaven,BuildwithMaven
79,/home/runner/work/javassist/javassist/target/test-classes/test1/Point.class,-1,501581,501579,Not provided,BuildwithMaven,BuildwithMaven
80,/home/runner/work/javassist/javassist/target/test-classes/javassist/HotswapTest$Foo.class,-1,501565,501563,Not provided,BuildwithMaven,BuildwithMaven
81,/home/runner/work/javassist/javassist/target/test-classes/test2/StaticArraysMem.class,-1,501557,501555,Not provided,BuildwithMaven,BuildwithMaven
82,/home/runner/work/javassist/javassist/target/runtest/test4/AnnoLoad.class,-1,505266,505264,Not provided,BuildwithMaven,BuildwithMaven
83,/home/runner/work/javassist/javassist/target/runtest/test4/TestDeadcode.class,-1,505404,505402,Not provided,BuildwithMaven,BuildwithMaven
84,/home/runner/work/javassist/javassist/target/runtest/test4/WrittenFile2sub.class,-1,505339,505337,Not provided,BuildwithMaven,BuildwithMaven
85,/home/runner/work/javassist/javassist/target/runtest/test4/AnnoLoadAnno.class,-1,505259,505257,Not provided,BuildwithMaven,BuildwithMaven
86,/home/runner/work/javassist/javassist/target/runtest/test3/StaticFinalField.class,-1,504971,504969,Not provided,BuildwithMaven,BuildwithMaven
87,/home/runner/work/javassist/javassist/target/runtest/test5/NestHost4$InnerClass1$InnerClass5.class,-1,556571,556569,Not provided,BuildwithMaven,BuildwithMaven
88,/home/runner/work/javassist/javassist/target/runtest/test5/NestHost4$InnerClass1.class,-1,556561,556559,Not provided,BuildwithMaven,BuildwithMaven
89,/home/runner/work/javassist/javassist/target/runtest/test2/NullArgTest.class,-1,504347,504345,Not provided,BuildwithMaven,BuildwithMaven
90,/home/runner/work/javassist/javassist/target/runtest/test2/NewOp.class,-1,504343,504341,Not provided,BuildwithMaven,BuildwithMaven
91,/home/runner/work/javassist/javassist/target/runtest/test2/MethodCall.class,-1,504240,504238,Not provided,BuildwithMaven,BuildwithMaven
92,/home/runner/work/javassist/javassist/target/runtest/test2/Inner.class,-1,504159,504157,Not provided,BuildwithMaven,BuildwithMaven
93,/home/runner/work/javassist/javassist/target/runtest/test2/Inherit.class,-1,504149,504147,Not provided,BuildwithMaven,BuildwithMaven
94,/home/runner/work/javassist/javassist/target/runtest/test3/PublicInner$Inner.class,-1,504642,504640,Not provided,BuildwithMaven,BuildwithMaven
95,/home/runner/work/javassist/javassist/target/runtest/test3/PublicInner.class,-1,504638,504636,Not provided,BuildwithMaven,BuildwithMaven
96,/home/runner/work/javassist/javassist/target/runtest/test2/SuperInterface3.class,-1,504472,504470,Not provided,BuildwithMaven,BuildwithMaven
97,/home/runner/work/javassist/javassist/target/test-classes/javassist/ConcurrentClassDefinitionTest.class,-1,500901,500899,Not provided,BuildwithMaven,BuildwithMaven
98,/home/runner/work/javassist/javassist/target/test-classes/javassist/ConcurrentClassDefinitionTest$Worker.class,-1,500897,500895,Not provided,BuildwithMaven,BuildwithMaven
99,/home/runner/work/javassist/javassist/target/test-classes/Jassist150.class,-1,500885,500883,Not provided,BuildwithMaven,BuildwithMaven
100,/home/runner/work/javassist/javassist/target/test-classes/Jassist150$1.class,-1,500881,500879,Not provided,BuildwithMaven,BuildwithMaven
101,/home/runner/work/javassist/javassist/target/test-classes/Test.class,-1,500837,500835,Not provided,BuildwithMaven,BuildwithMaven
102,/home/runner/work/javassist/javassist/target/test-classes/InvalidStackMapFrame.class,-1,500833,500831,Not provided,BuildwithMaven,BuildwithMaven
103,/home/runner/work/javassist/javassist/target/test-classes/test4/Signature$Foo.class,-1,500825,500823,Not provided,BuildwithMaven,BuildwithMaven
104,/home/runner/work/javassist/javassist/target/test-classes/test/javassist/proxy/ProxySimpleTest$Default4.class,-1,500989,500987,Not provided,BuildwithMaven,BuildwithMaven
105,/home/runner/work/javassist/javassist/target/test-classes/scoped/ScopedRepositoryTestCase.class,-1,500634,500632,Not provided,BuildwithMaven,BuildwithMaven
106,/home/runner/work/javassist/javassist/target/test-classes/test4/JIRA220intf.class,-1,500611,500609,Not provided,BuildwithMaven,BuildwithMaven
107,/home/runner/work/javassist/javassist/target/test-classes/test4/NestedClass$S.class,-1,500591,500589,Not provided,BuildwithMaven,BuildwithMaven
108,/home/runner/work/javassist/javassist/target/test-classes/test4/NestedClass$S$S2.class,-1,500587,500585,Not provided,BuildwithMaven,BuildwithMaven
109,/home/runner/work/javassist/javassist/target/test-classes/test4/NestedClass$N.class,-1,500583,500581,Not provided,BuildwithMaven,BuildwithMaven
110,/home/runner/work/javassist/javassist/target/test-classes/test5/NestHost2$Bar.class,-1,500571,500569,Not provided,BuildwithMaven,BuildwithMaven
111,/home/runner/work/javassist/javassist/target/test-classes/test2/Inner2$Child.class,-1,500559,500557,Not provided,BuildwithMaven,BuildwithMaven
112,/home/runner/work/javassist/javassist/target/test-classes/test5/InnerModifier2.class,-1,500547,500545,Not provided,BuildwithMaven,BuildwithMaven
113,/home/runner/work/javassist/javassist/target/test-classes/test3/PublicInner2$PS.class,-1,500785,500783,Not provided,BuildwithMaven,BuildwithMaven
114,/home/runner/work/javassist/javassist/target/test-classes/test3/NestedClass$1Local.class,-1,500682,500680,Not provided,BuildwithMaven,BuildwithMaven
115,/home/runner/work/javassist/javassist/target/test-classes/test3/NestedClass$1.class,-1,500678,500676,Not provided,BuildwithMaven,BuildwithMaven
116,/home/runner/work/javassist/javassist/target/test-classes/test3/NestedClass$StaticNested.class,-1,500674,500672,Not provided,BuildwithMaven,BuildwithMaven
117,/home/runner/work/javassist/javassist/target/test-classes/test3/NestedClass$Inner.class,-1,500670,500668,Not provided,BuildwithMaven,BuildwithMaven
118,/home/runner/work/javassist/javassist/target/test-classes/javassist/bytecode/CodeAnalyzerTest.class,-1,501287,501285,Not provided,BuildwithMaven,BuildwithMaven
119,/home/runner/work/javassist/javassist/target/test-classes/test4/GetAllRefAnnoC4.class,-1,501271,501269,Not provided,BuildwithMaven,BuildwithMaven
120,/home/runner/work/javassist/javassist/target/test-classes/test4/GetAllRefAnnoC3.class,-1,501267,501265,Not provided,BuildwithMaven,BuildwithMaven
121,/home/runner/work/javassist/javassist/target/test-classes/test4/GetAllRefAnnoC2.class,-1,501263,501261,Not provided,BuildwithMaven,BuildwithMaven
122,/home/runner/work/javassist/javassist/target/test-classes/test4/GetAllRefAnnoC.class,-1,501259,501257,Not provided,BuildwithMaven,BuildwithMaven
123,/home/runner/work/javassist/javassist/target/test-classes/test4/GetAllRefAnno.class,-1,501255,501253,Not provided,BuildwithMaven,BuildwithMaven
124,/home/runner/work/javassist/javassist/target/test-classes/test4/GetAllRefEnum.class,-1,501251,501249,Not provided,BuildwithMaven,BuildwithMaven
125,/home/runner/work/javassist/javassist/target/test-classes/scoped/jar1/TestClass1.class,-1,501337,501335,Not provided,BuildwithMaven,BuildwithMaven
126,/home/runner/work/javassist/javassist/target/test-classes/test4/ImportPac.class,-1,501395,501393,Not provided,BuildwithMaven,BuildwithMaven
127,/home/runner/work/javassist/javassist/target/test-classes/javassist/tools/reflect/ClassMetaobjectTest.class,-1,501391,501389,Not provided,BuildwithMaven,BuildwithMaven
128,/home/runner/work/javassist/javassist/target/test-classes/javassist/tools/reflect/Person.class,-1,501375,501373,Not provided,BuildwithMaven,BuildwithMaven
129,/home/runner/work/javassist/javassist/target/test-classes/test4/JIRA181$B.class,-1,501361,501359,Not provided,BuildwithMaven,BuildwithMaven
130,/home/runner/work/javassist/javassist/target/test-classes/test4/JIRA181$ICondition.class,-1,501357,501355,Not provided,BuildwithMaven,BuildwithMaven
131,/home/runner/work/javassist/javassist/target/test-classes/annotation/Tag.class,-1,501227,501225,Not provided,BuildwithMaven,BuildwithMaven
132,/home/runner/work/javassist/javassist/target/test-classes/test3/PackName2.class,-1,501101,501099,Not provided,BuildwithMaven,BuildwithMaven
133,/home/runner/work/javassist/javassist/target/test-classes/test5/JIRA242.class,-1,501097,501095,Not provided,BuildwithMaven,BuildwithMaven
134,/home/runner/work/javassist/javassist/target/test-classes/test5/RemoveAnno1.class,-1,501117,501115,Not provided,BuildwithMaven,BuildwithMaven
135,/home/runner/work/javassist/javassist/target/test-classes/annotation/EnumTest.class,-1,501223,501221,Not provided,BuildwithMaven,BuildwithMaven
136,/home/runner/work/javassist/javassist/target/test-classes/test5/RemoveAnno2.class,-1,501121,501119,Not provided,BuildwithMaven,BuildwithMaven
137,/home/runner/work/javassist/javassist/target/runtest/javassist/bytecode/StackMapTest$C6.class,-1,557304,557302,Not provided,BuildwithMaven,BuildwithMaven
138,/home/runner/work/javassist/javassist/tutorial/tutorial3.html,-1,2680,2678,Not provided,uses-checkout,uses-checkout
139,/home/runner/work/javassist/javassist/src/test/javassist/bytecode/Gap0Example.class,-1,1468,1466,Not provided,uses-checkout,uses-checkout
140,/home/runner/work/javassist/javassist/sample/reflect/Person.java,-1,1334,1332,Not provided,uses-checkout,uses-checkout
141,/home/runner/work/javassist/javassist/target/runtest/javassist/bytecode/Gap0Example.class,-1,557595,557593,Not provided,BuildwithMaven,BuildwithMaven
142,/home/runner/work/javassist/javassist/sample/vector/VectorAssistant.java,-1,1381,1379,Not provided,uses-checkout,uses-checkout
143,/home/runner/work/javassist/javassist/sample/vector/Test.j,-1,1377,1375,Not provided,uses-checkout,uses-checkout
144,/home/runner/work/javassist/javassist/sample/vector/Sample2.java,-1,1373,1371,Not provided,uses-checkout,uses-checkout
145,/home/runner/work/javassist/javassist/sample/rmi/webdemo.html,-1,1364,1362,Not provided,uses-checkout,uses-checkout
146,/home/runner/work/javassist/javassist/sample/rmi/start.html,-1,1360,1358,Not provided,uses-checkout,uses-checkout
147,/home/runner/work/javassist/javassist/sample/rmi/inside.gif,-1,1356,1354,Not provided,uses-checkout,uses-checkout
148,/home/runner/work/javassist/javassist/sample/rmi/Counter.java,-1,1352,1350,Not provided,uses-checkout,uses-checkout
149,/home/runner/work/javassist/javassist/sample/rmi/CountApplet.java,-1,1348,1346,Not provided,uses-checkout,uses-checkout
150,/home/runner/work/javassist/javassist/target/runtest/javassist/bytecode/Gap0Example2.class,-1,557602,557600,Not provided,BuildwithMaven,BuildwithMaven
151,/home/runner/work/javassist/javassist/target/runtest/javassist/bytecode/StackMapTest$T8d.class,-1,557556,557554,Not provided,BuildwithMaven,BuildwithMaven
152,/home/runner/work/javassist/javassist/sample/reflect/VerboseMetaobj.java,-1,1338,1336,Not provided,uses-checkout,uses-checkout
153,/home/runner/work/javassist/javassist/sample/preproc/package.html,-1,1324,1322,Not provided,uses-checkout,uses-checkout
154,/home/runner/work/javassist/javassist/.github/workflows/maven.yml,-1,1138,1136,Not provided,uses-checkout,uses-checkout
155,/home/runner/work/javassist/javassist/target/runtest/proxy/test/javassist/proxy/ProxySimpleTest$Default3_$$_jvst489_273d.class,-1,558213,558211,Not provided,BuildwithMaven,BuildwithMaven
156,/home/runner/work/javassist/javassist/sample/preproc/Compiler.java,-1,1320,1318,Not provided,uses-checkout,uses-checkout
157,/home/runner/work/javassist/javassist/.gitignore,-1,1146,1144,Not provided,uses-checkout,uses-checkout
158,/home/runner/work/javassist/javassist/Changes.md,-1,1150,1148,Not provided,uses-checkout,uses-checkout
159,/home/runner/work/javassist/javassist/Examples.md,-1,1154,1152,Not provided,uses-checkout,uses-checkout
160,/home/runner/work/javassist/javassist/target/runtest/testproxy/Target_$$_jvst489_11.class,-1,557847,557845,Not provided,BuildwithMaven,BuildwithMaven
161,/home/runner/work/javassist/javassist/sample/hotswap/Test.java,-1,1305,1303,Not provided,uses-checkout,uses-checkout
162,/home/runner/work/javassist/javassist/sample/evolve/update.html,-1,1297,1295,Not provided,uses-checkout,uses-checkout
163,/home/runner/work/javassist/javassist/sample/evolve/start.html,-1,1293,1291,Not provided,uses-checkout,uses-checkout
164,/home/runner/work/javassist/javassist/target/runtest/proxy/test/javassist/proxy/ProxySimpleTest$PubProxy_$$_jvst489_2734.class,-1,558119,558117,Not provided,BuildwithMaven,BuildwithMaven
165,/home/runner/work/javassist/javassist/sample/evolve/demo.html,-1,1282,1280,Not provided,uses-checkout,uses-checkout
166,/home/runner/work/javassist/javassist/sample/evolve/WebPage.java,-1,1278,1276,Not provided,uses-checkout,uses-checkout
167,/home/runner/work/javassist/javassist/sample/evolve/VersionManager.java,-1,1274,1272,Not provided,uses-checkout,uses-checkout
168,/home/runner/work/javassist/javassist/sample/evolve/Sample.java,-1,1270,1268,Not provided,uses-checkout,uses-checkout
169,/home/runner/work/javassist/javassist/sample/evolve/Evolution.java,-1,1266,1264,Not provided,uses-checkout,uses-checkout
170,/home/runner/work/javassist/javassist/sample/evolve/DemoServer.java,-1,1262,1260,Not provided,uses-checkout,uses-checkout
171,/home/runner/work/javassist/javassist/sample/evolve/DemoLoader.java,-1,1258,1256,Not provided,uses-checkout,uses-checkout
172,/home/runner/work/javassist/javassist/sample/evolve/CannotUpdateException.java,-1,1254,1252,Not provided,uses-checkout,uses-checkout
173,/home/runner/work/javassist/javassist/target/runtest/proxy/test/javassist/proxy/ProxySimpleTest$Default2_$$_jvst489_273b.class,-1,558191,558189,Not provided,BuildwithMaven,BuildwithMaven
174,/home/runner/work/javassist/javassist/sample/duplicate/Viewer.java,-1,1244,1242,Not provided,uses-checkout,uses-checkout
175,/home/runner/work/javassist/javassist/sample/duplicate/Main.java,-1,1240,1238,Not provided,uses-checkout,uses-checkout
176,/home/runner/work/javassist/javassist/sample/duplicate/DuplicatedObject.java,-1,1236,1234,Not provided,uses-checkout,uses-checkout
177,/home/runner/work/javassist/javassist/sample/Test.java,-1,1226,1224,Not provided,uses-checkout,uses-checkout
178,/home/runner/work/javassist/javassist/build.xml,-1,1167,1165,Not provided,uses-checkout,uses-checkout
179,/home/runner/work/javassist/javassist/README.md,-1,1163,1161,Not provided,uses-checkout,uses-checkout
180,/home/runner/work/javassist/javassist/target/runtest/test1/LocalVars2.class,-1,557064,557062,Not provided,BuildwithMaven,BuildwithMaven
181,/home/runner/work/javassist/javassist/target/test-classes/Readme.txt,-1,496543,496540,Not provided,BuildwithMaven,BuildwithMaven
182,/home/runner/work/javassist/javassist/target/runtest/test5/InnerModifier.class,-1,557045,557043,Not provided,BuildwithMaven,BuildwithMaven
183,/home/runner/work/javassist/javassist/target/runtest/test5/InnerModifier$NonStatic.class,-1,557034,557032,Not provided,BuildwithMaven,BuildwithMaven
184,/home/runner/work/javassist/javassist/target/test-classes/test3/NewExprTryCatch2.class,-1,498724,498722,Not provided,BuildwithMaven,BuildwithMaven
185,/home/runner/work/javassist/javassist/target/runtest/test5/InnerModifier$Static.class,-1,557041,557039,Not provided,BuildwithMaven,BuildwithMaven
186,/home/runner/work/javassist/javassist/target/runtest/proxy/javassist/util/proxy/test_javassist_proxy_ProxySimpleTest$PubProxy2_$$_jvst489_273c.class,-1,558203,-1,Not provided,BuildwithMaven,Not provided
187,/home/runner/work/javassist/javassist/target/surefire-reports/javassist.JvstTest.txt,-1,558344,-1,Not provided,BuildwithMaven,Not provided
188,/home/runner/work/javassist/javassist/target/test-classes/testproxy/sub/TargetSuper.class,-1,501305,-1,Not provided,BuildwithMaven,Not provided
189,/home/runner/work/javassist/javassist/sample/rmi/AlertDialog.java,-1,1344,-1,Not provided,uses-checkout,Not provided
190,/home/runner/work/javassist/javassist/sample/reflect/Main.java,-1,1330,-1,Not provided,uses-checkout,Not provided
191,/home/runner/work/javassist/javassist/sample/preproc/Assistant.java,-1,1316,-1,Not provided,uses-checkout,Not provided
192,/home/runner/work/javassist/javassist/sample/evolve/sample/evolve/WebPage.java,-1,1287,-1,Not provided,uses-checkout,Not provided
193,/home/runner/work/javassist/javassist/sample/evolve/CannotCreateException.java,-1,1250,-1,Not provided,uses-checkout,Not provided
194,/home/runner/work/javassist/javassist/sample/duplicate/Ball.java,-1,1232,-1,Not provided,uses-checkout,Not provided
195,/home/runner/work/javassist/javassist/target/test-classes/annotation/Id.class,-1,501219,-1,Not provided,BuildwithMaven,Not provided
196,/home/runner/work/javassist/javassist/target/test-classes/scoped/jar1/ScopedAnnotationDefaultUsage.class,-1,499147,-1,Not provided,BuildwithMaven,Not provided
197,/home/runner/work/javassist/javassist/target/test-classes/test/javassist/convert/InstrumentationTarget$Itr.class,-1,499065,-1,Not provided,BuildwithMaven,Not provided
198,/home/runner/work/javassist/javassist/target/test-classes/javassist/compiler/ParseTest.class,-1,498940,-1,Not provided,BuildwithMaven,Not provided
199,/home/runner/work/javassist/javassist/target/test-classes/test1/RenameClass2.class,-1,498738,-1,Not provided,BuildwithMaven,Not provided
200,/home/runner/work/javassist/javassist/target/test-classes/test/javassist/bytecode/analysis/ScannerTest.class,-1,498720,-1,Not provided,BuildwithMaven,Not provided
