,file_name,last_access_index,last_modify_index,creation_index,last_access_step,last_modify_step,creation_step
0,/home/runner/work/javassist/javassist/target/javassist-3.29.2-GA.jar,-1,1058944,1037730,Not provided,BuildwithMaven,BuildwithMaven
1,/home/runner/work/javassist/javassist/target/javassist-3.29.2-GA-sources.jar,-1,1067251,1060019,Not provided,BuildwithMaven,BuildwithMaven
2,/home/runner/work/javassist/javassist/target/classes/META-INF/MANIFEST.MF,445325,1059857,-1,BuildwithMaven,BuildwithMaven,Not provided
3,/home/runner/work/javassist/javassist/target/runtest/test-hibernate.class,-1,443597,443499,Not provided,BuildwithMaven,BuildwithMaven
4,/home/runner/work/javassist/javassist/target/runtest/test1/AnnoTest.class,-1,443302,443234,Not provided,BuildwithMaven,BuildwithMaven
5,/home/runner/work/javassist/javassist/target/runtest/TooManyConstPoolItems.class,-1,442868,442822,Not provided,BuildwithMaven,BuildwithMaven
6,/home/runner/work/javassist/javassist/target/surefire-reports/TEST-javassist.JvstTest.xml,-1,444675,444668,Not provided,BuildwithMaven,BuildwithMaven
7,/home/runner/work/javassist/javassist/target/maven-status/maven-compiler-plugin/testCompile/default-testCompile/createdFiles.lst,-1,397806,397802,Not provided,BuildwithMaven,BuildwithMaven
8,/home/runner/work/javassist/javassist/target/maven-status/maven-compiler-plugin/compile/default-compile/createdFiles.lst,-1,6917,6913,Not provided,BuildwithMaven,BuildwithMaven
9,/home/runner/work/javassist/javassist/target/runtest/test3/Clazz67.class,-1,401161,401157,Not provided,BuildwithMaven,BuildwithMaven
10,/home/runner/work/javassist/javassist/target/runtest/test3/JIRA63.class,-1,401360,401351,Not provided,BuildwithMaven,BuildwithMaven
11,/home/runner/work/javassist/javassist/target/maven-status/maven-compiler-plugin/compile/default-compile/inputFiles.lst,-1,6923,6919,Not provided,BuildwithMaven,BuildwithMaven
12,/home/runner/work/javassist/javassist/tutorial/tutorial.html,-1,3705,3701,Not provided,uses-checkout,uses-checkout
13,/home/runner/work/javassist/javassist/tutorial/tutorial2.html,-1,3711,3707,Not provided,uses-checkout,uses-checkout
14,/home/runner/work/javassist/javassist/target/maven-status/maven-compiler-plugin/testCompile/default-testCompile/inputFiles.lst,-1,397812,397808,Not provided,BuildwithMaven,BuildwithMaven
15,/home/runner/work/javassist/javassist/License.html,-1,1154,1151,Not provided,uses-checkout,uses-checkout
16,/home/runner/work/javassist/javassist/target/test-classes/test3/NewClass2.class,-1,395586,395584,Not provided,BuildwithMaven,BuildwithMaven
17,/home/runner/work/javassist/javassist/target/test-classes/test1/GetThrow2.class,-1,395638,395636,Not provided,BuildwithMaven,BuildwithMaven
18,/home/runner/work/javassist/javassist/target/test-classes/test1/GetThrow1.class,-1,395634,395632,Not provided,BuildwithMaven,BuildwithMaven
19,/home/runner/work/javassist/javassist/target/test-classes/test/javassist/bytecode/analysis/AnalyzerTest$Dummy$A2.class,-1,395610,395608,Not provided,BuildwithMaven,BuildwithMaven
20,/home/runner/work/javassist/javassist/target/test-classes/test/javassist/bytecode/analysis/AnalyzerTest$Dummy$A3.class,-1,395614,395612,Not provided,BuildwithMaven,BuildwithMaven
21,/home/runner/work/javassist/javassist/target/test-classes/VisibleTop2.class,-1,395678,395676,Not provided,BuildwithMaven,BuildwithMaven
22,/home/runner/work/javassist/javassist/target/test-classes/javassist/bytecode/StackMapTest$I8d.class,-1,395478,395476,Not provided,BuildwithMaven,BuildwithMaven
23,/home/runner/work/javassist/javassist/target/test-classes/test/javassist/bytecode/analysis/ErrorFinder.class,-1,395542,395540,Not provided,BuildwithMaven,BuildwithMaven
24,/home/runner/work/javassist/javassist/target/test-classes/javassist/ClassPoolBench.class,-1,396260,396258,Not provided,BuildwithMaven,BuildwithMaven
25,/home/runner/work/javassist/javassist/target/test-classes/javassist/bytecode/StackMapTest$T8dd.class,-1,395482,395480,Not provided,BuildwithMaven,BuildwithMaven
26,/home/runner/work/javassist/javassist/target/test-classes/test3/InnerClass.class,-1,395758,395756,Not provided,BuildwithMaven,BuildwithMaven
27,/home/runner/work/javassist/javassist/target/test-classes/scoped/UnscopedAnnotationDefaultUsage.class,-1,395975,395973,Not provided,BuildwithMaven,BuildwithMaven
28,/home/runner/work/javassist/javassist/target/test-classes/test4/GetAllRefInnerTest$2.class,-1,396128,396126,Not provided,BuildwithMaven,BuildwithMaven
29,/home/runner/work/javassist/javassist/target/test-classes/test4/GetAllRefInnerTest$1.class,-1,396124,396122,Not provided,BuildwithMaven,BuildwithMaven
30,/home/runner/work/javassist/javassist/target/test-classes/test4/GetAllRefInnerTest2.class,-1,396120,396118,Not provided,BuildwithMaven,BuildwithMaven
31,/home/runner/work/javassist/javassist/target/test-classes/test4/GetAllRefInnerTest2$1.class,-1,396116,396114,Not provided,BuildwithMaven,BuildwithMaven
32,/home/runner/work/javassist/javassist/target/test-classes/test5/JIRA246.class,-1,396058,396056,Not provided,BuildwithMaven,BuildwithMaven
33,/home/runner/work/javassist/javassist/target/test-classes/scoped/jar1/ScopedTestAnnotation.class,-1,395762,395760,Not provided,BuildwithMaven,BuildwithMaven
34,/home/runner/work/javassist/javassist/target/test-classes/javassist/compiler/CodeTest.class,-1,395951,395949,Not provided,BuildwithMaven,BuildwithMaven
35,/home/runner/work/javassist/javassist/target/test-classes/test1/BenchProceedNew.class,-1,395947,395945,Not provided,BuildwithMaven,BuildwithMaven
36,/home/runner/work/javassist/javassist/target/test-classes/test1/BenchProceedNew3.class,-1,395943,395941,Not provided,BuildwithMaven,BuildwithMaven
37,/home/runner/work/javassist/javassist/target/test-classes/test1/BenchProceedNew2.class,-1,395939,395937,Not provided,BuildwithMaven,BuildwithMaven
38,/home/runner/work/javassist/javassist/target/test-classes/test3/Visible2.class,-1,395907,395905,Not provided,BuildwithMaven,BuildwithMaven
39,/home/runner/work/javassist/javassist/target/test-classes/scoped/jar1/FullyScopedAnnotationDefaultUsage.class,-1,396216,396214,Not provided,BuildwithMaven,BuildwithMaven
40,/home/runner/work/javassist/javassist/target/test-classes/scoped/UnscopedAnnotationUsage.class,-1,396220,396218,Not provided,BuildwithMaven,BuildwithMaven
41,/home/runner/work/javassist/javassist/target/test-classes/Readme.txt,-1,392498,392495,Not provided,BuildwithMaven,BuildwithMaven
42,/home/runner/work/javassist/javassist/target/test-classes/test1/RenameClass2.class,-1,394719,394717,Not provided,BuildwithMaven,BuildwithMaven
43,/home/runner/work/javassist/javassist/target/test-classes/test3/NewExprTryCatch2.class,-1,394687,394685,Not provided,BuildwithMaven,BuildwithMaven
44,/home/runner/work/javassist/javassist/target/test-classes/test/javassist/bytecode/analysis/ScannerTest.class,-1,394683,394681,Not provided,BuildwithMaven,BuildwithMaven
45,/home/runner/work/javassist/javassist/target/test-classes/scoped/TestAnnotation.class,-1,395138,395136,Not provided,BuildwithMaven,BuildwithMaven
46,/home/runner/work/javassist/javassist/target/test-classes/scoped/jar1/ScopedAnnotationDefaultUsage.class,-1,395134,395132,Not provided,BuildwithMaven,BuildwithMaven
47,/home/runner/work/javassist/javassist/target/test-classes/test2/ReplaceClassName3.class,-1,395058,395056,Not provided,BuildwithMaven,BuildwithMaven
48,/home/runner/work/javassist/javassist/target/test-classes/test2/ReplaceClassName2.class,-1,395054,395052,Not provided,BuildwithMaven,BuildwithMaven
49,/home/runner/work/javassist/javassist/target/test-classes/test/javassist/convert/InstrumentationTarget$Itr.class,-1,395046,395044,Not provided,BuildwithMaven,BuildwithMaven
50,/home/runner/work/javassist/javassist/target/test-classes/javassist/JvstTest4$Inner1.class,-1,395320,395318,Not provided,BuildwithMaven,BuildwithMaven
51,/home/runner/work/javassist/javassist/target/test-classes/test5/InnerClassRemove$C.class,-1,395234,395232,Not provided,BuildwithMaven,BuildwithMaven
52,/home/runner/work/javassist/javassist/target/test-classes/test5/InnerClassRemove$B.class,-1,395230,395228,Not provided,BuildwithMaven,BuildwithMaven
53,/home/runner/work/javassist/javassist/target/test-classes/test5/InnerClassRemove$A.class,-1,395226,395224,Not provided,BuildwithMaven,BuildwithMaven
54,/home/runner/work/javassist/javassist/target/test-classes/javassist/compiler/ParseTest.class,-1,394919,394917,Not provided,BuildwithMaven,BuildwithMaven
55,/home/runner/work/javassist/javassist/target/test-classes/testproxy/Target127.class,-1,394845,394843,Not provided,BuildwithMaven,BuildwithMaven
56,/home/runner/work/javassist/javassist/target/test-classes/testproxy/Target127$RealSub.class,-1,394841,394839,Not provided,BuildwithMaven,BuildwithMaven
57,/home/runner/work/javassist/javassist/target/test-classes/test2/Nested$Inner2.class,-1,395018,395016,Not provided,BuildwithMaven,BuildwithMaven
58,/home/runner/work/javassist/javassist/target/test-classes/testproxy/Target189.class,-1,395010,395008,Not provided,BuildwithMaven,BuildwithMaven
59,/home/runner/work/javassist/javassist/target/test-classes/test1/BenchProceed.class,-1,394982,394980,Not provided,BuildwithMaven,BuildwithMaven
60,/home/runner/work/javassist/javassist/target/test-classes/test1/BenchProceed2.class,-1,394978,394976,Not provided,BuildwithMaven,BuildwithMaven
61,/home/runner/work/javassist/javassist/target/test-classes/test1/BenchStaticMethod.class,-1,394974,394972,Not provided,BuildwithMaven,BuildwithMaven
62,/home/runner/work/javassist/javassist/target/test-classes/test3/Enhancer.class,-1,394958,394956,Not provided,BuildwithMaven,BuildwithMaven
63,/home/runner/work/javassist/javassist/target/test-classes/test3/Enhancer$Interceptor.class,-1,394954,394952,Not provided,BuildwithMaven,BuildwithMaven
64,/home/runner/work/javassist/javassist/target/test-classes/test3/Enhancer$1.class,-1,394950,394948,Not provided,BuildwithMaven,BuildwithMaven
65,/home/runner/work/javassist/javassist/target/test-classes/test3/EnhanceTest.class,-1,394943,394941,Not provided,BuildwithMaven,BuildwithMaven
66,/home/runner/work/javassist/javassist/target/test-classes/test/javassist/bytecode/analysis/DomTreePrinter.class,-1,395178,395176,Not provided,BuildwithMaven,BuildwithMaven
67,/home/runner/work/javassist/javassist/target/test-classes/test2/StaticArraysMem.class,-1,397540,397538,Not provided,BuildwithMaven,BuildwithMaven
68,/home/runner/work/javassist/javassist/target/runtest/test1/MySerializableClass.class,-1,399506,399504,Not provided,BuildwithMaven,BuildwithMaven
69,/home/runner/work/javassist/javassist/target/test-classes/javassist/compiler/LexTest.class,-1,397600,397598,Not provided,BuildwithMaven,BuildwithMaven
70,/home/runner/work/javassist/javassist/target/test-classes/scoped/jar1/ScopedAnnotationUsage.class,-1,397596,397594,Not provided,BuildwithMaven,BuildwithMaven
71,/home/runner/work/javassist/javassist/target/test-classes/test1/Point.class,-1,397576,397574,Not provided,BuildwithMaven,BuildwithMaven
72,/home/runner/work/javassist/javassist/target/test-classes/javassist/HotswapTest$Foo.class,-1,397560,397558,Not provided,BuildwithMaven,BuildwithMaven
73,/home/runner/work/javassist/javassist/target/runtest/test1/NewInterface2.class,-1,400076,400074,Not provided,BuildwithMaven,BuildwithMaven
74,/home/runner/work/javassist/javassist/target/runtest/test1/NewInterface.class,-1,400072,400070,Not provided,BuildwithMaven,BuildwithMaven
75,/home/runner/work/javassist/javassist/target/runtest/test1/Freeze.class,-1,400130,400128,Not provided,BuildwithMaven,BuildwithMaven
76,/home/runner/work/javassist/javassist/target/test-classes/test4/ImportPac.class,-1,397390,397388,Not provided,BuildwithMaven,BuildwithMaven
77,/home/runner/work/javassist/javassist/target/test-classes/javassist/tools/reflect/ClassMetaobjectTest.class,-1,397386,397384,Not provided,BuildwithMaven,BuildwithMaven
78,/home/runner/work/javassist/javassist/target/test-classes/javassist/tools/reflect/Person.class,-1,397370,397368,Not provided,BuildwithMaven,BuildwithMaven
79,/home/runner/work/javassist/javassist/target/test-classes/test4/JIRA181$B.class,-1,397348,397346,Not provided,BuildwithMaven,BuildwithMaven
80,/home/runner/work/javassist/javassist/target/test-classes/test4/JIRA181$ICondition.class,-1,397344,397342,Not provided,BuildwithMaven,BuildwithMaven
81,/home/runner/work/javassist/javassist/target/test-classes/scoped/jar1/TestClass1.class,-1,397332,397330,Not provided,BuildwithMaven,BuildwithMaven
82,/home/runner/work/javassist/javassist/target/test-classes/test5/NestHost$Bar.class,-1,397464,397462,Not provided,BuildwithMaven,BuildwithMaven
83,/home/runner/work/javassist/javassist/target/runtest/test4/AnnoLoadAnno.class,-1,401579,401577,Not provided,BuildwithMaven,BuildwithMaven
84,/home/runner/work/javassist/javassist/target/runtest/test3/StaticFinalField.class,-1,401290,401288,Not provided,BuildwithMaven,BuildwithMaven
85,/home/runner/work/javassist/javassist/target/runtest/test3/PublicInner$Inner.class,-1,400959,400957,Not provided,BuildwithMaven,BuildwithMaven
86,/home/runner/work/javassist/javassist/target/runtest/test3/PublicInner.class,-1,400955,400953,Not provided,BuildwithMaven,BuildwithMaven
87,/home/runner/work/javassist/javassist/target/runtest/test4/AnnoLoad.class,-1,401586,401584,Not provided,BuildwithMaven,BuildwithMaven
88,/home/runner/work/javassist/javassist/target/runtest/test4/WrittenFile2sub.class,-1,401646,401644,Not provided,BuildwithMaven,BuildwithMaven
89,/home/runner/work/javassist/javassist/target/runtest/test4/TestDeadcode.class,-1,401689,401687,Not provided,BuildwithMaven,BuildwithMaven
90,/home/runner/work/javassist/javassist/target/runtest/test2/Inner.class,-1,400479,400477,Not provided,BuildwithMaven,BuildwithMaven
91,/home/runner/work/javassist/javassist/target/runtest/test2/Inherit.class,-1,400469,400467,Not provided,BuildwithMaven,BuildwithMaven
92,/home/runner/work/javassist/javassist/target/runtest/test1/SetName3.class,-1,400183,400181,Not provided,BuildwithMaven,BuildwithMaven
93,/home/runner/work/javassist/javassist/target/runtest/test1/SetName2.class,-1,400179,400177,Not provided,BuildwithMaven,BuildwithMaven
94,/home/runner/work/javassist/javassist/target/runtest/test2/SuperInterface3.class,-1,400789,400787,Not provided,BuildwithMaven,BuildwithMaven
95,/home/runner/work/javassist/javassist/target/runtest/test2/NullArgTest.class,-1,400664,400662,Not provided,BuildwithMaven,BuildwithMaven
96,/home/runner/work/javassist/javassist/target/runtest/test2/NewOp.class,-1,400660,400658,Not provided,BuildwithMaven,BuildwithMaven
97,/home/runner/work/javassist/javassist/target/runtest/test2/MethodCall.class,-1,400557,400555,Not provided,BuildwithMaven,BuildwithMaven
98,/home/runner/work/javassist/javassist/target/test-classes/scoped/ScopedRepositoryTestCase.class,-1,396629,396627,Not provided,BuildwithMaven,BuildwithMaven
99,/home/runner/work/javassist/javassist/target/test-classes/test4/JIRA220intf.class,-1,396606,396604,Not provided,BuildwithMaven,BuildwithMaven
100,/home/runner/work/javassist/javassist/target/test-classes/test4/NestedClass$S.class,-1,396582,396580,Not provided,BuildwithMaven,BuildwithMaven
101,/home/runner/work/javassist/javassist/target/test-classes/test4/NestedClass$S$S2.class,-1,396578,396576,Not provided,BuildwithMaven,BuildwithMaven
102,/home/runner/work/javassist/javassist/target/test-classes/test4/NestedClass$N.class,-1,396574,396572,Not provided,BuildwithMaven,BuildwithMaven
103,/home/runner/work/javassist/javassist/target/test-classes/test5/NestHost2$Bar.class,-1,396566,396564,Not provided,BuildwithMaven,BuildwithMaven
104,/home/runner/work/javassist/javassist/target/test-classes/test2/Inner2$Child.class,-1,396554,396552,Not provided,BuildwithMaven,BuildwithMaven
105,/home/runner/work/javassist/javassist/target/test-classes/test5/InnerModifier2.class,-1,396542,396540,Not provided,BuildwithMaven,BuildwithMaven
106,/home/runner/work/javassist/javassist/target/test-classes/test3/PublicInner2$PS.class,-1,396780,396778,Not provided,BuildwithMaven,BuildwithMaven
107,/home/runner/work/javassist/javassist/target/test-classes/test3/NestedClass$1Local.class,-1,396677,396675,Not provided,BuildwithMaven,BuildwithMaven
108,/home/runner/work/javassist/javassist/target/test-classes/test3/NestedClass$1.class,-1,396673,396671,Not provided,BuildwithMaven,BuildwithMaven
109,/home/runner/work/javassist/javassist/target/test-classes/test3/NestedClass$StaticNested.class,-1,396669,396667,Not provided,BuildwithMaven,BuildwithMaven
110,/home/runner/work/javassist/javassist/target/test-classes/test3/NestedClass$Inner.class,-1,396665,396663,Not provided,BuildwithMaven,BuildwithMaven
111,/home/runner/work/javassist/javassist/target/test-classes/scoped/jar1/FullyScopedAnnotationUsage.class,-1,396466,396464,Not provided,BuildwithMaven,BuildwithMaven
112,/home/runner/work/javassist/javassist/target/test-classes/javassist/Bench.class,-1,396502,396500,Not provided,BuildwithMaven,BuildwithMaven
113,/home/runner/work/javassist/javassist/target/test-classes/javassist/Bench$7.class,-1,396498,396496,Not provided,BuildwithMaven,BuildwithMaven
114,/home/runner/work/javassist/javassist/target/test-classes/javassist/Bench$6.class,-1,396494,396492,Not provided,BuildwithMaven,BuildwithMaven
115,/home/runner/work/javassist/javassist/target/test-classes/javassist/Bench$5.class,-1,396490,396488,Not provided,BuildwithMaven,BuildwithMaven
116,/home/runner/work/javassist/javassist/target/test-classes/javassist/Bench$4.class,-1,396486,396484,Not provided,BuildwithMaven,BuildwithMaven
117,/home/runner/work/javassist/javassist/target/test-classes/javassist/Bench$3.class,-1,396482,396480,Not provided,BuildwithMaven,BuildwithMaven
118,/home/runner/work/javassist/javassist/target/test-classes/javassist/Bench$2.class,-1,396478,396476,Not provided,BuildwithMaven,BuildwithMaven
119,/home/runner/work/javassist/javassist/target/test-classes/javassist/Bench$1.class,-1,396474,396472,Not provided,BuildwithMaven,BuildwithMaven
120,/home/runner/work/javassist/javassist/target/test-classes/test1/StaticField.class,-1,396458,396456,Not provided,BuildwithMaven,BuildwithMaven
121,/home/runner/work/javassist/javassist/target/test-classes/test4/Signature$Foo.class,-1,396820,396818,Not provided,BuildwithMaven,BuildwithMaven
122,/home/runner/work/javassist/javassist/target/test-classes/InvalidStackMapFrame.class,-1,396828,396826,Not provided,BuildwithMaven,BuildwithMaven
123,/home/runner/work/javassist/javassist/target/test-classes/test5/RemoveAnno2.class,-1,397116,397114,Not provided,BuildwithMaven,BuildwithMaven
124,/home/runner/work/javassist/javassist/target/test-classes/test5/RemoveAnno1.class,-1,397112,397110,Not provided,BuildwithMaven,BuildwithMaven
125,/home/runner/work/javassist/javassist/target/test-classes/test3/PackName2.class,-1,397100,397098,Not provided,BuildwithMaven,BuildwithMaven
126,/home/runner/work/javassist/javassist/target/test-classes/test5/JIRA242.class,-1,397092,397090,Not provided,BuildwithMaven,BuildwithMaven
127,/home/runner/work/javassist/javassist/target/test-classes/javassist/bytecode/CodeAnalyzerTest.class,-1,397282,397280,Not provided,BuildwithMaven,BuildwithMaven
128,/home/runner/work/javassist/javassist/target/test-classes/test4/GetAllRefAnnoC4.class,-1,397266,397264,Not provided,BuildwithMaven,BuildwithMaven
129,/home/runner/work/javassist/javassist/target/test-classes/test4/GetAllRefAnnoC3.class,-1,397262,397260,Not provided,BuildwithMaven,BuildwithMaven
130,/home/runner/work/javassist/javassist/target/test-classes/test4/GetAllRefAnnoC2.class,-1,397258,397256,Not provided,BuildwithMaven,BuildwithMaven
131,/home/runner/work/javassist/javassist/target/test-classes/test4/GetAllRefAnnoC.class,-1,397254,397252,Not provided,BuildwithMaven,BuildwithMaven
132,/home/runner/work/javassist/javassist/target/test-classes/test4/GetAllRefAnno.class,-1,397250,397248,Not provided,BuildwithMaven,BuildwithMaven
133,/home/runner/work/javassist/javassist/target/test-classes/test4/GetAllRefEnum.class,-1,397246,397244,Not provided,BuildwithMaven,BuildwithMaven
134,/home/runner/work/javassist/javassist/target/test-classes/annotation/Tag.class,-1,397222,397220,Not provided,BuildwithMaven,BuildwithMaven
135,/home/runner/work/javassist/javassist/target/test-classes/annotation/EnumTest.class,-1,397218,397216,Not provided,BuildwithMaven,BuildwithMaven
136,/home/runner/work/javassist/javassist/target/test-classes/Test.class,-1,396832,396830,Not provided,BuildwithMaven,BuildwithMaven
137,/home/runner/work/javassist/javassist/target/test-classes/javassist/ConcurrentClassDefinitionTest.class,-1,396896,396894,Not provided,BuildwithMaven,BuildwithMaven
138,/home/runner/work/javassist/javassist/target/test-classes/javassist/ConcurrentClassDefinitionTest$Worker.class,-1,396892,396890,Not provided,BuildwithMaven,BuildwithMaven
139,/home/runner/work/javassist/javassist/target/test-classes/Jassist150.class,-1,396880,396878,Not provided,BuildwithMaven,BuildwithMaven
140,/home/runner/work/javassist/javassist/target/test-classes/Jassist150$1.class,-1,396876,396874,Not provided,BuildwithMaven,BuildwithMaven
141,/home/runner/work/javassist/javassist/target/test-classes/test/javassist/proxy/ProxySimpleTest$Default4.class,-1,396984,396982,Not provided,BuildwithMaven,BuildwithMaven
142,/home/runner/work/javassist/javassist/src/test/javassist/bytecode/Gap0Example.class,-1,2502,2500,Not provided,uses-checkout,uses-checkout
143,/home/runner/work/javassist/javassist/target/runtest/javassist/bytecode/StackMapTest$C6.class,-1,443497,443495,Not provided,BuildwithMaven,BuildwithMaven
144,/home/runner/work/javassist/javassist/src/test/Readme.txt,-1,2409,2407,Not provided,uses-checkout,uses-checkout
145,/home/runner/work/javassist/javassist/target/runtest/javassist/bytecode/Gap0Example.class,-1,443831,443829,Not provided,BuildwithMaven,BuildwithMaven
146,/home/runner/work/javassist/javassist/target/runtest/javassist/bytecode/Gap0Example2.class,-1,443838,443836,Not provided,BuildwithMaven,BuildwithMaven
147,/home/runner/work/javassist/javassist/sample/vector/VectorAssistant.java,-1,1375,1373,Not provided,uses-checkout,uses-checkout
148,/home/runner/work/javassist/javassist/sample/vector/Test.j,-1,1371,1369,Not provided,uses-checkout,uses-checkout
149,/home/runner/work/javassist/javassist/sample/vector/Sample2.java,-1,1367,1365,Not provided,uses-checkout,uses-checkout
150,/home/runner/work/javassist/javassist/target/runtest/reflected/javassist/tools/reflect/SuperClass.class,-1,443897,443895,Not provided,BuildwithMaven,BuildwithMaven
151,/home/runner/work/javassist/javassist/sample/rmi/webdemo.html,-1,1357,1355,Not provided,uses-checkout,uses-checkout
152,/home/runner/work/javassist/javassist/sample/rmi/start.html,-1,1353,1351,Not provided,uses-checkout,uses-checkout
153,/home/runner/work/javassist/javassist/sample/rmi/inside.gif,-1,1349,1347,Not provided,uses-checkout,uses-checkout
154,/home/runner/work/javassist/javassist/sample/rmi/Counter.java,-1,1345,1343,Not provided,uses-checkout,uses-checkout
155,/home/runner/work/javassist/javassist/.gitignore,-1,1141,1139,Not provided,uses-checkout,uses-checkout
156,/home/runner/work/javassist/javassist/.github/workflows/maven.yml,-1,1133,1131,Not provided,uses-checkout,uses-checkout
157,/home/runner/work/javassist/javassist/target/runtest/proxy/test/javassist/proxy/ProxySimpleTest$Default3_$$_jvst489_273d.class,-1,444534,444532,Not provided,BuildwithMaven,BuildwithMaven
158,/home/runner/work/javassist/javassist/Changes.md,-1,1145,1143,Not provided,uses-checkout,uses-checkout
159,/home/runner/work/javassist/javassist/Examples.md,-1,1149,1147,Not provided,uses-checkout,uses-checkout
160,/home/runner/work/javassist/javassist/README.md,-1,1158,1156,Not provided,uses-checkout,uses-checkout
161,/home/runner/work/javassist/javassist/sample/evolve/WebPage.java,-1,1275,1273,Not provided,uses-checkout,uses-checkout
162,/home/runner/work/javassist/javassist/sample/rmi/CountApplet.java,-1,1341,1339,Not provided,uses-checkout,uses-checkout
163,/home/runner/work/javassist/javassist/target/runtest/testproxy/BridgeMethod_$$_jvst489_7.class,-1,444012,444010,Not provided,BuildwithMaven,BuildwithMaven
164,/home/runner/work/javassist/javassist/sample/reflect/VerboseMetaobj.java,-1,1331,1329,Not provided,uses-checkout,uses-checkout
165,/home/runner/work/javassist/javassist/sample/reflect/Person.java,-1,1327,1325,Not provided,uses-checkout,uses-checkout
166,/home/runner/work/javassist/javassist/sample/preproc/package.html,-1,1317,1315,Not provided,uses-checkout,uses-checkout
167,/home/runner/work/javassist/javassist/sample/preproc/Compiler.java,-1,1313,1311,Not provided,uses-checkout,uses-checkout
168,/home/runner/work/javassist/javassist/target/runtest/testproxy/Target_$$_jvst489_11.class,-1,444167,444165,Not provided,BuildwithMaven,BuildwithMaven
169,/home/runner/work/javassist/javassist/sample/hotswap/Test.java,-1,1299,1297,Not provided,uses-checkout,uses-checkout
170,/home/runner/work/javassist/javassist/sample/evolve/update.html,-1,1291,1289,Not provided,uses-checkout,uses-checkout
171,/home/runner/work/javassist/javassist/sample/evolve/start.html,-1,1287,1285,Not provided,uses-checkout,uses-checkout
172,/home/runner/work/javassist/javassist/sample/evolve/demo.html,-1,1279,1277,Not provided,uses-checkout,uses-checkout
173,/home/runner/work/javassist/javassist/sample/evolve/VersionManager.java,-1,1271,1269,Not provided,uses-checkout,uses-checkout
174,/home/runner/work/javassist/javassist/build.xml,-1,1162,1160,Not provided,uses-checkout,uses-checkout
175,/home/runner/work/javassist/javassist/sample/evolve/Sample.java,-1,1267,1265,Not provided,uses-checkout,uses-checkout
176,/home/runner/work/javassist/javassist/sample/evolve/Evolution.java,-1,1263,1261,Not provided,uses-checkout,uses-checkout
177,/home/runner/work/javassist/javassist/sample/evolve/DemoServer.java,-1,1259,1257,Not provided,uses-checkout,uses-checkout
178,/home/runner/work/javassist/javassist/sample/evolve/DemoLoader.java,-1,1255,1253,Not provided,uses-checkout,uses-checkout
179,/home/runner/work/javassist/javassist/sample/evolve/CannotUpdateException.java,-1,1251,1249,Not provided,uses-checkout,uses-checkout
180,/home/runner/work/javassist/javassist/sample/duplicate/Viewer.java,-1,1241,1239,Not provided,uses-checkout,uses-checkout
181,/home/runner/work/javassist/javassist/sample/duplicate/Main.java,-1,1237,1235,Not provided,uses-checkout,uses-checkout
182,/home/runner/work/javassist/javassist/sample/duplicate/DuplicatedObject.java,-1,1233,1231,Not provided,uses-checkout,uses-checkout
183,/home/runner/work/javassist/javassist/target/runtest/proxy/test/javassist/proxy/ProxySimpleTest$PubProxy_$$_jvst489_2734.class,-1,444440,444438,Not provided,BuildwithMaven,BuildwithMaven
184,/home/runner/work/javassist/javassist/target/runtest/proxy/test/javassist/proxy/ProxySimpleTest$Default2_$$_jvst489_273b.class,-1,444513,444511,Not provided,BuildwithMaven,BuildwithMaven
185,/home/runner/work/javassist/javassist/target/runtest/javassist/bytecode/StackMapTest$T8d.class,-1,443792,443790,Not provided,BuildwithMaven,BuildwithMaven
186,/home/runner/work/javassist/javassist/target/runtest/test5/InnerModifier$Static.class,-1,443207,443205,Not provided,BuildwithMaven,BuildwithMaven
187,/home/runner/work/javassist/javassist/tutorial/tutorial3.html,-1,3715,3713,Not provided,uses-checkout,uses-checkout
188,/home/runner/work/javassist/javassist/target/runtest/test5/InnerModifier$NonStatic.class,-1,443200,443198,Not provided,BuildwithMaven,BuildwithMaven
189,/home/runner/work/javassist/javassist/target/runtest/test5/InnerModifier.class,-1,443211,443209,Not provided,BuildwithMaven,BuildwithMaven
190,/home/runner/work/javassist/javassist/target/runtest/test1/LocalVars2.class,-1,443230,443228,Not provided,BuildwithMaven,BuildwithMaven
191,/home/runner/work/javassist/javassist/target/runtest/test5/NestHost4$InnerClass1$InnerClass5.class,-1,442736,442734,Not provided,BuildwithMaven,BuildwithMaven
192,/home/runner/work/javassist/javassist/target/runtest/proxy/test/javassist/proxy/ProxySimpleTest$Foo_$$_jvst489_2733.class,-1,444430,-1,Not provided,BuildwithMaven,Not provided
193,/home/runner/work/javassist/javassist/target/surefire-reports/javassist.JvstTest.txt,-1,444666,-1,Not provided,BuildwithMaven,Not provided
194,/home/runner/work/javassist/javassist/target/test-classes/testproxy/sub/TargetSuper.class,-1,397300,-1,Not provided,BuildwithMaven,Not provided
195,/home/runner/work/javassist/javassist/sample/vector/Sample.java,-1,1363,-1,Not provided,uses-checkout,Not provided
196,/home/runner/work/javassist/javassist/sample/rmi/AlertDialog.java,-1,1337,-1,Not provided,uses-checkout,Not provided
197,/home/runner/work/javassist/javassist/sample/reflect/Main.java,-1,1323,-1,Not provided,uses-checkout,Not provided
198,/home/runner/work/javassist/javassist/sample/preproc/Assistant.java,-1,1309,-1,Not provided,uses-checkout,Not provided
199,/home/runner/work/javassist/javassist/sample/evolve/CannotCreateException.java,-1,1247,-1,Not provided,uses-checkout,Not provided
200,/home/runner/work/javassist/javassist/sample/duplicate/Ball.java,-1,1229,-1,Not provided,uses-checkout,Not provided
201,/home/runner/work/javassist/javassist/sample/Test.java,-1,1223,-1,Not provided,uses-checkout,Not provided
202,/home/runner/work/javassist/javassist/target/test-classes/annotation/Id.class,-1,397214,-1,Not provided,BuildwithMaven,Not provided
