,file_name,last_access_index,last_modify_index,creation_index,last_access_step,last_modify_step,creation_step
0,/home/runner/work/javassist/javassist/target/javassist-3.29.2-GA.jar,-1,1011580,992983,Not provided,BuildwithMaven,BuildwithMaven
1,/home/runner/work/javassist/javassist/target/javassist-3.29.2-GA-sources.jar,-1,1017512,1012633,Not provided,BuildwithMaven,BuildwithMaven
2,/home/runner/work/javassist/javassist/target/classes/META-INF/MANIFEST.MF,417612,1012471,371101,BuildwithMaven,BuildwithMaven,BuildwithMaven
3,/home/runner/work/javassist/javassist/target/runtest/test1/AnnoTest.class,-1,415700,415623,Not provided,BuildwithMaven,BuildwithMaven
4,/home/runner/work/javassist/javassist/target/runtest/TooManyConstPoolItems.class,-1,415256,415210,Not provided,BuildwithMaven,BuildwithMaven
5,/home/runner/work/javassist/javassist/target/surefire-reports/TEST-javassist.JvstTest.xml,-1,416962,-1,Not provided,BuildwithMaven,Not provided
6,/home/runner/work/javassist/javassist/target/runtest/test3/JIRA63.class,-1,380799,380790,Not provided,BuildwithMaven,BuildwithMaven
7,/home/runner/work/javassist/javassist/target/maven-status/maven-compiler-plugin/testCompile/default-testCompile/inputFiles.lst,-1,377304,377300,Not provided,BuildwithMaven,BuildwithMaven
8,/home/runner/work/javassist/javassist/target/maven-status/maven-compiler-plugin/compile/default-compile/inputFiles.lst,-1,6900,6896,Not provided,BuildwithMaven,BuildwithMaven
9,/home/runner/work/javassist/javassist/target/maven-status/maven-compiler-plugin/compile/default-compile/createdFiles.lst,-1,6894,6890,Not provided,BuildwithMaven,BuildwithMaven
10,/home/runner/work/javassist/javassist/target/maven-status/maven-compiler-plugin/testCompile/default-testCompile/createdFiles.lst,-1,377298,377294,Not provided,BuildwithMaven,BuildwithMaven
11,/home/runner/work/javassist/javassist/target/runtest/test3/Clazz67.class,-1,380598,380595,Not provided,BuildwithMaven,BuildwithMaven
12,/home/runner/work/javassist/javassist/License.html,-1,1185,1182,Not provided,uses-checkout,uses-checkout
13,/home/runner/work/javassist/javassist/target/test-classes/test3/InnerClass.class,-1,375264,375262,Not provided,BuildwithMaven,BuildwithMaven
14,/home/runner/work/javassist/javassist/target/test-classes/scoped/jar1/ScopedTestAnnotation.class,-1,375268,375266,Not provided,BuildwithMaven,BuildwithMaven
15,/home/runner/work/javassist/javassist/target/test-classes/VisibleTop2.class,-1,375184,375182,Not provided,BuildwithMaven,BuildwithMaven
16,/home/runner/work/javassist/javassist/target/test-classes/javassist/bytecode/StackMapTest$T8dd.class,-1,374994,374992,Not provided,BuildwithMaven,BuildwithMaven
17,/home/runner/work/javassist/javassist/target/test-classes/javassist/bytecode/StackMapTest$I8d.class,-1,374990,374988,Not provided,BuildwithMaven,BuildwithMaven
18,/home/runner/work/javassist/javassist/target/test-classes/test1/GetThrow2.class,-1,375144,375142,Not provided,BuildwithMaven,BuildwithMaven
19,/home/runner/work/javassist/javassist/target/test-classes/test1/GetThrow1.class,-1,375140,375138,Not provided,BuildwithMaven,BuildwithMaven
20,/home/runner/work/javassist/javassist/target/test-classes/test/javassist/bytecode/analysis/AnalyzerTest$Dummy$A3.class,-1,375112,375110,Not provided,BuildwithMaven,BuildwithMaven
21,/home/runner/work/javassist/javassist/target/test-classes/test/javassist/bytecode/analysis/AnalyzerTest$Dummy$A2.class,-1,375108,375106,Not provided,BuildwithMaven,BuildwithMaven
22,/home/runner/work/javassist/javassist/target/test-classes/test3/NewClass2.class,-1,375092,375090,Not provided,BuildwithMaven,BuildwithMaven
23,/home/runner/work/javassist/javassist/target/test-classes/test/javassist/bytecode/analysis/ErrorFinder.class,-1,375050,375048,Not provided,BuildwithMaven,BuildwithMaven
24,/home/runner/work/javassist/javassist/target/test-classes/test4/GetAllRefInnerTest2.class,-1,375634,375632,Not provided,BuildwithMaven,BuildwithMaven
25,/home/runner/work/javassist/javassist/target/test-classes/test4/GetAllRefInnerTest$2.class,-1,375642,375640,Not provided,BuildwithMaven,BuildwithMaven
26,/home/runner/work/javassist/javassist/target/test-classes/test4/GetAllRefInnerTest$1.class,-1,375638,375636,Not provided,BuildwithMaven,BuildwithMaven
27,/home/runner/work/javassist/javassist/target/test-classes/test4/GetAllRefInnerTest2$1.class,-1,375630,375628,Not provided,BuildwithMaven,BuildwithMaven
28,/home/runner/work/javassist/javassist/target/test-classes/javassist/ClassPoolBench.class,-1,375766,375764,Not provided,BuildwithMaven,BuildwithMaven
29,/home/runner/work/javassist/javassist/target/test-classes/scoped/UnscopedAnnotationUsage.class,-1,375742,375740,Not provided,BuildwithMaven,BuildwithMaven
30,/home/runner/work/javassist/javassist/target/test-classes/scoped/jar1/FullyScopedAnnotationDefaultUsage.class,-1,375738,375736,Not provided,BuildwithMaven,BuildwithMaven
31,/home/runner/work/javassist/javassist/target/test-classes/test5/JIRA246.class,-1,375564,375562,Not provided,BuildwithMaven,BuildwithMaven
32,/home/runner/work/javassist/javassist/target/test-classes/test3/Visible2.class,-1,375413,375411,Not provided,BuildwithMaven,BuildwithMaven
33,/home/runner/work/javassist/javassist/target/test-classes/test1/BenchProceedNew2.class,-1,375445,375443,Not provided,BuildwithMaven,BuildwithMaven
34,/home/runner/work/javassist/javassist/target/test-classes/test1/BenchProceedNew3.class,-1,375449,375447,Not provided,BuildwithMaven,BuildwithMaven
35,/home/runner/work/javassist/javassist/target/test-classes/test1/BenchProceedNew.class,-1,375453,375451,Not provided,BuildwithMaven,BuildwithMaven
36,/home/runner/work/javassist/javassist/target/test-classes/scoped/UnscopedAnnotationDefaultUsage.class,-1,375481,375479,Not provided,BuildwithMaven,BuildwithMaven
37,/home/runner/work/javassist/javassist/target/test-classes/javassist/compiler/CodeTest.class,-1,375457,375455,Not provided,BuildwithMaven,BuildwithMaven
38,/home/runner/work/javassist/javassist/target/test-classes/Readme.txt,-1,372062,372059,Not provided,BuildwithMaven,BuildwithMaven
39,/home/runner/work/javassist/javassist/target/test-classes/test3/NewExprTryCatch2.class,-1,374244,374242,Not provided,BuildwithMaven,BuildwithMaven
40,/home/runner/work/javassist/javassist/target/test-classes/test/javassist/bytecode/analysis/DomTreePrinter.class,-1,374688,374686,Not provided,BuildwithMaven,BuildwithMaven
41,/home/runner/work/javassist/javassist/target/test-classes/scoped/TestAnnotation.class,-1,374648,374646,Not provided,BuildwithMaven,BuildwithMaven
42,/home/runner/work/javassist/javassist/target/test-classes/javassist/JvstTest4$Inner1.class,-1,374830,374828,Not provided,BuildwithMaven,BuildwithMaven
43,/home/runner/work/javassist/javassist/target/test-classes/test5/InnerClassRemove$C.class,-1,374744,374742,Not provided,BuildwithMaven,BuildwithMaven
44,/home/runner/work/javassist/javassist/target/test-classes/test5/InnerClassRemove$B.class,-1,374740,374738,Not provided,BuildwithMaven,BuildwithMaven
45,/home/runner/work/javassist/javassist/target/test-classes/test5/InnerClassRemove$A.class,-1,374736,374734,Not provided,BuildwithMaven,BuildwithMaven
46,/home/runner/work/javassist/javassist/target/test-classes/test3/EnhanceTest.class,-1,374461,374459,Not provided,BuildwithMaven,BuildwithMaven
47,/home/runner/work/javassist/javassist/target/test-classes/test3/Enhancer$Interceptor.class,-1,374472,374470,Not provided,BuildwithMaven,BuildwithMaven
48,/home/runner/work/javassist/javassist/target/test-classes/test3/Enhancer$1.class,-1,374468,374466,Not provided,BuildwithMaven,BuildwithMaven
49,/home/runner/work/javassist/javassist/target/test-classes/test3/Enhancer.class,-1,374476,374474,Not provided,BuildwithMaven,BuildwithMaven
50,/home/runner/work/javassist/javassist/target/test-classes/test2/ReplaceClassName3.class,-1,374574,374572,Not provided,BuildwithMaven,BuildwithMaven
51,/home/runner/work/javassist/javassist/target/test-classes/test2/ReplaceClassName2.class,-1,374570,374568,Not provided,BuildwithMaven,BuildwithMaven
52,/home/runner/work/javassist/javassist/target/test-classes/test2/Nested$Inner2.class,-1,374536,374534,Not provided,BuildwithMaven,BuildwithMaven
53,/home/runner/work/javassist/javassist/target/test-classes/testproxy/Target189.class,-1,374528,374526,Not provided,BuildwithMaven,BuildwithMaven
54,/home/runner/work/javassist/javassist/target/test-classes/test1/BenchProceed.class,-1,374500,374498,Not provided,BuildwithMaven,BuildwithMaven
55,/home/runner/work/javassist/javassist/target/test-classes/test1/BenchProceed2.class,-1,374496,374494,Not provided,BuildwithMaven,BuildwithMaven
56,/home/runner/work/javassist/javassist/target/test-classes/test1/BenchStaticMethod.class,-1,374492,374490,Not provided,BuildwithMaven,BuildwithMaven
57,/home/runner/work/javassist/javassist/target/test-classes/scoped/jar1/TestClass1.class,-1,376824,376822,Not provided,BuildwithMaven,BuildwithMaven
58,/home/runner/work/javassist/javassist/target/runtest/test1/MySerializableClass.class,-1,378926,378924,Not provided,BuildwithMaven,BuildwithMaven
59,/home/runner/work/javassist/javassist/target/test-classes/javassist/compiler/LexTest.class,-1,377092,377090,Not provided,BuildwithMaven,BuildwithMaven
60,/home/runner/work/javassist/javassist/target/test-classes/scoped/jar1/ScopedAnnotationUsage.class,-1,377088,377086,Not provided,BuildwithMaven,BuildwithMaven
61,/home/runner/work/javassist/javassist/target/test-classes/test1/Point.class,-1,377068,377066,Not provided,BuildwithMaven,BuildwithMaven
62,/home/runner/work/javassist/javassist/target/runtest/test1/SetName3.class,-1,379596,379594,Not provided,BuildwithMaven,BuildwithMaven
63,/home/runner/work/javassist/javassist/target/runtest/test1/SetName2.class,-1,379592,379590,Not provided,BuildwithMaven,BuildwithMaven
64,/home/runner/work/javassist/javassist/target/runtest/test1/Freeze.class,-1,379543,379541,Not provided,BuildwithMaven,BuildwithMaven
65,/home/runner/work/javassist/javassist/target/runtest/test1/NewInterface2.class,-1,379496,379494,Not provided,BuildwithMaven,BuildwithMaven
66,/home/runner/work/javassist/javassist/target/runtest/test1/NewInterface.class,-1,379492,379490,Not provided,BuildwithMaven,BuildwithMaven
67,/home/runner/work/javassist/javassist/target/test-classes/test4/ImportPac.class,-1,376882,376880,Not provided,BuildwithMaven,BuildwithMaven
68,/home/runner/work/javassist/javassist/target/test-classes/javassist/tools/reflect/ClassMetaobjectTest.class,-1,376878,376876,Not provided,BuildwithMaven,BuildwithMaven
69,/home/runner/work/javassist/javassist/target/test-classes/javassist/tools/reflect/Person.class,-1,376862,376860,Not provided,BuildwithMaven,BuildwithMaven
70,/home/runner/work/javassist/javassist/target/test-classes/test4/JIRA181$B.class,-1,376848,376846,Not provided,BuildwithMaven,BuildwithMaven
71,/home/runner/work/javassist/javassist/target/test-classes/test4/JIRA181$ICondition.class,-1,376844,376842,Not provided,BuildwithMaven,BuildwithMaven
72,/home/runner/work/javassist/javassist/target/test-classes/javassist/HotswapTest$Foo.class,-1,377052,377050,Not provided,BuildwithMaven,BuildwithMaven
73,/home/runner/work/javassist/javassist/target/test-classes/test2/StaticArraysMem.class,-1,377044,377042,Not provided,BuildwithMaven,BuildwithMaven
74,/home/runner/work/javassist/javassist/target/test-classes/test5/NestHost$Bar.class,-1,376956,376954,Not provided,BuildwithMaven,BuildwithMaven
75,/home/runner/work/javassist/javassist/target/runtest/test4/WrittenFile2sub.class,-1,381107,381105,Not provided,BuildwithMaven,BuildwithMaven
76,/home/runner/work/javassist/javassist/target/runtest/test4/AnnoLoad.class,-1,381034,381032,Not provided,BuildwithMaven,BuildwithMaven
77,/home/runner/work/javassist/javassist/target/runtest/test4/AnnoLoadAnno.class,-1,381027,381025,Not provided,BuildwithMaven,BuildwithMaven
78,/home/runner/work/javassist/javassist/target/runtest/test3/StaticFinalField.class,-1,380726,380724,Not provided,BuildwithMaven,BuildwithMaven
79,/home/runner/work/javassist/javassist/target/runtest/test4/TestDeadcode.class,-1,381172,381170,Not provided,BuildwithMaven,BuildwithMaven
80,/home/runner/work/javassist/javassist/target/runtest/test2/MethodCall.class,-1,379972,379970,Not provided,BuildwithMaven,BuildwithMaven
81,/home/runner/work/javassist/javassist/target/runtest/test2/Inner.class,-1,379891,379889,Not provided,BuildwithMaven,BuildwithMaven
82,/home/runner/work/javassist/javassist/target/runtest/test2/Inherit.class,-1,379881,379879,Not provided,BuildwithMaven,BuildwithMaven
83,/home/runner/work/javassist/javassist/target/runtest/test3/PublicInner$Inner.class,-1,380380,380378,Not provided,BuildwithMaven,BuildwithMaven
84,/home/runner/work/javassist/javassist/target/runtest/test3/PublicInner.class,-1,380376,380374,Not provided,BuildwithMaven,BuildwithMaven
85,/home/runner/work/javassist/javassist/target/runtest/test2/SuperInterface3.class,-1,380205,380203,Not provided,BuildwithMaven,BuildwithMaven
86,/home/runner/work/javassist/javassist/target/runtest/test2/NullArgTest.class,-1,380080,380078,Not provided,BuildwithMaven,BuildwithMaven
87,/home/runner/work/javassist/javassist/target/runtest/test2/NewOp.class,-1,380076,380074,Not provided,BuildwithMaven,BuildwithMaven
88,/home/runner/work/javassist/javassist/target/test-classes/scoped/ScopedRepositoryTestCase.class,-1,376143,376141,Not provided,BuildwithMaven,BuildwithMaven
89,/home/runner/work/javassist/javassist/target/test-classes/test4/JIRA220intf.class,-1,376112,376110,Not provided,BuildwithMaven,BuildwithMaven
90,/home/runner/work/javassist/javassist/target/test-classes/test4/NestedClass$S.class,-1,376088,376086,Not provided,BuildwithMaven,BuildwithMaven
91,/home/runner/work/javassist/javassist/target/test-classes/test4/NestedClass$S$S2.class,-1,376084,376082,Not provided,BuildwithMaven,BuildwithMaven
92,/home/runner/work/javassist/javassist/target/test-classes/test4/NestedClass$N.class,-1,376080,376078,Not provided,BuildwithMaven,BuildwithMaven
93,/home/runner/work/javassist/javassist/target/test-classes/test5/NestHost2$Bar.class,-1,376072,376070,Not provided,BuildwithMaven,BuildwithMaven
94,/home/runner/work/javassist/javassist/target/test-classes/test2/Inner2$Child.class,-1,376060,376058,Not provided,BuildwithMaven,BuildwithMaven
95,/home/runner/work/javassist/javassist/target/test-classes/test3/NestedClass$Inner.class,-1,376171,376169,Not provided,BuildwithMaven,BuildwithMaven
96,/home/runner/work/javassist/javassist/target/test-classes/Test.class,-1,376338,376336,Not provided,BuildwithMaven,BuildwithMaven
97,/home/runner/work/javassist/javassist/target/test-classes/InvalidStackMapFrame.class,-1,376334,376332,Not provided,BuildwithMaven,BuildwithMaven
98,/home/runner/work/javassist/javassist/target/test-classes/test4/Signature$Foo.class,-1,376326,376324,Not provided,BuildwithMaven,BuildwithMaven
99,/home/runner/work/javassist/javassist/target/test-classes/test3/NestedClass$StaticNested.class,-1,376175,376173,Not provided,BuildwithMaven,BuildwithMaven
100,/home/runner/work/javassist/javassist/target/test-classes/test3/PublicInner2$PS.class,-1,376286,376284,Not provided,BuildwithMaven,BuildwithMaven
101,/home/runner/work/javassist/javassist/target/test-classes/test3/NestedClass$1Local.class,-1,376183,376181,Not provided,BuildwithMaven,BuildwithMaven
102,/home/runner/work/javassist/javassist/target/test-classes/test3/NestedClass$1.class,-1,376179,376177,Not provided,BuildwithMaven,BuildwithMaven
103,/home/runner/work/javassist/javassist/target/test-classes/test5/InnerModifier2.class,-1,376048,376046,Not provided,BuildwithMaven,BuildwithMaven
104,/home/runner/work/javassist/javassist/target/test-classes/javassist/Bench$5.class,-1,375996,375994,Not provided,BuildwithMaven,BuildwithMaven
105,/home/runner/work/javassist/javassist/target/test-classes/javassist/Bench.class,-1,376008,376006,Not provided,BuildwithMaven,BuildwithMaven
106,/home/runner/work/javassist/javassist/target/test-classes/javassist/Bench$7.class,-1,376004,376002,Not provided,BuildwithMaven,BuildwithMaven
107,/home/runner/work/javassist/javassist/target/test-classes/javassist/Bench$6.class,-1,376000,375998,Not provided,BuildwithMaven,BuildwithMaven
108,/home/runner/work/javassist/javassist/target/test-classes/javassist/Bench$4.class,-1,375992,375990,Not provided,BuildwithMaven,BuildwithMaven
109,/home/runner/work/javassist/javassist/target/test-classes/javassist/Bench$3.class,-1,375988,375986,Not provided,BuildwithMaven,BuildwithMaven
110,/home/runner/work/javassist/javassist/target/test-classes/javassist/Bench$2.class,-1,375984,375982,Not provided,BuildwithMaven,BuildwithMaven
111,/home/runner/work/javassist/javassist/target/test-classes/javassist/Bench$1.class,-1,375980,375978,Not provided,BuildwithMaven,BuildwithMaven
112,/home/runner/work/javassist/javassist/target/test-classes/scoped/jar1/FullyScopedAnnotationUsage.class,-1,375972,375970,Not provided,BuildwithMaven,BuildwithMaven
113,/home/runner/work/javassist/javassist/target/test-classes/test1/StaticField.class,-1,375968,375966,Not provided,BuildwithMaven,BuildwithMaven
114,/home/runner/work/javassist/javassist/target/test-classes/test5/RemoveAnno2.class,-1,376622,376620,Not provided,BuildwithMaven,BuildwithMaven
115,/home/runner/work/javassist/javassist/target/test-classes/test5/RemoveAnno1.class,-1,376618,376616,Not provided,BuildwithMaven,BuildwithMaven
116,/home/runner/work/javassist/javassist/target/test-classes/test3/PackName2.class,-1,376602,376600,Not provided,BuildwithMaven,BuildwithMaven
117,/home/runner/work/javassist/javassist/target/test-classes/test5/JIRA242.class,-1,376598,376596,Not provided,BuildwithMaven,BuildwithMaven
118,/home/runner/work/javassist/javassist/target/test-classes/javassist/bytecode/CodeAnalyzerTest.class,-1,376774,376772,Not provided,BuildwithMaven,BuildwithMaven
119,/home/runner/work/javassist/javassist/target/test-classes/test4/GetAllRefAnnoC4.class,-1,376758,376756,Not provided,BuildwithMaven,BuildwithMaven
120,/home/runner/work/javassist/javassist/target/test-classes/test4/GetAllRefAnnoC3.class,-1,376754,376752,Not provided,BuildwithMaven,BuildwithMaven
121,/home/runner/work/javassist/javassist/target/test-classes/test4/GetAllRefAnnoC2.class,-1,376750,376748,Not provided,BuildwithMaven,BuildwithMaven
122,/home/runner/work/javassist/javassist/target/test-classes/test4/GetAllRefAnnoC.class,-1,376746,376744,Not provided,BuildwithMaven,BuildwithMaven
123,/home/runner/work/javassist/javassist/target/test-classes/test4/GetAllRefAnno.class,-1,376742,376740,Not provided,BuildwithMaven,BuildwithMaven
124,/home/runner/work/javassist/javassist/target/test-classes/test4/GetAllRefEnum.class,-1,376738,376736,Not provided,BuildwithMaven,BuildwithMaven
125,/home/runner/work/javassist/javassist/target/test-classes/javassist/ConcurrentClassDefinitionTest.class,-1,376402,376400,Not provided,BuildwithMaven,BuildwithMaven
126,/home/runner/work/javassist/javassist/target/test-classes/javassist/ConcurrentClassDefinitionTest$Worker.class,-1,376398,376396,Not provided,BuildwithMaven,BuildwithMaven
127,/home/runner/work/javassist/javassist/target/test-classes/Jassist150.class,-1,376386,376384,Not provided,BuildwithMaven,BuildwithMaven
128,/home/runner/work/javassist/javassist/target/test-classes/Jassist150$1.class,-1,376382,376380,Not provided,BuildwithMaven,BuildwithMaven
129,/home/runner/work/javassist/javassist/target/test-classes/test/javassist/proxy/ProxySimpleTest$Default4.class,-1,376490,376488,Not provided,BuildwithMaven,BuildwithMaven
130,/home/runner/work/javassist/javassist/src/test/javassist/bytecode/Gap0Example.class,-1,2533,2531,Not provided,uses-checkout,uses-checkout
131,/home/runner/work/javassist/javassist/target/runtest/test-hibernate.class,-1,415869,415867,Not provided,BuildwithMaven,BuildwithMaven
132,/home/runner/work/javassist/javassist/src/test/Readme.txt,-1,2441,2439,Not provided,uses-checkout,uses-checkout
133,/home/runner/work/javassist/javassist/target/runtest/javassist/bytecode/StackMapTest$C6.class,-1,415865,415863,Not provided,BuildwithMaven,BuildwithMaven
134,/home/runner/work/javassist/javassist/target/runtest/test1/LocalVars2.class,-1,415619,415617,Not provided,BuildwithMaven,BuildwithMaven
135,/home/runner/work/javassist/javassist/sample/rmi/CountApplet.java,-1,1375,1373,Not provided,uses-checkout,uses-checkout
136,/home/runner/work/javassist/javassist/sample/vector/VectorAssistant.java,-1,1409,1407,Not provided,uses-checkout,uses-checkout
137,/home/runner/work/javassist/javassist/sample/vector/Test.j,-1,1405,1403,Not provided,uses-checkout,uses-checkout
138,/home/runner/work/javassist/javassist/sample/vector/Sample2.java,-1,1401,1399,Not provided,uses-checkout,uses-checkout
139,/home/runner/work/javassist/javassist/target/runtest/javassist/bytecode/Gap0Example.class,-1,416096,416094,Not provided,BuildwithMaven,BuildwithMaven
140,/home/runner/work/javassist/javassist/sample/rmi/webdemo.html,-1,1391,1389,Not provided,uses-checkout,uses-checkout
141,/home/runner/work/javassist/javassist/sample/rmi/start.html,-1,1387,1385,Not provided,uses-checkout,uses-checkout
142,/home/runner/work/javassist/javassist/sample/rmi/inside.gif,-1,1383,1381,Not provided,uses-checkout,uses-checkout
143,/home/runner/work/javassist/javassist/target/runtest/javassist/bytecode/StackMapTest$T8d.class,-1,416064,416062,Not provided,BuildwithMaven,BuildwithMaven
144,/home/runner/work/javassist/javassist/sample/rmi/Counter.java,-1,1379,1377,Not provided,uses-checkout,uses-checkout
145,/home/runner/work/javassist/javassist/target/runtest/javassist/bytecode/Gap0Example2.class,-1,416103,416101,Not provided,BuildwithMaven,BuildwithMaven
146,/home/runner/work/javassist/javassist/sample/reflect/VerboseMetaobj.java,-1,1365,1363,Not provided,uses-checkout,uses-checkout
147,/home/runner/work/javassist/javassist/.github/workflows/maven.yml,-1,1164,1162,Not provided,uses-checkout,uses-checkout
148,/home/runner/work/javassist/javassist/target/runtest/proxy/javassist/util/proxy/test_javassist_proxy_ProxySimpleTest$PubProxy2_$$_jvst489_273c.class,-1,416806,416804,Not provided,BuildwithMaven,BuildwithMaven
149,/home/runner/work/javassist/javassist/target/runtest/proxy/test/javassist/proxy/ProxySimpleTest$Default3_$$_jvst489_273d.class,-1,416816,416814,Not provided,BuildwithMaven,BuildwithMaven
150,/home/runner/work/javassist/javassist/.gitignore,-1,1172,1170,Not provided,uses-checkout,uses-checkout
151,/home/runner/work/javassist/javassist/Changes.md,-1,1176,1174,Not provided,uses-checkout,uses-checkout
152,/home/runner/work/javassist/javassist/Examples.md,-1,1180,1178,Not provided,uses-checkout,uses-checkout
153,/home/runner/work/javassist/javassist/sample/evolve/Sample.java,-1,1296,1294,Not provided,uses-checkout,uses-checkout
154,/home/runner/work/javassist/javassist/sample/reflect/Person.java,-1,1361,1359,Not provided,uses-checkout,uses-checkout
155,/home/runner/work/javassist/javassist/target/runtest/reflected/javassist/tools/reflect/SuperClass.class,-1,416145,416143,Not provided,BuildwithMaven,BuildwithMaven
156,/home/runner/work/javassist/javassist/sample/preproc/package.html,-1,1351,1349,Not provided,uses-checkout,uses-checkout
157,/home/runner/work/javassist/javassist/sample/preproc/Compiler.java,-1,1347,1345,Not provided,uses-checkout,uses-checkout
158,/home/runner/work/javassist/javassist/sample/hotswap/Test.java,-1,1331,1329,Not provided,uses-checkout,uses-checkout
159,/home/runner/work/javassist/javassist/sample/evolve/update.html,-1,1322,1320,Not provided,uses-checkout,uses-checkout
160,/home/runner/work/javassist/javassist/sample/evolve/start.html,-1,1318,1316,Not provided,uses-checkout,uses-checkout
161,/home/runner/work/javassist/javassist/target/runtest/testproxy/Target_$$_jvst489_11.class,-1,416377,416375,Not provided,BuildwithMaven,BuildwithMaven
162,/home/runner/work/javassist/javassist/sample/evolve/demo.html,-1,1308,1306,Not provided,uses-checkout,uses-checkout
163,/home/runner/work/javassist/javassist/sample/evolve/WebPage.java,-1,1304,1302,Not provided,uses-checkout,uses-checkout
164,/home/runner/work/javassist/javassist/sample/evolve/VersionManager.java,-1,1300,1298,Not provided,uses-checkout,uses-checkout
165,/home/runner/work/javassist/javassist/sample/evolve/Evolution.java,-1,1292,1290,Not provided,uses-checkout,uses-checkout
166,/home/runner/work/javassist/javassist/README.md,-1,1189,1187,Not provided,uses-checkout,uses-checkout
167,/home/runner/work/javassist/javassist/sample/evolve/DemoServer.java,-1,1288,1286,Not provided,uses-checkout,uses-checkout
168,/home/runner/work/javassist/javassist/sample/evolve/DemoLoader.java,-1,1284,1282,Not provided,uses-checkout,uses-checkout
169,/home/runner/work/javassist/javassist/sample/evolve/CannotUpdateException.java,-1,1280,1278,Not provided,uses-checkout,uses-checkout
170,/home/runner/work/javassist/javassist/target/runtest/proxy/test/javassist/proxy/ProxySimpleTest$Foo_$$_jvst489_2733.class,-1,416631,416629,Not provided,BuildwithMaven,BuildwithMaven
171,/home/runner/work/javassist/javassist/sample/duplicate/Viewer.java,-1,1270,1268,Not provided,uses-checkout,uses-checkout
172,/home/runner/work/javassist/javassist/sample/duplicate/Main.java,-1,1266,1264,Not provided,uses-checkout,uses-checkout
173,/home/runner/work/javassist/javassist/sample/duplicate/DuplicatedObject.java,-1,1262,1260,Not provided,uses-checkout,uses-checkout
174,/home/runner/work/javassist/javassist/target/runtest/proxy/test/javassist/proxy/ProxySimpleTest$PubProxy_$$_jvst489_2734.class,-1,416643,416641,Not provided,BuildwithMaven,BuildwithMaven
175,/home/runner/work/javassist/javassist/target/runtest/proxy/test/javassist/proxy/ProxySimpleTest$Default2_$$_jvst489_273b.class,-1,416782,416780,Not provided,BuildwithMaven,BuildwithMaven
176,/home/runner/work/javassist/javassist/build.xml,-1,1193,1191,Not provided,uses-checkout,uses-checkout
177,/home/runner/work/javassist/javassist/target/runtest/test5/InnerModifier$Static.class,-1,415596,415594,Not provided,BuildwithMaven,BuildwithMaven
178,/home/runner/work/javassist/javassist/target/runtest/test5/InnerModifier$NonStatic.class,-1,415589,415587,Not provided,BuildwithMaven,BuildwithMaven
179,/home/runner/work/javassist/javassist/target/runtest/test5/InnerModifier.class,-1,415600,415598,Not provided,BuildwithMaven,BuildwithMaven
180,/home/runner/work/javassist/javassist/target/runtest/testproxy/BridgeMethod_$$_jvst489_7.class,-1,416246,-1,Not provided,BuildwithMaven,Not provided
181,/home/runner/work/javassist/javassist/sample/vector/Sample.java,-1,1397,-1,Not provided,uses-checkout,Not provided
182,/home/runner/work/javassist/javassist/sample/rmi/AlertDialog.java,-1,1371,-1,Not provided,uses-checkout,Not provided
183,/home/runner/work/javassist/javassist/sample/reflect/Main.java,-1,1357,-1,Not provided,uses-checkout,Not provided
184,/home/runner/work/javassist/javassist/sample/preproc/Assistant.java,-1,1343,-1,Not provided,uses-checkout,Not provided
185,/home/runner/work/javassist/javassist/sample/hotswap/logging/HelloWorld.java,-1,1337,-1,Not provided,uses-checkout,Not provided
186,/home/runner/work/javassist/javassist/sample/evolve/sample/evolve/WebPage.java,-1,1313,-1,Not provided,uses-checkout,Not provided
187,/home/runner/work/javassist/javassist/sample/evolve/CannotCreateException.java,-1,1276,-1,Not provided,uses-checkout,Not provided
188,/home/runner/work/javassist/javassist/sample/duplicate/Ball.java,-1,1258,-1,Not provided,uses-checkout,Not provided
189,/home/runner/work/javassist/javassist/sample/Test.java,-1,1252,-1,Not provided,uses-checkout,Not provided
190,/home/runner/work/javassist/javassist/target/test-classes/testproxy/sub/TargetSuper.class,-1,376792,-1,Not provided,BuildwithMaven,Not provided
191,/home/runner/work/javassist/javassist/target/test-classes/scoped/jar1/ScopedAnnotationDefaultUsage.class,-1,374644,-1,Not provided,BuildwithMaven,Not provided
192,/home/runner/work/javassist/javassist/target/test-classes/test/javassist/convert/InstrumentationTarget$Itr.class,-1,374562,-1,Not provided,BuildwithMaven,Not provided
