,file_name,last_access_index,last_modify_index,creation_index,last_access_step,last_modify_step,creation_step
0,/home/runner/work/javassist/javassist/target/javassist-3.29.2-GA.jar,-1,1076203,1057497,Not provided,BuildwithMaven,BuildwithMaven
1,/home/runner/work/javassist/javassist/target/javassist-3.29.2-GA-sources.jar,-1,1081805,1077273,Not provided,BuildwithMaven,BuildwithMaven
2,/home/runner/work/javassist/javassist/target/classes/META-INF/MANIFEST.MF,455860,1077111,-1,BuildwithMaven,BuildwithMaven,Not provided
3,/home/runner/work/javassist/javassist/target/runtest/test1/AnnoTest.class,-1,453898,453829,Not provided,BuildwithMaven,BuildwithMaven
4,/home/runner/work/javassist/javassist/target/runtest/test-hibernate.class,-1,454111,454058,Not provided,BuildwithMaven,BuildwithMaven
5,/home/runner/work/javassist/javassist/target/runtest/TooManyConstPoolItems.class,-1,453462,453416,Not provided,BuildwithMaven,BuildwithMaven
6,/home/runner/work/javassist/javassist/target/surefire-reports/TEST-javassist.JvstTest.xml,-1,455210,455203,Not provided,BuildwithMaven,BuildwithMaven
7,/home/runner/work/javassist/javassist/tutorial/tutorial2.html,-1,3681,3677,Not provided,uses-checkout,uses-checkout
8,/home/runner/work/javassist/javassist/target/maven-status/maven-compiler-plugin/compile/default-compile/inputFiles.lst,-1,6909,6905,Not provided,BuildwithMaven,BuildwithMaven
9,/home/runner/work/javassist/javassist/target/maven-status/maven-compiler-plugin/compile/default-compile/createdFiles.lst,-1,6903,6899,Not provided,BuildwithMaven,BuildwithMaven
10,/home/runner/work/javassist/javassist/target/runtest/test3/JIRA63.class,-1,401985,401976,Not provided,BuildwithMaven,BuildwithMaven
11,/home/runner/work/javassist/javassist/target/maven-status/maven-compiler-plugin/testCompile/default-testCompile/createdFiles.lst,-1,398560,398556,Not provided,BuildwithMaven,BuildwithMaven
12,/home/runner/work/javassist/javassist/target/maven-status/maven-compiler-plugin/testCompile/default-testCompile/inputFiles.lst,-1,398566,398562,Not provided,BuildwithMaven,BuildwithMaven
13,/home/runner/work/javassist/javassist/tutorial/tutorial.html,-1,3675,3671,Not provided,uses-checkout,uses-checkout
14,/home/runner/work/javassist/javassist/License.html,-1,1135,1132,Not provided,uses-checkout,uses-checkout
15,/home/runner/work/javassist/javassist/target/test-classes/scoped/jar1/ScopedTestAnnotation.class,-1,396516,396514,Not provided,BuildwithMaven,BuildwithMaven
16,/home/runner/work/javassist/javassist/target/test-classes/test3/InnerClass.class,-1,396512,396510,Not provided,BuildwithMaven,BuildwithMaven
17,/home/runner/work/javassist/javassist/target/test-classes/test1/GetThrow2.class,-1,396392,396390,Not provided,BuildwithMaven,BuildwithMaven
18,/home/runner/work/javassist/javassist/target/test-classes/VisibleTop2.class,-1,396432,396430,Not provided,BuildwithMaven,BuildwithMaven
19,/home/runner/work/javassist/javassist/target/test-classes/test1/GetThrow1.class,-1,396388,396386,Not provided,BuildwithMaven,BuildwithMaven
20,/home/runner/work/javassist/javassist/target/test-classes/javassist/bytecode/StackMapTest$T8dd.class,-1,396236,396234,Not provided,BuildwithMaven,BuildwithMaven
21,/home/runner/work/javassist/javassist/target/test-classes/javassist/bytecode/StackMapTest$I8d.class,-1,396232,396230,Not provided,BuildwithMaven,BuildwithMaven
22,/home/runner/work/javassist/javassist/target/test-classes/test/javassist/bytecode/analysis/AnalyzerTest$Dummy$A3.class,-1,396360,396358,Not provided,BuildwithMaven,BuildwithMaven
23,/home/runner/work/javassist/javassist/target/test-classes/test/javassist/bytecode/analysis/AnalyzerTest$Dummy$A2.class,-1,396356,396354,Not provided,BuildwithMaven,BuildwithMaven
24,/home/runner/work/javassist/javassist/target/test-classes/test3/NewClass2.class,-1,396340,396338,Not provided,BuildwithMaven,BuildwithMaven
25,/home/runner/work/javassist/javassist/target/test-classes/test/javassist/bytecode/analysis/ErrorFinder.class,-1,396296,396294,Not provided,BuildwithMaven,BuildwithMaven
26,/home/runner/work/javassist/javassist/target/test-classes/test4/GetAllRefInnerTest$2.class,-1,396898,396896,Not provided,BuildwithMaven,BuildwithMaven
27,/home/runner/work/javassist/javassist/target/test-classes/test4/GetAllRefInnerTest$1.class,-1,396894,396892,Not provided,BuildwithMaven,BuildwithMaven
28,/home/runner/work/javassist/javassist/target/test-classes/test4/GetAllRefInnerTest2.class,-1,396890,396888,Not provided,BuildwithMaven,BuildwithMaven
29,/home/runner/work/javassist/javassist/target/test-classes/test4/GetAllRefInnerTest2$1.class,-1,396886,396884,Not provided,BuildwithMaven,BuildwithMaven
30,/home/runner/work/javassist/javassist/target/test-classes/test5/JIRA246.class,-1,396812,396810,Not provided,BuildwithMaven,BuildwithMaven
31,/home/runner/work/javassist/javassist/target/test-classes/javassist/ClassPoolBench.class,-1,396992,396990,Not provided,BuildwithMaven,BuildwithMaven
32,/home/runner/work/javassist/javassist/target/test-classes/scoped/jar1/FullyScopedAnnotationDefaultUsage.class,-1,396972,396970,Not provided,BuildwithMaven,BuildwithMaven
33,/home/runner/work/javassist/javassist/target/test-classes/scoped/UnscopedAnnotationUsage.class,-1,396968,396966,Not provided,BuildwithMaven,BuildwithMaven
34,/home/runner/work/javassist/javassist/target/test-classes/test3/Visible2.class,-1,396661,396659,Not provided,BuildwithMaven,BuildwithMaven
35,/home/runner/work/javassist/javassist/target/test-classes/scoped/UnscopedAnnotationDefaultUsage.class,-1,396729,396727,Not provided,BuildwithMaven,BuildwithMaven
36,/home/runner/work/javassist/javassist/target/test-classes/javassist/compiler/CodeTest.class,-1,396705,396703,Not provided,BuildwithMaven,BuildwithMaven
37,/home/runner/work/javassist/javassist/target/test-classes/test1/BenchProceedNew.class,-1,396697,396695,Not provided,BuildwithMaven,BuildwithMaven
38,/home/runner/work/javassist/javassist/target/test-classes/test1/BenchProceedNew3.class,-1,396693,396691,Not provided,BuildwithMaven,BuildwithMaven
39,/home/runner/work/javassist/javassist/target/test-classes/test1/BenchProceedNew2.class,-1,396689,396687,Not provided,BuildwithMaven,BuildwithMaven
40,/home/runner/work/javassist/javassist/target/test-classes/Readme.txt,-1,393282,393279,Not provided,BuildwithMaven,BuildwithMaven
41,/home/runner/work/javassist/javassist/target/test-classes/test3/NewExprTryCatch2.class,-1,395469,395467,Not provided,BuildwithMaven,BuildwithMaven
42,/home/runner/work/javassist/javassist/target/test-classes/test/javassist/bytecode/analysis/DomTreePrinter.class,-1,395920,395918,Not provided,BuildwithMaven,BuildwithMaven
43,/home/runner/work/javassist/javassist/target/test-classes/scoped/TestAnnotation.class,-1,395884,395882,Not provided,BuildwithMaven,BuildwithMaven
44,/home/runner/work/javassist/javassist/target/test-classes/javassist/JvstTest4$Inner1.class,-1,396074,396072,Not provided,BuildwithMaven,BuildwithMaven
45,/home/runner/work/javassist/javassist/target/test-classes/test5/InnerClassRemove$C.class,-1,395988,395986,Not provided,BuildwithMaven,BuildwithMaven
46,/home/runner/work/javassist/javassist/target/test-classes/test5/InnerClassRemove$B.class,-1,395984,395982,Not provided,BuildwithMaven,BuildwithMaven
47,/home/runner/work/javassist/javassist/target/test-classes/test5/InnerClassRemove$A.class,-1,395980,395978,Not provided,BuildwithMaven,BuildwithMaven
48,/home/runner/work/javassist/javassist/target/test-classes/test2/ReplaceClassName3.class,-1,395818,395816,Not provided,BuildwithMaven,BuildwithMaven
49,/home/runner/work/javassist/javassist/target/test-classes/test2/ReplaceClassName2.class,-1,395814,395812,Not provided,BuildwithMaven,BuildwithMaven
50,/home/runner/work/javassist/javassist/target/test-classes/testproxy/Target127.class,-1,395595,395593,Not provided,BuildwithMaven,BuildwithMaven
51,/home/runner/work/javassist/javassist/target/test-classes/testproxy/Target127$RealSub.class,-1,395591,395589,Not provided,BuildwithMaven,BuildwithMaven
52,/home/runner/work/javassist/javassist/target/test-classes/test2/Nested$Inner2.class,-1,395780,395778,Not provided,BuildwithMaven,BuildwithMaven
53,/home/runner/work/javassist/javassist/target/test-classes/testproxy/Target189.class,-1,395772,395770,Not provided,BuildwithMaven,BuildwithMaven
54,/home/runner/work/javassist/javassist/target/test-classes/test1/BenchProceed.class,-1,395744,395742,Not provided,BuildwithMaven,BuildwithMaven
55,/home/runner/work/javassist/javassist/target/test-classes/test1/BenchProceed2.class,-1,395740,395738,Not provided,BuildwithMaven,BuildwithMaven
56,/home/runner/work/javassist/javassist/target/test-classes/test1/BenchStaticMethod.class,-1,395736,395734,Not provided,BuildwithMaven,BuildwithMaven
57,/home/runner/work/javassist/javassist/target/test-classes/test3/Enhancer.class,-1,395720,395718,Not provided,BuildwithMaven,BuildwithMaven
58,/home/runner/work/javassist/javassist/target/test-classes/test3/Enhancer$Interceptor.class,-1,395716,395714,Not provided,BuildwithMaven,BuildwithMaven
59,/home/runner/work/javassist/javassist/target/test-classes/test3/Enhancer$1.class,-1,395712,395710,Not provided,BuildwithMaven,BuildwithMaven
60,/home/runner/work/javassist/javassist/target/test-classes/test3/EnhanceTest.class,-1,395705,395703,Not provided,BuildwithMaven,BuildwithMaven
61,/home/runner/work/javassist/javassist/target/runtest/test1/MySerializableClass.class,-1,400162,400160,Not provided,BuildwithMaven,BuildwithMaven
62,/home/runner/work/javassist/javassist/target/test-classes/javassist/compiler/LexTest.class,-1,398354,398352,Not provided,BuildwithMaven,BuildwithMaven
63,/home/runner/work/javassist/javassist/target/test-classes/scoped/jar1/ScopedAnnotationUsage.class,-1,398350,398348,Not provided,BuildwithMaven,BuildwithMaven
64,/home/runner/work/javassist/javassist/target/test-classes/test1/Point.class,-1,398338,398336,Not provided,BuildwithMaven,BuildwithMaven
65,/home/runner/work/javassist/javassist/target/test-classes/javassist/HotswapTest$Foo.class,-1,398314,398312,Not provided,BuildwithMaven,BuildwithMaven
66,/home/runner/work/javassist/javassist/target/runtest/test1/NewInterface2.class,-1,400713,400711,Not provided,BuildwithMaven,BuildwithMaven
67,/home/runner/work/javassist/javassist/target/runtest/test1/NewInterface.class,-1,400709,400707,Not provided,BuildwithMaven,BuildwithMaven
68,/home/runner/work/javassist/javassist/target/test-classes/test2/StaticArraysMem.class,-1,398294,398292,Not provided,BuildwithMaven,BuildwithMaven
69,/home/runner/work/javassist/javassist/target/test-classes/test4/ImportPac.class,-1,398144,398142,Not provided,BuildwithMaven,BuildwithMaven
70,/home/runner/work/javassist/javassist/target/test-classes/javassist/tools/reflect/ClassMetaobjectTest.class,-1,398140,398138,Not provided,BuildwithMaven,BuildwithMaven
71,/home/runner/work/javassist/javassist/target/test-classes/javassist/tools/reflect/Person.class,-1,398124,398122,Not provided,BuildwithMaven,BuildwithMaven
72,/home/runner/work/javassist/javassist/target/test-classes/test4/JIRA181$B.class,-1,398110,398108,Not provided,BuildwithMaven,BuildwithMaven
73,/home/runner/work/javassist/javassist/target/test-classes/test4/JIRA181$ICondition.class,-1,398106,398104,Not provided,BuildwithMaven,BuildwithMaven
74,/home/runner/work/javassist/javassist/target/test-classes/scoped/jar1/TestClass1.class,-1,398086,398084,Not provided,BuildwithMaven,BuildwithMaven
75,/home/runner/work/javassist/javassist/target/test-classes/test5/NestHost$Bar.class,-1,398238,398236,Not provided,BuildwithMaven,BuildwithMaven
76,/home/runner/work/javassist/javassist/target/runtest/test1/Freeze.class,-1,400761,400759,Not provided,BuildwithMaven,BuildwithMaven
77,/home/runner/work/javassist/javassist/target/runtest/test4/AnnoLoad.class,-1,402216,402214,Not provided,BuildwithMaven,BuildwithMaven
78,/home/runner/work/javassist/javassist/target/runtest/test4/AnnoLoadAnno.class,-1,402209,402207,Not provided,BuildwithMaven,BuildwithMaven
79,/home/runner/work/javassist/javassist/target/runtest/test3/StaticFinalField.class,-1,401914,401912,Not provided,BuildwithMaven,BuildwithMaven
80,/home/runner/work/javassist/javassist/target/runtest/test3/Clazz67.class,-1,401786,401784,Not provided,BuildwithMaven,BuildwithMaven
81,/home/runner/work/javassist/javassist/target/runtest/test3/PublicInner$Inner.class,-1,401587,401585,Not provided,BuildwithMaven,BuildwithMaven
82,/home/runner/work/javassist/javassist/target/runtest/test4/WrittenFile2sub.class,-1,402276,402274,Not provided,BuildwithMaven,BuildwithMaven
83,/home/runner/work/javassist/javassist/target/runtest/test5/NestHost4$InnerClass1$InnerClass5.class,-1,453330,453328,Not provided,BuildwithMaven,BuildwithMaven
84,/home/runner/work/javassist/javassist/target/runtest/test4/TestDeadcode.class,-1,402331,402329,Not provided,BuildwithMaven,BuildwithMaven
85,/home/runner/work/javassist/javassist/target/runtest/test3/PublicInner.class,-1,401583,401581,Not provided,BuildwithMaven,BuildwithMaven
86,/home/runner/work/javassist/javassist/target/runtest/test1/SetName2.class,-1,400810,400808,Not provided,BuildwithMaven,BuildwithMaven
87,/home/runner/work/javassist/javassist/target/runtest/test2/Inner.class,-1,401109,401107,Not provided,BuildwithMaven,BuildwithMaven
88,/home/runner/work/javassist/javassist/target/runtest/test2/Inherit.class,-1,401099,401097,Not provided,BuildwithMaven,BuildwithMaven
89,/home/runner/work/javassist/javassist/target/runtest/test1/SetName3.class,-1,400814,400812,Not provided,BuildwithMaven,BuildwithMaven
90,/home/runner/work/javassist/javassist/target/runtest/test2/SuperInterface3.class,-1,401419,401417,Not provided,BuildwithMaven,BuildwithMaven
91,/home/runner/work/javassist/javassist/target/runtest/test2/NullArgTest.class,-1,401294,401292,Not provided,BuildwithMaven,BuildwithMaven
92,/home/runner/work/javassist/javassist/target/runtest/test2/NewOp.class,-1,401290,401288,Not provided,BuildwithMaven,BuildwithMaven
93,/home/runner/work/javassist/javassist/target/runtest/test2/MethodCall.class,-1,401186,401184,Not provided,BuildwithMaven,BuildwithMaven
94,/home/runner/work/javassist/javassist/target/test-classes/testproxy/sub/TargetSuper.class,-1,398054,398052,Not provided,BuildwithMaven,BuildwithMaven
95,/home/runner/work/javassist/javassist/target/test-classes/scoped/ScopedRepositoryTestCase.class,-1,397379,397377,Not provided,BuildwithMaven,BuildwithMaven
96,/home/runner/work/javassist/javassist/target/test-classes/test4/JIRA220intf.class,-1,397356,397354,Not provided,BuildwithMaven,BuildwithMaven
97,/home/runner/work/javassist/javassist/target/test-classes/test4/NestedClass$S.class,-1,397336,397334,Not provided,BuildwithMaven,BuildwithMaven
98,/home/runner/work/javassist/javassist/target/test-classes/test4/NestedClass$S$S2.class,-1,397332,397330,Not provided,BuildwithMaven,BuildwithMaven
99,/home/runner/work/javassist/javassist/target/test-classes/test4/NestedClass$N.class,-1,397328,397326,Not provided,BuildwithMaven,BuildwithMaven
100,/home/runner/work/javassist/javassist/target/test-classes/test5/NestHost2$Bar.class,-1,397316,397314,Not provided,BuildwithMaven,BuildwithMaven
101,/home/runner/work/javassist/javassist/target/test-classes/test2/Inner2$Child.class,-1,397304,397302,Not provided,BuildwithMaven,BuildwithMaven
102,/home/runner/work/javassist/javassist/target/test-classes/test5/InnerModifier2.class,-1,397292,397290,Not provided,BuildwithMaven,BuildwithMaven
103,/home/runner/work/javassist/javassist/target/test-classes/InvalidStackMapFrame.class,-1,397570,397568,Not provided,BuildwithMaven,BuildwithMaven
104,/home/runner/work/javassist/javassist/target/test-classes/test3/PublicInner2$PS.class,-1,397530,397528,Not provided,BuildwithMaven,BuildwithMaven
105,/home/runner/work/javassist/javassist/target/test-classes/test3/NestedClass$1Local.class,-1,397427,397425,Not provided,BuildwithMaven,BuildwithMaven
106,/home/runner/work/javassist/javassist/target/test-classes/test3/NestedClass$1.class,-1,397423,397421,Not provided,BuildwithMaven,BuildwithMaven
107,/home/runner/work/javassist/javassist/target/test-classes/test3/NestedClass$StaticNested.class,-1,397419,397417,Not provided,BuildwithMaven,BuildwithMaven
108,/home/runner/work/javassist/javassist/target/test-classes/test3/NestedClass$Inner.class,-1,397415,397413,Not provided,BuildwithMaven,BuildwithMaven
109,/home/runner/work/javassist/javassist/target/test-classes/test4/Signature$Foo.class,-1,397578,397576,Not provided,BuildwithMaven,BuildwithMaven
110,/home/runner/work/javassist/javassist/target/test-classes/javassist/Bench.class,-1,397252,397250,Not provided,BuildwithMaven,BuildwithMaven
111,/home/runner/work/javassist/javassist/target/test-classes/javassist/Bench$7.class,-1,397248,397246,Not provided,BuildwithMaven,BuildwithMaven
112,/home/runner/work/javassist/javassist/target/test-classes/javassist/Bench$6.class,-1,397244,397242,Not provided,BuildwithMaven,BuildwithMaven
113,/home/runner/work/javassist/javassist/target/test-classes/javassist/Bench$5.class,-1,397240,397238,Not provided,BuildwithMaven,BuildwithMaven
114,/home/runner/work/javassist/javassist/target/test-classes/javassist/Bench$4.class,-1,397236,397234,Not provided,BuildwithMaven,BuildwithMaven
115,/home/runner/work/javassist/javassist/target/test-classes/javassist/Bench$3.class,-1,397232,397230,Not provided,BuildwithMaven,BuildwithMaven
116,/home/runner/work/javassist/javassist/target/test-classes/javassist/Bench$2.class,-1,397228,397226,Not provided,BuildwithMaven,BuildwithMaven
117,/home/runner/work/javassist/javassist/target/test-classes/javassist/Bench$1.class,-1,397224,397222,Not provided,BuildwithMaven,BuildwithMaven
118,/home/runner/work/javassist/javassist/target/test-classes/scoped/jar1/FullyScopedAnnotationUsage.class,-1,397216,397214,Not provided,BuildwithMaven,BuildwithMaven
119,/home/runner/work/javassist/javassist/target/test-classes/test1/StaticField.class,-1,397208,397206,Not provided,BuildwithMaven,BuildwithMaven
120,/home/runner/work/javassist/javassist/target/test-classes/Test.class,-1,397574,397572,Not provided,BuildwithMaven,BuildwithMaven
121,/home/runner/work/javassist/javassist/target/test-classes/test5/RemoveAnno2.class,-1,397866,397864,Not provided,BuildwithMaven,BuildwithMaven
122,/home/runner/work/javassist/javassist/target/test-classes/test5/RemoveAnno1.class,-1,397862,397860,Not provided,BuildwithMaven,BuildwithMaven
123,/home/runner/work/javassist/javassist/target/test-classes/test3/PackName2.class,-1,397850,397848,Not provided,BuildwithMaven,BuildwithMaven
124,/home/runner/work/javassist/javassist/target/test-classes/test5/JIRA242.class,-1,397842,397840,Not provided,BuildwithMaven,BuildwithMaven
125,/home/runner/work/javassist/javassist/target/test-classes/test4/GetAllRefEnum.class,-1,397998,397996,Not provided,BuildwithMaven,BuildwithMaven
126,/home/runner/work/javassist/javassist/target/test-classes/javassist/bytecode/CodeAnalyzerTest.class,-1,398034,398032,Not provided,BuildwithMaven,BuildwithMaven
127,/home/runner/work/javassist/javassist/target/test-classes/test4/GetAllRefAnnoC4.class,-1,398018,398016,Not provided,BuildwithMaven,BuildwithMaven
128,/home/runner/work/javassist/javassist/target/test-classes/test4/GetAllRefAnnoC3.class,-1,398014,398012,Not provided,BuildwithMaven,BuildwithMaven
129,/home/runner/work/javassist/javassist/target/test-classes/test4/GetAllRefAnnoC2.class,-1,398010,398008,Not provided,BuildwithMaven,BuildwithMaven
130,/home/runner/work/javassist/javassist/target/test-classes/test4/GetAllRefAnnoC.class,-1,398006,398004,Not provided,BuildwithMaven,BuildwithMaven
131,/home/runner/work/javassist/javassist/target/test-classes/test4/GetAllRefAnno.class,-1,398002,398000,Not provided,BuildwithMaven,BuildwithMaven
132,/home/runner/work/javassist/javassist/target/test-classes/annotation/Tag.class,-1,397974,397972,Not provided,BuildwithMaven,BuildwithMaven
133,/home/runner/work/javassist/javassist/target/test-classes/annotation/EnumTest.class,-1,397970,397968,Not provided,BuildwithMaven,BuildwithMaven
134,/home/runner/work/javassist/javassist/target/test-classes/annotation/Id.class,-1,397966,397964,Not provided,BuildwithMaven,BuildwithMaven
135,/home/runner/work/javassist/javassist/target/test-classes/javassist/ConcurrentClassDefinitionTest.class,-1,397646,397644,Not provided,BuildwithMaven,BuildwithMaven
136,/home/runner/work/javassist/javassist/target/test-classes/javassist/ConcurrentClassDefinitionTest$Worker.class,-1,397642,397640,Not provided,BuildwithMaven,BuildwithMaven
137,/home/runner/work/javassist/javassist/target/test-classes/Jassist150.class,-1,397618,397616,Not provided,BuildwithMaven,BuildwithMaven
138,/home/runner/work/javassist/javassist/target/test-classes/Jassist150$1.class,-1,397614,397612,Not provided,BuildwithMaven,BuildwithMaven
139,/home/runner/work/javassist/javassist/target/test-classes/test/javassist/proxy/ProxySimpleTest$Default4.class,-1,397734,397732,Not provided,BuildwithMaven,BuildwithMaven
140,/home/runner/work/javassist/javassist/target/runtest/javassist/bytecode/StackMapTest$C6.class,-1,454056,454054,Not provided,BuildwithMaven,BuildwithMaven
141,/home/runner/work/javassist/javassist/src/test/javassist/bytecode/Gap0Example.class,-1,2479,2477,Not provided,uses-checkout,uses-checkout
142,/home/runner/work/javassist/javassist/src/test/Readme.txt,-1,2387,2385,Not provided,uses-checkout,uses-checkout
143,/home/runner/work/javassist/javassist/sample/vector/VectorAssistant.java,-1,1353,1351,Not provided,uses-checkout,uses-checkout
144,/home/runner/work/javassist/javassist/sample/vector/Test.j,-1,1349,1347,Not provided,uses-checkout,uses-checkout
145,/home/runner/work/javassist/javassist/sample/vector/Sample2.java,-1,1345,1343,Not provided,uses-checkout,uses-checkout
146,/home/runner/work/javassist/javassist/sample/rmi/webdemo.html,-1,1335,1333,Not provided,uses-checkout,uses-checkout
147,/home/runner/work/javassist/javassist/sample/rmi/start.html,-1,1331,1329,Not provided,uses-checkout,uses-checkout
148,/home/runner/work/javassist/javassist/target/runtest/reflected/javassist/tools/reflect/SuperClass.class,-1,454395,454393,Not provided,BuildwithMaven,BuildwithMaven
149,/home/runner/work/javassist/javassist/sample/rmi/inside.gif,-1,1327,1325,Not provided,uses-checkout,uses-checkout
150,/home/runner/work/javassist/javassist/sample/rmi/Counter.java,-1,1323,1321,Not provided,uses-checkout,uses-checkout
151,/home/runner/work/javassist/javassist/sample/rmi/CountApplet.java,-1,1319,1317,Not provided,uses-checkout,uses-checkout
152,/home/runner/work/javassist/javassist/target/runtest/testproxy/Target_$$_jvst489_11.class,-1,454613,454611,Not provided,BuildwithMaven,BuildwithMaven
153,/home/runner/work/javassist/javassist/.gitignore,-1,1122,1120,Not provided,uses-checkout,uses-checkout
154,/home/runner/work/javassist/javassist/.github/workflows/maven.yml,-1,1114,1112,Not provided,uses-checkout,uses-checkout
155,/home/runner/work/javassist/javassist/Changes.md,-1,1126,1124,Not provided,uses-checkout,uses-checkout
156,/home/runner/work/javassist/javassist/Examples.md,-1,1130,1128,Not provided,uses-checkout,uses-checkout
157,/home/runner/work/javassist/javassist/README.md,-1,1139,1137,Not provided,uses-checkout,uses-checkout
158,/home/runner/work/javassist/javassist/sample/evolve/VersionManager.java,-1,1248,1246,Not provided,uses-checkout,uses-checkout
159,/home/runner/work/javassist/javassist/sample/reflect/VerboseMetaobj.java,-1,1309,1307,Not provided,uses-checkout,uses-checkout
160,/home/runner/work/javassist/javassist/sample/reflect/Person.java,-1,1305,1303,Not provided,uses-checkout,uses-checkout
161,/home/runner/work/javassist/javassist/target/runtest/proxy/test/javassist/proxy/ProxySimpleTest$Foo_$$_jvst489_2733.class,-1,454874,454872,Not provided,BuildwithMaven,BuildwithMaven
162,/home/runner/work/javassist/javassist/sample/preproc/package.html,-1,1295,1293,Not provided,uses-checkout,uses-checkout
163,/home/runner/work/javassist/javassist/sample/preproc/Compiler.java,-1,1291,1289,Not provided,uses-checkout,uses-checkout
164,/home/runner/work/javassist/javassist/target/runtest/proxy/test/javassist/proxy/ProxySimpleTest$PubProxy_$$_jvst489_2734.class,-1,454886,454884,Not provided,BuildwithMaven,BuildwithMaven
165,/home/runner/work/javassist/javassist/sample/hotswap/Test.java,-1,1277,1275,Not provided,uses-checkout,uses-checkout
166,/home/runner/work/javassist/javassist/sample/evolve/update.html,-1,1269,1267,Not provided,uses-checkout,uses-checkout
167,/home/runner/work/javassist/javassist/sample/evolve/start.html,-1,1265,1261,Not provided,uses-checkout,uses-checkout
168,/home/runner/work/javassist/javassist/sample/evolve/demo.html,-1,1256,1254,Not provided,uses-checkout,uses-checkout
169,/home/runner/work/javassist/javassist/sample/evolve/WebPage.java,-1,1252,1250,Not provided,uses-checkout,uses-checkout
170,/home/runner/work/javassist/javassist/sample/evolve/Sample.java,-1,1244,1242,Not provided,uses-checkout,uses-checkout
171,/home/runner/work/javassist/javassist/build.xml,-1,1143,1141,Not provided,uses-checkout,uses-checkout
172,/home/runner/work/javassist/javassist/sample/evolve/Evolution.java,-1,1240,1238,Not provided,uses-checkout,uses-checkout
173,/home/runner/work/javassist/javassist/sample/evolve/DemoServer.java,-1,1236,1234,Not provided,uses-checkout,uses-checkout
174,/home/runner/work/javassist/javassist/sample/evolve/DemoLoader.java,-1,1232,1230,Not provided,uses-checkout,uses-checkout
175,/home/runner/work/javassist/javassist/sample/evolve/CannotUpdateException.java,-1,1228,1226,Not provided,uses-checkout,uses-checkout
176,/home/runner/work/javassist/javassist/target/runtest/proxy/test/javassist/proxy/ProxySimpleTest$Default2_$$_jvst489_273b.class,-1,455025,455023,Not provided,BuildwithMaven,BuildwithMaven
177,/home/runner/work/javassist/javassist/sample/duplicate/Viewer.java,-1,1218,1216,Not provided,uses-checkout,uses-checkout
178,/home/runner/work/javassist/javassist/sample/duplicate/Main.java,-1,1214,1212,Not provided,uses-checkout,uses-checkout
179,/home/runner/work/javassist/javassist/sample/duplicate/DuplicatedObject.java,-1,1210,1208,Not provided,uses-checkout,uses-checkout
180,/home/runner/work/javassist/javassist/target/runtest/proxy/javassist/util/proxy/test_javassist_proxy_ProxySimpleTest$PubProxy2_$$_jvst489_273c.class,-1,455049,455047,Not provided,BuildwithMaven,BuildwithMaven
181,/home/runner/work/javassist/javassist/target/runtest/proxy/test/javassist/proxy/ProxySimpleTest$Default3_$$_jvst489_273d.class,-1,455060,455058,Not provided,BuildwithMaven,BuildwithMaven
182,/home/runner/work/javassist/javassist/target/runtest/javassist/bytecode/Gap0Example2.class,-1,454352,454350,Not provided,BuildwithMaven,BuildwithMaven
183,/home/runner/work/javassist/javassist/target/runtest/javassist/bytecode/StackMapTest$T8d.class,-1,454306,454304,Not provided,BuildwithMaven,BuildwithMaven
184,/home/runner/work/javassist/javassist/target/runtest/javassist/bytecode/Gap0Example.class,-1,454345,454343,Not provided,BuildwithMaven,BuildwithMaven
185,/home/runner/work/javassist/javassist/target/runtest/test5/InnerModifier$NonStatic.class,-1,453795,453793,Not provided,BuildwithMaven,BuildwithMaven
186,/home/runner/work/javassist/javassist/target/runtest/test5/InnerModifier$Static.class,-1,453802,453800,Not provided,BuildwithMaven,BuildwithMaven
187,/home/runner/work/javassist/javassist/target/runtest/test5/InnerModifier.class,-1,453806,453804,Not provided,BuildwithMaven,BuildwithMaven
188,/home/runner/work/javassist/javassist/target/runtest/test1/LocalVars2.class,-1,453825,453823,Not provided,BuildwithMaven,BuildwithMaven
189,/home/runner/work/javassist/javassist/tutorial/tutorial3.html,-1,3685,3683,Not provided,uses-checkout,uses-checkout
190,/home/runner/work/javassist/javassist/target/surefire-reports/javassist.JvstTest.txt,-1,455201,-1,Not provided,BuildwithMaven,Not provided
191,/home/runner/work/javassist/javassist/target/runtest/testproxy/BridgeMethod_$$_jvst489_7.class,-1,454496,-1,Not provided,BuildwithMaven,Not provided
192,/home/runner/work/javassist/javassist/sample/vector/Sample.java,-1,1341,-1,Not provided,uses-checkout,Not provided
193,/home/runner/work/javassist/javassist/sample/rmi/AlertDialog.java,-1,1315,-1,Not provided,uses-checkout,Not provided
194,/home/runner/work/javassist/javassist/sample/reflect/Main.java,-1,1301,-1,Not provided,uses-checkout,Not provided
195,/home/runner/work/javassist/javassist/sample/preproc/Assistant.java,-1,1287,-1,Not provided,uses-checkout,Not provided
196,/home/runner/work/javassist/javassist/sample/evolve/CannotCreateException.java,-1,1224,-1,Not provided,uses-checkout,Not provided
197,/home/runner/work/javassist/javassist/sample/duplicate/Ball.java,-1,1206,-1,Not provided,uses-checkout,Not provided
198,/home/runner/work/javassist/javassist/sample/Test.java,-1,1200,-1,Not provided,uses-checkout,Not provided
199,/home/runner/work/javassist/javassist/target/test-classes/scoped/jar1/ScopedAnnotationDefaultUsage.class,-1,395880,-1,Not provided,BuildwithMaven,Not provided
200,/home/runner/work/javassist/javassist/target/test-classes/test/javassist/convert/InstrumentationTarget$Itr.class,-1,395806,-1,Not provided,BuildwithMaven,Not provided
201,/home/runner/work/javassist/javassist/target/test-classes/test/javassist/bytecode/analysis/ScannerTest.class,-1,395465,-1,Not provided,BuildwithMaven,Not provided
