,file_name,last_access_index,last_modify_index,creation_index,last_access_step,last_modify_step,creation_step
0,/home/runner/work/javassist/javassist/target/javassist-3.29.2-GA.jar,-1,1061019,1039000,Not provided,BuildwithMaven,BuildwithMaven
1,/home/runner/work/javassist/javassist/target/javassist-3.29.2-GA-sources.jar,-1,1070208,1062076,Not provided,BuildwithMaven,BuildwithMaven
2,/home/runner/work/javassist/javassist/target/classes/META-INF/MANIFEST.MF,484020,1061914,-1,BuildwithMaven,BuildwithMaven,Not provided
3,/home/runner/work/javassist/javassist/target/runtest/test-hibernate.class,-1,482339,482288,Not provided,BuildwithMaven,BuildwithMaven
4,/home/runner/work/javassist/javassist/target/runtest/test1/AnnoTest.class,-1,482123,482073,Not provided,BuildwithMaven,BuildwithMaven
5,/home/runner/work/javassist/javassist/target/runtest/TooManyConstPoolItems.class,-1,481707,481661,Not provided,BuildwithMaven,BuildwithMaven
6,/home/runner/work/javassist/javassist/target/surefire-reports/TEST-javassist.JvstTest.xml,-1,483370,483363,Not provided,BuildwithMaven,BuildwithMaven
7,/home/runner/work/javassist/javassist/target/maven-status/maven-compiler-plugin/compile/default-compile/createdFiles.lst,-1,6915,6911,Not provided,BuildwithMaven,BuildwithMaven
8,/home/runner/work/javassist/javassist/target/maven-status/maven-compiler-plugin/testCompile/default-testCompile/inputFiles.lst,-1,426527,426523,Not provided,BuildwithMaven,BuildwithMaven
9,/home/runner/work/javassist/javassist/target/runtest/test3/JIRA63.class,-1,430027,430018,Not provided,BuildwithMaven,BuildwithMaven
10,/home/runner/work/javassist/javassist/target/maven-status/maven-compiler-plugin/testCompile/default-testCompile/createdFiles.lst,-1,426521,426517,Not provided,BuildwithMaven,BuildwithMaven
11,/home/runner/work/javassist/javassist/target/maven-status/maven-compiler-plugin/compile/default-compile/inputFiles.lst,-1,6921,6917,Not provided,BuildwithMaven,BuildwithMaven
12,/home/runner/work/javassist/javassist/target/runtest/test3/Clazz67.class,-1,429826,429822,Not provided,BuildwithMaven,BuildwithMaven
13,/home/runner/work/javassist/javassist/tutorial/tutorial.html,-1,3671,3667,Not provided,uses-checkout,uses-checkout
14,/home/runner/work/javassist/javassist/tutorial/tutorial2.html,-1,3677,3673,Not provided,uses-checkout,uses-checkout
15,/home/runner/work/javassist/javassist/License.html,-1,1141,1138,Not provided,uses-checkout,uses-checkout
16,/home/runner/work/javassist/javassist/target/test-classes/VisibleTop2.class,-1,424393,424391,Not provided,BuildwithMaven,BuildwithMaven
17,/home/runner/work/javassist/javassist/target/test-classes/scoped/jar1/ScopedTestAnnotation.class,-1,424477,424475,Not provided,BuildwithMaven,BuildwithMaven
18,/home/runner/work/javassist/javassist/target/test-classes/test3/InnerClass.class,-1,424473,424471,Not provided,BuildwithMaven,BuildwithMaven
19,/home/runner/work/javassist/javassist/target/test-classes/javassist/bytecode/StackMapTest$T8dd.class,-1,424197,424195,Not provided,BuildwithMaven,BuildwithMaven
20,/home/runner/work/javassist/javassist/target/test-classes/javassist/bytecode/StackMapTest$I8d.class,-1,424193,424191,Not provided,BuildwithMaven,BuildwithMaven
21,/home/runner/work/javassist/javassist/target/test-classes/test/javassist/bytecode/analysis/ErrorFinder.class,-1,424257,424255,Not provided,BuildwithMaven,BuildwithMaven
22,/home/runner/work/javassist/javassist/target/test-classes/test1/GetThrow2.class,-1,424353,424351,Not provided,BuildwithMaven,BuildwithMaven
23,/home/runner/work/javassist/javassist/target/test-classes/test1/GetThrow1.class,-1,424349,424347,Not provided,BuildwithMaven,BuildwithMaven
24,/home/runner/work/javassist/javassist/target/test-classes/test/javassist/bytecode/analysis/AnalyzerTest$Dummy$A3.class,-1,424321,424319,Not provided,BuildwithMaven,BuildwithMaven
25,/home/runner/work/javassist/javassist/target/test-classes/test/javassist/bytecode/analysis/AnalyzerTest$Dummy$A2.class,-1,424317,424315,Not provided,BuildwithMaven,BuildwithMaven
26,/home/runner/work/javassist/javassist/target/test-classes/test3/NewClass2.class,-1,424301,424299,Not provided,BuildwithMaven,BuildwithMaven
27,/home/runner/work/javassist/javassist/target/test-classes/scoped/UnscopedAnnotationUsage.class,-1,424929,424927,Not provided,BuildwithMaven,BuildwithMaven
28,/home/runner/work/javassist/javassist/target/runtest/test5/InnerModifier$Static.class,-1,482046,482044,Not provided,BuildwithMaven,BuildwithMaven
29,/home/runner/work/javassist/javassist/target/test-classes/test4/GetAllRefInnerTest$2.class,-1,424859,424857,Not provided,BuildwithMaven,BuildwithMaven
30,/home/runner/work/javassist/javassist/target/test-classes/test4/GetAllRefInnerTest$1.class,-1,424855,424853,Not provided,BuildwithMaven,BuildwithMaven
31,/home/runner/work/javassist/javassist/target/test-classes/test4/GetAllRefInnerTest2.class,-1,424851,424849,Not provided,BuildwithMaven,BuildwithMaven
32,/home/runner/work/javassist/javassist/target/test-classes/test4/GetAllRefInnerTest2$1.class,-1,424847,424845,Not provided,BuildwithMaven,BuildwithMaven
33,/home/runner/work/javassist/javassist/target/test-classes/scoped/jar1/FullyScopedAnnotationDefaultUsage.class,-1,424933,424931,Not provided,BuildwithMaven,BuildwithMaven
34,/home/runner/work/javassist/javassist/target/test-classes/javassist/ClassPoolBench.class,-1,424953,424951,Not provided,BuildwithMaven,BuildwithMaven
35,/home/runner/work/javassist/javassist/target/test-classes/javassist/compiler/CodeTest.class,-1,424666,424664,Not provided,BuildwithMaven,BuildwithMaven
36,/home/runner/work/javassist/javassist/target/test-classes/test1/BenchProceedNew.class,-1,424658,424656,Not provided,BuildwithMaven,BuildwithMaven
37,/home/runner/work/javassist/javassist/target/test-classes/test1/BenchProceedNew3.class,-1,424654,424652,Not provided,BuildwithMaven,BuildwithMaven
38,/home/runner/work/javassist/javassist/target/test-classes/test1/BenchProceedNew2.class,-1,424650,424648,Not provided,BuildwithMaven,BuildwithMaven
39,/home/runner/work/javassist/javassist/target/test-classes/test3/Visible2.class,-1,424622,424620,Not provided,BuildwithMaven,BuildwithMaven
40,/home/runner/work/javassist/javassist/target/test-classes/test5/JIRA246.class,-1,424773,424771,Not provided,BuildwithMaven,BuildwithMaven
41,/home/runner/work/javassist/javassist/target/test-classes/scoped/UnscopedAnnotationDefaultUsage.class,-1,424690,424688,Not provided,BuildwithMaven,BuildwithMaven
42,/home/runner/work/javassist/javassist/target/test-classes/test/javassist/bytecode/analysis/ScannerTest.class,-1,423398,423396,Not provided,BuildwithMaven,BuildwithMaven
43,/home/runner/work/javassist/javassist/target/test-classes/test3/NewExprTryCatch2.class,-1,423402,423400,Not provided,BuildwithMaven,BuildwithMaven
44,/home/runner/work/javassist/javassist/target/test-classes/test1/RenameClass2.class,-1,423418,423416,Not provided,BuildwithMaven,BuildwithMaven
45,/home/runner/work/javassist/javassist/target/test-classes/testproxy/Target127.class,-1,423544,423542,Not provided,BuildwithMaven,BuildwithMaven
46,/home/runner/work/javassist/javassist/target/test-classes/testproxy/Target127$RealSub.class,-1,423540,423538,Not provided,BuildwithMaven,BuildwithMaven
47,/home/runner/work/javassist/javassist/target/test-classes/Readme.txt,-1,421193,421190,Not provided,BuildwithMaven,BuildwithMaven
48,/home/runner/work/javassist/javassist/target/test-classes/test/javassist/bytecode/analysis/DomTreePrinter.class,-1,423881,423879,Not provided,BuildwithMaven,BuildwithMaven
49,/home/runner/work/javassist/javassist/target/test-classes/scoped/TestAnnotation.class,-1,423845,423843,Not provided,BuildwithMaven,BuildwithMaven
50,/home/runner/work/javassist/javassist/target/test-classes/scoped/jar1/ScopedAnnotationDefaultUsage.class,-1,423841,423839,Not provided,BuildwithMaven,BuildwithMaven
51,/home/runner/work/javassist/javassist/target/test-classes/test5/InnerClassRemove$A.class,-1,423941,423939,Not provided,BuildwithMaven,BuildwithMaven
52,/home/runner/work/javassist/javassist/target/test-classes/test5/InnerClassRemove$B.class,-1,423945,423943,Not provided,BuildwithMaven,BuildwithMaven
53,/home/runner/work/javassist/javassist/target/test-classes/test5/InnerClassRemove$C.class,-1,423949,423947,Not provided,BuildwithMaven,BuildwithMaven
54,/home/runner/work/javassist/javassist/target/test-classes/javassist/JvstTest4$Inner1.class,-1,424035,424033,Not provided,BuildwithMaven,BuildwithMaven
55,/home/runner/work/javassist/javassist/target/test-classes/test1/BenchProceed2.class,-1,423693,423691,Not provided,BuildwithMaven,BuildwithMaven
56,/home/runner/work/javassist/javassist/target/test-classes/test3/Enhancer.class,-1,423673,423671,Not provided,BuildwithMaven,BuildwithMaven
57,/home/runner/work/javassist/javassist/target/test-classes/test3/Enhancer$Interceptor.class,-1,423669,423667,Not provided,BuildwithMaven,BuildwithMaven
58,/home/runner/work/javassist/javassist/target/test-classes/test3/Enhancer$1.class,-1,423665,423663,Not provided,BuildwithMaven,BuildwithMaven
59,/home/runner/work/javassist/javassist/target/test-classes/test3/EnhanceTest.class,-1,423658,423656,Not provided,BuildwithMaven,BuildwithMaven
60,/home/runner/work/javassist/javassist/target/test-classes/javassist/compiler/ParseTest.class,-1,423634,423632,Not provided,BuildwithMaven,BuildwithMaven
61,/home/runner/work/javassist/javassist/target/test-classes/test1/BenchStaticMethod.class,-1,423689,423687,Not provided,BuildwithMaven,BuildwithMaven
62,/home/runner/work/javassist/javassist/target/test-classes/test1/BenchProceed.class,-1,423697,423695,Not provided,BuildwithMaven,BuildwithMaven
63,/home/runner/work/javassist/javassist/target/test-classes/test2/ReplaceClassName3.class,-1,423773,423771,Not provided,BuildwithMaven,BuildwithMaven
64,/home/runner/work/javassist/javassist/target/test-classes/test2/ReplaceClassName2.class,-1,423769,423767,Not provided,BuildwithMaven,BuildwithMaven
65,/home/runner/work/javassist/javassist/target/test-classes/test/javassist/convert/InstrumentationTarget$Itr.class,-1,423761,423759,Not provided,BuildwithMaven,BuildwithMaven
66,/home/runner/work/javassist/javassist/target/test-classes/test2/Nested$Inner2.class,-1,423733,423731,Not provided,BuildwithMaven,BuildwithMaven
67,/home/runner/work/javassist/javassist/target/test-classes/testproxy/Target189.class,-1,423725,423723,Not provided,BuildwithMaven,BuildwithMaven
68,/home/runner/work/javassist/javassist/target/test-classes/javassist/Bench$1.class,-1,425185,425183,Not provided,BuildwithMaven,BuildwithMaven
69,/home/runner/work/javassist/javassist/target/runtest/test1/MySerializableClass.class,-1,428187,428185,Not provided,BuildwithMaven,BuildwithMaven
70,/home/runner/work/javassist/javassist/target/runtest/test1/SetName3.class,-1,428853,428851,Not provided,BuildwithMaven,BuildwithMaven
71,/home/runner/work/javassist/javassist/target/runtest/test1/SetName2.class,-1,428849,428847,Not provided,BuildwithMaven,BuildwithMaven
72,/home/runner/work/javassist/javassist/target/runtest/test1/Freeze.class,-1,428800,428798,Not provided,BuildwithMaven,BuildwithMaven
73,/home/runner/work/javassist/javassist/target/runtest/test1/NewInterface2.class,-1,428752,428750,Not provided,BuildwithMaven,BuildwithMaven
74,/home/runner/work/javassist/javassist/target/runtest/test1/NewInterface.class,-1,428748,428746,Not provided,BuildwithMaven,BuildwithMaven
75,/home/runner/work/javassist/javassist/target/test-classes/javassist/compiler/LexTest.class,-1,426315,426313,Not provided,BuildwithMaven,BuildwithMaven
76,/home/runner/work/javassist/javassist/target/test-classes/test5/NestHost$Bar.class,-1,426199,426197,Not provided,BuildwithMaven,BuildwithMaven
77,/home/runner/work/javassist/javassist/target/test-classes/test4/ImportPac.class,-1,426105,426103,Not provided,BuildwithMaven,BuildwithMaven
78,/home/runner/work/javassist/javassist/target/test-classes/javassist/tools/reflect/ClassMetaobjectTest.class,-1,426101,426099,Not provided,BuildwithMaven,BuildwithMaven
79,/home/runner/work/javassist/javassist/target/test-classes/scoped/jar1/ScopedAnnotationUsage.class,-1,426311,426309,Not provided,BuildwithMaven,BuildwithMaven
80,/home/runner/work/javassist/javassist/target/test-classes/test1/Point.class,-1,426299,426297,Not provided,BuildwithMaven,BuildwithMaven
81,/home/runner/work/javassist/javassist/target/test-classes/javassist/HotswapTest$Foo.class,-1,426275,426273,Not provided,BuildwithMaven,BuildwithMaven
82,/home/runner/work/javassist/javassist/target/test-classes/test2/StaticArraysMem.class,-1,426255,426253,Not provided,BuildwithMaven,BuildwithMaven
83,/home/runner/work/javassist/javassist/target/runtest/test4/TestDeadcode.class,-1,430400,430398,Not provided,BuildwithMaven,BuildwithMaven
84,/home/runner/work/javassist/javassist/target/runtest/test4/WrittenFile2sub.class,-1,430335,430333,Not provided,BuildwithMaven,BuildwithMaven
85,/home/runner/work/javassist/javassist/target/runtest/test4/AnnoLoad.class,-1,430262,430260,Not provided,BuildwithMaven,BuildwithMaven
86,/home/runner/work/javassist/javassist/target/runtest/test4/AnnoLoadAnno.class,-1,430255,430253,Not provided,BuildwithMaven,BuildwithMaven
87,/home/runner/work/javassist/javassist/target/runtest/test5/NestHost4$InnerClass1$InnerClass5.class,-1,481575,481573,Not provided,BuildwithMaven,BuildwithMaven
88,/home/runner/work/javassist/javassist/target/runtest/test3/StaticFinalField.class,-1,429954,429952,Not provided,BuildwithMaven,BuildwithMaven
89,/home/runner/work/javassist/javassist/target/runtest/test2/NullArgTest.class,-1,429334,429332,Not provided,BuildwithMaven,BuildwithMaven
90,/home/runner/work/javassist/javassist/target/runtest/test2/NewOp.class,-1,429330,429328,Not provided,BuildwithMaven,BuildwithMaven
91,/home/runner/work/javassist/javassist/target/runtest/test2/MethodCall.class,-1,429226,429224,Not provided,BuildwithMaven,BuildwithMaven
92,/home/runner/work/javassist/javassist/target/runtest/test2/Inner.class,-1,429145,429143,Not provided,BuildwithMaven,BuildwithMaven
93,/home/runner/work/javassist/javassist/target/runtest/test2/Inherit.class,-1,429135,429133,Not provided,BuildwithMaven,BuildwithMaven
94,/home/runner/work/javassist/javassist/target/runtest/test3/PublicInner$Inner.class,-1,429628,429626,Not provided,BuildwithMaven,BuildwithMaven
95,/home/runner/work/javassist/javassist/target/runtest/test3/PublicInner.class,-1,429624,429622,Not provided,BuildwithMaven,BuildwithMaven
96,/home/runner/work/javassist/javassist/target/runtest/test2/SuperInterface3.class,-1,429459,429457,Not provided,BuildwithMaven,BuildwithMaven
97,/home/runner/work/javassist/javassist/target/test-classes/javassist/tools/reflect/Person.class,-1,426085,426083,Not provided,BuildwithMaven,BuildwithMaven
98,/home/runner/work/javassist/javassist/target/test-classes/test3/NestedClass$1Local.class,-1,425388,425386,Not provided,BuildwithMaven,BuildwithMaven
99,/home/runner/work/javassist/javassist/target/test-classes/test3/NestedClass$1.class,-1,425384,425382,Not provided,BuildwithMaven,BuildwithMaven
100,/home/runner/work/javassist/javassist/target/test-classes/test3/NestedClass$StaticNested.class,-1,425380,425378,Not provided,BuildwithMaven,BuildwithMaven
101,/home/runner/work/javassist/javassist/target/test-classes/test3/NestedClass$Inner.class,-1,425376,425374,Not provided,BuildwithMaven,BuildwithMaven
102,/home/runner/work/javassist/javassist/target/test-classes/scoped/ScopedRepositoryTestCase.class,-1,425340,425338,Not provided,BuildwithMaven,BuildwithMaven
103,/home/runner/work/javassist/javassist/target/test-classes/test4/JIRA220intf.class,-1,425317,425315,Not provided,BuildwithMaven,BuildwithMaven
104,/home/runner/work/javassist/javassist/target/test-classes/test3/PublicInner2$PS.class,-1,425491,425489,Not provided,BuildwithMaven,BuildwithMaven
105,/home/runner/work/javassist/javassist/target/test-classes/Jassist150.class,-1,425579,425577,Not provided,BuildwithMaven,BuildwithMaven
106,/home/runner/work/javassist/javassist/target/test-classes/Jassist150$1.class,-1,425575,425573,Not provided,BuildwithMaven,BuildwithMaven
107,/home/runner/work/javassist/javassist/target/test-classes/test4/Signature$Foo.class,-1,425539,425537,Not provided,BuildwithMaven,BuildwithMaven
108,/home/runner/work/javassist/javassist/target/test-classes/Test.class,-1,425535,425533,Not provided,BuildwithMaven,BuildwithMaven
109,/home/runner/work/javassist/javassist/target/test-classes/InvalidStackMapFrame.class,-1,425531,425529,Not provided,BuildwithMaven,BuildwithMaven
110,/home/runner/work/javassist/javassist/target/test-classes/test4/NestedClass$S.class,-1,425297,425295,Not provided,BuildwithMaven,BuildwithMaven
111,/home/runner/work/javassist/javassist/target/test-classes/test4/NestedClass$S$S2.class,-1,425293,425291,Not provided,BuildwithMaven,BuildwithMaven
112,/home/runner/work/javassist/javassist/target/test-classes/test4/NestedClass$N.class,-1,425289,425287,Not provided,BuildwithMaven,BuildwithMaven
113,/home/runner/work/javassist/javassist/target/test-classes/test1/StaticField.class,-1,425169,425167,Not provided,BuildwithMaven,BuildwithMaven
114,/home/runner/work/javassist/javassist/target/runtest/test5/InnerModifier$NonStatic.class,-1,482039,482037,Not provided,BuildwithMaven,BuildwithMaven
115,/home/runner/work/javassist/javassist/target/test-classes/scoped/jar1/FullyScopedAnnotationUsage.class,-1,425177,425175,Not provided,BuildwithMaven,BuildwithMaven
116,/home/runner/work/javassist/javassist/target/test-classes/test5/NestHost2$Bar.class,-1,425277,425275,Not provided,BuildwithMaven,BuildwithMaven
117,/home/runner/work/javassist/javassist/target/test-classes/test2/Inner2$Child.class,-1,425265,425263,Not provided,BuildwithMaven,BuildwithMaven
118,/home/runner/work/javassist/javassist/target/test-classes/test5/InnerModifier2.class,-1,425253,425251,Not provided,BuildwithMaven,BuildwithMaven
119,/home/runner/work/javassist/javassist/target/test-classes/javassist/Bench$2.class,-1,425189,425187,Not provided,BuildwithMaven,BuildwithMaven
120,/home/runner/work/javassist/javassist/target/test-classes/javassist/Bench.class,-1,425213,425211,Not provided,BuildwithMaven,BuildwithMaven
121,/home/runner/work/javassist/javassist/target/test-classes/javassist/Bench$7.class,-1,425209,425207,Not provided,BuildwithMaven,BuildwithMaven
122,/home/runner/work/javassist/javassist/target/test-classes/javassist/Bench$6.class,-1,425205,425203,Not provided,BuildwithMaven,BuildwithMaven
123,/home/runner/work/javassist/javassist/target/test-classes/javassist/Bench$5.class,-1,425201,425199,Not provided,BuildwithMaven,BuildwithMaven
124,/home/runner/work/javassist/javassist/target/test-classes/javassist/Bench$4.class,-1,425197,425195,Not provided,BuildwithMaven,BuildwithMaven
125,/home/runner/work/javassist/javassist/target/test-classes/javassist/Bench$3.class,-1,425193,425191,Not provided,BuildwithMaven,BuildwithMaven
126,/home/runner/work/javassist/javassist/target/test-classes/javassist/ConcurrentClassDefinitionTest$Worker.class,-1,425603,425601,Not provided,BuildwithMaven,BuildwithMaven
127,/home/runner/work/javassist/javassist/target/test-classes/javassist/ConcurrentClassDefinitionTest.class,-1,425607,425605,Not provided,BuildwithMaven,BuildwithMaven
128,/home/runner/work/javassist/javassist/target/test-classes/annotation/Tag.class,-1,425935,425933,Not provided,BuildwithMaven,BuildwithMaven
129,/home/runner/work/javassist/javassist/target/test-classes/annotation/EnumTest.class,-1,425931,425929,Not provided,BuildwithMaven,BuildwithMaven
130,/home/runner/work/javassist/javassist/target/test-classes/annotation/Id.class,-1,425927,425925,Not provided,BuildwithMaven,BuildwithMaven
131,/home/runner/work/javassist/javassist/target/test-classes/test4/GetAllRefEnum.class,-1,425959,425957,Not provided,BuildwithMaven,BuildwithMaven
132,/home/runner/work/javassist/javassist/target/test-classes/test4/GetAllRefAnno.class,-1,425963,425961,Not provided,BuildwithMaven,BuildwithMaven
133,/home/runner/work/javassist/javassist/target/test-classes/test4/GetAllRefAnnoC.class,-1,425967,425965,Not provided,BuildwithMaven,BuildwithMaven
134,/home/runner/work/javassist/javassist/target/test-classes/test4/JIRA181$B.class,-1,426071,426069,Not provided,BuildwithMaven,BuildwithMaven
135,/home/runner/work/javassist/javassist/target/test-classes/test4/JIRA181$ICondition.class,-1,426067,426065,Not provided,BuildwithMaven,BuildwithMaven
136,/home/runner/work/javassist/javassist/target/test-classes/scoped/jar1/TestClass1.class,-1,426047,426045,Not provided,BuildwithMaven,BuildwithMaven
137,/home/runner/work/javassist/javassist/target/test-classes/test4/GetAllRefAnnoC2.class,-1,425971,425969,Not provided,BuildwithMaven,BuildwithMaven
138,/home/runner/work/javassist/javassist/target/test-classes/testproxy/sub/TargetSuper.class,-1,426015,426013,Not provided,BuildwithMaven,BuildwithMaven
139,/home/runner/work/javassist/javassist/target/test-classes/javassist/bytecode/CodeAnalyzerTest.class,-1,425995,425993,Not provided,BuildwithMaven,BuildwithMaven
140,/home/runner/work/javassist/javassist/target/test-classes/test4/GetAllRefAnnoC4.class,-1,425979,425977,Not provided,BuildwithMaven,BuildwithMaven
141,/home/runner/work/javassist/javassist/target/test-classes/test4/GetAllRefAnnoC3.class,-1,425975,425973,Not provided,BuildwithMaven,BuildwithMaven
142,/home/runner/work/javassist/javassist/target/test-classes/test5/RemoveAnno2.class,-1,425827,425825,Not provided,BuildwithMaven,BuildwithMaven
143,/home/runner/work/javassist/javassist/target/test-classes/test/javassist/proxy/ProxySimpleTest$Default4.class,-1,425695,425693,Not provided,BuildwithMaven,BuildwithMaven
144,/home/runner/work/javassist/javassist/target/test-classes/test5/RemoveAnno1.class,-1,425823,425821,Not provided,BuildwithMaven,BuildwithMaven
145,/home/runner/work/javassist/javassist/target/test-classes/test3/PackName2.class,-1,425811,425809,Not provided,BuildwithMaven,BuildwithMaven
146,/home/runner/work/javassist/javassist/target/test-classes/test5/JIRA242.class,-1,425803,425801,Not provided,BuildwithMaven,BuildwithMaven
147,/home/runner/work/javassist/javassist/target/runtest/javassist/bytecode/StackMapTest$C6.class,-1,482286,482284,Not provided,BuildwithMaven,BuildwithMaven
148,/home/runner/work/javassist/javassist/src/test/javassist/bytecode/Gap0Example.class,-1,2478,2476,Not provided,uses-checkout,uses-checkout
149,/home/runner/work/javassist/javassist/src/test/Readme.txt,-1,2386,2384,Not provided,uses-checkout,uses-checkout
150,/home/runner/work/javassist/javassist/sample/vector/VectorAssistant.java,-1,1354,1352,Not provided,uses-checkout,uses-checkout
151,/home/runner/work/javassist/javassist/sample/vector/Test.j,-1,1350,1348,Not provided,uses-checkout,uses-checkout
152,/home/runner/work/javassist/javassist/sample/vector/Sample2.java,-1,1346,1344,Not provided,uses-checkout,uses-checkout
153,/home/runner/work/javassist/javassist/sample/rmi/start.html,-1,1333,1331,Not provided,uses-checkout,uses-checkout
154,/home/runner/work/javassist/javassist/sample/rmi/webdemo.html,-1,1337,1335,Not provided,uses-checkout,uses-checkout
155,/home/runner/work/javassist/javassist/sample/rmi/inside.gif,-1,1329,1327,Not provided,uses-checkout,uses-checkout
156,/home/runner/work/javassist/javassist/Changes.md,-1,1132,1130,Not provided,uses-checkout,uses-checkout
157,/home/runner/work/javassist/javassist/.github/workflows/maven.yml,-1,1120,1118,Not provided,uses-checkout,uses-checkout
158,/home/runner/work/javassist/javassist/target/runtest/proxy/test/javassist/proxy/ProxySimpleTest$Default3_$$_jvstdc_273d.class,-1,483231,483229,Not provided,BuildwithMaven,BuildwithMaven
159,/home/runner/work/javassist/javassist/.gitignore,-1,1128,1126,Not provided,uses-checkout,uses-checkout
160,/home/runner/work/javassist/javassist/Examples.md,-1,1136,1134,Not provided,uses-checkout,uses-checkout
161,/home/runner/work/javassist/javassist/sample/rmi/Counter.java,-1,1325,1323,Not provided,uses-checkout,uses-checkout
162,/home/runner/work/javassist/javassist/README.md,-1,1145,1143,Not provided,uses-checkout,uses-checkout
163,/home/runner/work/javassist/javassist/sample/rmi/CountApplet.java,-1,1321,1319,Not provided,uses-checkout,uses-checkout
164,/home/runner/work/javassist/javassist/target/runtest/testproxy/Target_$$_jvstdc_11.class,-1,482850,482848,Not provided,BuildwithMaven,BuildwithMaven
165,/home/runner/work/javassist/javassist/sample/reflect/VerboseMetaobj.java,-1,1311,1309,Not provided,uses-checkout,uses-checkout
166,/home/runner/work/javassist/javassist/sample/reflect/Person.java,-1,1307,1305,Not provided,uses-checkout,uses-checkout
167,/home/runner/work/javassist/javassist/sample/preproc/package.html,-1,1297,1295,Not provided,uses-checkout,uses-checkout
168,/home/runner/work/javassist/javassist/sample/preproc/Compiler.java,-1,1293,1291,Not provided,uses-checkout,uses-checkout
169,/home/runner/work/javassist/javassist/target/runtest/proxy/test/javassist/proxy/ProxySimpleTest$PubProxy_$$_jvstdc_2734.class,-1,483123,483121,Not provided,BuildwithMaven,BuildwithMaven
170,/home/runner/work/javassist/javassist/sample/hotswap/Test.java,-1,1279,1277,Not provided,uses-checkout,uses-checkout
171,/home/runner/work/javassist/javassist/sample/evolve/update.html,-1,1271,1269,Not provided,uses-checkout,uses-checkout
172,/home/runner/work/javassist/javassist/sample/evolve/start.html,-1,1267,1265,Not provided,uses-checkout,uses-checkout
173,/home/runner/work/javassist/javassist/sample/evolve/demo.html,-1,1259,1257,Not provided,uses-checkout,uses-checkout
174,/home/runner/work/javassist/javassist/sample/evolve/WebPage.java,-1,1255,1253,Not provided,uses-checkout,uses-checkout
175,/home/runner/work/javassist/javassist/sample/evolve/VersionManager.java,-1,1251,1249,Not provided,uses-checkout,uses-checkout
176,/home/runner/work/javassist/javassist/sample/evolve/Sample.java,-1,1247,1245,Not provided,uses-checkout,uses-checkout
177,/home/runner/work/javassist/javassist/sample/evolve/Evolution.java,-1,1243,1241,Not provided,uses-checkout,uses-checkout
178,/home/runner/work/javassist/javassist/sample/evolve/DemoServer.java,-1,1239,1237,Not provided,uses-checkout,uses-checkout
179,/home/runner/work/javassist/javassist/sample/evolve/DemoLoader.java,-1,1235,1233,Not provided,uses-checkout,uses-checkout
180,/home/runner/work/javassist/javassist/sample/evolve/CannotUpdateException.java,-1,1231,1229,Not provided,uses-checkout,uses-checkout
181,/home/runner/work/javassist/javassist/sample/duplicate/Viewer.java,-1,1223,1221,Not provided,uses-checkout,uses-checkout
182,/home/runner/work/javassist/javassist/sample/duplicate/Main.java,-1,1219,1217,Not provided,uses-checkout,uses-checkout
183,/home/runner/work/javassist/javassist/sample/duplicate/DuplicatedObject.java,-1,1215,1213,Not provided,uses-checkout,uses-checkout
184,/home/runner/work/javassist/javassist/target/runtest/proxy/test/javassist/proxy/ProxySimpleTest$Default2_$$_jvstdc_273b.class,-1,483196,483194,Not provided,BuildwithMaven,BuildwithMaven
185,/home/runner/work/javassist/javassist/target/runtest/proxy/javassist/util/proxy/test_javassist_proxy_ProxySimpleTest$PubProxy2_$$_jvstdc_273c.class,-1,483220,483218,Not provided,BuildwithMaven,BuildwithMaven
186,/home/runner/work/javassist/javassist/build.xml,-1,1149,1147,Not provided,uses-checkout,uses-checkout
187,/home/runner/work/javassist/javassist/target/runtest/reflected/javassist/tools/reflect/SuperClass.class,-1,482622,482620,Not provided,BuildwithMaven,BuildwithMaven
188,/home/runner/work/javassist/javassist/target/runtest/javassist/bytecode/Gap0Example2.class,-1,482580,482578,Not provided,BuildwithMaven,BuildwithMaven
189,/home/runner/work/javassist/javassist/target/runtest/javassist/bytecode/StackMapTest$T8d.class,-1,482534,482532,Not provided,BuildwithMaven,BuildwithMaven
190,/home/runner/work/javassist/javassist/target/runtest/javassist/bytecode/Gap0Example.class,-1,482573,482571,Not provided,BuildwithMaven,BuildwithMaven
191,/home/runner/work/javassist/javassist/target/runtest/test5/InnerModifier.class,-1,482050,482048,Not provided,BuildwithMaven,BuildwithMaven
192,/home/runner/work/javassist/javassist/target/runtest/test1/LocalVars2.class,-1,482069,482067,Not provided,BuildwithMaven,BuildwithMaven
193,/home/runner/work/javassist/javassist/tutorial/tutorial3.html,-1,3681,3679,Not provided,uses-checkout,uses-checkout
194,/home/runner/work/javassist/javassist/target/runtest/testproxy/BridgeMethod_$$_jvstdc_7.class,-1,482725,-1,Not provided,BuildwithMaven,Not provided
195,/home/runner/work/javassist/javassist/target/runtest/proxy/test/javassist/proxy/ProxySimpleTest$Foo_$$_jvstdc_2733.class,-1,483113,-1,Not provided,BuildwithMaven,Not provided
196,/home/runner/work/javassist/javassist/sample/rmi/AlertDialog.java,-1,1317,-1,Not provided,uses-checkout,Not provided
197,/home/runner/work/javassist/javassist/sample/reflect/Main.java,-1,1303,-1,Not provided,uses-checkout,Not provided
198,/home/runner/work/javassist/javassist/sample/preproc/Assistant.java,-1,1289,-1,Not provided,uses-checkout,Not provided
199,/home/runner/work/javassist/javassist/sample/duplicate/Ball.java,-1,1211,-1,Not provided,uses-checkout,Not provided
200,/home/runner/work/javassist/javassist/sample/Test.java,-1,1205,-1,Not provided,uses-checkout,Not provided
