,file_name,last_access_index,last_modify_index,creation_index,last_access_step,last_modify_step,creation_step
0,/home/runner/work/javassist/javassist/target/javassist-3.29.2-GA.jar,-1,1009162,984129,Not provided,BuildwithMaven,BuildwithMaven
1,/home/runner/work/javassist/javassist/target/javassist-3.29.2-GA-sources.jar,-1,1014341,1010121,Not provided,BuildwithMaven,BuildwithMaven
2,/home/runner/work/javassist/javassist/target/classes/META-INF/MANIFEST.MF,443107,1010091,-1,BuildwithMaven,BuildwithMaven,Not provided
3,/home/runner/work/javassist/javassist/target/runtest/test1/AnnoTest.class,-1,441345,441277,Not provided,BuildwithMaven,BuildwithMaven
4,/home/runner/work/javassist/javassist/target/runtest/test-hibernate.class,-1,441563,441509,Not provided,BuildwithMaven,BuildwithMaven
5,/home/runner/work/javassist/javassist/target/runtest/TooManyConstPoolItems.class,-1,440908,440862,Not provided,BuildwithMaven,BuildwithMaven
6,/home/runner/work/javassist/javassist/target/runtest/test3/JIRA63.class,-1,407419,407410,Not provided,BuildwithMaven,BuildwithMaven
7,/home/runner/work/javassist/javassist/tutorial/tutorial2.html,-1,2748,2744,Not provided,uses-checkout,uses-checkout
8,/home/runner/work/javassist/javassist/target/maven-status/maven-compiler-plugin/compile/default-compile/createdFiles.lst,-1,4882,4878,Not provided,BuildwithMaven,BuildwithMaven
9,/home/runner/work/javassist/javassist/target/maven-status/maven-compiler-plugin/compile/default-compile/inputFiles.lst,-1,4888,4884,Not provided,BuildwithMaven,BuildwithMaven
10,/home/runner/work/javassist/javassist/target/maven-status/maven-compiler-plugin/testCompile/default-testCompile/createdFiles.lst,-1,403973,403969,Not provided,BuildwithMaven,BuildwithMaven
11,/home/runner/work/javassist/javassist/target/surefire-reports/TEST-javassist.JvstTest.xml,-1,442721,442717,Not provided,BuildwithMaven,BuildwithMaven
12,/home/runner/work/javassist/javassist/target/maven-status/maven-compiler-plugin/testCompile/default-testCompile/inputFiles.lst,-1,403979,403975,Not provided,BuildwithMaven,BuildwithMaven
13,/home/runner/work/javassist/javassist/target/runtest/test3/Clazz67.class,-1,407220,407216,Not provided,BuildwithMaven,BuildwithMaven
14,/home/runner/work/javassist/javassist/tutorial/tutorial.html,-1,2742,2739,Not provided,uses-checkout,uses-checkout
15,/home/runner/work/javassist/javassist/License.html,-1,1219,1216,Not provided,uses-checkout,uses-checkout
16,/home/runner/work/javassist/javassist/target/test-classes/javassist/compiler/CodeTest.class,-1,402122,402120,Not provided,BuildwithMaven,BuildwithMaven
17,/home/runner/work/javassist/javassist/target/test-classes/test1/BenchProceedNew.class,-1,402118,402116,Not provided,BuildwithMaven,BuildwithMaven
18,/home/runner/work/javassist/javassist/target/test-classes/test1/BenchProceedNew3.class,-1,402114,402112,Not provided,BuildwithMaven,BuildwithMaven
19,/home/runner/work/javassist/javassist/target/test-classes/test1/BenchProceedNew2.class,-1,402110,402108,Not provided,BuildwithMaven,BuildwithMaven
20,/home/runner/work/javassist/javassist/target/test-classes/scoped/UnscopedAnnotationDefaultUsage.class,-1,402146,402144,Not provided,BuildwithMaven,BuildwithMaven
21,/home/runner/work/javassist/javassist/target/test-classes/test5/JIRA246.class,-1,402229,402227,Not provided,BuildwithMaven,BuildwithMaven
22,/home/runner/work/javassist/javassist/target/test-classes/scoped/jar1/ScopedTestAnnotation.class,-1,401933,401931,Not provided,BuildwithMaven,BuildwithMaven
23,/home/runner/work/javassist/javassist/target/test-classes/test3/InnerClass.class,-1,401929,401927,Not provided,BuildwithMaven,BuildwithMaven
24,/home/runner/work/javassist/javassist/target/test-classes/test3/Visible2.class,-1,402078,402076,Not provided,BuildwithMaven,BuildwithMaven
25,/home/runner/work/javassist/javassist/target/test-classes/javassist/Bench$2.class,-1,402645,402643,Not provided,BuildwithMaven,BuildwithMaven
26,/home/runner/work/javassist/javassist/target/test-classes/javassist/Bench.class,-1,402669,402667,Not provided,BuildwithMaven,BuildwithMaven
27,/home/runner/work/javassist/javassist/target/test-classes/javassist/Bench$7.class,-1,402665,402663,Not provided,BuildwithMaven,BuildwithMaven
28,/home/runner/work/javassist/javassist/target/test-classes/javassist/Bench$6.class,-1,402661,402659,Not provided,BuildwithMaven,BuildwithMaven
29,/home/runner/work/javassist/javassist/target/test-classes/javassist/Bench$5.class,-1,402657,402655,Not provided,BuildwithMaven,BuildwithMaven
30,/home/runner/work/javassist/javassist/target/test-classes/javassist/Bench$4.class,-1,402653,402651,Not provided,BuildwithMaven,BuildwithMaven
31,/home/runner/work/javassist/javassist/target/test-classes/javassist/Bench$3.class,-1,402649,402647,Not provided,BuildwithMaven,BuildwithMaven
32,/home/runner/work/javassist/javassist/target/test-classes/javassist/Bench$1.class,-1,402641,402639,Not provided,BuildwithMaven,BuildwithMaven
33,/home/runner/work/javassist/javassist/target/test-classes/scoped/jar1/FullyScopedAnnotationUsage.class,-1,402633,402631,Not provided,BuildwithMaven,BuildwithMaven
34,/home/runner/work/javassist/javassist/target/test-classes/test1/StaticField.class,-1,402625,402623,Not provided,BuildwithMaven,BuildwithMaven
35,/home/runner/work/javassist/javassist/target/test-classes/test4/GetAllRefInnerTest$2.class,-1,402299,402297,Not provided,BuildwithMaven,BuildwithMaven
36,/home/runner/work/javassist/javassist/target/test-classes/test4/GetAllRefInnerTest$1.class,-1,402295,402293,Not provided,BuildwithMaven,BuildwithMaven
37,/home/runner/work/javassist/javassist/target/test-classes/test4/GetAllRefInnerTest2.class,-1,402291,402289,Not provided,BuildwithMaven,BuildwithMaven
38,/home/runner/work/javassist/javassist/target/test-classes/test4/GetAllRefInnerTest2$1.class,-1,402287,402285,Not provided,BuildwithMaven,BuildwithMaven
39,/home/runner/work/javassist/javassist/target/test-classes/scoped/jar1/FullyScopedAnnotationDefaultUsage.class,-1,402385,402383,Not provided,BuildwithMaven,BuildwithMaven
40,/home/runner/work/javassist/javassist/target/test-classes/javassist/ClassPoolBench.class,-1,402429,402427,Not provided,BuildwithMaven,BuildwithMaven
41,/home/runner/work/javassist/javassist/target/test-classes/scoped/UnscopedAnnotationUsage.class,-1,402389,402387,Not provided,BuildwithMaven,BuildwithMaven
42,/home/runner/work/javassist/javassist/target/test-classes/VisibleTop2.class,-1,401849,401847,Not provided,BuildwithMaven,BuildwithMaven
43,/home/runner/work/javassist/javassist/target/test-classes/test2/ReplaceClassName3.class,-1,401239,401237,Not provided,BuildwithMaven,BuildwithMaven
44,/home/runner/work/javassist/javassist/target/test-classes/test2/ReplaceClassName2.class,-1,401235,401233,Not provided,BuildwithMaven,BuildwithMaven
45,/home/runner/work/javassist/javassist/target/test-classes/test2/Nested$Inner2.class,-1,401201,401199,Not provided,BuildwithMaven,BuildwithMaven
46,/home/runner/work/javassist/javassist/target/test-classes/testproxy/Target189.class,-1,401193,401191,Not provided,BuildwithMaven,BuildwithMaven
47,/home/runner/work/javassist/javassist/target/test-classes/test/javassist/bytecode/analysis/DomTreePrinter.class,-1,401353,401351,Not provided,BuildwithMaven,BuildwithMaven
48,/home/runner/work/javassist/javassist/target/test-classes/scoped/TestAnnotation.class,-1,401313,401311,Not provided,BuildwithMaven,BuildwithMaven
49,/home/runner/work/javassist/javassist/target/test-classes/test1/BenchProceed.class,-1,401165,401163,Not provided,BuildwithMaven,BuildwithMaven
50,/home/runner/work/javassist/javassist/target/test-classes/testproxy/Target127.class,-1,401030,401028,Not provided,BuildwithMaven,BuildwithMaven
51,/home/runner/work/javassist/javassist/target/test-classes/testproxy/Target127$RealSub.class,-1,401026,401024,Not provided,BuildwithMaven,BuildwithMaven
52,/home/runner/work/javassist/javassist/target/runtest/test5/InnerModifier$NonStatic.class,-1,441243,441241,Not provided,BuildwithMaven,BuildwithMaven
53,/home/runner/work/javassist/javassist/target/runtest/test5/InnerModifier$Static.class,-1,441250,441248,Not provided,BuildwithMaven,BuildwithMaven
54,/home/runner/work/javassist/javassist/target/runtest/test5/InnerModifier.class,-1,441254,441252,Not provided,BuildwithMaven,BuildwithMaven
55,/home/runner/work/javassist/javassist/target/test-classes/test1/BenchProceed2.class,-1,401161,401159,Not provided,BuildwithMaven,BuildwithMaven
56,/home/runner/work/javassist/javassist/target/test-classes/test1/BenchStaticMethod.class,-1,401157,401155,Not provided,BuildwithMaven,BuildwithMaven
57,/home/runner/work/javassist/javassist/target/test-classes/test3/Enhancer.class,-1,401141,401139,Not provided,BuildwithMaven,BuildwithMaven
58,/home/runner/work/javassist/javassist/target/test-classes/test3/Enhancer$Interceptor.class,-1,401137,401135,Not provided,BuildwithMaven,BuildwithMaven
59,/home/runner/work/javassist/javassist/target/test-classes/test3/Enhancer$1.class,-1,401133,401131,Not provided,BuildwithMaven,BuildwithMaven
60,/home/runner/work/javassist/javassist/target/test-classes/test3/EnhanceTest.class,-1,401126,401124,Not provided,BuildwithMaven,BuildwithMaven
61,/home/runner/work/javassist/javassist/target/test-classes/test/javassist/bytecode/analysis/ErrorFinder.class,-1,401715,401713,Not provided,BuildwithMaven,BuildwithMaven
62,/home/runner/work/javassist/javassist/target/test-classes/javassist/bytecode/StackMapTest$I8d.class,-1,401651,401649,Not provided,BuildwithMaven,BuildwithMaven
63,/home/runner/work/javassist/javassist/target/test-classes/test3/NewClass2.class,-1,401757,401755,Not provided,BuildwithMaven,BuildwithMaven
64,/home/runner/work/javassist/javassist/target/test-classes/test1/GetThrow2.class,-1,401809,401807,Not provided,BuildwithMaven,BuildwithMaven
65,/home/runner/work/javassist/javassist/target/test-classes/test1/GetThrow1.class,-1,401805,401803,Not provided,BuildwithMaven,BuildwithMaven
66,/home/runner/work/javassist/javassist/target/test-classes/test/javassist/bytecode/analysis/AnalyzerTest$Dummy$A3.class,-1,401785,401783,Not provided,BuildwithMaven,BuildwithMaven
67,/home/runner/work/javassist/javassist/target/test-classes/test/javassist/bytecode/analysis/AnalyzerTest$Dummy$A2.class,-1,401781,401779,Not provided,BuildwithMaven,BuildwithMaven
68,/home/runner/work/javassist/javassist/target/test-classes/javassist/bytecode/StackMapTest$T8dd.class,-1,401655,401653,Not provided,BuildwithMaven,BuildwithMaven
69,/home/runner/work/javassist/javassist/target/test-classes/javassist/JvstTest4$Inner1.class,-1,401495,401493,Not provided,BuildwithMaven,BuildwithMaven
70,/home/runner/work/javassist/javassist/target/test-classes/test5/InnerClassRemove$C.class,-1,401409,401407,Not provided,BuildwithMaven,BuildwithMaven
71,/home/runner/work/javassist/javassist/target/test-classes/test5/InnerClassRemove$B.class,-1,401405,401403,Not provided,BuildwithMaven,BuildwithMaven
72,/home/runner/work/javassist/javassist/target/test-classes/test5/InnerClassRemove$A.class,-1,401401,401399,Not provided,BuildwithMaven,BuildwithMaven
73,/home/runner/work/javassist/javassist/target/runtest/test1/NewInterface.class,-1,406152,406150,Not provided,BuildwithMaven,BuildwithMaven
74,/home/runner/work/javassist/javassist/target/runtest/test1/NewInterface2.class,-1,406156,406154,Not provided,BuildwithMaven,BuildwithMaven
75,/home/runner/work/javassist/javassist/target/runtest/test1/SetName3.class,-1,406254,406252,Not provided,BuildwithMaven,BuildwithMaven
76,/home/runner/work/javassist/javassist/target/runtest/test1/SetName2.class,-1,406250,406248,Not provided,BuildwithMaven,BuildwithMaven
77,/home/runner/work/javassist/javassist/target/runtest/test1/Freeze.class,-1,406201,406199,Not provided,BuildwithMaven,BuildwithMaven
78,/home/runner/work/javassist/javassist/target/test-classes/test5/NestHost$Bar.class,-1,403631,403629,Not provided,BuildwithMaven,BuildwithMaven
79,/home/runner/work/javassist/javassist/target/test-classes/test2/StaticArraysMem.class,-1,403707,403705,Not provided,BuildwithMaven,BuildwithMaven
80,/home/runner/work/javassist/javassist/target/runtest/test1/MySerializableClass.class,-1,405591,405589,Not provided,BuildwithMaven,BuildwithMaven
81,/home/runner/work/javassist/javassist/target/test-classes/javassist/compiler/LexTest.class,-1,403767,403765,Not provided,BuildwithMaven,BuildwithMaven
82,/home/runner/work/javassist/javassist/target/test-classes/scoped/jar1/ScopedAnnotationUsage.class,-1,403763,403761,Not provided,BuildwithMaven,BuildwithMaven
83,/home/runner/work/javassist/javassist/target/test-classes/test1/Point.class,-1,403743,403741,Not provided,BuildwithMaven,BuildwithMaven
84,/home/runner/work/javassist/javassist/target/test-classes/javassist/HotswapTest$Foo.class,-1,403727,403725,Not provided,BuildwithMaven,BuildwithMaven
85,/home/runner/work/javassist/javassist/target/runtest/test4/TestDeadcode.class,-1,407752,407750,Not provided,BuildwithMaven,BuildwithMaven
86,/home/runner/work/javassist/javassist/target/runtest/test4/WrittenFile2sub.class,-1,407699,407697,Not provided,BuildwithMaven,BuildwithMaven
87,/home/runner/work/javassist/javassist/target/runtest/test4/AnnoLoad.class,-1,407641,407639,Not provided,BuildwithMaven,BuildwithMaven
88,/home/runner/work/javassist/javassist/target/runtest/test4/AnnoLoadAnno.class,-1,407634,407632,Not provided,BuildwithMaven,BuildwithMaven
89,/home/runner/work/javassist/javassist/target/runtest/test5/NestHost4$InnerClass1$InnerClass5.class,-1,440776,440774,Not provided,BuildwithMaven,BuildwithMaven
90,/home/runner/work/javassist/javassist/target/runtest/test3/StaticFinalField.class,-1,407349,407347,Not provided,BuildwithMaven,BuildwithMaven
91,/home/runner/work/javassist/javassist/target/runtest/test2/NullArgTest.class,-1,406733,406731,Not provided,BuildwithMaven,BuildwithMaven
92,/home/runner/work/javassist/javassist/target/runtest/test2/NewOp.class,-1,406729,406727,Not provided,BuildwithMaven,BuildwithMaven
93,/home/runner/work/javassist/javassist/target/runtest/test2/MethodCall.class,-1,406625,406623,Not provided,BuildwithMaven,BuildwithMaven
94,/home/runner/work/javassist/javassist/target/runtest/test2/Inner.class,-1,406548,406546,Not provided,BuildwithMaven,BuildwithMaven
95,/home/runner/work/javassist/javassist/target/runtest/test2/Inherit.class,-1,406538,406536,Not provided,BuildwithMaven,BuildwithMaven
96,/home/runner/work/javassist/javassist/target/runtest/test3/PublicInner$Inner.class,-1,407019,407017,Not provided,BuildwithMaven,BuildwithMaven
97,/home/runner/work/javassist/javassist/target/runtest/test3/PublicInner.class,-1,407015,407013,Not provided,BuildwithMaven,BuildwithMaven
98,/home/runner/work/javassist/javassist/target/runtest/test2/SuperInterface3.class,-1,406858,406856,Not provided,BuildwithMaven,BuildwithMaven
99,/home/runner/work/javassist/javassist/target/test-classes/javassist/ConcurrentClassDefinitionTest.class,-1,403063,403061,Not provided,BuildwithMaven,BuildwithMaven
100,/home/runner/work/javassist/javassist/target/test-classes/javassist/ConcurrentClassDefinitionTest$Worker.class,-1,403059,403057,Not provided,BuildwithMaven,BuildwithMaven
101,/home/runner/work/javassist/javassist/target/test-classes/Jassist150.class,-1,403047,403045,Not provided,BuildwithMaven,BuildwithMaven
102,/home/runner/work/javassist/javassist/target/test-classes/Jassist150$1.class,-1,403043,403041,Not provided,BuildwithMaven,BuildwithMaven
103,/home/runner/work/javassist/javassist/target/test-classes/Test.class,-1,402999,402997,Not provided,BuildwithMaven,BuildwithMaven
104,/home/runner/work/javassist/javassist/target/test-classes/InvalidStackMapFrame.class,-1,402995,402993,Not provided,BuildwithMaven,BuildwithMaven
105,/home/runner/work/javassist/javassist/target/test-classes/test4/Signature$Foo.class,-1,402987,402985,Not provided,BuildwithMaven,BuildwithMaven
106,/home/runner/work/javassist/javassist/target/test-classes/test/javassist/proxy/ProxySimpleTest$Default4.class,-1,403151,403149,Not provided,BuildwithMaven,BuildwithMaven
107,/home/runner/work/javassist/javassist/target/test-classes/scoped/ScopedRepositoryTestCase.class,-1,402796,402794,Not provided,BuildwithMaven,BuildwithMaven
108,/home/runner/work/javassist/javassist/target/test-classes/test4/JIRA220intf.class,-1,402773,402771,Not provided,BuildwithMaven,BuildwithMaven
109,/home/runner/work/javassist/javassist/target/test-classes/test4/NestedClass$S.class,-1,402749,402747,Not provided,BuildwithMaven,BuildwithMaven
110,/home/runner/work/javassist/javassist/target/test-classes/test4/NestedClass$S$S2.class,-1,402745,402743,Not provided,BuildwithMaven,BuildwithMaven
111,/home/runner/work/javassist/javassist/target/test-classes/test4/NestedClass$N.class,-1,402741,402739,Not provided,BuildwithMaven,BuildwithMaven
112,/home/runner/work/javassist/javassist/target/test-classes/test5/NestHost2$Bar.class,-1,402733,402731,Not provided,BuildwithMaven,BuildwithMaven
113,/home/runner/work/javassist/javassist/target/test-classes/test2/Inner2$Child.class,-1,402721,402719,Not provided,BuildwithMaven,BuildwithMaven
114,/home/runner/work/javassist/javassist/target/test-classes/test5/InnerModifier2.class,-1,402709,402707,Not provided,BuildwithMaven,BuildwithMaven
115,/home/runner/work/javassist/javassist/target/test-classes/test3/PublicInner2$PS.class,-1,402947,402945,Not provided,BuildwithMaven,BuildwithMaven
116,/home/runner/work/javassist/javassist/target/test-classes/test3/NestedClass$1Local.class,-1,402844,402842,Not provided,BuildwithMaven,BuildwithMaven
117,/home/runner/work/javassist/javassist/target/test-classes/test3/NestedClass$1.class,-1,402840,402838,Not provided,BuildwithMaven,BuildwithMaven
118,/home/runner/work/javassist/javassist/target/test-classes/test3/NestedClass$StaticNested.class,-1,402836,402834,Not provided,BuildwithMaven,BuildwithMaven
119,/home/runner/work/javassist/javassist/target/test-classes/test3/NestedClass$Inner.class,-1,402832,402830,Not provided,BuildwithMaven,BuildwithMaven
120,/home/runner/work/javassist/javassist/target/test-classes/javassist/bytecode/CodeAnalyzerTest.class,-1,403449,403447,Not provided,BuildwithMaven,BuildwithMaven
121,/home/runner/work/javassist/javassist/target/test-classes/test4/GetAllRefAnnoC4.class,-1,403433,403431,Not provided,BuildwithMaven,BuildwithMaven
122,/home/runner/work/javassist/javassist/target/test-classes/test4/GetAllRefAnnoC3.class,-1,403429,403427,Not provided,BuildwithMaven,BuildwithMaven
123,/home/runner/work/javassist/javassist/target/test-classes/test4/GetAllRefAnnoC2.class,-1,403425,403423,Not provided,BuildwithMaven,BuildwithMaven
124,/home/runner/work/javassist/javassist/target/test-classes/test4/GetAllRefAnnoC.class,-1,403421,403419,Not provided,BuildwithMaven,BuildwithMaven
125,/home/runner/work/javassist/javassist/target/test-classes/test4/GetAllRefAnno.class,-1,403417,403415,Not provided,BuildwithMaven,BuildwithMaven
126,/home/runner/work/javassist/javassist/target/test-classes/test4/GetAllRefEnum.class,-1,403413,403411,Not provided,BuildwithMaven,BuildwithMaven
127,/home/runner/work/javassist/javassist/target/test-classes/scoped/jar1/TestClass1.class,-1,403499,403497,Not provided,BuildwithMaven,BuildwithMaven
128,/home/runner/work/javassist/javassist/target/test-classes/test4/ImportPac.class,-1,403557,403555,Not provided,BuildwithMaven,BuildwithMaven
129,/home/runner/work/javassist/javassist/target/test-classes/javassist/tools/reflect/ClassMetaobjectTest.class,-1,403553,403551,Not provided,BuildwithMaven,BuildwithMaven
130,/home/runner/work/javassist/javassist/target/test-classes/javassist/tools/reflect/Person.class,-1,403537,403535,Not provided,BuildwithMaven,BuildwithMaven
131,/home/runner/work/javassist/javassist/target/test-classes/test4/JIRA181$B.class,-1,403515,403513,Not provided,BuildwithMaven,BuildwithMaven
132,/home/runner/work/javassist/javassist/target/test-classes/test4/JIRA181$ICondition.class,-1,403511,403509,Not provided,BuildwithMaven,BuildwithMaven
133,/home/runner/work/javassist/javassist/target/test-classes/annotation/Tag.class,-1,403389,403387,Not provided,BuildwithMaven,BuildwithMaven
134,/home/runner/work/javassist/javassist/target/test-classes/test3/PackName2.class,-1,403267,403265,Not provided,BuildwithMaven,BuildwithMaven
135,/home/runner/work/javassist/javassist/target/test-classes/test5/JIRA242.class,-1,403259,403257,Not provided,BuildwithMaven,BuildwithMaven
136,/home/runner/work/javassist/javassist/target/test-classes/test5/RemoveAnno1.class,-1,403279,403277,Not provided,BuildwithMaven,BuildwithMaven
137,/home/runner/work/javassist/javassist/target/test-classes/annotation/EnumTest.class,-1,403385,403383,Not provided,BuildwithMaven,BuildwithMaven
138,/home/runner/work/javassist/javassist/target/test-classes/test5/RemoveAnno2.class,-1,403283,403281,Not provided,BuildwithMaven,BuildwithMaven
139,/home/runner/work/javassist/javassist/tutorial/tutorial3.html,-1,2752,2750,Not provided,uses-checkout,uses-checkout
140,/home/runner/work/javassist/javassist/target/runtest/reflected/javassist/tools/reflect/SuperClass.class,-1,441848,441846,Not provided,BuildwithMaven,BuildwithMaven
141,/home/runner/work/javassist/javassist/src/test/Readme.txt,-1,1456,1454,Not provided,uses-checkout,uses-checkout
142,/home/runner/work/javassist/javassist/sample/vector/VectorAssistant.java,-1,1440,1438,Not provided,uses-checkout,uses-checkout
143,/home/runner/work/javassist/javassist/sample/vector/Test.j,-1,1436,1434,Not provided,uses-checkout,uses-checkout
144,/home/runner/work/javassist/javassist/sample/vector/Sample2.java,-1,1432,1430,Not provided,uses-checkout,uses-checkout
145,/home/runner/work/javassist/javassist/sample/rmi/webdemo.html,-1,1423,1421,Not provided,uses-checkout,uses-checkout
146,/home/runner/work/javassist/javassist/sample/rmi/start.html,-1,1419,1417,Not provided,uses-checkout,uses-checkout
147,/home/runner/work/javassist/javassist/sample/rmi/inside.gif,-1,1415,1413,Not provided,uses-checkout,uses-checkout
148,/home/runner/work/javassist/javassist/sample/rmi/Counter.java,-1,1411,1409,Not provided,uses-checkout,uses-checkout
149,/home/runner/work/javassist/javassist/sample/rmi/CountApplet.java,-1,1407,1405,Not provided,uses-checkout,uses-checkout
150,/home/runner/work/javassist/javassist/target/runtest/testproxy/BridgeMethod_$$_jvst489_7.class,-1,441954,441952,Not provided,BuildwithMaven,BuildwithMaven
151,/home/runner/work/javassist/javassist/sample/reflect/VerboseMetaobj.java,-1,1397,1395,Not provided,uses-checkout,uses-checkout
152,/home/runner/work/javassist/javassist/sample/reflect/Person.java,-1,1393,1391,Not provided,uses-checkout,uses-checkout
153,/home/runner/work/javassist/javassist/target/runtest/javassist/bytecode/StackMapTest$T8d.class,-1,441758,441756,Not provided,BuildwithMaven,BuildwithMaven
154,/home/runner/work/javassist/javassist/src/test/javassist/bytecode/Gap0Example.class,-1,1547,1545,Not provided,uses-checkout,uses-checkout
155,/home/runner/work/javassist/javassist/target/runtest/javassist/bytecode/Gap0Example.class,-1,441797,441795,Not provided,BuildwithMaven,BuildwithMaven
156,/home/runner/work/javassist/javassist/target/runtest/javassist/bytecode/Gap0Example2.class,-1,441804,441802,Not provided,BuildwithMaven,BuildwithMaven
157,/home/runner/work/javassist/javassist/sample/preproc/package.html,-1,1383,1381,Not provided,uses-checkout,uses-checkout
158,/home/runner/work/javassist/javassist/sample/preproc/Compiler.java,-1,1379,1377,Not provided,uses-checkout,uses-checkout
159,/home/runner/work/javassist/javassist/target/runtest/testproxy/Target_$$_jvst489_11.class,-1,442109,442107,Not provided,BuildwithMaven,BuildwithMaven
160,/home/runner/work/javassist/javassist/target/runtest/proxy/test/javassist/proxy/ProxySimpleTest$Default3_$$_jvst489_273d.class,-1,442574,442572,Not provided,BuildwithMaven,BuildwithMaven
161,/home/runner/work/javassist/javassist/target/runtest/proxy/test/javassist/proxy/ProxySimpleTest$Foo_$$_jvst489_2733.class,-1,442388,442386,Not provided,BuildwithMaven,BuildwithMaven
162,/home/runner/work/javassist/javassist/.github/workflows/maven.yml,-1,1198,1196,Not provided,uses-checkout,uses-checkout
163,/home/runner/work/javassist/javassist/.gitignore,-1,1206,1204,Not provided,uses-checkout,uses-checkout
164,/home/runner/work/javassist/javassist/Changes.md,-1,1210,1208,Not provided,uses-checkout,uses-checkout
165,/home/runner/work/javassist/javassist/sample/hotswap/Test.java,-1,1363,1361,Not provided,uses-checkout,uses-checkout
166,/home/runner/work/javassist/javassist/sample/evolve/update.html,-1,1354,1352,Not provided,uses-checkout,uses-checkout
167,/home/runner/work/javassist/javassist/sample/evolve/start.html,-1,1350,1347,Not provided,uses-checkout,uses-checkout
168,/home/runner/work/javassist/javassist/sample/evolve/demo.html,-1,1342,1340,Not provided,uses-checkout,uses-checkout
169,/home/runner/work/javassist/javassist/sample/evolve/WebPage.java,-1,1338,1336,Not provided,uses-checkout,uses-checkout
170,/home/runner/work/javassist/javassist/sample/evolve/VersionManager.java,-1,1334,1332,Not provided,uses-checkout,uses-checkout
171,/home/runner/work/javassist/javassist/sample/evolve/Sample.java,-1,1330,1328,Not provided,uses-checkout,uses-checkout
172,/home/runner/work/javassist/javassist/sample/evolve/Evolution.java,-1,1326,1324,Not provided,uses-checkout,uses-checkout
173,/home/runner/work/javassist/javassist/sample/evolve/DemoServer.java,-1,1322,1320,Not provided,uses-checkout,uses-checkout
174,/home/runner/work/javassist/javassist/sample/evolve/DemoLoader.java,-1,1318,1316,Not provided,uses-checkout,uses-checkout
175,/home/runner/work/javassist/javassist/sample/evolve/CannotUpdateException.java,-1,1314,1312,Not provided,uses-checkout,uses-checkout
176,/home/runner/work/javassist/javassist/target/runtest/proxy/test/javassist/proxy/ProxySimpleTest$PubProxy_$$_jvst489_2734.class,-1,442400,442398,Not provided,BuildwithMaven,BuildwithMaven
177,/home/runner/work/javassist/javassist/sample/duplicate/Viewer.java,-1,1304,1302,Not provided,uses-checkout,uses-checkout
178,/home/runner/work/javassist/javassist/sample/duplicate/Main.java,-1,1300,1298,Not provided,uses-checkout,uses-checkout
179,/home/runner/work/javassist/javassist/sample/duplicate/DuplicatedObject.java,-1,1296,1294,Not provided,uses-checkout,uses-checkout
180,/home/runner/work/javassist/javassist/target/runtest/proxy/test/javassist/proxy/ProxySimpleTest$Default2_$$_jvst489_273b.class,-1,442539,442537,Not provided,BuildwithMaven,BuildwithMaven
181,/home/runner/work/javassist/javassist/target/runtest/proxy/javassist/util/proxy/test_javassist_proxy_ProxySimpleTest$PubProxy2_$$_jvst489_273c.class,-1,442563,442561,Not provided,BuildwithMaven,BuildwithMaven
182,/home/runner/work/javassist/javassist/build.xml,-1,1227,1225,Not provided,uses-checkout,uses-checkout
183,/home/runner/work/javassist/javassist/README.md,-1,1223,1221,Not provided,uses-checkout,uses-checkout
184,/home/runner/work/javassist/javassist/Examples.md,-1,1214,1212,Not provided,uses-checkout,uses-checkout
185,/home/runner/work/javassist/javassist/target/test-classes/Readme.txt,-1,398715,398712,Not provided,BuildwithMaven,BuildwithMaven
186,/home/runner/work/javassist/javassist/target/runtest/test1/LocalVars2.class,-1,441273,441271,Not provided,BuildwithMaven,BuildwithMaven
187,/home/runner/work/javassist/javassist/target/test-classes/test3/NewExprTryCatch2.class,-1,400886,400884,Not provided,BuildwithMaven,BuildwithMaven
188,/home/runner/work/javassist/javassist/target/runtest/javassist/bytecode/StackMapTest$C6.class,-1,441507,441505,Not provided,BuildwithMaven,BuildwithMaven
189,/home/runner/work/javassist/javassist/target/surefire-reports/javassist.JvstTest.txt,-1,442715,-1,Not provided,BuildwithMaven,Not provided
190,/home/runner/work/javassist/javassist/sample/rmi/AlertDialog.java,-1,1403,-1,Not provided,uses-checkout,Not provided
191,/home/runner/work/javassist/javassist/sample/reflect/Main.java,-1,1389,-1,Not provided,uses-checkout,Not provided
192,/home/runner/work/javassist/javassist/sample/preproc/Assistant.java,-1,1375,-1,Not provided,uses-checkout,Not provided
193,/home/runner/work/javassist/javassist/sample/hotswap/logging/HelloWorld.java,-1,1369,-1,Not provided,uses-checkout,Not provided
194,/home/runner/work/javassist/javassist/sample/evolve/CannotCreateException.java,-1,1310,-1,Not provided,uses-checkout,Not provided
195,/home/runner/work/javassist/javassist/sample/duplicate/Ball.java,-1,1292,-1,Not provided,uses-checkout,Not provided
196,/home/runner/work/javassist/javassist/sample/Test.java,-1,1286,-1,Not provided,uses-checkout,Not provided
197,/home/runner/work/javassist/javassist/target/test-classes/testproxy/sub/TargetSuper.class,-1,403467,-1,Not provided,BuildwithMaven,Not provided
198,/home/runner/work/javassist/javassist/target/test-classes/annotation/Id.class,-1,403381,-1,Not provided,BuildwithMaven,Not provided
199,/home/runner/work/javassist/javassist/target/test-classes/scoped/jar1/ScopedAnnotationDefaultUsage.class,-1,401309,-1,Not provided,BuildwithMaven,Not provided
200,/home/runner/work/javassist/javassist/target/test-classes/test/javassist/convert/InstrumentationTarget$Itr.class,-1,401227,-1,Not provided,BuildwithMaven,Not provided
201,/home/runner/work/javassist/javassist/target/test-classes/javassist/compiler/ParseTest.class,-1,401102,-1,Not provided,BuildwithMaven,Not provided
202,/home/runner/work/javassist/javassist/target/test-classes/test1/RenameClass2.class,-1,400916,-1,Not provided,BuildwithMaven,Not provided
203,/home/runner/work/javassist/javassist/target/test-classes/test/javassist/bytecode/analysis/ScannerTest.class,-1,400882,-1,Not provided,BuildwithMaven,Not provided
