,file_name,last_access_index,last_modify_index,creation_index,last_access_step,last_modify_step,creation_step
0,/home/runner/work/javassist/javassist/target/javassist-3.29.2-GA.jar,-1,1054639,1035222,Not provided,BuildwithMaven,BuildwithMaven
1,/home/runner/work/javassist/javassist/target/javassist-3.29.2-GA-sources.jar,-1,1060830,1055720,Not provided,BuildwithMaven,BuildwithMaven
2,/home/runner/work/javassist/javassist/target/classes/META-INF/MANIFEST.MF,454263,1055558,-1,BuildwithMaven,BuildwithMaven,Not provided
3,/home/runner/work/javassist/javassist/target/runtest/test1/AnnoTest.class,-1,452156,452021,Not provided,BuildwithMaven,BuildwithMaven
4,/home/runner/work/javassist/javassist/target/runtest/test-hibernate.class,-1,452451,452353,Not provided,BuildwithMaven,BuildwithMaven
5,/home/runner/work/javassist/javassist/target/runtest/TooManyConstPoolItems.class,-1,451649,451603,Not provided,BuildwithMaven,BuildwithMaven
6,/home/runner/work/javassist/javassist/target/surefire-reports/TEST-javassist.JvstTest.xml,-1,453613,453606,Not provided,BuildwithMaven,BuildwithMaven
7,/home/runner/work/javassist/javassist/target/runtest/test3/JIRA63.class,-1,399997,399988,Not provided,BuildwithMaven,BuildwithMaven
8,/home/runner/work/javassist/javassist/tutorial/tutorial2.html,-1,3759,3755,Not provided,uses-checkout,uses-checkout
9,/home/runner/work/javassist/javassist/tutorial/tutorial.html,-1,3753,3749,Not provided,uses-checkout,uses-checkout
10,/home/runner/work/javassist/javassist/target/runtest/test3/Clazz67.class,-1,399798,399794,Not provided,BuildwithMaven,BuildwithMaven
11,/home/runner/work/javassist/javassist/target/maven-status/maven-compiler-plugin/compile/default-compile/createdFiles.lst,-1,6999,6995,Not provided,BuildwithMaven,BuildwithMaven
12,/home/runner/work/javassist/javassist/target/maven-status/maven-compiler-plugin/compile/default-compile/inputFiles.lst,-1,7005,7001,Not provided,BuildwithMaven,BuildwithMaven
13,/home/runner/work/javassist/javassist/target/maven-status/maven-compiler-plugin/testCompile/default-testCompile/createdFiles.lst,-1,396534,396530,Not provided,BuildwithMaven,BuildwithMaven
14,/home/runner/work/javassist/javassist/target/maven-status/maven-compiler-plugin/testCompile/default-testCompile/inputFiles.lst,-1,396540,396536,Not provided,BuildwithMaven,BuildwithMaven
15,/home/runner/work/javassist/javassist/License.html,-1,1197,1194,Not provided,uses-checkout,uses-checkout
16,/home/runner/work/javassist/javassist/target/test-classes/scoped/jar1/ScopedTestAnnotation.class,-1,394494,394492,Not provided,BuildwithMaven,BuildwithMaven
17,/home/runner/work/javassist/javassist/target/test-classes/test3/InnerClass.class,-1,394490,394488,Not provided,BuildwithMaven,BuildwithMaven
18,/home/runner/work/javassist/javassist/target/test-classes/VisibleTop2.class,-1,394410,394408,Not provided,BuildwithMaven,BuildwithMaven
19,/home/runner/work/javassist/javassist/target/test-classes/javassist/bytecode/StackMapTest$T8dd.class,-1,394216,394214,Not provided,BuildwithMaven,BuildwithMaven
20,/home/runner/work/javassist/javassist/target/test-classes/javassist/bytecode/StackMapTest$I8d.class,-1,394212,394210,Not provided,BuildwithMaven,BuildwithMaven
21,/home/runner/work/javassist/javassist/target/test-classes/test1/GetThrow2.class,-1,394370,394368,Not provided,BuildwithMaven,BuildwithMaven
22,/home/runner/work/javassist/javassist/target/test-classes/test1/GetThrow1.class,-1,394366,394364,Not provided,BuildwithMaven,BuildwithMaven
23,/home/runner/work/javassist/javassist/target/test-classes/test/javassist/bytecode/analysis/AnalyzerTest$Dummy$A3.class,-1,394346,394344,Not provided,BuildwithMaven,BuildwithMaven
24,/home/runner/work/javassist/javassist/target/test-classes/test/javassist/bytecode/analysis/AnalyzerTest$Dummy$A2.class,-1,394342,394340,Not provided,BuildwithMaven,BuildwithMaven
25,/home/runner/work/javassist/javassist/target/test-classes/test3/NewClass2.class,-1,394318,394316,Not provided,BuildwithMaven,BuildwithMaven
26,/home/runner/work/javassist/javassist/target/test-classes/test/javassist/bytecode/analysis/ErrorFinder.class,-1,394276,394274,Not provided,BuildwithMaven,BuildwithMaven
27,/home/runner/work/javassist/javassist/target/test-classes/test4/GetAllRefInnerTest$2.class,-1,394860,394858,Not provided,BuildwithMaven,BuildwithMaven
28,/home/runner/work/javassist/javassist/target/test-classes/test4/GetAllRefInnerTest$1.class,-1,394856,394854,Not provided,BuildwithMaven,BuildwithMaven
29,/home/runner/work/javassist/javassist/target/test-classes/test4/GetAllRefInnerTest2.class,-1,394852,394850,Not provided,BuildwithMaven,BuildwithMaven
30,/home/runner/work/javassist/javassist/target/test-classes/test4/GetAllRefInnerTest2$1.class,-1,394848,394846,Not provided,BuildwithMaven,BuildwithMaven
31,/home/runner/work/javassist/javassist/target/test-classes/javassist/ClassPoolBench.class,-1,394990,394988,Not provided,BuildwithMaven,BuildwithMaven
32,/home/runner/work/javassist/javassist/target/test-classes/scoped/UnscopedAnnotationUsage.class,-1,394950,394948,Not provided,BuildwithMaven,BuildwithMaven
33,/home/runner/work/javassist/javassist/target/test-classes/scoped/jar1/FullyScopedAnnotationDefaultUsage.class,-1,394946,394944,Not provided,BuildwithMaven,BuildwithMaven
34,/home/runner/work/javassist/javassist/target/test-classes/test3/Visible2.class,-1,394639,394637,Not provided,BuildwithMaven,BuildwithMaven
35,/home/runner/work/javassist/javassist/target/test-classes/test1/BenchProceedNew3.class,-1,394675,394673,Not provided,BuildwithMaven,BuildwithMaven
36,/home/runner/work/javassist/javassist/target/test-classes/test1/BenchProceedNew2.class,-1,394671,394669,Not provided,BuildwithMaven,BuildwithMaven
37,/home/runner/work/javassist/javassist/target/test-classes/test1/BenchProceedNew.class,-1,394679,394677,Not provided,BuildwithMaven,BuildwithMaven
38,/home/runner/work/javassist/javassist/target/test-classes/test5/JIRA246.class,-1,394790,394788,Not provided,BuildwithMaven,BuildwithMaven
39,/home/runner/work/javassist/javassist/target/test-classes/javassist/compiler/CodeTest.class,-1,394683,394681,Not provided,BuildwithMaven,BuildwithMaven
40,/home/runner/work/javassist/javassist/target/test-classes/scoped/UnscopedAnnotationDefaultUsage.class,-1,394707,394705,Not provided,BuildwithMaven,BuildwithMaven
41,/home/runner/work/javassist/javassist/target/test-classes/Readme.txt,-1,391236,391233,Not provided,BuildwithMaven,BuildwithMaven
42,/home/runner/work/javassist/javassist/target/test-classes/test1/RenameClass2.class,-1,393461,393459,Not provided,BuildwithMaven,BuildwithMaven
43,/home/runner/work/javassist/javassist/target/test-classes/test3/NewExprTryCatch2.class,-1,393429,393427,Not provided,BuildwithMaven,BuildwithMaven
44,/home/runner/work/javassist/javassist/target/test-classes/test/javassist/bytecode/analysis/ScannerTest.class,-1,393425,393423,Not provided,BuildwithMaven,BuildwithMaven
45,/home/runner/work/javassist/javassist/target/test-classes/test/javassist/bytecode/analysis/DomTreePrinter.class,-1,393914,393912,Not provided,BuildwithMaven,BuildwithMaven
46,/home/runner/work/javassist/javassist/target/test-classes/scoped/TestAnnotation.class,-1,393874,393872,Not provided,BuildwithMaven,BuildwithMaven
47,/home/runner/work/javassist/javassist/target/test-classes/javassist/JvstTest4$Inner1.class,-1,394056,394054,Not provided,BuildwithMaven,BuildwithMaven
48,/home/runner/work/javassist/javassist/target/test-classes/test5/InnerClassRemove$C.class,-1,393970,393968,Not provided,BuildwithMaven,BuildwithMaven
49,/home/runner/work/javassist/javassist/target/test-classes/test5/InnerClassRemove$B.class,-1,393966,393964,Not provided,BuildwithMaven,BuildwithMaven
50,/home/runner/work/javassist/javassist/target/test-classes/test5/InnerClassRemove$A.class,-1,393962,393960,Not provided,BuildwithMaven,BuildwithMaven
51,/home/runner/work/javassist/javassist/target/test-classes/test3/Enhancer.class,-1,393700,393698,Not provided,BuildwithMaven,BuildwithMaven
52,/home/runner/work/javassist/javassist/target/test-classes/test3/Enhancer$1.class,-1,393692,393690,Not provided,BuildwithMaven,BuildwithMaven
53,/home/runner/work/javassist/javassist/target/test-classes/test3/EnhanceTest.class,-1,393685,393683,Not provided,BuildwithMaven,BuildwithMaven
54,/home/runner/work/javassist/javassist/target/test-classes/javassist/compiler/ParseTest.class,-1,393661,393659,Not provided,BuildwithMaven,BuildwithMaven
55,/home/runner/work/javassist/javassist/target/test-classes/testproxy/Target127.class,-1,393587,393585,Not provided,BuildwithMaven,BuildwithMaven
56,/home/runner/work/javassist/javassist/target/test-classes/testproxy/Target127$RealSub.class,-1,393583,393581,Not provided,BuildwithMaven,BuildwithMaven
57,/home/runner/work/javassist/javassist/target/test-classes/test3/Enhancer$Interceptor.class,-1,393696,393694,Not provided,BuildwithMaven,BuildwithMaven
58,/home/runner/work/javassist/javassist/target/test-classes/test2/ReplaceClassName3.class,-1,393800,393798,Not provided,BuildwithMaven,BuildwithMaven
59,/home/runner/work/javassist/javassist/target/test-classes/test2/ReplaceClassName2.class,-1,393796,393794,Not provided,BuildwithMaven,BuildwithMaven
60,/home/runner/work/javassist/javassist/target/test-classes/test/javassist/convert/InstrumentationTarget$Itr.class,-1,393788,393786,Not provided,BuildwithMaven,BuildwithMaven
61,/home/runner/work/javassist/javassist/target/test-classes/test2/Nested$Inner2.class,-1,393760,393758,Not provided,BuildwithMaven,BuildwithMaven
62,/home/runner/work/javassist/javassist/target/test-classes/testproxy/Target189.class,-1,393752,393750,Not provided,BuildwithMaven,BuildwithMaven
63,/home/runner/work/javassist/javassist/target/test-classes/test1/BenchProceed.class,-1,393724,393722,Not provided,BuildwithMaven,BuildwithMaven
64,/home/runner/work/javassist/javassist/target/test-classes/test1/BenchProceed2.class,-1,393720,393718,Not provided,BuildwithMaven,BuildwithMaven
65,/home/runner/work/javassist/javassist/target/test-classes/test1/BenchStaticMethod.class,-1,393716,393714,Not provided,BuildwithMaven,BuildwithMaven
66,/home/runner/work/javassist/javassist/target/runtest/test1/MySerializableClass.class,-1,398188,398186,Not provided,BuildwithMaven,BuildwithMaven
67,/home/runner/work/javassist/javassist/target/test-classes/javassist/compiler/LexTest.class,-1,396328,396326,Not provided,BuildwithMaven,BuildwithMaven
68,/home/runner/work/javassist/javassist/target/test-classes/scoped/jar1/ScopedAnnotationUsage.class,-1,396324,396322,Not provided,BuildwithMaven,BuildwithMaven
69,/home/runner/work/javassist/javassist/target/runtest/test1/SetName3.class,-1,398814,398812,Not provided,BuildwithMaven,BuildwithMaven
70,/home/runner/work/javassist/javassist/target/runtest/test1/SetName2.class,-1,398810,398808,Not provided,BuildwithMaven,BuildwithMaven
71,/home/runner/work/javassist/javassist/target/runtest/test1/Freeze.class,-1,398761,398759,Not provided,BuildwithMaven,BuildwithMaven
72,/home/runner/work/javassist/javassist/target/runtest/test1/NewInterface2.class,-1,398716,398714,Not provided,BuildwithMaven,BuildwithMaven
73,/home/runner/work/javassist/javassist/target/runtest/test1/NewInterface.class,-1,398712,398710,Not provided,BuildwithMaven,BuildwithMaven
74,/home/runner/work/javassist/javassist/target/test-classes/test1/Point.class,-1,396304,396302,Not provided,BuildwithMaven,BuildwithMaven
75,/home/runner/work/javassist/javassist/target/test-classes/test4/ImportPac.class,-1,396118,396116,Not provided,BuildwithMaven,BuildwithMaven
76,/home/runner/work/javassist/javassist/target/test-classes/javassist/tools/reflect/ClassMetaobjectTest.class,-1,396114,396112,Not provided,BuildwithMaven,BuildwithMaven
77,/home/runner/work/javassist/javassist/target/test-classes/javassist/tools/reflect/Person.class,-1,396098,396096,Not provided,BuildwithMaven,BuildwithMaven
78,/home/runner/work/javassist/javassist/target/test-classes/test4/JIRA181$B.class,-1,396076,396074,Not provided,BuildwithMaven,BuildwithMaven
79,/home/runner/work/javassist/javassist/target/test-classes/test5/NestHost$Bar.class,-1,396192,396190,Not provided,BuildwithMaven,BuildwithMaven
80,/home/runner/work/javassist/javassist/target/test-classes/javassist/HotswapTest$Foo.class,-1,396288,396286,Not provided,BuildwithMaven,BuildwithMaven
81,/home/runner/work/javassist/javassist/target/test-classes/test2/StaticArraysMem.class,-1,396268,396266,Not provided,BuildwithMaven,BuildwithMaven
82,/home/runner/work/javassist/javassist/target/runtest/test4/TestDeadcode.class,-1,400358,400356,Not provided,BuildwithMaven,BuildwithMaven
83,/home/runner/work/javassist/javassist/target/runtest/test4/WrittenFile2sub.class,-1,400293,400291,Not provided,BuildwithMaven,BuildwithMaven
84,/home/runner/work/javassist/javassist/target/runtest/test4/AnnoLoad.class,-1,400220,400218,Not provided,BuildwithMaven,BuildwithMaven
85,/home/runner/work/javassist/javassist/target/runtest/test4/AnnoLoadAnno.class,-1,400213,400211,Not provided,BuildwithMaven,BuildwithMaven
86,/home/runner/work/javassist/javassist/target/runtest/test3/StaticFinalField.class,-1,399926,399924,Not provided,BuildwithMaven,BuildwithMaven
87,/home/runner/work/javassist/javassist/target/runtest/test5/NestHost4$InnerClass1$InnerClass5.class,-1,451517,451515,Not provided,BuildwithMaven,BuildwithMaven
88,/home/runner/work/javassist/javassist/target/runtest/test5/NestHost4$InnerClass1.class,-1,451507,451505,Not provided,BuildwithMaven,BuildwithMaven
89,/home/runner/work/javassist/javassist/target/runtest/test2/MethodCall.class,-1,399192,399190,Not provided,BuildwithMaven,BuildwithMaven
90,/home/runner/work/javassist/javassist/target/runtest/test2/Inner.class,-1,399111,399109,Not provided,BuildwithMaven,BuildwithMaven
91,/home/runner/work/javassist/javassist/target/runtest/test2/Inherit.class,-1,399101,399099,Not provided,BuildwithMaven,BuildwithMaven
92,/home/runner/work/javassist/javassist/target/runtest/test2/NewOp.class,-1,399296,399294,Not provided,BuildwithMaven,BuildwithMaven
93,/home/runner/work/javassist/javassist/target/runtest/test2/NullArgTest.class,-1,399300,399298,Not provided,BuildwithMaven,BuildwithMaven
94,/home/runner/work/javassist/javassist/target/runtest/test3/PublicInner$Inner.class,-1,399598,399596,Not provided,BuildwithMaven,BuildwithMaven
95,/home/runner/work/javassist/javassist/target/runtest/test3/PublicInner.class,-1,399594,399592,Not provided,BuildwithMaven,BuildwithMaven
96,/home/runner/work/javassist/javassist/target/runtest/test2/SuperInterface3.class,-1,399425,399423,Not provided,BuildwithMaven,BuildwithMaven
97,/home/runner/work/javassist/javassist/target/test-classes/test4/JIRA181$ICondition.class,-1,396072,396070,Not provided,BuildwithMaven,BuildwithMaven
98,/home/runner/work/javassist/javassist/target/test-classes/test3/NestedClass$StaticNested.class,-1,395397,395395,Not provided,BuildwithMaven,BuildwithMaven
99,/home/runner/work/javassist/javassist/target/test-classes/test3/NestedClass$Inner.class,-1,395393,395391,Not provided,BuildwithMaven,BuildwithMaven
100,/home/runner/work/javassist/javassist/target/test-classes/scoped/ScopedRepositoryTestCase.class,-1,395357,395355,Not provided,BuildwithMaven,BuildwithMaven
101,/home/runner/work/javassist/javassist/target/test-classes/test4/JIRA220intf.class,-1,395334,395332,Not provided,BuildwithMaven,BuildwithMaven
102,/home/runner/work/javassist/javassist/target/test-classes/test4/NestedClass$S.class,-1,395310,395308,Not provided,BuildwithMaven,BuildwithMaven
103,/home/runner/work/javassist/javassist/target/test-classes/test4/NestedClass$S$S2.class,-1,395306,395304,Not provided,BuildwithMaven,BuildwithMaven
104,/home/runner/work/javassist/javassist/target/test-classes/test4/NestedClass$N.class,-1,395302,395300,Not provided,BuildwithMaven,BuildwithMaven
105,/home/runner/work/javassist/javassist/target/test-classes/test3/NestedClass$1.class,-1,395401,395399,Not provided,BuildwithMaven,BuildwithMaven
106,/home/runner/work/javassist/javassist/target/test-classes/test3/NestedClass$1Local.class,-1,395405,395403,Not provided,BuildwithMaven,BuildwithMaven
107,/home/runner/work/javassist/javassist/target/test-classes/Test.class,-1,395560,395558,Not provided,BuildwithMaven,BuildwithMaven
108,/home/runner/work/javassist/javassist/target/test-classes/InvalidStackMapFrame.class,-1,395556,395554,Not provided,BuildwithMaven,BuildwithMaven
109,/home/runner/work/javassist/javassist/target/test-classes/test4/Signature$Foo.class,-1,395548,395546,Not provided,BuildwithMaven,BuildwithMaven
110,/home/runner/work/javassist/javassist/target/test-classes/test3/PublicInner2$PS.class,-1,395508,395506,Not provided,BuildwithMaven,BuildwithMaven
111,/home/runner/work/javassist/javassist/target/test-classes/test5/NestHost2$Bar.class,-1,395294,395292,Not provided,BuildwithMaven,BuildwithMaven
112,/home/runner/work/javassist/javassist/target/test-classes/test2/Inner2$Child.class,-1,395282,395280,Not provided,BuildwithMaven,BuildwithMaven
113,/home/runner/work/javassist/javassist/target/test-classes/test5/InnerModifier2.class,-1,395270,395268,Not provided,BuildwithMaven,BuildwithMaven
114,/home/runner/work/javassist/javassist/target/test-classes/javassist/Bench.class,-1,395230,395228,Not provided,BuildwithMaven,BuildwithMaven
115,/home/runner/work/javassist/javassist/target/test-classes/javassist/Bench$7.class,-1,395226,395224,Not provided,BuildwithMaven,BuildwithMaven
116,/home/runner/work/javassist/javassist/target/test-classes/javassist/Bench$6.class,-1,395222,395220,Not provided,BuildwithMaven,BuildwithMaven
117,/home/runner/work/javassist/javassist/target/test-classes/javassist/Bench$5.class,-1,395218,395216,Not provided,BuildwithMaven,BuildwithMaven
118,/home/runner/work/javassist/javassist/target/test-classes/javassist/Bench$4.class,-1,395214,395212,Not provided,BuildwithMaven,BuildwithMaven
119,/home/runner/work/javassist/javassist/target/test-classes/javassist/Bench$3.class,-1,395210,395208,Not provided,BuildwithMaven,BuildwithMaven
120,/home/runner/work/javassist/javassist/target/test-classes/javassist/Bench$2.class,-1,395206,395204,Not provided,BuildwithMaven,BuildwithMaven
121,/home/runner/work/javassist/javassist/target/test-classes/javassist/Bench$1.class,-1,395202,395200,Not provided,BuildwithMaven,BuildwithMaven
122,/home/runner/work/javassist/javassist/target/test-classes/scoped/jar1/FullyScopedAnnotationUsage.class,-1,395194,395192,Not provided,BuildwithMaven,BuildwithMaven
123,/home/runner/work/javassist/javassist/target/test-classes/test1/StaticField.class,-1,395186,395184,Not provided,BuildwithMaven,BuildwithMaven
124,/home/runner/work/javassist/javassist/target/test-classes/scoped/jar1/TestClass1.class,-1,396060,396058,Not provided,BuildwithMaven,BuildwithMaven
125,/home/runner/work/javassist/javassist/target/test-classes/test5/RemoveAnno2.class,-1,395844,395842,Not provided,BuildwithMaven,BuildwithMaven
126,/home/runner/work/javassist/javassist/target/test-classes/test5/RemoveAnno1.class,-1,395840,395838,Not provided,BuildwithMaven,BuildwithMaven
127,/home/runner/work/javassist/javassist/target/test-classes/annotation/EnumTest.class,-1,395946,395944,Not provided,BuildwithMaven,BuildwithMaven
128,/home/runner/work/javassist/javassist/target/test-classes/annotation/Tag.class,-1,395950,395948,Not provided,BuildwithMaven,BuildwithMaven
129,/home/runner/work/javassist/javassist/target/test-classes/javassist/bytecode/CodeAnalyzerTest.class,-1,396010,396008,Not provided,BuildwithMaven,BuildwithMaven
130,/home/runner/work/javassist/javassist/target/test-classes/test4/GetAllRefAnnoC4.class,-1,395994,395992,Not provided,BuildwithMaven,BuildwithMaven
131,/home/runner/work/javassist/javassist/target/test-classes/test4/GetAllRefAnnoC3.class,-1,395990,395988,Not provided,BuildwithMaven,BuildwithMaven
132,/home/runner/work/javassist/javassist/target/test-classes/test4/GetAllRefAnnoC2.class,-1,395986,395984,Not provided,BuildwithMaven,BuildwithMaven
133,/home/runner/work/javassist/javassist/target/test-classes/test4/GetAllRefAnnoC.class,-1,395982,395980,Not provided,BuildwithMaven,BuildwithMaven
134,/home/runner/work/javassist/javassist/target/test-classes/test4/GetAllRefAnno.class,-1,395978,395976,Not provided,BuildwithMaven,BuildwithMaven
135,/home/runner/work/javassist/javassist/target/test-classes/test4/GetAllRefEnum.class,-1,395974,395972,Not provided,BuildwithMaven,BuildwithMaven
136,/home/runner/work/javassist/javassist/target/test-classes/test3/PackName2.class,-1,395828,395826,Not provided,BuildwithMaven,BuildwithMaven
137,/home/runner/work/javassist/javassist/target/test-classes/test5/JIRA242.class,-1,395820,395818,Not provided,BuildwithMaven,BuildwithMaven
138,/home/runner/work/javassist/javassist/target/test-classes/javassist/ConcurrentClassDefinitionTest.class,-1,395624,395622,Not provided,BuildwithMaven,BuildwithMaven
139,/home/runner/work/javassist/javassist/target/test-classes/javassist/ConcurrentClassDefinitionTest$Worker.class,-1,395620,395618,Not provided,BuildwithMaven,BuildwithMaven
140,/home/runner/work/javassist/javassist/target/test-classes/Jassist150.class,-1,395608,395606,Not provided,BuildwithMaven,BuildwithMaven
141,/home/runner/work/javassist/javassist/target/test-classes/Jassist150$1.class,-1,395604,395602,Not provided,BuildwithMaven,BuildwithMaven
142,/home/runner/work/javassist/javassist/target/test-classes/test/javassist/proxy/ProxySimpleTest$Default4.class,-1,395712,395710,Not provided,BuildwithMaven,BuildwithMaven
143,/home/runner/work/javassist/javassist/target/runtest/javassist/bytecode/StackMapTest$C6.class,-1,452351,452349,Not provided,BuildwithMaven,BuildwithMaven
144,/home/runner/work/javassist/javassist/src/test/javassist/bytecode/Gap0Example.class,-1,2546,2544,Not provided,uses-checkout,uses-checkout
145,/home/runner/work/javassist/javassist/src/test/Readme.txt,-1,2453,2451,Not provided,uses-checkout,uses-checkout
146,/home/runner/work/javassist/javassist/sample/vector/VectorAssistant.java,-1,1417,1415,Not provided,uses-checkout,uses-checkout
147,/home/runner/work/javassist/javassist/sample/vector/Test.j,-1,1413,1411,Not provided,uses-checkout,uses-checkout
148,/home/runner/work/javassist/javassist/sample/vector/Sample2.java,-1,1409,1407,Not provided,uses-checkout,uses-checkout
149,/home/runner/work/javassist/javassist/target/runtest/testproxy/BridgeMethod_$$_jvst489_7.class,-1,452866,452864,Not provided,BuildwithMaven,BuildwithMaven
150,/home/runner/work/javassist/javassist/sample/rmi/webdemo.html,-1,1399,1397,Not provided,uses-checkout,uses-checkout
151,/home/runner/work/javassist/javassist/target/runtest/testproxy/Target_$$_jvst489_11.class,-1,453021,453019,Not provided,BuildwithMaven,BuildwithMaven
152,/home/runner/work/javassist/javassist/sample/rmi/start.html,-1,1395,1393,Not provided,uses-checkout,uses-checkout
153,/home/runner/work/javassist/javassist/Examples.md,-1,1192,1190,Not provided,uses-checkout,uses-checkout
154,/home/runner/work/javassist/javassist/.gitignore,-1,1184,1182,Not provided,uses-checkout,uses-checkout
155,/home/runner/work/javassist/javassist/.github/workflows/maven.yml,-1,1176,1174,Not provided,uses-checkout,uses-checkout
156,/home/runner/work/javassist/javassist/target/runtest/proxy/test/javassist/proxy/ProxySimpleTest$Default3_$$_jvst489_273d.class,-1,453463,453461,Not provided,BuildwithMaven,BuildwithMaven
157,/home/runner/work/javassist/javassist/Changes.md,-1,1188,1186,Not provided,uses-checkout,uses-checkout
158,/home/runner/work/javassist/javassist/README.md,-1,1201,1199,Not provided,uses-checkout,uses-checkout
159,/home/runner/work/javassist/javassist/sample/rmi/inside.gif,-1,1391,1389,Not provided,uses-checkout,uses-checkout
160,/home/runner/work/javassist/javassist/build.xml,-1,1205,1203,Not provided,uses-checkout,uses-checkout
161,/home/runner/work/javassist/javassist/sample/rmi/Counter.java,-1,1387,1385,Not provided,uses-checkout,uses-checkout
162,/home/runner/work/javassist/javassist/sample/rmi/CountApplet.java,-1,1383,1381,Not provided,uses-checkout,uses-checkout
163,/home/runner/work/javassist/javassist/sample/reflect/VerboseMetaobj.java,-1,1375,1373,Not provided,uses-checkout,uses-checkout
164,/home/runner/work/javassist/javassist/sample/reflect/Person.java,-1,1371,1369,Not provided,uses-checkout,uses-checkout
165,/home/runner/work/javassist/javassist/target/runtest/proxy/test/javassist/proxy/ProxySimpleTest$Foo_$$_jvst489_2733.class,-1,453277,453275,Not provided,BuildwithMaven,BuildwithMaven
166,/home/runner/work/javassist/javassist/sample/preproc/package.html,-1,1361,1359,Not provided,uses-checkout,uses-checkout
167,/home/runner/work/javassist/javassist/sample/preproc/Compiler.java,-1,1357,1355,Not provided,uses-checkout,uses-checkout
168,/home/runner/work/javassist/javassist/target/runtest/proxy/test/javassist/proxy/ProxySimpleTest$PubProxy_$$_jvst489_2734.class,-1,453289,453287,Not provided,BuildwithMaven,BuildwithMaven
169,/home/runner/work/javassist/javassist/sample/hotswap/Test.java,-1,1342,1340,Not provided,uses-checkout,uses-checkout
170,/home/runner/work/javassist/javassist/sample/evolve/update.html,-1,1334,1332,Not provided,uses-checkout,uses-checkout
171,/home/runner/work/javassist/javassist/sample/evolve/start.html,-1,1330,1328,Not provided,uses-checkout,uses-checkout
172,/home/runner/work/javassist/javassist/sample/evolve/demo.html,-1,1322,1320,Not provided,uses-checkout,uses-checkout
173,/home/runner/work/javassist/javassist/sample/evolve/WebPage.java,-1,1318,1316,Not provided,uses-checkout,uses-checkout
174,/home/runner/work/javassist/javassist/sample/evolve/VersionManager.java,-1,1314,1312,Not provided,uses-checkout,uses-checkout
175,/home/runner/work/javassist/javassist/sample/evolve/Sample.java,-1,1310,1308,Not provided,uses-checkout,uses-checkout
176,/home/runner/work/javassist/javassist/sample/evolve/Evolution.java,-1,1306,1304,Not provided,uses-checkout,uses-checkout
177,/home/runner/work/javassist/javassist/sample/evolve/DemoServer.java,-1,1302,1300,Not provided,uses-checkout,uses-checkout
178,/home/runner/work/javassist/javassist/sample/evolve/DemoLoader.java,-1,1298,1296,Not provided,uses-checkout,uses-checkout
179,/home/runner/work/javassist/javassist/sample/evolve/CannotUpdateException.java,-1,1294,1292,Not provided,uses-checkout,uses-checkout
180,/home/runner/work/javassist/javassist/sample/duplicate/Viewer.java,-1,1285,1283,Not provided,uses-checkout,uses-checkout
181,/home/runner/work/javassist/javassist/sample/duplicate/Main.java,-1,1281,1279,Not provided,uses-checkout,uses-checkout
182,/home/runner/work/javassist/javassist/sample/duplicate/DuplicatedObject.java,-1,1277,1275,Not provided,uses-checkout,uses-checkout
183,/home/runner/work/javassist/javassist/target/runtest/proxy/test/javassist/proxy/ProxySimpleTest$Default2_$$_jvst489_273b.class,-1,453428,453426,Not provided,BuildwithMaven,BuildwithMaven
184,/home/runner/work/javassist/javassist/target/runtest/proxy/javassist/util/proxy/test_javassist_proxy_ProxySimpleTest$PubProxy2_$$_jvst489_273c.class,-1,453452,453450,Not provided,BuildwithMaven,BuildwithMaven
185,/home/runner/work/javassist/javassist/target/runtest/javassist/bytecode/Gap0Example2.class,-1,452692,452690,Not provided,BuildwithMaven,BuildwithMaven
186,/home/runner/work/javassist/javassist/target/runtest/reflected/javassist/tools/reflect/SuperClass.class,-1,452751,452749,Not provided,BuildwithMaven,BuildwithMaven
187,/home/runner/work/javassist/javassist/target/runtest/javassist/bytecode/StackMapTest$T8d.class,-1,452646,452644,Not provided,BuildwithMaven,BuildwithMaven
188,/home/runner/work/javassist/javassist/target/runtest/javassist/bytecode/Gap0Example.class,-1,452685,452683,Not provided,BuildwithMaven,BuildwithMaven
189,/home/runner/work/javassist/javassist/target/runtest/test5/InnerModifier$Static.class,-1,451993,451991,Not provided,BuildwithMaven,BuildwithMaven
190,/home/runner/work/javassist/javassist/target/runtest/test5/InnerModifier.class,-1,451997,451995,Not provided,BuildwithMaven,BuildwithMaven
191,/home/runner/work/javassist/javassist/target/runtest/test1/LocalVars2.class,-1,452017,452015,Not provided,BuildwithMaven,BuildwithMaven
192,/home/runner/work/javassist/javassist/tutorial/tutorial3.html,-1,3763,3761,Not provided,uses-checkout,uses-checkout
193,/home/runner/work/javassist/javassist/target/runtest/test5/InnerModifier$NonStatic.class,-1,451986,451984,Not provided,BuildwithMaven,BuildwithMaven
194,/home/runner/work/javassist/javassist/target/surefire-reports/javassist.JvstTest.txt,-1,453604,-1,Not provided,BuildwithMaven,Not provided
195,/home/runner/work/javassist/javassist/sample/vector/Sample.java,-1,1405,-1,Not provided,uses-checkout,Not provided
196,/home/runner/work/javassist/javassist/sample/reflect/Main.java,-1,1367,-1,Not provided,uses-checkout,Not provided
197,/home/runner/work/javassist/javassist/sample/preproc/Assistant.java,-1,1353,-1,Not provided,uses-checkout,Not provided
198,/home/runner/work/javassist/javassist/sample/duplicate/Ball.java,-1,1273,-1,Not provided,uses-checkout,Not provided
199,/home/runner/work/javassist/javassist/sample/Test.java,-1,1267,-1,Not provided,uses-checkout,Not provided
200,/home/runner/work/javassist/javassist/target/test-classes/testproxy/sub/TargetSuper.class,-1,396028,-1,Not provided,BuildwithMaven,Not provided
201,/home/runner/work/javassist/javassist/target/test-classes/annotation/Id.class,-1,395942,-1,Not provided,BuildwithMaven,Not provided
202,/home/runner/work/javassist/javassist/target/test-classes/scoped/jar1/ScopedAnnotationDefaultUsage.class,-1,393870,-1,Not provided,BuildwithMaven,Not provided
