,file_name
0,/home/runner/work/javassist/javassist/target/javassist-3.29.2-GA.jar
1,/home/runner/work/javassist/javassist/target/javassist-3.29.2-GA-sources.jar
3,/home/runner/work/javassist/javassist/target/runtest/test1/AnnoTest.class
4,/home/runner/work/javassist/javassist/target/runtest/test-hibernate.class
5,/home/runner/work/javassist/javassist/target/runtest/TooManyConstPoolItems.class
6,/home/runner/work/javassist/javassist/target/surefire-reports/TEST-javassist.JvstTest.xml
7,/home/runner/work/javassist/javassist/target/maven-status/maven-compiler-plugin/testCompile/default-testCompile/createdFiles.lst
8,/home/runner/work/javassist/javassist/target/maven-status/maven-compiler-plugin/compile/default-compile/inputFiles.lst
9,/home/runner/work/javassist/javassist/target/runtest/test3/JIRA63.class
10,/home/runner/work/javassist/javassist/target/maven-status/maven-compiler-plugin/compile/default-compile/createdFiles.lst
11,/home/runner/work/javassist/javassist/target/maven-status/maven-compiler-plugin/testCompile/default-testCompile/inputFiles.lst
12,/home/runner/work/javassist/javassist/target/runtest/test3/Clazz67.class
13,/home/runner/work/javassist/javassist/target/test-classes/scoped/UnscopedAnnotationDefaultUsage.class
14,/home/runner/work/javassist/javassist/target/test-classes/test5/JIRA246.class
15,/home/runner/work/javassist/javassist/target/test-classes/javassist/compiler/CodeTest.class
16,/home/runner/work/javassist/javassist/target/test-classes/scoped/jar1/ScopedTestAnnotation.class
17,/home/runner/work/javassist/javassist/target/test-classes/test3/InnerClass.class
18,/home/runner/work/javassist/javassist/target/test-classes/test1/BenchProceedNew.class
19,/home/runner/work/javassist/javassist/target/test-classes/test1/BenchProceedNew3.class
20,/home/runner/work/javassist/javassist/target/test-classes/test1/BenchProceedNew2.class
21,/home/runner/work/javassist/javassist/target/test-classes/test3/Visible2.class
22,/home/runner/work/javassist/javassist/target/test-classes/test4/GetAllRefInnerTest2$1.class
23,/home/runner/work/javassist/javassist/target/test-classes/test4/GetAllRefInnerTest2.class
24,/home/runner/work/javassist/javassist/target/test-classes/test5/InnerModifier2.class
25,/home/runner/work/javassist/javassist/target/test-classes/javassist/Bench.class
26,/home/runner/work/javassist/javassist/target/test-classes/test1/StaticField.class
27,/home/runner/work/javassist/javassist/target/test-classes/javassist/Bench$7.class
28,/home/runner/work/javassist/javassist/target/test-classes/javassist/Bench$6.class
29,/home/runner/work/javassist/javassist/target/test-classes/javassist/Bench$5.class
30,/home/runner/work/javassist/javassist/target/test-classes/javassist/Bench$4.class
31,/home/runner/work/javassist/javassist/target/test-classes/javassist/Bench$3.class
32,/home/runner/work/javassist/javassist/target/test-classes/javassist/Bench$2.class
33,/home/runner/work/javassist/javassist/target/test-classes/javassist/Bench$1.class
34,/home/runner/work/javassist/javassist/target/test-classes/scoped/jar1/FullyScopedAnnotationUsage.class
35,/home/runner/work/javassist/javassist/target/test-classes/scoped/jar1/FullyScopedAnnotationDefaultUsage.class
36,/home/runner/work/javassist/javassist/target/test-classes/scoped/UnscopedAnnotationUsage.class
37,/home/runner/work/javassist/javassist/target/test-classes/test4/GetAllRefInnerTest$2.class
38,/home/runner/work/javassist/javassist/target/test-classes/test4/GetAllRefInnerTest$1.class
39,/home/runner/work/javassist/javassist/target/test-classes/javassist/ClassPoolBench.class
40,/home/runner/work/javassist/javassist/target/test-classes/test1/GetThrow2.class
41,/home/runner/work/javassist/javassist/target/test-classes/scoped/TestAnnotation.class
42,/home/runner/work/javassist/javassist/target/test-classes/test2/ReplaceClassName3.class
43,/home/runner/work/javassist/javassist/target/test-classes/test2/ReplaceClassName2.class
44,/home/runner/work/javassist/javassist/target/test-classes/test/javassist/bytecode/analysis/DomTreePrinter.class
45,/home/runner/work/javassist/javassist/target/test-classes/test2/Nested$Inner2.class
46,/home/runner/work/javassist/javassist/target/test-classes/testproxy/Target127.class
47,/home/runner/work/javassist/javassist/target/test-classes/testproxy/Target127$RealSub.class
48,/home/runner/work/javassist/javassist/target/runtest/test5/InnerModifier$Static.class
49,/home/runner/work/javassist/javassist/target/runtest/test5/InnerModifier$NonStatic.class
50,/home/runner/work/javassist/javassist/target/test-classes/testproxy/Target189.class
51,/home/runner/work/javassist/javassist/target/test-classes/test1/BenchProceed.class
52,/home/runner/work/javassist/javassist/target/test-classes/test1/BenchProceed2.class
53,/home/runner/work/javassist/javassist/target/test-classes/test1/BenchStaticMethod.class
54,/home/runner/work/javassist/javassist/target/test-classes/test3/Enhancer.class
55,/home/runner/work/javassist/javassist/target/test-classes/test3/Enhancer$Interceptor.class
56,/home/runner/work/javassist/javassist/target/test-classes/test3/Enhancer$1.class
57,/home/runner/work/javassist/javassist/target/test-classes/test3/EnhanceTest.class
58,/home/runner/work/javassist/javassist/target/test-classes/test5/InnerClassRemove$A.class
59,/home/runner/work/javassist/javassist/target/test-classes/test5/InnerClassRemove$B.class
60,/home/runner/work/javassist/javassist/target/test-classes/test5/InnerClassRemove$C.class
61,/home/runner/work/javassist/javassist/target/test-classes/test/javassist/bytecode/analysis/AnalyzerTest$Dummy$A3.class
62,/home/runner/work/javassist/javassist/target/test-classes/test3/NewClass2.class
63,/home/runner/work/javassist/javassist/target/test-classes/test/javassist/bytecode/analysis/ErrorFinder.class
64,/home/runner/work/javassist/javassist/target/test-classes/test/javassist/bytecode/analysis/AnalyzerTest$Dummy$A2.class
65,/home/runner/work/javassist/javassist/target/test-classes/VisibleTop2.class
66,/home/runner/work/javassist/javassist/target/test-classes/test2/Inner2$Child.class
67,/home/runner/work/javassist/javassist/target/test-classes/test1/GetThrow1.class
68,/home/runner/work/javassist/javassist/target/test-classes/javassist/JvstTest4$Inner1.class
69,/home/runner/work/javassist/javassist/target/test-classes/javassist/bytecode/StackMapTest$T8dd.class
70,/home/runner/work/javassist/javassist/target/test-classes/javassist/bytecode/StackMapTest$I8d.class
71,/home/runner/work/javassist/javassist/target/runtest/test1/NewInterface2.class
72,/home/runner/work/javassist/javassist/target/runtest/test1/NewInterface.class
73,/home/runner/work/javassist/javassist/target/runtest/test2/Inherit.class
74,/home/runner/work/javassist/javassist/target/runtest/test1/Freeze.class
75,/home/runner/work/javassist/javassist/target/runtest/test1/SetName2.class
76,/home/runner/work/javassist/javassist/target/runtest/test1/SetName3.class
77,/home/runner/work/javassist/javassist/target/test-classes/test2/StaticArraysMem.class
78,/home/runner/work/javassist/javassist/target/test-classes/test5/NestHost$Bar.class
79,/home/runner/work/javassist/javassist/target/test-classes/javassist/HotswapTest$Foo.class
80,/home/runner/work/javassist/javassist/target/runtest/test1/MySerializableClass.class
81,/home/runner/work/javassist/javassist/target/test-classes/javassist/compiler/LexTest.class
82,/home/runner/work/javassist/javassist/target/test-classes/scoped/jar1/ScopedAnnotationUsage.class
83,/home/runner/work/javassist/javassist/target/test-classes/test1/Point.class
84,/home/runner/work/javassist/javassist/target/runtest/test2/Inner.class
85,/home/runner/work/javassist/javassist/target/runtest/test4/TestDeadcode.class
86,/home/runner/work/javassist/javassist/target/runtest/test4/WrittenFile2sub.class
87,/home/runner/work/javassist/javassist/target/runtest/test4/AnnoLoad.class
88,/home/runner/work/javassist/javassist/target/runtest/test4/AnnoLoadAnno.class
89,/home/runner/work/javassist/javassist/target/runtest/test5/NestHost4$InnerClass1$InnerClass5.class
90,/home/runner/work/javassist/javassist/target/runtest/test2/SuperInterface3.class
91,/home/runner/work/javassist/javassist/target/runtest/test2/NullArgTest.class
92,/home/runner/work/javassist/javassist/target/runtest/test2/NewOp.class
93,/home/runner/work/javassist/javassist/target/runtest/test2/MethodCall.class
94,/home/runner/work/javassist/javassist/target/runtest/test3/StaticFinalField.class
95,/home/runner/work/javassist/javassist/target/runtest/test3/PublicInner$Inner.class
96,/home/runner/work/javassist/javassist/target/runtest/test3/PublicInner.class
97,/home/runner/work/javassist/javassist/target/test-classes/javassist/ConcurrentClassDefinitionTest.class
98,/home/runner/work/javassist/javassist/target/test-classes/javassist/ConcurrentClassDefinitionTest$Worker.class
99,/home/runner/work/javassist/javassist/target/test-classes/Jassist150.class
100,/home/runner/work/javassist/javassist/target/test-classes/Jassist150$1.class
101,/home/runner/work/javassist/javassist/target/test-classes/test/javassist/proxy/ProxySimpleTest$Default4.class
102,/home/runner/work/javassist/javassist/target/test-classes/scoped/ScopedRepositoryTestCase.class
103,/home/runner/work/javassist/javassist/target/test-classes/test4/JIRA220intf.class
104,/home/runner/work/javassist/javassist/target/test-classes/test4/NestedClass$S.class
105,/home/runner/work/javassist/javassist/target/test-classes/test4/NestedClass$S$S2.class
106,/home/runner/work/javassist/javassist/target/test-classes/test4/NestedClass$N.class
107,/home/runner/work/javassist/javassist/target/test-classes/test5/NestHost2$Bar.class
108,/home/runner/work/javassist/javassist/target/test-classes/test4/Signature$Foo.class
109,/home/runner/work/javassist/javassist/target/test-classes/test3/NestedClass$Inner.class
110,/home/runner/work/javassist/javassist/target/test-classes/Test.class
111,/home/runner/work/javassist/javassist/target/test-classes/InvalidStackMapFrame.class
112,/home/runner/work/javassist/javassist/target/test-classes/test3/PublicInner2$PS.class
113,/home/runner/work/javassist/javassist/target/test-classes/test3/NestedClass$1Local.class
114,/home/runner/work/javassist/javassist/target/test-classes/test3/NestedClass$1.class
115,/home/runner/work/javassist/javassist/target/test-classes/test3/NestedClass$StaticNested.class
116,/home/runner/work/javassist/javassist/target/test-classes/test4/JIRA181$ICondition.class
117,/home/runner/work/javassist/javassist/target/test-classes/scoped/jar1/TestClass1.class
118,/home/runner/work/javassist/javassist/target/test-classes/testproxy/sub/TargetSuper.class
119,/home/runner/work/javassist/javassist/target/test-classes/javassist/bytecode/CodeAnalyzerTest.class
120,/home/runner/work/javassist/javassist/target/test-classes/test4/GetAllRefAnnoC4.class
121,/home/runner/work/javassist/javassist/target/test-classes/test4/GetAllRefAnnoC3.class
122,/home/runner/work/javassist/javassist/target/test-classes/test4/JIRA181$B.class
123,/home/runner/work/javassist/javassist/target/test-classes/test4/GetAllRefAnnoC.class
124,/home/runner/work/javassist/javassist/target/test-classes/test4/ImportPac.class
125,/home/runner/work/javassist/javassist/target/test-classes/javassist/tools/reflect/ClassMetaobjectTest.class
126,/home/runner/work/javassist/javassist/target/test-classes/javassist/tools/reflect/Person.class
127,/home/runner/work/javassist/javassist/target/test-classes/test4/GetAllRefAnnoC2.class
128,/home/runner/work/javassist/javassist/target/test-classes/test4/GetAllRefAnno.class
129,/home/runner/work/javassist/javassist/target/test-classes/test5/RemoveAnno2.class
130,/home/runner/work/javassist/javassist/target/test-classes/test5/RemoveAnno1.class
131,/home/runner/work/javassist/javassist/target/test-classes/test3/PackName2.class
132,/home/runner/work/javassist/javassist/target/test-classes/test5/JIRA242.class
133,/home/runner/work/javassist/javassist/target/test-classes/test4/GetAllRefEnum.class
134,/home/runner/work/javassist/javassist/target/test-classes/annotation/Tag.class
135,/home/runner/work/javassist/javassist/target/test-classes/annotation/EnumTest.class
136,/home/runner/work/javassist/javassist/target/test-classes/annotation/Id.class
137,/home/runner/work/javassist/javassist/target/runtest/test5/InnerModifier.class
138,/home/runner/work/javassist/javassist/target/runtest/reflected/javassist/tools/reflect/SuperClass.class
139,/home/runner/work/javassist/javassist/sample/reflect/Person.java
140,/home/runner/work/javassist/javassist/src/test/Readme.txt
141,/home/runner/work/javassist/javassist/sample/vector/VectorAssistant.java
142,/home/runner/work/javassist/javassist/sample/vector/Test.j
143,/home/runner/work/javassist/javassist/sample/vector/Sample2.java
144,/home/runner/work/javassist/javassist/sample/rmi/webdemo.html
145,/home/runner/work/javassist/javassist/sample/rmi/start.html
146,/home/runner/work/javassist/javassist/sample/rmi/inside.gif
147,/home/runner/work/javassist/javassist/sample/rmi/Counter.java
148,/home/runner/work/javassist/javassist/sample/rmi/CountApplet.java
149,/home/runner/work/javassist/javassist/target/runtest/testproxy/Target_$$_jvst6c6_11.class
150,/home/runner/work/javassist/javassist/src/test/javassist/bytecode/Gap0Example.class
151,/home/runner/work/javassist/javassist/target/runtest/javassist/bytecode/Gap0Example2.class
152,/home/runner/work/javassist/javassist/target/runtest/javassist/bytecode/StackMapTest$T8d.class
153,/home/runner/work/javassist/javassist/target/runtest/javassist/bytecode/Gap0Example.class
154,/home/runner/work/javassist/javassist/sample/reflect/VerboseMetaobj.java
155,/home/runner/work/javassist/javassist/sample/preproc/package.html
156,/home/runner/work/javassist/javassist/target/runtest/proxy/test/javassist/proxy/ProxySimpleTest$Default3_$$_jvst6c6_273d.class
157,/home/runner/work/javassist/javassist/sample/preproc/Compiler.java
158,/home/runner/work/javassist/javassist/.github/workflows/maven.yml
159,/home/runner/work/javassist/javassist/.gitignore
160,/home/runner/work/javassist/javassist/Changes.md
161,/home/runner/work/javassist/javassist/target/runtest/proxy/test/javassist/proxy/ProxySimpleTest$PubProxy_$$_jvst6c6_2734.class
162,/home/runner/work/javassist/javassist/sample/hotswap/Test.java
163,/home/runner/work/javassist/javassist/sample/evolve/update.html
164,/home/runner/work/javassist/javassist/sample/evolve/start.html
165,/home/runner/work/javassist/javassist/sample/evolve/demo.html
166,/home/runner/work/javassist/javassist/sample/evolve/WebPage.java
167,/home/runner/work/javassist/javassist/sample/evolve/VersionManager.java
168,/home/runner/work/javassist/javassist/sample/evolve/Sample.java
169,/home/runner/work/javassist/javassist/sample/evolve/Evolution.java
170,/home/runner/work/javassist/javassist/sample/evolve/DemoServer.java
171,/home/runner/work/javassist/javassist/sample/evolve/DemoLoader.java
172,/home/runner/work/javassist/javassist/sample/evolve/CannotUpdateException.java
173,/home/runner/work/javassist/javassist/sample/duplicate/Viewer.java
174,/home/runner/work/javassist/javassist/sample/duplicate/Main.java
175,/home/runner/work/javassist/javassist/sample/duplicate/DuplicatedObject.java
176,/home/runner/work/javassist/javassist/target/runtest/proxy/test/javassist/proxy/ProxySimpleTest$Default2_$$_jvst6c6_273b.class
177,/home/runner/work/javassist/javassist/build.xml
178,/home/runner/work/javassist/javassist/README.md
179,/home/runner/work/javassist/javassist/License.html
180,/home/runner/work/javassist/javassist/Examples.md
181,/home/runner/work/javassist/javassist/target/test-classes/Readme.txt
182,/home/runner/work/javassist/javassist/target/runtest/test1/LocalVars2.class
183,/home/runner/work/javassist/javassist/target/test-classes/test3/NewExprTryCatch2.class
184,/home/runner/work/javassist/javassist/target/runtest/javassist/bytecode/StackMapTest$C6.class
185,/home/runner/work/javassist/javassist/target/runtest/testproxy/BridgeMethod_$$_jvst6c6_7.class
186,/home/runner/work/javassist/javassist/target/runtest/proxy/javassist/util/proxy/test_javassist_proxy_ProxySimpleTest$PubProxy2_$$_jvst6c6_273c.class
187,/home/runner/work/javassist/javassist/target/surefire-reports/javassist.JvstTest.txt
188,/home/runner/work/javassist/javassist/target/runtest/proxy/test/javassist/proxy/ProxySimpleTest$Foo_$$_jvst6c6_2733.class
189,/home/runner/work/javassist/javassist/sample/vector/Sample.java
190,/home/runner/work/javassist/javassist/sample/rmi/AlertDialog.java
191,/home/runner/work/javassist/javassist/sample/reflect/Main.java
192,/home/runner/work/javassist/javassist/sample/preproc/Assistant.java
193,/home/runner/work/javassist/javassist/sample/duplicate/Ball.java
194,/home/runner/work/javassist/javassist/sample/Test.java
195,/home/runner/work/javassist/javassist/target/test-classes/scoped/jar1/ScopedAnnotationDefaultUsage.class
196,/home/runner/work/javassist/javassist/target/test-classes/test/javassist/convert/InstrumentationTarget$Itr.class
197,/home/runner/work/javassist/javassist/target/test-classes/javassist/compiler/ParseTest.class
198,/home/runner/work/javassist/javassist/target/test-classes/test1/RenameClass2.class
199,/home/runner/work/javassist/javassist/target/test-classes/test/javassist/bytecode/analysis/ScannerTest.class
