,file_name
0,/home/runner/work/javassist/javassist/target/javassist-3.29.2-GA.jar
1,/home/runner/work/javassist/javassist/target/javassist-3.29.2-GA-sources.jar
3,/home/runner/work/javassist/javassist/target/runtest/test1/AnnoTest.class
4,/home/runner/work/javassist/javassist/target/runtest/test-hibernate.class
5,/home/runner/work/javassist/javassist/target/runtest/TooManyConstPoolItems.class
6,/home/runner/work/javassist/javassist/target/surefire-reports/TEST-javassist.JvstTest.xml
7,/home/runner/work/javassist/javassist/target/runtest/test3/JIRA63.class
8,/home/runner/work/javassist/javassist/target/maven-status/maven-compiler-plugin/compile/default-compile/inputFiles.lst
9,/home/runner/work/javassist/javassist/tutorial/tutorial2.html
10,/home/runner/work/javassist/javassist/tutorial/tutorial.html
11,/home/runner/work/javassist/javassist/target/runtest/test3/Clazz67.class
12,/home/runner/work/javassist/javassist/target/maven-status/maven-compiler-plugin/compile/default-compile/createdFiles.lst
13,/home/runner/work/javassist/javassist/target/maven-status/maven-compiler-plugin/testCompile/default-testCompile/createdFiles.lst
14,/home/runner/work/javassist/javassist/target/maven-status/maven-compiler-plugin/testCompile/default-testCompile/inputFiles.lst
15,/home/runner/work/javassist/javassist/License.html
16,/home/runner/work/javassist/javassist/target/test-classes/test4/GetAllRefInnerTest2$1.class
17,/home/runner/work/javassist/javassist/target/test-classes/test4/GetAllRefInnerTest2.class
18,/home/runner/work/javassist/javassist/target/test-classes/test4/GetAllRefInnerTest$1.class
19,/home/runner/work/javassist/javassist/target/test-classes/test4/GetAllRefInnerTest$2.class
20,/home/runner/work/javassist/javassist/target/test-classes/test5/JIRA246.class
21,/home/runner/work/javassist/javassist/target/test-classes/javassist/compiler/CodeTest.class
22,/home/runner/work/javassist/javassist/target/test-classes/scoped/UnscopedAnnotationDefaultUsage.class
23,/home/runner/work/javassist/javassist/target/test-classes/test1/BenchProceedNew.class
24,/home/runner/work/javassist/javassist/target/test-classes/test1/BenchProceedNew3.class
25,/home/runner/work/javassist/javassist/target/test-classes/test1/BenchProceedNew2.class
26,/home/runner/work/javassist/javassist/target/test-classes/test3/Visible2.class
27,/home/runner/work/javassist/javassist/target/test-classes/javassist/Bench$7.class
28,/home/runner/work/javassist/javassist/target/test-classes/javassist/Bench$6.class
29,/home/runner/work/javassist/javassist/target/test-classes/javassist/Bench$5.class
30,/home/runner/work/javassist/javassist/target/test-classes/javassist/Bench$4.class
31,/home/runner/work/javassist/javassist/target/test-classes/javassist/Bench$3.class
32,/home/runner/work/javassist/javassist/target/test-classes/javassist/Bench$2.class
33,/home/runner/work/javassist/javassist/target/test-classes/javassist/Bench$1.class
34,/home/runner/work/javassist/javassist/target/test-classes/scoped/jar1/FullyScopedAnnotationUsage.class
35,/home/runner/work/javassist/javassist/target/test-classes/test1/StaticField.class
36,/home/runner/work/javassist/javassist/target/test-classes/javassist/Bench.class
37,/home/runner/work/javassist/javassist/target/test-classes/test4/NestedClass$S.class
38,/home/runner/work/javassist/javassist/target/test-classes/test4/NestedClass$S$S2.class
39,/home/runner/work/javassist/javassist/target/test-classes/test4/NestedClass$N.class
40,/home/runner/work/javassist/javassist/target/test-classes/test5/NestHost2$Bar.class
41,/home/runner/work/javassist/javassist/target/test-classes/test2/Inner2$Child.class
42,/home/runner/work/javassist/javassist/target/test-classes/test5/InnerModifier2.class
43,/home/runner/work/javassist/javassist/target/test-classes/javassist/ClassPoolBench.class
44,/home/runner/work/javassist/javassist/target/test-classes/scoped/UnscopedAnnotationUsage.class
45,/home/runner/work/javassist/javassist/target/test-classes/scoped/jar1/FullyScopedAnnotationDefaultUsage.class
46,/home/runner/work/javassist/javassist/target/test-classes/scoped/TestAnnotation.class
47,/home/runner/work/javassist/javassist/target/test-classes/scoped/jar1/ScopedAnnotationDefaultUsage.class
48,/home/runner/work/javassist/javassist/target/test-classes/test2/ReplaceClassName3.class
49,/home/runner/work/javassist/javassist/target/test-classes/test2/ReplaceClassName2.class
50,/home/runner/work/javassist/javassist/target/test-classes/test5/InnerClassRemove$C.class
51,/home/runner/work/javassist/javassist/target/test-classes/test5/InnerClassRemove$B.class
52,/home/runner/work/javassist/javassist/target/test-classes/test5/InnerClassRemove$A.class
53,/home/runner/work/javassist/javassist/target/test-classes/test/javassist/bytecode/analysis/DomTreePrinter.class
54,/home/runner/work/javassist/javassist/target/test-classes/test/javassist/convert/InstrumentationTarget$Itr.class
55,/home/runner/work/javassist/javassist/target/test-classes/javassist/compiler/ParseTest.class
56,/home/runner/work/javassist/javassist/target/test-classes/testproxy/Target127.class
57,/home/runner/work/javassist/javassist/target/test-classes/testproxy/Target127$RealSub.class
58,/home/runner/work/javassist/javassist/target/test-classes/test2/Nested$Inner2.class
59,/home/runner/work/javassist/javassist/target/test-classes/testproxy/Target189.class
60,/home/runner/work/javassist/javassist/target/test-classes/test1/BenchProceed.class
61,/home/runner/work/javassist/javassist/target/test-classes/test1/BenchProceed2.class
62,/home/runner/work/javassist/javassist/target/test-classes/test1/BenchStaticMethod.class
63,/home/runner/work/javassist/javassist/target/test-classes/test3/Enhancer.class
64,/home/runner/work/javassist/javassist/target/test-classes/test3/Enhancer$Interceptor.class
65,/home/runner/work/javassist/javassist/target/test-classes/test3/Enhancer$1.class
66,/home/runner/work/javassist/javassist/target/test-classes/test3/EnhanceTest.class
67,/home/runner/work/javassist/javassist/target/test-classes/scoped/jar1/ScopedTestAnnotation.class
68,/home/runner/work/javassist/javassist/target/test-classes/test1/GetThrow1.class
69,/home/runner/work/javassist/javassist/target/test-classes/test/javassist/bytecode/analysis/AnalyzerTest$Dummy$A3.class
70,/home/runner/work/javassist/javassist/target/test-classes/test/javassist/bytecode/analysis/AnalyzerTest$Dummy$A2.class
71,/home/runner/work/javassist/javassist/target/test-classes/test3/NewClass2.class
72,/home/runner/work/javassist/javassist/target/test-classes/test1/GetThrow2.class
73,/home/runner/work/javassist/javassist/target/test-classes/test3/InnerClass.class
74,/home/runner/work/javassist/javassist/target/test-classes/VisibleTop2.class
75,/home/runner/work/javassist/javassist/target/test-classes/test/javassist/bytecode/analysis/ErrorFinder.class
76,/home/runner/work/javassist/javassist/target/test-classes/javassist/JvstTest4$Inner1.class
77,/home/runner/work/javassist/javassist/target/test-classes/javassist/bytecode/StackMapTest$T8dd.class
78,/home/runner/work/javassist/javassist/target/test-classes/javassist/bytecode/StackMapTest$I8d.class
79,/home/runner/work/javassist/javassist/target/test-classes/test4/JIRA220intf.class
80,/home/runner/work/javassist/javassist/target/runtest/test1/SetName3.class
81,/home/runner/work/javassist/javassist/target/runtest/test1/SetName2.class
82,/home/runner/work/javassist/javassist/target/runtest/test1/Freeze.class
83,/home/runner/work/javassist/javassist/target/runtest/test1/NewInterface2.class
84,/home/runner/work/javassist/javassist/target/runtest/test1/NewInterface.class
85,/home/runner/work/javassist/javassist/target/runtest/test2/NullArgTest.class
86,/home/runner/work/javassist/javassist/target/runtest/test2/NewOp.class
87,/home/runner/work/javassist/javassist/target/runtest/test2/MethodCall.class
88,/home/runner/work/javassist/javassist/target/runtest/test2/Inner.class
89,/home/runner/work/javassist/javassist/target/runtest/test2/Inherit.class
90,/home/runner/work/javassist/javassist/target/runtest/test1/MySerializableClass.class
91,/home/runner/work/javassist/javassist/target/test-classes/javassist/compiler/LexTest.class
92,/home/runner/work/javassist/javassist/target/test-classes/scoped/jar1/ScopedAnnotationUsage.class
93,/home/runner/work/javassist/javassist/target/test-classes/test1/Point.class
94,/home/runner/work/javassist/javassist/target/test-classes/javassist/HotswapTest$Foo.class
95,/home/runner/work/javassist/javassist/target/runtest/test5/NestHost4$InnerClass1$InnerClass5.class
96,/home/runner/work/javassist/javassist/target/runtest/test5/NestHost4$InnerClass1.class
97,/home/runner/work/javassist/javassist/target/runtest/test5/InnerModifier$Static.class
98,/home/runner/work/javassist/javassist/target/runtest/test1/LocalVars2.class
99,/home/runner/work/javassist/javassist/target/runtest/test5/InnerModifier.class
100,/home/runner/work/javassist/javassist/target/runtest/test5/InnerModifier$NonStatic.class
101,/home/runner/work/javassist/javassist/target/runtest/test3/PublicInner$Inner.class
102,/home/runner/work/javassist/javassist/target/runtest/test3/PublicInner.class
103,/home/runner/work/javassist/javassist/target/runtest/test2/SuperInterface3.class
104,/home/runner/work/javassist/javassist/target/runtest/test3/StaticFinalField.class
105,/home/runner/work/javassist/javassist/target/runtest/test4/TestDeadcode.class
106,/home/runner/work/javassist/javassist/target/runtest/test4/WrittenFile2sub.class
107,/home/runner/work/javassist/javassist/target/runtest/test4/AnnoLoad.class
108,/home/runner/work/javassist/javassist/target/runtest/test4/AnnoLoadAnno.class
109,/home/runner/work/javassist/javassist/target/test-classes/test2/StaticArraysMem.class
110,/home/runner/work/javassist/javassist/target/test-classes/test/javassist/proxy/ProxySimpleTest$Default4.class
111,/home/runner/work/javassist/javassist/target/test-classes/test5/JIRA242.class
112,/home/runner/work/javassist/javassist/target/test-classes/javassist/ConcurrentClassDefinitionTest.class
113,/home/runner/work/javassist/javassist/target/test-classes/javassist/ConcurrentClassDefinitionTest$Worker.class
114,/home/runner/work/javassist/javassist/target/test-classes/test3/NestedClass$StaticNested.class
115,/home/runner/work/javassist/javassist/target/test-classes/test3/PublicInner2$PS.class
116,/home/runner/work/javassist/javassist/target/test-classes/test3/NestedClass$1Local.class
117,/home/runner/work/javassist/javassist/target/test-classes/test3/NestedClass$1.class
118,/home/runner/work/javassist/javassist/target/test-classes/test3/NestedClass$Inner.class
119,/home/runner/work/javassist/javassist/target/test-classes/scoped/ScopedRepositoryTestCase.class
120,/home/runner/work/javassist/javassist/target/test-classes/Jassist150.class
121,/home/runner/work/javassist/javassist/target/test-classes/Jassist150$1.class
122,/home/runner/work/javassist/javassist/target/test-classes/Test.class
123,/home/runner/work/javassist/javassist/target/test-classes/InvalidStackMapFrame.class
124,/home/runner/work/javassist/javassist/target/test-classes/test4/Signature$Foo.class
125,/home/runner/work/javassist/javassist/target/test-classes/test3/PackName2.class
126,/home/runner/work/javassist/javassist/target/test-classes/test4/ImportPac.class
127,/home/runner/work/javassist/javassist/target/test-classes/javassist/tools/reflect/ClassMetaobjectTest.class
128,/home/runner/work/javassist/javassist/target/test-classes/javassist/tools/reflect/Person.class
129,/home/runner/work/javassist/javassist/target/test-classes/test4/JIRA181$B.class
130,/home/runner/work/javassist/javassist/target/test-classes/test4/JIRA181$ICondition.class
131,/home/runner/work/javassist/javassist/target/test-classes/scoped/jar1/TestClass1.class
132,/home/runner/work/javassist/javassist/target/test-classes/test5/NestHost$Bar.class
133,/home/runner/work/javassist/javassist/target/test-classes/test5/RemoveAnno2.class
134,/home/runner/work/javassist/javassist/target/test-classes/test5/RemoveAnno1.class
135,/home/runner/work/javassist/javassist/target/test-classes/annotation/Id.class
136,/home/runner/work/javassist/javassist/target/test-classes/annotation/EnumTest.class
137,/home/runner/work/javassist/javassist/target/test-classes/annotation/Tag.class
138,/home/runner/work/javassist/javassist/target/test-classes/testproxy/sub/TargetSuper.class
139,/home/runner/work/javassist/javassist/target/test-classes/javassist/bytecode/CodeAnalyzerTest.class
140,/home/runner/work/javassist/javassist/target/test-classes/test4/GetAllRefAnnoC4.class
141,/home/runner/work/javassist/javassist/target/test-classes/test4/GetAllRefAnnoC3.class
142,/home/runner/work/javassist/javassist/target/test-classes/test4/GetAllRefAnnoC2.class
143,/home/runner/work/javassist/javassist/target/test-classes/test4/GetAllRefAnnoC.class
144,/home/runner/work/javassist/javassist/target/test-classes/test4/GetAllRefAnno.class
145,/home/runner/work/javassist/javassist/target/test-classes/test4/GetAllRefEnum.class
146,/home/runner/work/javassist/javassist/tutorial/tutorial3.html
147,/home/runner/work/javassist/javassist/target/runtest/reflected/javassist/tools/reflect/SuperClass.class
148,/home/runner/work/javassist/javassist/target/runtest/testproxy/BridgeMethod_$$_jvst655_7.class
149,/home/runner/work/javassist/javassist/src/test/Readme.txt
150,/home/runner/work/javassist/javassist/sample/vector/VectorAssistant.java
151,/home/runner/work/javassist/javassist/sample/vector/Test.j
152,/home/runner/work/javassist/javassist/sample/vector/Sample2.java
153,/home/runner/work/javassist/javassist/sample/rmi/webdemo.html
154,/home/runner/work/javassist/javassist/sample/rmi/start.html
155,/home/runner/work/javassist/javassist/sample/rmi/inside.gif
156,/home/runner/work/javassist/javassist/sample/rmi/Counter.java
157,/home/runner/work/javassist/javassist/sample/rmi/CountApplet.java
158,/home/runner/work/javassist/javassist/src/test/javassist/bytecode/Gap0Example.class
159,/home/runner/work/javassist/javassist/sample/reflect/VerboseMetaobj.java
160,/home/runner/work/javassist/javassist/target/runtest/javassist/bytecode/Gap0Example2.class
161,/home/runner/work/javassist/javassist/target/runtest/javassist/bytecode/StackMapTest$T8d.class
162,/home/runner/work/javassist/javassist/target/runtest/javassist/bytecode/Gap0Example.class
163,/home/runner/work/javassist/javassist/target/runtest/testproxy/Target_$$_jvst655_11.class
164,/home/runner/work/javassist/javassist/sample/reflect/Person.java
165,/home/runner/work/javassist/javassist/target/runtest/proxy/test/javassist/proxy/ProxySimpleTest$Default3_$$_jvst655_273d.class
166,/home/runner/work/javassist/javassist/.github/workflows/maven.yml
167,/home/runner/work/javassist/javassist/sample/preproc/package.html
168,/home/runner/work/javassist/javassist/sample/evolve/DemoServer.java
169,/home/runner/work/javassist/javassist/sample/preproc/Compiler.java
170,/home/runner/work/javassist/javassist/target/runtest/proxy/test/javassist/proxy/ProxySimpleTest$PubProxy_$$_jvst655_2734.class
171,/home/runner/work/javassist/javassist/sample/hotswap/Test.java
172,/home/runner/work/javassist/javassist/sample/evolve/update.html
173,/home/runner/work/javassist/javassist/sample/evolve/start.html
174,/home/runner/work/javassist/javassist/sample/evolve/demo.html
175,/home/runner/work/javassist/javassist/sample/evolve/WebPage.java
176,/home/runner/work/javassist/javassist/sample/evolve/VersionManager.java
177,/home/runner/work/javassist/javassist/sample/evolve/Sample.java
178,/home/runner/work/javassist/javassist/sample/evolve/Evolution.java
179,/home/runner/work/javassist/javassist/sample/evolve/DemoLoader.java
180,/home/runner/work/javassist/javassist/.gitignore
181,/home/runner/work/javassist/javassist/sample/evolve/CannotUpdateException.java
182,/home/runner/work/javassist/javassist/sample/duplicate/Viewer.java
183,/home/runner/work/javassist/javassist/sample/duplicate/Main.java
184,/home/runner/work/javassist/javassist/sample/duplicate/DuplicatedObject.java
185,/home/runner/work/javassist/javassist/target/runtest/proxy/test/javassist/proxy/ProxySimpleTest$Default2_$$_jvst655_273b.class
186,/home/runner/work/javassist/javassist/build.xml
187,/home/runner/work/javassist/javassist/README.md
188,/home/runner/work/javassist/javassist/Examples.md
189,/home/runner/work/javassist/javassist/Changes.md
190,/home/runner/work/javassist/javassist/target/test-classes/Readme.txt
191,/home/runner/work/javassist/javassist/target/runtest/javassist/bytecode/StackMapTest$C6.class
192,/home/runner/work/javassist/javassist/target/test-classes/test1/RenameClass2.class
193,/home/runner/work/javassist/javassist/target/test-classes/test3/NewExprTryCatch2.class
194,/home/runner/work/javassist/javassist/target/test-classes/test/javassist/bytecode/analysis/ScannerTest.class
195,/home/runner/work/javassist/javassist/target/runtest/proxy/javassist/util/proxy/test_javassist_proxy_ProxySimpleTest$PubProxy2_$$_jvst655_273c.class
196,/home/runner/work/javassist/javassist/target/runtest/proxy/test/javassist/proxy/ProxySimpleTest$Foo_$$_jvst655_2733.class
197,/home/runner/work/javassist/javassist/sample/Test.java
198,/home/runner/work/javassist/javassist/sample/duplicate/Ball.java
199,/home/runner/work/javassist/javassist/sample/preproc/Assistant.java
200,/home/runner/work/javassist/javassist/sample/reflect/Main.java
201,/home/runner/work/javassist/javassist/sample/rmi/AlertDialog.java
202,/home/runner/work/javassist/javassist/sample/vector/Sample.java
