,file_name
10,/home/runner/work/javassist/javassist/tutorial/tutorial2.html
11,/home/runner/work/javassist/javassist/tutorial/tutorial.html
144,/home/runner/work/javassist/javassist/src/test/javassist/bytecode/Gap0Example.class
146,/home/runner/work/javassist/javassist/src/test/Readme.txt
149,/home/runner/work/javassist/javassist/sample/vector/VectorAssistant.java
150,/home/runner/work/javassist/javassist/sample/vector/Test.j
151,/home/runner/work/javassist/javassist/sample/vector/Sample2.java
153,/home/runner/work/javassist/javassist/README.md
154,/home/runner/work/javassist/javassist/License.html
155,/home/runner/work/javassist/javassist/Examples.md
156,/home/runner/work/javassist/javassist/Changes.md
157,/home/runner/work/javassist/javassist/.gitignore
159,/home/runner/work/javassist/javassist/build.xml
161,/home/runner/work/javassist/javassist/sample/evolve/update.html
162,/home/runner/work/javassist/javassist/sample/rmi/webdemo.html
163,/home/runner/work/javassist/javassist/sample/rmi/start.html
164,/home/runner/work/javassist/javassist/sample/rmi/inside.gif
165,/home/runner/work/javassist/javassist/sample/rmi/Counter.java
166,/home/runner/work/javassist/javassist/sample/rmi/CountApplet.java
167,/home/runner/work/javassist/javassist/sample/reflect/VerboseMetaobj.java
168,/home/runner/work/javassist/javassist/sample/reflect/Person.java
169,/home/runner/work/javassist/javassist/sample/preproc/package.html
170,/home/runner/work/javassist/javassist/sample/preproc/Compiler.java
172,/home/runner/work/javassist/javassist/sample/hotswap/Test.java
173,/home/runner/work/javassist/javassist/sample/evolve/start.html
175,/home/runner/work/javassist/javassist/sample/evolve/demo.html
176,/home/runner/work/javassist/javassist/sample/evolve/WebPage.java
177,/home/runner/work/javassist/javassist/sample/evolve/VersionManager.java
178,/home/runner/work/javassist/javassist/sample/evolve/Sample.java
179,/home/runner/work/javassist/javassist/sample/evolve/Evolution.java
180,/home/runner/work/javassist/javassist/sample/evolve/DemoServer.java
181,/home/runner/work/javassist/javassist/sample/evolve/DemoLoader.java
182,/home/runner/work/javassist/javassist/sample/evolve/CannotUpdateException.java
183,/home/runner/work/javassist/javassist/sample/duplicate/Viewer.java
184,/home/runner/work/javassist/javassist/sample/duplicate/Main.java
185,/home/runner/work/javassist/javassist/sample/duplicate/DuplicatedObject.java
190,/home/runner/work/javassist/javassist/tutorial/tutorial3.html
195,/home/runner/work/javassist/javassist/sample/vector/Sample.java
196,/home/runner/work/javassist/javassist/sample/rmi/AlertDialog.java
197,/home/runner/work/javassist/javassist/sample/preproc/Assistant.java
198,/home/runner/work/javassist/javassist/sample/evolve/CannotCreateException.java
199,/home/runner/work/javassist/javassist/sample/duplicate/Ball.java
200,/home/runner/work/javassist/javassist/sample/Test.java
201,/home/runner/work/javassist/javassist/tutorial/brown.css
