,file_name
190,/home/runner/work/javassist/javassist/target/surefire-reports/javassist.JvstTest.txt
191,/home/runner/work/javassist/javassist/target/runtest/testproxy/BridgeMethod_$$_jvst655_7.class
201,/home/runner/work/javassist/javassist/target/test-classes/test1/RenameClass2.class
202,/home/runner/work/javassist/javassist/target/test-classes/test/javassist/bytecode/analysis/ScannerTest.class
203,/home/runner/work/javassist/javassist/target/test-classes/javassist/compiler/ParseTest.class
204,/home/runner/work/javassist/javassist/target/test-classes/test/javassist/convert/InstrumentationTarget$Itr.class
205,/home/runner/work/javassist/javassist/target/test-classes/scoped/jar1/ScopedAnnotationDefaultUsage.class
