,file_name
6,/home/runner/work/javassist/javassist/target/surefire-reports/TEST-javassist.JvstTest.xml
176,/home/runner/work/javassist/javassist/target/runtest/proxy/test/javassist/proxy/ProxySimpleTest$Foo_$$_jvst655_2733.class
177,/home/runner/work/javassist/javassist/target/runtest/proxy/javassist/util/proxy/test_javassist_proxy_ProxySimpleTest$PubProxy2_$$_jvst655_273c.class
182,/home/runner/work/javassist/javassist/target/test-classes/testproxy/sub/TargetSuper.class
183,/home/runner/work/javassist/javassist/target/test-classes/annotation/Id.class
