,file_name
187,/home/runner/work/javassist/javassist/target/runtest/proxy/test/javassist/proxy/ProxySimpleTest$Foo_$$_jvst655_2733.class
188,/home/runner/work/javassist/javassist/target/surefire-reports/javassist.JvstTest.txt
189,/home/runner/work/javassist/javassist/target/runtest/proxy/javassist/util/proxy/test_javassist_proxy_ProxySimpleTest$PubProxy2_$$_jvst655_273c.class
190,/home/runner/work/javassist/javassist/target/test-classes/testproxy/sub/TargetSuper.class
198,/home/runner/work/javassist/javassist/target/test-classes/test/javassist/bytecode/analysis/ScannerTest.class
199,/home/runner/work/javassist/javassist/target/test-classes/test1/RenameClass2.class
200,/home/runner/work/javassist/javassist/target/test-classes/javassist/compiler/ParseTest.class
201,/home/runner/work/javassist/javassist/target/test-classes/test/javassist/convert/InstrumentationTarget$Itr.class
202,/home/runner/work/javassist/javassist/target/test-classes/scoped/jar1/ScopedAnnotationDefaultUsage.class
