,file_name
6,/home/runner/work/javassist/javassist/target/surefire-reports/TEST-javassist.JvstTest.xml
181,/home/runner/work/javassist/javassist/target/runtest/testproxy/BridgeMethod_$$_jvst655_7.class
182,/home/runner/work/javassist/javassist/target/test-classes/testproxy/sub/TargetSuper.class
183,/home/runner/work/javassist/javassist/target/test-classes/annotation/Id.class
192,/home/runner/work/javassist/javassist/target/test-classes/scoped/jar1/ScopedAnnotationDefaultUsage.class
193,/home/runner/work/javassist/javassist/target/test-classes/test/javassist/convert/InstrumentationTarget$Itr.class
