,file_name
6,/home/runner/work/javassist/javassist/target/surefire-reports/TEST-javassist.JvstTest.xml
189,/home/runner/work/javassist/javassist/target/runtest/testproxy/BridgeMethod_$$_jvst6c6_7.class
190,/home/runner/work/javassist/javassist/target/test-classes/testproxy/sub/TargetSuper.class
197,/home/runner/work/javassist/javassist/target/test-classes/annotation/Id.class
198,/home/runner/work/javassist/javassist/target/test-classes/scoped/jar1/ScopedAnnotationDefaultUsage.class
199,/home/runner/work/javassist/javassist/target/test-classes/test/javassist/convert/InstrumentationTarget$Itr.class
200,/home/runner/work/javassist/javassist/target/test-classes/test/javassist/bytecode/analysis/ScannerTest.class
