,step_name,#c,#m,cma,cm_a,cm__a,c_ma,c_m_a,c_m__a,_cma,_cm_a,_cm__a,_c_ma,_c_m_a,_c_m__a,time
0,uses-checkout,943,795,0,0,779,0,0,164,0,0,16,0,194,307,3
1,SetupJDK11,0,0,0,0,0,0,0,0,0,0,0,0,194,1266,7
2,uses-cache,0,0,0,0,0,0,0,0,0,0,0,0,194,1266,1
3,Grantexecutepermissionforgradlew,0,0,0,0,0,0,0,0,0,0,0,0,194,1266,0
4,BuildwithGradle,486,665,190,0,296,0,0,0,4,0,175,0,0,795,1476
5,Checkproceduresincludedinapocfull,0,0,0,0,0,0,0,0,0,0,0,0,194,1266,1
6,Archivetestresults,0,0,0,0,0,0,0,0,0,0,0,0,194,1266,22
