,step_name,#c,#m,cma,cm_a,cm__a,c_ma,c_m_a,c_m__a,_cma,_cm_a,_cm__a,_c_ma,_c_m_a,_c_m__a,time
0,uses-checkout,380,229,0,0,216,0,0,164,0,0,13,0,192,301,2
1,SetupJDK11,0,0,0,0,0,0,0,0,0,0,0,0,192,694,8
2,uses-cache,0,0,0,0,0,0,0,0,0,0,0,0,192,694,2
3,Grantexecutepermissionforgradlew,0,0,0,0,0,0,0,0,0,0,0,0,192,694,0
4,BuildwithGradle,480,657,189,0,291,0,0,0,3,0,174,0,0,229,1335
5,Checkproceduresincludedinapocfull,0,0,0,0,0,0,0,0,0,0,0,0,192,694,1
6,Archivetestresults,0,0,0,0,0,0,0,0,0,0,0,0,192,694,14
