,step_name,#c,#m,cma,cm_a,cm__a,c_ma,c_m_a,c_m__a,_cma,_cm_a,_cm__a,_c_ma,_c_m_a,_c_m__a,time
0,uses-checkout,1732,1610,0,0,1568,0,0,164,0,0,42,0,195,309,4
1,SetupJDK11,0,0,0,0,0,0,0,0,0,0,0,0,195,2083,8
2,uses-cache,0,0,0,0,0,0,0,0,0,0,0,0,195,2083,2
3,Grantexecutepermissionforgradlew,0,0,0,0,0,0,0,0,0,0,0,0,195,2083,0
4,BuildwithGradle,490,668,191,0,299,0,0,0,4,0,174,0,0,1610,1342
5,Checkproceduresincludedinapocfull,0,0,0,0,0,0,0,0,0,0,0,0,195,2083,1
6,Archivetestresults,0,0,0,0,0,0,0,0,0,0,0,0,195,2083,29
