,step_name,#c,#m,cma,cm_a,cm__a,c_ma,c_m_a,c_m__a,_cma,_cm_a,_cm__a,_c_ma,_c_m_a,_c_m__a,time
0,uses-checkout,364,229,0,0,216,0,0,148,0,0,13,0,176,295,2
1,SetupJDK11,0,0,0,0,0,0,0,0,0,0,0,0,176,672,6
2,uses-cache,0,0,0,0,0,0,0,0,0,0,0,0,176,672,1
3,Grantexecutepermissionforgradlew,0,0,0,0,0,0,0,0,0,0,0,0,176,672,0
4,BuildwithGradle,442,619,173,0,269,0,0,0,3,0,174,0,0,229,986
5,Checkproceduresincludedinapocfull,0,0,0,0,0,0,0,0,0,0,0,0,176,672,2
6,Archivetestresults,0,0,0,0,0,0,0,0,0,0,0,0,176,672,13
